timestamp,node,height,app_hash,catching_up,fsm_state,safe_blocks,suspicious_duration,reanchoring_proof_valid,error
1786186742.091325,engram-node01,1043,8048863EAF216565CA2316317D0AF8A6DE53CF4836F641FAAC033EDE3DF1118C,False,SOVEREIGN,0,0,False,
1786186742.337808,engram-node02,1043,8048863EAF216565CA2316317D0AF8A6DE53CF4836F641FAAC033EDE3DF1118C,False,SOVEREIGN,0,0,False,
1786186742.345012,engram-node03,1043,8048863EAF216565CA2316317D0AF8A6DE53CF4836F641FAAC033EDE3DF1118C,False,SOVEREIGN,0,0,False,
1786186742.351524,engram-node04,1043,8048863EAF216565CA2316317D0AF8A6DE53CF4836F641FAAC033EDE3DF1118C,False,SOVEREIGN,0,0,False,
1786186745.360624,engram-node01,1045,944F6F8A63EFFEC260E0F7B3A18A21688CB19E05E53B82FC49C800BA298DEF3B,False,SOVEREIGN,0,0,False,
1786186745.532646,engram-node02,1046,45DD3513DB97661C190968EE4C57BBDB56EB97A1CBE959B7843CDAC20C7AADC9,False,SOVEREIGN,0,0,False,
1786186745.540083,engram-node03,1046,45DD3513DB97661C190968EE4C57BBDB56EB97A1CBE959B7843CDAC20C7AADC9,False,SOVEREIGN,0,0,False,
1786186745.546645,engram-node04,1046,45DD3513DB97661C190968EE4C57BBDB56EB97A1CBE959B7843CDAC20C7AADC9,False,SOVEREIGN,0,0,False,
1786186748.553513,engram-node01,1048,AF693C33253E6A29BA803D2EF1E279FA673DD560E565DCB0BFE66CF5E58B0FCB,False,SOVEREIGN,0,0,False,
1786186748.5587468,engram-node02,1048,AF693C33253E6A29BA803D2EF1E279FA673DD560E565DCB0BFE66CF5E58B0FCB,False,SOVEREIGN,0,0,False,
1786186748.562845,engram-node03,1048,AF693C33253E6A29BA803D2EF1E279FA673DD560E565DCB0BFE66CF5E58B0FCB,False,SOVEREIGN,0,0,False,
1786186748.567148,engram-node04,1048,AF693C33253E6A29BA803D2EF1E279FA673DD560E565DCB0BFE66CF5E58B0FCB,False,SOVEREIGN,0,0,False,
1786186751.5815182,engram-node01,1050,13F66B3EFE328EB51D829DDB786B262CD456C0964F2C217A1D9E6AE4F44C5F37,False,SOVEREIGN,0,0,False,
1786186751.589154,engram-node02,1050,13F66B3EFE328EB51D829DDB786B262CD456C0964F2C217A1D9E6AE4F44C5F37,False,SOVEREIGN,0,0,False,
1786186751.595374,engram-node03,1050,13F66B3EFE328EB51D829DDB786B262CD456C0964F2C217A1D9E6AE4F44C5F37,False,SOVEREIGN,0,0,False,
1786186751.604525,engram-node04,1050,13F66B3EFE328EB51D829DDB786B262CD456C0964F2C217A1D9E6AE4F44C5F37,False,SOVEREIGN,0,0,False,
1786186754.618884,engram-node01,1052,6E3762E6311742812A74D4C2AA88CB563DB0A6A5A37915ED0985FA63ADB43CAD,False,SOVEREIGN,0,0,False,
1786186754.629014,engram-node02,1052,6E3762E6311742812A74D4C2AA88CB563DB0A6A5A37915ED0985FA63ADB43CAD,False,SOVEREIGN,0,0,False,
1786186754.633117,engram-node03,1052,6E3762E6311742812A74D4C2AA88CB563DB0A6A5A37915ED0985FA63ADB43CAD,False,SOVEREIGN,0,0,False,
1786186754.637231,engram-node04,1052,6E3762E6311742812A74D4C2AA88CB563DB0A6A5A37915ED0985FA63ADB43CAD,False,SOVEREIGN,0,0,False,
1786186758.8067431,engram-node01,1056,0810D7403001CAB03F6AC85CF1A8D6BEE6F8C8AEA5CDE87933CCA693B0249439,False,SOVEREIGN,0,0,False,
1786186758.812778,engram-node02,1056,0810D7403001CAB03F6AC85CF1A8D6BEE6F8C8AEA5CDE87933CCA693B0249439,False,SOVEREIGN,0,0,False,
1786186758.8185039,engram-node03,1056,0810D7403001CAB03F6AC85CF1A8D6BEE6F8C8AEA5CDE87933CCA693B0249439,False,SOVEREIGN,0,0,False,
1786186758.823318,engram-node04,1056,0810D7403001CAB03F6AC85CF1A8D6BEE6F8C8AEA5CDE87933CCA693B0249439,False,SOVEREIGN,0,0,False,
1786186761.837846,engram-node01,1057,9A424412B0153DEFDDF12B74158C4503FB4BCB7B1E9C3DB36B3CE3846BD7B3F5,False,SOVEREIGN,0,0,False,
1786186761.8451042,engram-node02,1057,9A424412B0153DEFDDF12B74158C4503FB4BCB7B1E9C3DB36B3CE3846BD7B3F5,False,SOVEREIGN,0,0,False,
1786186762.0323951,engram-node03,1057,9A424412B0153DEFDDF12B74158C4503FB4BCB7B1E9C3DB36B3CE3846BD7B3F5,False,SOVEREIGN,0,0,False,
1786186762.039665,engram-node04,1057,9A424412B0153DEFDDF12B74158C4503FB4BCB7B1E9C3DB36B3CE3846BD7B3F5,False,SOVEREIGN,0,0,False,
1786186765.055469,engram-node01,1057,9A424412B0153DEFDDF12B74158C4503FB4BCB7B1E9C3DB36B3CE3846BD7B3F5,False,SOVEREIGN,0,0,False,
1786186765.064841,engram-node02,1057,9A424412B0153DEFDDF12B74158C4503FB4BCB7B1E9C3DB36B3CE3846BD7B3F5,False,SOVEREIGN,0,0,False,
1786186765.072107,engram-node03,1057,9A424412B0153DEFDDF12B74158C4503FB4BCB7B1E9C3DB36B3CE3846BD7B3F5,False,SOVEREIGN,0,0,False,
1786186765.0779781,engram-node04,1057,9A424412B0153DEFDDF12B74158C4503FB4BCB7B1E9C3DB36B3CE3846BD7B3F5,False,SOVEREIGN,0,0,False,
1786186768.094413,engram-node01,1057,9A424412B0153DEFDDF12B74158C4503FB4BCB7B1E9C3DB36B3CE3846BD7B3F5,False,SOVEREIGN,0,0,False,
1786186768.1037529,engram-node02,1057,9A424412B0153DEFDDF12B74158C4503FB4BCB7B1E9C3DB36B3CE3846BD7B3F5,False,SOVEREIGN,0,0,False,
1786186768.113235,engram-node03,1057,9A424412B0153DEFDDF12B74158C4503FB4BCB7B1E9C3DB36B3CE3846BD7B3F5,False,SOVEREIGN,0,0,False,
1786186769.095209,engram-node04,1057,9A424412B0153DEFDDF12B74158C4503FB4BCB7B1E9C3DB36B3CE3846BD7B3F5,False,SOVEREIGN,0,0,False,
1786186772.102797,engram-node01,1057,9A424412B0153DEFDDF12B74158C4503FB4BCB7B1E9C3DB36B3CE3846BD7B3F5,False,SOVEREIGN,0,0,False,
1786186773.82812,engram-node02,1057,9A424412B0153DEFDDF12B74158C4503FB4BCB7B1E9C3DB36B3CE3846BD7B3F5,False,SOVEREIGN,0,0,False,
1786186773.834404,engram-node03,1057,9A424412B0153DEFDDF12B74158C4503FB4BCB7B1E9C3DB36B3CE3846BD7B3F5,False,SOVEREIGN,0,0,False,
1786186773.8420649,engram-node04,1057,9A424412B0153DEFDDF12B74158C4503FB4BCB7B1E9C3DB36B3CE3846BD7B3F5,False,SOVEREIGN,0,0,False,
1786186776.850822,engram-node01,1058,4707B70563B3BFCCD66302B7349DA8E15B7AC62D8CA601294A109BAB399B9080,False,SOVEREIGN,0,0,False,
1786186777.109529,engram-node02,1058,4707B70563B3BFCCD66302B7349DA8E15B7AC62D8CA601294A109BAB399B9080,False,SOVEREIGN,0,0,False,
1786186777.1165361,engram-node03,1058,4707B70563B3BFCCD66302B7349DA8E15B7AC62D8CA601294A109BAB399B9080,False,SOVEREIGN,0,0,False,
1786186777.122386,engram-node04,1058,4707B70563B3BFCCD66302B7349DA8E15B7AC62D8CA601294A109BAB399B9080,False,SOVEREIGN,0,0,False,
1786186780.138349,engram-node01,1058,4707B70563B3BFCCD66302B7349DA8E15B7AC62D8CA601294A109BAB399B9080,False,SOVEREIGN,0,0,False,
1786186780.867274,engram-node02,1058,4707B70563B3BFCCD66302B7349DA8E15B7AC62D8CA601294A109BAB399B9080,False,SOVEREIGN,0,0,False,
1786186780.885484,engram-node03,1058,4707B70563B3BFCCD66302B7349DA8E15B7AC62D8CA601294A109BAB399B9080,False,SOVEREIGN,0,0,False,
1786186780.892701,engram-node04,-1,,False,,0,0,False,timed out
1786186786.901862,engram-node01,1060,8002754B20B570A31CE790EB1B94938B5D8B066399181F401CFAB05DBFF29D61,False,SOVEREIGN,0,0,False,
1786186786.910207,engram-node02,1060,8002754B20B570A31CE790EB1B94938B5D8B066399181F401CFAB05DBFF29D61,False,SOVEREIGN,0,0,False,
1786186786.9162629,engram-node03,1060,8002754B20B570A31CE790EB1B94938B5D8B066399181F401CFAB05DBFF29D61,False,SOVEREIGN,0,0,False,
1786186786.920865,engram-node04,1060,8002754B20B570A31CE790EB1B94938B5D8B066399181F401CFAB05DBFF29D61,False,SOVEREIGN,0,0,False,
1786186790.840311,engram-node01,1060,8002754B20B570A31CE790EB1B94938B5D8B066399181F401CFAB05DBFF29D61,False,SOVEREIGN,0,0,False,
1786186790.846294,engram-node02,1060,8002754B20B570A31CE790EB1B94938B5D8B066399181F401CFAB05DBFF29D61,False,SOVEREIGN,0,0,False,
1786186791.260552,engram-node03,1060,8002754B20B570A31CE790EB1B94938B5D8B066399181F401CFAB05DBFF29D61,False,SOVEREIGN,0,0,False,
1786186791.268419,engram-node04,1060,8002754B20B570A31CE790EB1B94938B5D8B066399181F401CFAB05DBFF29D61,False,SOVEREIGN,0,0,False,
1786186794.278388,engram-node01,1061,B6FEAA8DA62FB62BB5187F0BD3FB220539C4865A00E9F250318A3F32A5446F73,False,SOVEREIGN,0,0,False,
1786186794.287523,engram-node02,1061,B6FEAA8DA62FB62BB5187F0BD3FB220539C4865A00E9F250318A3F32A5446F73,False,SOVEREIGN,0,0,False,
1786186795.34088,engram-node03,1061,B6FEAA8DA62FB62BB5187F0BD3FB220539C4865A00E9F250318A3F32A5446F73,False,SOVEREIGN,0,0,False,
1786186795.3448331,engram-node04,1061,B6FEAA8DA62FB62BB5187F0BD3FB220539C4865A00E9F250318A3F32A5446F73,False,SOVEREIGN,0,0,False,
1786186798.351999,engram-node01,1062,A22CE8386C4057DBD3093B1DA7152109D536EAAA27FF1D89C9E13B5E1478FED0,False,SOVEREIGN,0,0,False,
1786186798.3588428,engram-node02,1062,A22CE8386C4057DBD3093B1DA7152109D536EAAA27FF1D89C9E13B5E1478FED0,False,SOVEREIGN,0,0,False,
1786186798.363909,engram-node03,1062,A22CE8386C4057DBD3093B1DA7152109D536EAAA27FF1D89C9E13B5E1478FED0,False,SOVEREIGN,0,0,False,
1786186798.367847,engram-node04,1062,A22CE8386C4057DBD3093B1DA7152109D536EAAA27FF1D89C9E13B5E1478FED0,False,SOVEREIGN,0,0,False,
1786186801.381726,engram-node01,1062,A22CE8386C4057DBD3093B1DA7152109D536EAAA27FF1D89C9E13B5E1478FED0,False,SOVEREIGN,0,0,False,
1786186801.6332018,engram-node02,1062,A22CE8386C4057DBD3093B1DA7152109D536EAAA27FF1D89C9E13B5E1478FED0,False,SOVEREIGN,0,0,False,
1786186801.6399539,engram-node03,1062,A22CE8386C4057DBD3093B1DA7152109D536EAAA27FF1D89C9E13B5E1478FED0,False,SOVEREIGN,0,0,False,
1786186801.644783,engram-node04,1062,A22CE8386C4057DBD3093B1DA7152109D536EAAA27FF1D89C9E13B5E1478FED0,False,SOVEREIGN,0,0,False,
1786186804.656363,engram-node01,1063,4B4F31E39F5F8058C8498C134C273EB1CD1FEC058DB874F66515E5F8D0A07859,False,SOVEREIGN,0,0,False,
1786186804.797166,engram-node02,1063,4B4F31E39F5F8058C8498C134C273EB1CD1FEC058DB874F66515E5F8D0A07859,False,SOVEREIGN,0,0,False,
1786186804.8033128,engram-node03,1063,4B4F31E39F5F8058C8498C134C273EB1CD1FEC058DB874F66515E5F8D0A07859,False,SOVEREIGN,0,0,False,
1786186804.808933,engram-node04,1063,4B4F31E39F5F8058C8498C134C273EB1CD1FEC058DB874F66515E5F8D0A07859,False,SOVEREIGN,0,0,False,
1786186807.8238568,engram-node01,1064,88267DE420539A27DD3A63830AA0F0DD96FAFA246AC9153363420559A8CC4AB3,False,SOVEREIGN,0,0,False,
1786186807.831119,engram-node02,1064,88267DE420539A27DD3A63830AA0F0DD96FAFA246AC9153363420559A8CC4AB3,False,SOVEREIGN,0,0,False,
1786186807.83543,engram-node03,1064,88267DE420539A27DD3A63830AA0F0DD96FAFA246AC9153363420559A8CC4AB3,False,SOVEREIGN,0,0,False,
1786186807.839804,engram-node04,1064,88267DE420539A27DD3A63830AA0F0DD96FAFA246AC9153363420559A8CC4AB3,False,SOVEREIGN,0,0,False,
1786186810.968805,engram-node01,1064,88267DE420539A27DD3A63830AA0F0DD96FAFA246AC9153363420559A8CC4AB3,False,SOVEREIGN,0,0,False,
1786186810.977529,engram-node02,1064,88267DE420539A27DD3A63830AA0F0DD96FAFA246AC9153363420559A8CC4AB3,False,SOVEREIGN,0,0,False,
1786186810.984235,engram-node03,1064,88267DE420539A27DD3A63830AA0F0DD96FAFA246AC9153363420559A8CC4AB3,False,SOVEREIGN,0,0,False,
1786186810.990963,engram-node04,1064,88267DE420539A27DD3A63830AA0F0DD96FAFA246AC9153363420559A8CC4AB3,False,SOVEREIGN,0,0,False,
1786186814.006198,engram-node01,1064,88267DE420539A27DD3A63830AA0F0DD96FAFA246AC9153363420559A8CC4AB3,False,SOVEREIGN,0,0,False,
1786186814.392034,engram-node02,1064,88267DE420539A27DD3A63830AA0F0DD96FAFA246AC9153363420559A8CC4AB3,False,SOVEREIGN,0,0,False,
1786186814.401797,engram-node03,1064,88267DE420539A27DD3A63830AA0F0DD96FAFA246AC9153363420559A8CC4AB3,False,SOVEREIGN,0,0,False,
1786186814.433721,engram-node04,1064,88267DE420539A27DD3A63830AA0F0DD96FAFA246AC9153363420559A8CC4AB3,False,SOVEREIGN,0,0,False,
1786186817.445614,engram-node01,1065,DAF206559C7ED1C46AD371EED77BE80DE14856D697D8721A6F801B8EFCD0F7A7,False,SOVEREIGN,0,0,False,
1786186817.452107,engram-node02,1065,DAF206559C7ED1C46AD371EED77BE80DE14856D697D8721A6F801B8EFCD0F7A7,False,SOVEREIGN,0,0,False,
1786186817.718055,engram-node03,1065,DAF206559C7ED1C46AD371EED77BE80DE14856D697D8721A6F801B8EFCD0F7A7,False,SOVEREIGN,0,0,False,
1786186817.7269518,engram-node04,1065,DAF206559C7ED1C46AD371EED77BE80DE14856D697D8721A6F801B8EFCD0F7A7,False,SOVEREIGN,0,0,False,
1786186822.084321,engram-node01,1066,FA4567FA469ADAE963DEB298977920DEFDABA9B6BD189819FD873A3AE06E564F,False,SOVEREIGN,0,0,False,
1786186822.092876,engram-node02,1066,FA4567FA469ADAE963DEB298977920DEFDABA9B6BD189819FD873A3AE06E564F,False,SOVEREIGN,0,0,False,
1786186822.100505,engram-node03,-1,,False,,0,0,False,timed out
1786186825.107748,engram-node04,1066,FA4567FA469ADAE963DEB298977920DEFDABA9B6BD189819FD873A3AE06E564F,False,SOVEREIGN,0,0,False,
1786186828.120641,engram-node01,-1,,False,,0,0,False,timed out
1786186831.129118,engram-node02,1066,FA4567FA469ADAE963DEB298977920DEFDABA9B6BD189819FD873A3AE06E564F,False,SOVEREIGN,0,0,False,
1786186831.138644,engram-node03,1066,FA4567FA469ADAE963DEB298977920DEFDABA9B6BD189819FD873A3AE06E564F,False,SOVEREIGN,0,0,False,
1786186831.1434891,engram-node04,1066,FA4567FA469ADAE963DEB298977920DEFDABA9B6BD189819FD873A3AE06E564F,False,SOVEREIGN,0,0,False,
1786186834.153615,engram-node01,1066,FA4567FA469ADAE963DEB298977920DEFDABA9B6BD189819FD873A3AE06E564F,False,SOVEREIGN,0,0,False,
1786186834.1602619,engram-node02,1066,FA4567FA469ADAE963DEB298977920DEFDABA9B6BD189819FD873A3AE06E564F,False,SOVEREIGN,0,0,False,
1786186834.164768,engram-node03,1066,FA4567FA469ADAE963DEB298977920DEFDABA9B6BD189819FD873A3AE06E564F,False,SOVEREIGN,0,0,False,
1786186834.16881,engram-node04,1066,FA4567FA469ADAE963DEB298977920DEFDABA9B6BD189819FD873A3AE06E564F,False,SOVEREIGN,0,0,False,
1786186837.6148942,engram-node01,1066,FA4567FA469ADAE963DEB298977920DEFDABA9B6BD189819FD873A3AE06E564F,False,SOVEREIGN,0,0,False,
1786186839.8436348,engram-node02,-1,,False,,0,0,False,timed out
1786186842.848002,engram-node03,1067,3F15388D38626015FA53E5302CDCAEA036E3443877180E69320C79DBCAC4F86B,False,SOVEREIGN,0,0,False,
1786186842.8573508,engram-node04,1067,3F15388D38626015FA53E5302CDCAEA036E3443877180E69320C79DBCAC4F86B,False,SOVEREIGN,0,0,False,
1786186845.8668501,engram-node01,1067,3F15388D38626015FA53E5302CDCAEA036E3443877180E69320C79DBCAC4F86B,False,SOVEREIGN,0,0,False,
1786186845.876169,engram-node02,1067,3F15388D38626015FA53E5302CDCAEA036E3443877180E69320C79DBCAC4F86B,False,SOVEREIGN,0,0,False,
1786186847.391344,engram-node03,1067,3F15388D38626015FA53E5302CDCAEA036E3443877180E69320C79DBCAC4F86B,False,SOVEREIGN,0,0,False,
1786186847.3992572,engram-node04,-1,,False,,0,0,False,timed out
1786186853.409121,engram-node01,1067,3F15388D38626015FA53E5302CDCAEA036E3443877180E69320C79DBCAC4F86B,False,SOVEREIGN,0,0,False,
1786186853.417214,engram-node02,1067,3F15388D38626015FA53E5302CDCAEA036E3443877180E69320C79DBCAC4F86B,False,SOVEREIGN,0,0,False,
1786186853.740884,engram-node03,1067,3F15388D38626015FA53E5302CDCAEA036E3443877180E69320C79DBCAC4F86B,False,SOVEREIGN,0,0,False,
1786186853.749132,engram-node04,1067,3F15388D38626015FA53E5302CDCAEA036E3443877180E69320C79DBCAC4F86B,False,SOVEREIGN,0,0,False,
1786186856.7600262,engram-node01,1067,3F15388D38626015FA53E5302CDCAEA036E3443877180E69320C79DBCAC4F86B,False,SOVEREIGN,0,0,False,
1786186858.7877991,engram-node02,1067,3F15388D38626015FA53E5302CDCAEA036E3443877180E69320C79DBCAC4F86B,False,SOVEREIGN,0,0,False,
1786186858.792052,engram-node03,1067,3F15388D38626015FA53E5302CDCAEA036E3443877180E69320C79DBCAC4F86B,False,SOVEREIGN,0,0,False,
1786186858.868808,engram-node04,1067,3F15388D38626015FA53E5302CDCAEA036E3443877180E69320C79DBCAC4F86B,False,SOVEREIGN,0,0,False,
1786186862.1756659,engram-node01,1068,1E524F62EA565A6CA76B765BB04AC6DA85AAE4A0D5DFFBCE28B88CD5327A98D1,False,SOVEREIGN,0,0,False,
1786186862.18267,engram-node02,1068,1E524F62EA565A6CA76B765BB04AC6DA85AAE4A0D5DFFBCE28B88CD5327A98D1,False,SOVEREIGN,0,0,False,
1786186862.18818,engram-node03,1068,1E524F62EA565A6CA76B765BB04AC6DA85AAE4A0D5DFFBCE28B88CD5327A98D1,False,SOVEREIGN,0,0,False,
1786186862.1949859,engram-node04,1068,1E524F62EA565A6CA76B765BB04AC6DA85AAE4A0D5DFFBCE28B88CD5327A98D1,False,SOVEREIGN,0,0,False,
1786186866.708996,engram-node01,1068,1E524F62EA565A6CA76B765BB04AC6DA85AAE4A0D5DFFBCE28B88CD5327A98D1,False,SOVEREIGN,0,0,False,
1786186867.4416618,engram-node02,1069,C0132DA47D8EBF3FA50CBD92893E29D251341F69CE957408852E6931AEA33775,False,SOVEREIGN,0,0,False,
1786186867.448286,engram-node03,1069,C0132DA47D8EBF3FA50CBD92893E29D251341F69CE957408852E6931AEA33775,False,SOVEREIGN,0,0,False,
1786186867.452118,engram-node04,1069,C0132DA47D8EBF3FA50CBD92893E29D251341F69CE957408852E6931AEA33775,False,SOVEREIGN,0,0,False,
1786186870.4586508,engram-node01,1069,C0132DA47D8EBF3FA50CBD92893E29D251341F69CE957408852E6931AEA33775,False,SOVEREIGN,0,0,False,
1786186870.4693918,engram-node02,1069,C0132DA47D8EBF3FA50CBD92893E29D251341F69CE957408852E6931AEA33775,False,SOVEREIGN,0,0,False,
1786186870.474528,engram-node03,1069,C0132DA47D8EBF3FA50CBD92893E29D251341F69CE957408852E6931AEA33775,False,SOVEREIGN,0,0,False,
1786186870.480391,engram-node04,1069,C0132DA47D8EBF3FA50CBD92893E29D251341F69CE957408852E6931AEA33775,False,SOVEREIGN,0,0,False,
1786186873.488396,engram-node01,1070,5540CBE5AEF69A1DDC9B9ABCC19A3AF9A30B5F381B27A2047E1D043A2863F064,False,SOVEREIGN,0,0,False,
1786186873.496234,engram-node02,1070,5540CBE5AEF69A1DDC9B9ABCC19A3AF9A30B5F381B27A2047E1D043A2863F064,False,SOVEREIGN,0,0,False,
1786186873.502105,engram-node03,1070,5540CBE5AEF69A1DDC9B9ABCC19A3AF9A30B5F381B27A2047E1D043A2863F064,False,SOVEREIGN,0,0,False,
1786186873.820277,engram-node04,1070,5540CBE5AEF69A1DDC9B9ABCC19A3AF9A30B5F381B27A2047E1D043A2863F064,False,SOVEREIGN,0,0,False,
1786186876.8294349,engram-node01,1071,457EE6F2C1A9CD4D73CE785DFF04EB970F6BCB92DAA24E60D6A3AFE73A72481F,False,SOVEREIGN,0,0,False,
1786186878.076298,engram-node02,1071,457EE6F2C1A9CD4D73CE785DFF04EB970F6BCB92DAA24E60D6A3AFE73A72481F,False,SOVEREIGN,0,0,False,
1786186878.085323,engram-node03,1071,457EE6F2C1A9CD4D73CE785DFF04EB970F6BCB92DAA24E60D6A3AFE73A72481F,False,SOVEREIGN,0,0,False,
1786186878.0916579,engram-node04,1071,457EE6F2C1A9CD4D73CE785DFF04EB970F6BCB92DAA24E60D6A3AFE73A72481F,False,SOVEREIGN,0,0,False,
1786186881.097694,engram-node01,1072,AD0B4AFF1756B12139CD2694D303878DE5BDBBCF136FA53794B44FD1598CFCFB,False,SOVEREIGN,0,0,False,
1786186881.102211,engram-node02,1072,AD0B4AFF1756B12139CD2694D303878DE5BDBBCF136FA53794B44FD1598CFCFB,False,SOVEREIGN,0,0,False,
1786186881.105502,engram-node03,1072,AD0B4AFF1756B12139CD2694D303878DE5BDBBCF136FA53794B44FD1598CFCFB,False,SOVEREIGN,0,0,False,
1786186881.1088388,engram-node04,1072,AD0B4AFF1756B12139CD2694D303878DE5BDBBCF136FA53794B44FD1598CFCFB,False,SOVEREIGN,0,0,False,
1786186885.061223,engram-node01,1074,E0B8247E1984C3F5892DEC339E9373A1DC1FEF32B2E7E90CC6913AABFB5A7181,False,SOVEREIGN,0,0,False,
1786186885.067225,engram-node02,1074,E0B8247E1984C3F5892DEC339E9373A1DC1FEF32B2E7E90CC6913AABFB5A7181,False,SOVEREIGN,0,0,False,
1786186885.07262,engram-node03,1074,E0B8247E1984C3F5892DEC339E9373A1DC1FEF32B2E7E90CC6913AABFB5A7181,False,SOVEREIGN,0,0,False,
1786186885.076982,engram-node04,1074,E0B8247E1984C3F5892DEC339E9373A1DC1FEF32B2E7E90CC6913AABFB5A7181,False,SOVEREIGN,0,0,False,
1786186887.085956,engram-node01,1075,7D1CB907F2D404225243D858AE34BB46B6569EA1E94D7C890D43857E67644C90,False,SOVEREIGN,0,0,False,
1786186887.3174112,engram-node02,1076,98D988E1937517CE256B55103502F749CA2282EC612C8085C7718AE97DAF02D0,False,SOVEREIGN,0,0,False,
1786186887.326529,engram-node03,1076,98D988E1937517CE256B55103502F749CA2282EC612C8085C7718AE97DAF02D0,False,SOVEREIGN,0,0,False,
1786186887.333573,engram-node04,1076,98D988E1937517CE256B55103502F749CA2282EC612C8085C7718AE97DAF02D0,False,SOVEREIGN,0,0,False,
1786186889.3441138,engram-node01,1077,16C493EF9D03C2B1341F117FE952C583DBA91FC016FD8B76BC62C4927DBAB511,False,SOVEREIGN,0,0,False,
1786186889.351168,engram-node02,1077,16C493EF9D03C2B1341F117FE952C583DBA91FC016FD8B76BC62C4927DBAB511,False,SOVEREIGN,0,0,False,
1786186889.355617,engram-node03,1077,16C493EF9D03C2B1341F117FE952C583DBA91FC016FD8B76BC62C4927DBAB511,False,SOVEREIGN,0,0,False,
1786186889.359751,engram-node04,1077,16C493EF9D03C2B1341F117FE952C583DBA91FC016FD8B76BC62C4927DBAB511,False,SOVEREIGN,0,0,False,
1786186891.3689542,engram-node01,1079,EC245CC7FD9AE455123E89E4F341E87C0A1B4794ACDF24BA65E71A7288FCDAA9,False,SOVEREIGN,0,0,False,
1786186891.376363,engram-node02,1079,EC245CC7FD9AE455123E89E4F341E87C0A1B4794ACDF24BA65E71A7288FCDAA9,False,SOVEREIGN,0,0,False,
1786186891.381259,engram-node03,1079,EC245CC7FD9AE455123E89E4F341E87C0A1B4794ACDF24BA65E71A7288FCDAA9,False,SOVEREIGN,0,0,False,
1786186891.3857,engram-node04,1079,EC245CC7FD9AE455123E89E4F341E87C0A1B4794ACDF24BA65E71A7288FCDAA9,False,SOVEREIGN,0,0,False,
1786186893.39324,engram-node01,1080,1140F874A2D8A8231760011A110214F512B54F2740C22D66A57C3D9C98A9254E,False,SOVEREIGN,0,0,False,
1786186893.4031181,engram-node02,1080,1140F874A2D8A8231760011A110214F512B54F2740C22D66A57C3D9C98A9254E,False,SOVEREIGN,0,0,False,
1786186893.4091141,engram-node03,1080,1140F874A2D8A8231760011A110214F512B54F2740C22D66A57C3D9C98A9254E,False,SOVEREIGN,0,0,False,
1786186893.415649,engram-node04,1080,1140F874A2D8A8231760011A110214F512B54F2740C22D66A57C3D9C98A9254E,False,SOVEREIGN,0,0,False,
1786186895.424895,engram-node01,1082,E02B7792FE96CC7E8D62F201D7F38BE2A463A63C4CE3F6D955BC96C0FF780EF6,False,SOVEREIGN,0,0,False,
1786186895.641972,engram-node02,1082,E02B7792FE96CC7E8D62F201D7F38BE2A463A63C4CE3F6D955BC96C0FF780EF6,False,SOVEREIGN,0,0,False,
1786186895.648203,engram-node03,1082,E02B7792FE96CC7E8D62F201D7F38BE2A463A63C4CE3F6D955BC96C0FF780EF6,False,SOVEREIGN,0,0,False,
1786186895.6524842,engram-node04,1082,E02B7792FE96CC7E8D62F201D7F38BE2A463A63C4CE3F6D955BC96C0FF780EF6,False,SOVEREIGN,0,0,False,
1786186897.6569421,engram-node01,1083,7160E09BFC68F0768BA5A02CB6AF8A59A19F900B6AC59A9D6CEC895AAB8753E4,False,SOVEREIGN,0,0,False,
1786186897.6630871,engram-node02,1083,7160E09BFC68F0768BA5A02CB6AF8A59A19F900B6AC59A9D6CEC895AAB8753E4,False,SOVEREIGN,0,0,False,
1786186897.667072,engram-node03,1083,7160E09BFC68F0768BA5A02CB6AF8A59A19F900B6AC59A9D6CEC895AAB8753E4,False,SOVEREIGN,0,0,False,
1786186897.6709929,engram-node04,1083,7160E09BFC68F0768BA5A02CB6AF8A59A19F900B6AC59A9D6CEC895AAB8753E4,False,SOVEREIGN,0,0,False,
1786186899.6811562,engram-node01,1085,246D39F214CA7A5BB3107A4361D10475EBDDF8B7957453207A09E16DD51B5288,False,SOVEREIGN,0,0,False,
1786186899.690817,engram-node02,1085,246D39F214CA7A5BB3107A4361D10475EBDDF8B7957453207A09E16DD51B5288,False,SOVEREIGN,0,0,False,
1786186899.696456,engram-node03,1085,246D39F214CA7A5BB3107A4361D10475EBDDF8B7957453207A09E16DD51B5288,False,SOVEREIGN,0,0,False,
1786186899.703988,engram-node04,1085,246D39F214CA7A5BB3107A4361D10475EBDDF8B7957453207A09E16DD51B5288,False,SOVEREIGN,0,0,False,
1786186901.71339,engram-node01,1086,ECBE91CAFF6C69A77809A372E824DE3F2595D91F8DEF7CD96804950D38DDA4F3,False,SOVEREIGN,0,0,False,
1786186901.721602,engram-node02,1086,ECBE91CAFF6C69A77809A372E824DE3F2595D91F8DEF7CD96804950D38DDA4F3,False,SOVEREIGN,0,0,False,
1786186901.728269,engram-node03,1086,ECBE91CAFF6C69A77809A372E824DE3F2595D91F8DEF7CD96804950D38DDA4F3,False,SOVEREIGN,0,0,False,
1786186901.73329,engram-node04,1086,ECBE91CAFF6C69A77809A372E824DE3F2595D91F8DEF7CD96804950D38DDA4F3,False,SOVEREIGN,0,0,False,
1786186903.7435222,engram-node01,1088,1927EF2A1006D40BD2F4FBA1B41101216469CD9838E2C4DC0F88159056070AE8,False,SOVEREIGN,0,0,False,
1786186903.749426,engram-node02,1088,1927EF2A1006D40BD2F4FBA1B41101216469CD9838E2C4DC0F88159056070AE8,False,SOVEREIGN,0,0,False,
1786186903.754406,engram-node03,1088,1927EF2A1006D40BD2F4FBA1B41101216469CD9838E2C4DC0F88159056070AE8,False,SOVEREIGN,0,0,False,
1786186903.758089,engram-node04,1088,1927EF2A1006D40BD2F4FBA1B41101216469CD9838E2C4DC0F88159056070AE8,False,SOVEREIGN,0,0,False,
1786186906.7684832,engram-node01,1090,73607DB34393767A3765D1F801711B8D86C0B78464AE47A705C430CDD54656E8,False,SOVEREIGN,0,0,False,
1786186906.7741618,engram-node02,1090,73607DB34393767A3765D1F801711B8D86C0B78464AE47A705C430CDD54656E8,False,SOVEREIGN,0,0,False,
1786186906.780776,engram-node03,1090,73607DB34393767A3765D1F801711B8D86C0B78464AE47A705C430CDD54656E8,False,SOVEREIGN,0,0,False,
1786186906.787225,engram-node04,1090,73607DB34393767A3765D1F801711B8D86C0B78464AE47A705C430CDD54656E8,False,SOVEREIGN,0,0,False,
1786186908.792653,engram-node01,1093,B900A70A2E6C30E0B1B258C0E4BFDE9DD3FA0D995099496D73AF0EC76569D9AC,False,SOVEREIGN,0,0,False,
1786186909.802755,engram-node02,1093,B900A70A2E6C30E0B1B258C0E4BFDE9DD3FA0D995099496D73AF0EC76569D9AC,False,SOVEREIGN,0,0,False,
1786186909.8094,engram-node03,1093,B900A70A2E6C30E0B1B258C0E4BFDE9DD3FA0D995099496D73AF0EC76569D9AC,False,SOVEREIGN,0,0,False,
1786186909.8156002,engram-node04,1093,B900A70A2E6C30E0B1B258C0E4BFDE9DD3FA0D995099496D73AF0EC76569D9AC,False,SOVEREIGN,0,0,False,
1786186911.823838,engram-node01,1094,077681A08C5C42A0EAE1782D98C31295A6B31CC3831E6355B9A0023112A81027,False,SOVEREIGN,0,0,False,
1786186911.831989,engram-node02,1094,077681A08C5C42A0EAE1782D98C31295A6B31CC3831E6355B9A0023112A81027,False,SOVEREIGN,0,0,False,
1786186911.838061,engram-node03,1094,077681A08C5C42A0EAE1782D98C31295A6B31CC3831E6355B9A0023112A81027,False,SOVEREIGN,0,0,False,
1786186911.843605,engram-node04,1094,077681A08C5C42A0EAE1782D98C31295A6B31CC3831E6355B9A0023112A81027,False,SOVEREIGN,0,0,False,
1786186913.8533099,engram-node01,1096,24CD8833FCCABE7C5684B06E02C175247C8D11FF026BA18BFF493E428850FA6A,False,SOVEREIGN,0,0,False,
1786186913.8598962,engram-node02,1096,24CD8833FCCABE7C5684B06E02C175247C8D11FF026BA18BFF493E428850FA6A,False,SOVEREIGN,0,0,False,
1786186913.864115,engram-node03,1096,24CD8833FCCABE7C5684B06E02C175247C8D11FF026BA18BFF493E428850FA6A,False,SOVEREIGN,0,0,False,
1786186913.867946,engram-node04,1096,24CD8833FCCABE7C5684B06E02C175247C8D11FF026BA18BFF493E428850FA6A,False,SOVEREIGN,0,0,False,
1786186915.877069,engram-node01,1097,F79764CD530388BE3C3710D0E00DBD92CFACEBBE15AC7F07E2DB37F9FDD4012B,False,SOVEREIGN,0,0,False,
1786186915.8859048,engram-node02,1097,F79764CD530388BE3C3710D0E00DBD92CFACEBBE15AC7F07E2DB37F9FDD4012B,False,SOVEREIGN,0,0,False,
1786186915.8923242,engram-node03,1097,F79764CD530388BE3C3710D0E00DBD92CFACEBBE15AC7F07E2DB37F9FDD4012B,False,SOVEREIGN,0,0,False,
1786186915.898463,engram-node04,1097,F79764CD530388BE3C3710D0E00DBD92CFACEBBE15AC7F07E2DB37F9FDD4012B,False,SOVEREIGN,0,0,False,
1786186918.943541,engram-node01,1100,4265AC1D8C497148D5B56908D35DFC9E3772A0C9B563F5247CEF52F297932EF9,False,SOVEREIGN,0,0,False,
1786186918.9496388,engram-node02,1100,4265AC1D8C497148D5B56908D35DFC9E3772A0C9B563F5247CEF52F297932EF9,False,SOVEREIGN,0,0,False,
1786186918.954926,engram-node03,1100,4265AC1D8C497148D5B56908D35DFC9E3772A0C9B563F5247CEF52F297932EF9,False,SOVEREIGN,0,0,False,
1786186918.959757,engram-node04,1100,4265AC1D8C497148D5B56908D35DFC9E3772A0C9B563F5247CEF52F297932EF9,False,SOVEREIGN,0,0,False,
1786186920.968805,engram-node01,1101,9386D2A28336A9E002EDE44CD51344956E8BA2835623EC42AACFEAEE182C5E33,False,SOVEREIGN,0,0,False,
1786186920.977139,engram-node02,1101,9386D2A28336A9E002EDE44CD51344956E8BA2835623EC42AACFEAEE182C5E33,False,SOVEREIGN,0,0,False,
1786186920.9843478,engram-node03,1101,9386D2A28336A9E002EDE44CD51344956E8BA2835623EC42AACFEAEE182C5E33,False,SOVEREIGN,0,0,False,
1786186920.991117,engram-node04,1101,9386D2A28336A9E002EDE44CD51344956E8BA2835623EC42AACFEAEE182C5E33,False,SOVEREIGN,0,0,False,
1786186923.012501,engram-node01,1103,CC848861D970A738B91EF2CB35D88AE7650B9480B223D230F1E4F4F3CDDD413E,False,SOVEREIGN,0,0,False,
1786186923.024352,engram-node02,1103,CC848861D970A738B91EF2CB35D88AE7650B9480B223D230F1E4F4F3CDDD413E,False,SOVEREIGN,0,0,False,
1786186923.0311732,engram-node03,1103,CC848861D970A738B91EF2CB35D88AE7650B9480B223D230F1E4F4F3CDDD413E,False,SOVEREIGN,0,0,False,
1786186923.0365171,engram-node04,1103,CC848861D970A738B91EF2CB35D88AE7650B9480B223D230F1E4F4F3CDDD413E,False,SOVEREIGN,0,0,False,
1786186925.045891,engram-node01,1104,127E325C420113A5CF82E90FF65FCF673AC34922831D22514C77FBC3E2B54EAD,False,SOVEREIGN,0,0,False,
1786186925.051291,engram-node02,1104,127E325C420113A5CF82E90FF65FCF673AC34922831D22514C77FBC3E2B54EAD,False,SOVEREIGN,0,0,False,
1786186925.055656,engram-node03,1104,127E325C420113A5CF82E90FF65FCF673AC34922831D22514C77FBC3E2B54EAD,False,SOVEREIGN,0,0,False,
1786186925.059969,engram-node04,1104,127E325C420113A5CF82E90FF65FCF673AC34922831D22514C77FBC3E2B54EAD,False,SOVEREIGN,0,0,False,
1786186927.070765,engram-node01,1106,D16D0969644FFE4CD7C71B3586218D640DA1EA8A859BA341A46E4322EA105843,False,SOVEREIGN,0,0,False,
1786186927.08069,engram-node02,1106,D16D0969644FFE4CD7C71B3586218D640DA1EA8A859BA341A46E4322EA105843,False,SOVEREIGN,0,0,False,
1786186927.085637,engram-node03,1106,D16D0969644FFE4CD7C71B3586218D640DA1EA8A859BA341A46E4322EA105843,False,SOVEREIGN,0,0,False,
1786186927.091041,engram-node04,1106,D16D0969644FFE4CD7C71B3586218D640DA1EA8A859BA341A46E4322EA105843,False,SOVEREIGN,0,0,False,
1786186929.10129,engram-node01,1108,0FC1AA04BF1CCF1FC3781C541C1E173C71A9C3C462C4A6B8B5C3AF9425A9D9B5,False,SOVEREIGN,0,0,False,
1786186929.106007,engram-node02,1108,0FC1AA04BF1CCF1FC3781C541C1E173C71A9C3C462C4A6B8B5C3AF9425A9D9B5,False,SOVEREIGN,0,0,False,
1786186929.109259,engram-node03,1108,0FC1AA04BF1CCF1FC3781C541C1E173C71A9C3C462C4A6B8B5C3AF9425A9D9B5,False,SOVEREIGN,0,0,False,
1786186929.11234,engram-node04,1108,0FC1AA04BF1CCF1FC3781C541C1E173C71A9C3C462C4A6B8B5C3AF9425A9D9B5,False,SOVEREIGN,0,0,False,
1786186931.119122,engram-node01,1109,B45BD4856C9D86512B7807886C82C5B712D0E073EB055A65BCD4E01DAB04D231,False,SOVEREIGN,0,0,False,
1786186931.127705,engram-node02,1109,B45BD4856C9D86512B7807886C82C5B712D0E073EB055A65BCD4E01DAB04D231,False,SOVEREIGN,0,0,False,
1786186931.133429,engram-node03,1109,B45BD4856C9D86512B7807886C82C5B712D0E073EB055A65BCD4E01DAB04D231,False,SOVEREIGN,0,0,False,
1786186931.139613,engram-node04,1109,B45BD4856C9D86512B7807886C82C5B712D0E073EB055A65BCD4E01DAB04D231,False,SOVEREIGN,0,0,False,
1786186933.145664,engram-node01,1111,5FE9AACA77D9515CC66B61D226C242A8CA2CC8EBBA6B1B29B142402264B7F3EB,False,SOVEREIGN,0,0,False,
1786186933.149409,engram-node02,1111,5FE9AACA77D9515CC66B61D226C242A8CA2CC8EBBA6B1B29B142402264B7F3EB,False,SOVEREIGN,0,0,False,
1786186933.152242,engram-node03,1111,5FE9AACA77D9515CC66B61D226C242A8CA2CC8EBBA6B1B29B142402264B7F3EB,False,SOVEREIGN,0,0,False,
1786186933.155175,engram-node04,1111,5FE9AACA77D9515CC66B61D226C242A8CA2CC8EBBA6B1B29B142402264B7F3EB,False,SOVEREIGN,0,0,False,
1786186935.16341,engram-node01,1112,AE0825D48429E4BDAB36A026E1E779D6D00780D8C62C33F1F289DF94E79028F2,False,SOVEREIGN,0,0,False,
1786186935.1698182,engram-node02,1112,AE0825D48429E4BDAB36A026E1E779D6D00780D8C62C33F1F289DF94E79028F2,False,SOVEREIGN,0,0,False,
1786186935.17406,engram-node03,1112,AE0825D48429E4BDAB36A026E1E779D6D00780D8C62C33F1F289DF94E79028F2,False,SOVEREIGN,0,0,False,
1786186935.1772401,engram-node04,1112,AE0825D48429E4BDAB36A026E1E779D6D00780D8C62C33F1F289DF94E79028F2,False,SOVEREIGN,0,0,False,
1786186937.1858392,engram-node01,1114,81239AF1F0E94C1128DE41C025EA7C0D85287D80B524F6DB23E41265DBD8C367,False,SOVEREIGN,0,0,False,
1786186937.4077492,engram-node02,1114,81239AF1F0E94C1128DE41C025EA7C0D85287D80B524F6DB23E41265DBD8C367,False,SOVEREIGN,0,0,False,
1786186937.411903,engram-node03,1114,81239AF1F0E94C1128DE41C025EA7C0D85287D80B524F6DB23E41265DBD8C367,False,SOVEREIGN,0,0,False,
1786186937.416092,engram-node04,1114,81239AF1F0E94C1128DE41C025EA7C0D85287D80B524F6DB23E41265DBD8C367,False,SOVEREIGN,0,0,False,
1786186940.150891,engram-node01,1116,23EF6B1FD47CCA91B948584D5383DB1D67C888188AE24ABEAF11E88B59EB7CB5,False,SOVEREIGN,0,0,False,
1786186940.156306,engram-node02,1116,23EF6B1FD47CCA91B948584D5383DB1D67C888188AE24ABEAF11E88B59EB7CB5,False,SOVEREIGN,0,0,False,
1786186940.16032,engram-node03,1116,23EF6B1FD47CCA91B948584D5383DB1D67C888188AE24ABEAF11E88B59EB7CB5,False,SOVEREIGN,0,0,False,
1786186940.164054,engram-node04,1116,23EF6B1FD47CCA91B948584D5383DB1D67C888188AE24ABEAF11E88B59EB7CB5,False,SOVEREIGN,0,0,False,
1786186942.168874,engram-node01,1117,C347967EAB6A38CA9CE9621DBE91CB18717AC78CBA774C3A841ED828FBEEB000,False,SOVEREIGN,0,0,False,
1786186942.1732821,engram-node02,1117,C347967EAB6A38CA9CE9621DBE91CB18717AC78CBA774C3A841ED828FBEEB000,False,SOVEREIGN,0,0,False,
1786186942.177398,engram-node03,1117,C347967EAB6A38CA9CE9621DBE91CB18717AC78CBA774C3A841ED828FBEEB000,False,SOVEREIGN,0,0,False,
1786186942.181108,engram-node04,1117,C347967EAB6A38CA9CE9621DBE91CB18717AC78CBA774C3A841ED828FBEEB000,False,SOVEREIGN,0,0,False,
1786186944.189829,engram-node01,1119,0C3C8C4F81D67EE54A9626DFF250CD3307739F3B2B8C0D32C14B0C01FAFBFB4A,False,SOVEREIGN,0,0,False,
1786186944.197056,engram-node02,1119,0C3C8C4F81D67EE54A9626DFF250CD3307739F3B2B8C0D32C14B0C01FAFBFB4A,False,SOVEREIGN,0,0,False,
1786186944.20273,engram-node03,1119,0C3C8C4F81D67EE54A9626DFF250CD3307739F3B2B8C0D32C14B0C01FAFBFB4A,False,SOVEREIGN,0,0,False,
1786186944.2088,engram-node04,1119,0C3C8C4F81D67EE54A9626DFF250CD3307739F3B2B8C0D32C14B0C01FAFBFB4A,False,SOVEREIGN,0,0,False,
1786186946.215368,engram-node01,1121,BA94683CB5BA7941F8714BADCB3A08AA5AABFD2D3FB334D03E49568D9EE33E2D,False,SOVEREIGN,0,0,False,
1786186946.4300458,engram-node02,1121,BA94683CB5BA7941F8714BADCB3A08AA5AABFD2D3FB334D03E49568D9EE33E2D,False,SOVEREIGN,0,0,False,
1786186946.4345,engram-node03,1121,BA94683CB5BA7941F8714BADCB3A08AA5AABFD2D3FB334D03E49568D9EE33E2D,False,SOVEREIGN,0,0,False,
1786186946.437956,engram-node04,1121,BA94683CB5BA7941F8714BADCB3A08AA5AABFD2D3FB334D03E49568D9EE33E2D,False,SOVEREIGN,0,0,False,
1786186948.443852,engram-node01,1122,2EA3B194861B8D37530B205F5CD78A337FA54EB2E7454B492E9A4BD7FB7BBEA2,False,SOVEREIGN,0,0,False,
1786186948.449398,engram-node02,1122,2EA3B194861B8D37530B205F5CD78A337FA54EB2E7454B492E9A4BD7FB7BBEA2,False,SOVEREIGN,0,0,False,
1786186948.453272,engram-node03,1122,2EA3B194861B8D37530B205F5CD78A337FA54EB2E7454B492E9A4BD7FB7BBEA2,False,SOVEREIGN,0,0,False,
1786186948.457094,engram-node04,1122,2EA3B194861B8D37530B205F5CD78A337FA54EB2E7454B492E9A4BD7FB7BBEA2,False,SOVEREIGN,0,0,False,
1786186951.222837,engram-node01,1124,F4EE6BC636E46A53965DD95DB1C591FDABCD71B51B8E8A0EB279A540B364622F,False,SOVEREIGN,0,0,False,
1786186951.427056,engram-node02,1125,0588A33C1097FBCB45005D6C53E5C8D6D8967805375D1C26029B3FDFD5E7D735,False,SOVEREIGN,0,0,False,
1786186951.438635,engram-node03,1125,0588A33C1097FBCB45005D6C53E5C8D6D8967805375D1C26029B3FDFD5E7D735,False,SOVEREIGN,0,0,False,
1786186951.444538,engram-node04,1125,0588A33C1097FBCB45005D6C53E5C8D6D8967805375D1C26029B3FDFD5E7D735,False,SOVEREIGN,0,0,False,
1786186953.452467,engram-node01,1126,CDC417FA08630A24C9733EA31BD4C764B8E3F815E185BFAD849D3C3A7E00A8AE,False,SOVEREIGN,0,0,False,
1786186953.459903,engram-node02,1126,CDC417FA08630A24C9733EA31BD4C764B8E3F815E185BFAD849D3C3A7E00A8AE,False,SOVEREIGN,0,0,False,
1786186953.4673228,engram-node03,1126,CDC417FA08630A24C9733EA31BD4C764B8E3F815E185BFAD849D3C3A7E00A8AE,False,SOVEREIGN,0,0,False,
1786186953.473949,engram-node04,1126,CDC417FA08630A24C9733EA31BD4C764B8E3F815E185BFAD849D3C3A7E00A8AE,False,SOVEREIGN,0,0,False,
1786186955.485503,engram-node01,1127,53C5038A10B0AD2E51DBD8A94DB99660BD96443CB152D94BFCD952052FA4DE59,False,SOVEREIGN,0,0,False,
1786186955.491064,engram-node02,1127,53C5038A10B0AD2E51DBD8A94DB99660BD96443CB152D94BFCD952052FA4DE59,False,SOVEREIGN,0,0,False,
1786186955.496601,engram-node03,1127,53C5038A10B0AD2E51DBD8A94DB99660BD96443CB152D94BFCD952052FA4DE59,False,SOVEREIGN,0,0,False,
1786186955.49986,engram-node04,1127,53C5038A10B0AD2E51DBD8A94DB99660BD96443CB152D94BFCD952052FA4DE59,False,SOVEREIGN,0,0,False,
1786186957.507988,engram-node01,1129,6FE95DB56AB497B85961FBBBCA971DEC4D87D8E03F2E9ABB969EC0ED35A0A2BC,False,SOVEREIGN,0,0,False,
1786186957.515405,engram-node02,1129,6FE95DB56AB497B85961FBBBCA971DEC4D87D8E03F2E9ABB969EC0ED35A0A2BC,False,SOVEREIGN,0,0,False,
1786186957.519625,engram-node03,1129,6FE95DB56AB497B85961FBBBCA971DEC4D87D8E03F2E9ABB969EC0ED35A0A2BC,False,SOVEREIGN,0,0,False,
1786186957.5233579,engram-node04,1129,6FE95DB56AB497B85961FBBBCA971DEC4D87D8E03F2E9ABB969EC0ED35A0A2BC,False,SOVEREIGN,0,0,False,
1786186959.528237,engram-node01,1131,D7FAA3183BE7251542A5734ED3D572095665FE9A303F812B4D804546640347F1,False,SOVEREIGN,0,0,False,
1786186959.5343459,engram-node02,1131,D7FAA3183BE7251542A5734ED3D572095665FE9A303F812B4D804546640347F1,False,SOVEREIGN,0,0,False,
1786186959.538591,engram-node03,1131,D7FAA3183BE7251542A5734ED3D572095665FE9A303F812B4D804546640347F1,False,SOVEREIGN,0,0,False,
1786186959.542293,engram-node04,1131,D7FAA3183BE7251542A5734ED3D572095665FE9A303F812B4D804546640347F1,False,SOVEREIGN,0,0,False,
1786186961.546827,engram-node01,1132,CF7B1319820A907FBA9A5DDF7778D1E01DCB27FCEB01581BF371727518AB1161,False,SOVEREIGN,0,0,False,
1786186961.55709,engram-node02,1132,CF7B1319820A907FBA9A5DDF7778D1E01DCB27FCEB01581BF371727518AB1161,False,SOVEREIGN,0,0,False,
1786186961.563016,engram-node03,1132,CF7B1319820A907FBA9A5DDF7778D1E01DCB27FCEB01581BF371727518AB1161,False,SOVEREIGN,0,0,False,
1786186961.5674229,engram-node04,1132,CF7B1319820A907FBA9A5DDF7778D1E01DCB27FCEB01581BF371727518AB1161,False,SOVEREIGN,0,0,False,
1786186963.577187,engram-node01,1134,62905AB6DB7C94C745FFB22812E1C9B8E029EA9F615AEE2975BD690C0CADDA39,False,SOVEREIGN,0,0,False,
1786186963.5849228,engram-node02,1134,62905AB6DB7C94C745FFB22812E1C9B8E029EA9F615AEE2975BD690C0CADDA39,False,SOVEREIGN,0,0,False,
1786186963.590369,engram-node03,1134,62905AB6DB7C94C745FFB22812E1C9B8E029EA9F615AEE2975BD690C0CADDA39,False,SOVEREIGN,0,0,False,
1786186963.593945,engram-node04,1134,62905AB6DB7C94C745FFB22812E1C9B8E029EA9F615AEE2975BD690C0CADDA39,False,SOVEREIGN,0,0,False,
1786186965.5993059,engram-node01,1135,C5582212D049D73D5AD028C5E28E635022F3E5C5B9DA4A0A5529ECAA8DDD53E5,False,SOVEREIGN,0,0,False,
1786186965.7647948,engram-node02,1135,C5582212D049D73D5AD028C5E28E635022F3E5C5B9DA4A0A5529ECAA8DDD53E5,False,SOVEREIGN,0,0,False,
1786186965.770672,engram-node03,1135,C5582212D049D73D5AD028C5E28E635022F3E5C5B9DA4A0A5529ECAA8DDD53E5,False,SOVEREIGN,0,0,False,
1786186965.775584,engram-node04,1135,C5582212D049D73D5AD028C5E28E635022F3E5C5B9DA4A0A5529ECAA8DDD53E5,False,SOVEREIGN,0,0,False,
1786186967.787576,engram-node01,1137,84056E3D1950DCCE4361AEADC7D4AE023E6492CB004D61277A5D372CCF13FA70,False,SOVEREIGN,0,0,False,
1786186967.798246,engram-node02,1137,84056E3D1950DCCE4361AEADC7D4AE023E6492CB004D61277A5D372CCF13FA70,False,SOVEREIGN,0,0,False,
1786186967.805432,engram-node03,1137,84056E3D1950DCCE4361AEADC7D4AE023E6492CB004D61277A5D372CCF13FA70,False,SOVEREIGN,0,0,False,
1786186967.8095942,engram-node04,1137,84056E3D1950DCCE4361AEADC7D4AE023E6492CB004D61277A5D372CCF13FA70,False,SOVEREIGN,0,0,False,
1786186969.816433,engram-node01,1139,F2CC60AEF4251ABE0BE27FBC37B00CE7042BC5B32883931DF4B14E867B5729C2,False,SOVEREIGN,0,0,False,
1786186969.8259048,engram-node02,1139,F2CC60AEF4251ABE0BE27FBC37B00CE7042BC5B32883931DF4B14E867B5729C2,False,SOVEREIGN,0,0,False,
1786186969.832277,engram-node03,1139,F2CC60AEF4251ABE0BE27FBC37B00CE7042BC5B32883931DF4B14E867B5729C2,False,SOVEREIGN,0,0,False,
1786186969.837104,engram-node04,1139,F2CC60AEF4251ABE0BE27FBC37B00CE7042BC5B32883931DF4B14E867B5729C2,False,SOVEREIGN,0,0,False,
1786186972.5033338,engram-node01,1141,54F996A3BC97EB8DD1695D6969ABC6DF0BE9AF0B56E5C518F2834F67BDB31E0E,False,SOVEREIGN,0,0,False,
1786186972.5103989,engram-node02,1141,54F996A3BC97EB8DD1695D6969ABC6DF0BE9AF0B56E5C518F2834F67BDB31E0E,False,SOVEREIGN,0,0,False,
1786186972.515668,engram-node03,1141,54F996A3BC97EB8DD1695D6969ABC6DF0BE9AF0B56E5C518F2834F67BDB31E0E,False,SOVEREIGN,0,0,False,
1786186972.5214798,engram-node04,1141,54F996A3BC97EB8DD1695D6969ABC6DF0BE9AF0B56E5C518F2834F67BDB31E0E,False,SOVEREIGN,0,0,False,
1786186974.530992,engram-node01,1142,976B1EE640FCB673E87D9ECBD61500B27439B68BACED8F5B570E0208A623B2D9,False,SOVEREIGN,0,0,False,
1786186975.1692219,engram-node02,1143,5A2476BECC5822E350CB626A94D4D2DEE279C0CF7E8A387FB8E2495019B7E0EC,False,SOVEREIGN,0,0,False,
1786186975.173436,engram-node03,1143,5A2476BECC5822E350CB626A94D4D2DEE279C0CF7E8A387FB8E2495019B7E0EC,False,SOVEREIGN,0,0,False,
1786186975.176903,engram-node04,1143,5A2476BECC5822E350CB626A94D4D2DEE279C0CF7E8A387FB8E2495019B7E0EC,False,SOVEREIGN,0,0,False,
1786186977.183143,engram-node01,1145,6A2B22282FFE28CC327EC3ECE1BA2FEAECB6A4EE8CB27B041A218A1FBC798982,False,SOVEREIGN,0,0,False,
1786186977.188767,engram-node02,1145,6A2B22282FFE28CC327EC3ECE1BA2FEAECB6A4EE8CB27B041A218A1FBC798982,False,SOVEREIGN,0,0,False,
1786186977.193069,engram-node03,1145,6A2B22282FFE28CC327EC3ECE1BA2FEAECB6A4EE8CB27B041A218A1FBC798982,False,SOVEREIGN,0,0,False,
1786186977.1966898,engram-node04,1145,6A2B22282FFE28CC327EC3ECE1BA2FEAECB6A4EE8CB27B041A218A1FBC798982,False,SOVEREIGN,0,0,False,
1786186979.205462,engram-node01,1146,E0A7CF2B74254F60180D3E1168777AE23E1D9A597FFD66D08CD45C8F1E52708D,False,SOVEREIGN,0,0,False,
1786186979.215847,engram-node02,1146,E0A7CF2B74254F60180D3E1168777AE23E1D9A597FFD66D08CD45C8F1E52708D,False,SOVEREIGN,0,0,False,
1786186979.2219892,engram-node03,1146,E0A7CF2B74254F60180D3E1168777AE23E1D9A597FFD66D08CD45C8F1E52708D,False,SOVEREIGN,0,0,False,
1786186979.226599,engram-node04,1146,E0A7CF2B74254F60180D3E1168777AE23E1D9A597FFD66D08CD45C8F1E52708D,False,SOVEREIGN,0,0,False,
1786186981.2328918,engram-node01,1148,2B2F16FA944A862CC230A5703771793DFDC80AF29A7204AC5B8B91EE9CA1454D,False,SOVEREIGN,0,0,False,
1786186981.245051,engram-node02,1148,2B2F16FA944A862CC230A5703771793DFDC80AF29A7204AC5B8B91EE9CA1454D,False,SOVEREIGN,0,0,False,
1786186981.251814,engram-node03,1148,2B2F16FA944A862CC230A5703771793DFDC80AF29A7204AC5B8B91EE9CA1454D,False,SOVEREIGN,0,0,False,
1786186981.2593,engram-node04,1148,2B2F16FA944A862CC230A5703771793DFDC80AF29A7204AC5B8B91EE9CA1454D,False,SOVEREIGN,0,0,False,
1786186983.270644,engram-node01,1150,987E0A4A802AC1D8B6F8D2EBE5857E68CF2D1BC3235A371D0799678E8FBBBEEE,False,SOVEREIGN,0,0,False,
1786186983.279268,engram-node02,1150,987E0A4A802AC1D8B6F8D2EBE5857E68CF2D1BC3235A371D0799678E8FBBBEEE,False,SOVEREIGN,0,0,False,
1786186983.28685,engram-node03,1150,987E0A4A802AC1D8B6F8D2EBE5857E68CF2D1BC3235A371D0799678E8FBBBEEE,False,SOVEREIGN,0,0,False,
1786186983.2919412,engram-node04,1150,987E0A4A802AC1D8B6F8D2EBE5857E68CF2D1BC3235A371D0799678E8FBBBEEE,False,SOVEREIGN,0,0,False,
1786186986.2968268,engram-node01,1152,7DB4F0490A5902733F62C9A9D2BE1BE05A92E74AEDB745A0BADB397B933E4BED,False,SOVEREIGN,0,0,False,
1786186986.3053,engram-node02,1152,7DB4F0490A5902733F62C9A9D2BE1BE05A92E74AEDB745A0BADB397B933E4BED,False,SOVEREIGN,0,0,False,
1786186986.311168,engram-node03,1152,7DB4F0490A5902733F62C9A9D2BE1BE05A92E74AEDB745A0BADB397B933E4BED,False,SOVEREIGN,0,0,False,
1786186986.31598,engram-node04,1152,7DB4F0490A5902733F62C9A9D2BE1BE05A92E74AEDB745A0BADB397B933E4BED,False,SOVEREIGN,0,0,False,
1786186989.3243608,engram-node01,1154,162CC2C974C85A8D0E1D5B61F4599EBC85A030C8F9EFA35161824138C2C259D3,False,SOVEREIGN,0,0,False,
1786186989.329966,engram-node02,1154,162CC2C974C85A8D0E1D5B61F4599EBC85A030C8F9EFA35161824138C2C259D3,False,SOVEREIGN,0,0,False,
1786186989.3336341,engram-node03,1154,162CC2C974C85A8D0E1D5B61F4599EBC85A030C8F9EFA35161824138C2C259D3,False,SOVEREIGN,0,0,False,
1786186989.336611,engram-node04,1155,5F44B7D9EC97C4B7866CB17DA11FE18ABE45B08A68E9154594FBA832990A7097,False,SOVEREIGN,0,0,False,
1786186992.351373,engram-node01,1157,49825E7343C052BE1263FBD578C3EF2CD37EC5E1DEA91E161099476573715EB2,False,SOVEREIGN,0,0,False,
1786186992.3579562,engram-node02,1157,49825E7343C052BE1263FBD578C3EF2CD37EC5E1DEA91E161099476573715EB2,False,SOVEREIGN,0,0,False,
1786186992.363255,engram-node03,1157,49825E7343C052BE1263FBD578C3EF2CD37EC5E1DEA91E161099476573715EB2,False,SOVEREIGN,0,0,False,
1786186992.366923,engram-node04,1157,49825E7343C052BE1263FBD578C3EF2CD37EC5E1DEA91E161099476573715EB2,False,SOVEREIGN,0,0,False,
1786186995.3749042,engram-node01,1159,99A061F6A4FF5641C796DB7E955EE4AB165BCDFFC23AA8BEF4147E44F71A1A07,False,SOVEREIGN,0,0,False,
1786186995.383817,engram-node02,1159,99A061F6A4FF5641C796DB7E955EE4AB165BCDFFC23AA8BEF4147E44F71A1A07,False,SOVEREIGN,0,0,False,
1786186995.391407,engram-node03,1159,99A061F6A4FF5641C796DB7E955EE4AB165BCDFFC23AA8BEF4147E44F71A1A07,False,SOVEREIGN,0,0,False,
1786186995.398645,engram-node04,1159,99A061F6A4FF5641C796DB7E955EE4AB165BCDFFC23AA8BEF4147E44F71A1A07,False,SOVEREIGN,0,0,False,
1786186998.4093351,engram-node01,1162,94C78E65AFD7A70F9CF7307A58E4AE6FDE7F1B0F389EAA6BCFE260ADAA3553DC,False,SOVEREIGN,0,0,False,
1786186999.43558,engram-node02,1163,8164D721A22C26FF4792CD09EEEC0A8CAB8804E326D54C1646937E9B1FECB49D,False,SOVEREIGN,0,0,False,
1786186999.440778,engram-node03,1163,8164D721A22C26FF4792CD09EEEC0A8CAB8804E326D54C1646937E9B1FECB49D,False,SOVEREIGN,0,0,False,
1786186999.444598,engram-node04,1163,8164D721A22C26FF4792CD09EEEC0A8CAB8804E326D54C1646937E9B1FECB49D,False,SOVEREIGN,0,0,False,
1786187002.44998,engram-node01,1165,0D4BAEB500361E3CD0E80675568370030965146436C2BE4FDDE5E5461E0BD50B,False,SOVEREIGN,0,0,False,
1786187002.456566,engram-node02,1165,0D4BAEB500361E3CD0E80675568370030965146436C2BE4FDDE5E5461E0BD50B,False,SOVEREIGN,0,0,False,
1786187002.460808,engram-node03,1165,0D4BAEB500361E3CD0E80675568370030965146436C2BE4FDDE5E5461E0BD50B,False,SOVEREIGN,0,0,False,
1786187002.465145,engram-node04,1165,0D4BAEB500361E3CD0E80675568370030965146436C2BE4FDDE5E5461E0BD50B,False,SOVEREIGN,0,0,False,
1786187005.473294,engram-node01,1167,D3227340BF64D47012417061B3B9C5133171A766D2956CC6BD854424CA3930C4,False,SOVEREIGN,0,0,False,
1786187005.4786901,engram-node02,1167,D3227340BF64D47012417061B3B9C5133171A766D2956CC6BD854424CA3930C4,False,SOVEREIGN,0,0,False,
1786187005.4819021,engram-node03,1167,D3227340BF64D47012417061B3B9C5133171A766D2956CC6BD854424CA3930C4,False,SOVEREIGN,0,0,False,
1786187005.4863281,engram-node04,1167,D3227340BF64D47012417061B3B9C5133171A766D2956CC6BD854424CA3930C4,False,SOVEREIGN,0,0,False,
1786187008.49018,engram-node01,1170,F7E9089F8079E38CC0500FC8EA5E5C03907427F64BAB8C9D5B65BCD30B9672CE,False,SOVEREIGN,0,0,False,
1786187008.49556,engram-node02,1170,F7E9089F8079E38CC0500FC8EA5E5C03907427F64BAB8C9D5B65BCD30B9672CE,False,SOVEREIGN,0,0,False,
1786187008.499377,engram-node03,1170,F7E9089F8079E38CC0500FC8EA5E5C03907427F64BAB8C9D5B65BCD30B9672CE,False,SOVEREIGN,0,0,False,
1786187008.503244,engram-node04,1170,F7E9089F8079E38CC0500FC8EA5E5C03907427F64BAB8C9D5B65BCD30B9672CE,False,SOVEREIGN,0,0,False,
1786187011.5125718,engram-node01,1172,B2325066CA3F12A5ED31FA81C5667AF58E8E3500A7D4360D211AC6DABBA28981,False,SOVEREIGN,0,0,False,
1786187011.521672,engram-node02,1172,B2325066CA3F12A5ED31FA81C5667AF58E8E3500A7D4360D211AC6DABBA28981,False,SOVEREIGN,0,0,False,
1786187011.528028,engram-node03,1172,B2325066CA3F12A5ED31FA81C5667AF58E8E3500A7D4360D211AC6DABBA28981,False,SOVEREIGN,0,0,False,
1786187011.532964,engram-node04,1172,B2325066CA3F12A5ED31FA81C5667AF58E8E3500A7D4360D211AC6DABBA28981,False,SOVEREIGN,0,0,False,
1786187015.5462458,engram-node01,1175,03E322BAA339F020AD9601EF93856E1A5BB5D3063400A40290283025025FBFCF,False,SOVEREIGN,0,0,False,
1786187015.554678,engram-node02,1175,03E322BAA339F020AD9601EF93856E1A5BB5D3063400A40290283025025FBFCF,False,SOVEREIGN,0,0,False,
1786187015.560703,engram-node03,1175,03E322BAA339F020AD9601EF93856E1A5BB5D3063400A40290283025025FBFCF,False,SOVEREIGN,0,0,False,
1786187015.565303,engram-node04,1175,03E322BAA339F020AD9601EF93856E1A5BB5D3063400A40290283025025FBFCF,False,SOVEREIGN,0,0,False,
1786187018.570585,engram-node01,1177,CB81BDEED5B5D0E32081B3FE77D23477A42FF7C751801FBC3B48C6F4A7BBB199,False,SOVEREIGN,0,0,False,
1786187018.57707,engram-node02,1177,CB81BDEED5B5D0E32081B3FE77D23477A42FF7C751801FBC3B48C6F4A7BBB199,False,SOVEREIGN,0,0,False,
1786187018.580456,engram-node03,1177,CB81BDEED5B5D0E32081B3FE77D23477A42FF7C751801FBC3B48C6F4A7BBB199,False,SOVEREIGN,0,0,False,
1786187018.584285,engram-node04,1177,CB81BDEED5B5D0E32081B3FE77D23477A42FF7C751801FBC3B48C6F4A7BBB199,False,SOVEREIGN,0,0,False,
1786187021.593309,engram-node01,1180,4A0CB5BC19CFC144A3F607EA3A891522E5770D4DBABD56C3C76CC25602E068C2,False,SOVEREIGN,0,0,False,
1786187021.5981472,engram-node02,1180,4A0CB5BC19CFC144A3F607EA3A891522E5770D4DBABD56C3C76CC25602E068C2,False,SOVEREIGN,0,0,False,
1786187021.6013281,engram-node03,1180,4A0CB5BC19CFC144A3F607EA3A891522E5770D4DBABD56C3C76CC25602E068C2,False,SOVEREIGN,0,0,False,
1786187021.604473,engram-node04,1180,4A0CB5BC19CFC144A3F607EA3A891522E5770D4DBABD56C3C76CC25602E068C2,False,SOVEREIGN,0,0,False,
1786187024.611561,engram-node01,1183,27AC45AECE480767486EB30B9177E85752F4780AD58C7CEFDC490DCFB1981F8D,False,SOVEREIGN,0,0,False,
1786187025.860986,engram-node02,1183,27AC45AECE480767486EB30B9177E85752F4780AD58C7CEFDC490DCFB1981F8D,False,SOVEREIGN,0,0,False,
1786187025.86587,engram-node03,1183,27AC45AECE480767486EB30B9177E85752F4780AD58C7CEFDC490DCFB1981F8D,False,SOVEREIGN,0,0,False,
1786187025.870765,engram-node04,1183,27AC45AECE480767486EB30B9177E85752F4780AD58C7CEFDC490DCFB1981F8D,False,SOVEREIGN,0,0,False,
1786187028.8789608,engram-node01,1183,27AC45AECE480767486EB30B9177E85752F4780AD58C7CEFDC490DCFB1981F8D,False,SOVEREIGN,0,0,False,
1786187029.109086,engram-node02,1183,27AC45AECE480767486EB30B9177E85752F4780AD58C7CEFDC490DCFB1981F8D,False,SOVEREIGN,0,0,False,
1786187029.114902,engram-node03,1183,27AC45AECE480767486EB30B9177E85752F4780AD58C7CEFDC490DCFB1981F8D,False,SOVEREIGN,0,0,False,
1786187029.119547,engram-node04,1183,27AC45AECE480767486EB30B9177E85752F4780AD58C7CEFDC490DCFB1981F8D,False,SOVEREIGN,0,0,False,
1786187032.12387,engram-node01,1184,EBFEF610AC1A684DEC0A8EA7210CE0374840C283B254F948A2AC75CCECC4EAEE,False,SOVEREIGN,0,0,False,
1786187032.280457,engram-node02,1184,EBFEF610AC1A684DEC0A8EA7210CE0374840C283B254F948A2AC75CCECC4EAEE,False,SOVEREIGN,0,0,False,
1786187032.285571,engram-node03,1184,EBFEF610AC1A684DEC0A8EA7210CE0374840C283B254F948A2AC75CCECC4EAEE,False,SOVEREIGN,0,0,False,
1786187032.289676,engram-node04,1184,EBFEF610AC1A684DEC0A8EA7210CE0374840C283B254F948A2AC75CCECC4EAEE,False,SOVEREIGN,0,0,False,
1786187035.298476,engram-node01,1187,B9CD5ACAA8FA7BD49F6F96E60DE96C2DA7AACA499F1A3937AD2C5013A813744C,False,SOVEREIGN,0,0,False,
1786187035.3020532,engram-node02,1187,B9CD5ACAA8FA7BD49F6F96E60DE96C2DA7AACA499F1A3937AD2C5013A813744C,False,SOVEREIGN,0,0,False,
1786187035.3054342,engram-node03,1187,B9CD5ACAA8FA7BD49F6F96E60DE96C2DA7AACA499F1A3937AD2C5013A813744C,False,SOVEREIGN,0,0,False,
1786187035.308481,engram-node04,1187,B9CD5ACAA8FA7BD49F6F96E60DE96C2DA7AACA499F1A3937AD2C5013A813744C,False,SOVEREIGN,0,0,False,
1786187038.316563,engram-node01,1188,F107EB77B3C6B9B578A35EC0EB6B9594296CC3E8C53F753267006845F438CBDB,False,SOVEREIGN,0,0,False,
1786187038.3288362,engram-node02,1188,F107EB77B3C6B9B578A35EC0EB6B9594296CC3E8C53F753267006845F438CBDB,False,SOVEREIGN,0,0,False,
1786187038.3362129,engram-node03,1188,F107EB77B3C6B9B578A35EC0EB6B9594296CC3E8C53F753267006845F438CBDB,False,SOVEREIGN,0,0,False,
1786187038.341995,engram-node04,1188,F107EB77B3C6B9B578A35EC0EB6B9594296CC3E8C53F753267006845F438CBDB,False,SOVEREIGN,0,0,False,
1786187041.349171,engram-node01,1190,DE9C7E74D65AACF412969623C8A5241DBD95C8DA7FE70E0535ACFF3AACF59501,False,SOVEREIGN,0,0,False,
1786187041.5691159,engram-node02,1190,DE9C7E74D65AACF412969623C8A5241DBD95C8DA7FE70E0535ACFF3AACF59501,False,SOVEREIGN,0,0,False,
1786187041.576479,engram-node03,1190,DE9C7E74D65AACF412969623C8A5241DBD95C8DA7FE70E0535ACFF3AACF59501,False,SOVEREIGN,0,0,False,
1786187041.581356,engram-node04,1190,DE9C7E74D65AACF412969623C8A5241DBD95C8DA7FE70E0535ACFF3AACF59501,False,SOVEREIGN,0,0,False,
1786187044.5878441,engram-node01,1192,5C002765DCF1D23869F9DA424E7D7F80EC6BBA5D8CCFBC6C3132A110BD3FD502,False,SOVEREIGN,0,0,False,
1786187044.59728,engram-node02,1192,5C002765DCF1D23869F9DA424E7D7F80EC6BBA5D8CCFBC6C3132A110BD3FD502,False,SOVEREIGN,0,0,False,
1786187044.604243,engram-node03,1192,5C002765DCF1D23869F9DA424E7D7F80EC6BBA5D8CCFBC6C3132A110BD3FD502,False,SOVEREIGN,0,0,False,
1786187044.6098418,engram-node04,1192,5C002765DCF1D23869F9DA424E7D7F80EC6BBA5D8CCFBC6C3132A110BD3FD502,False,SOVEREIGN,0,0,False,
1786187047.619443,engram-node01,1194,46CEC480CA64D34FB4E9F0485038B2FEA626B71B74F8AAE8D73C33E6B7CB2868,False,SOVEREIGN,0,0,False,
1786187047.6247292,engram-node02,1194,46CEC480CA64D34FB4E9F0485038B2FEA626B71B74F8AAE8D73C33E6B7CB2868,False,SOVEREIGN,0,0,False,
1786187047.628433,engram-node03,1194,46CEC480CA64D34FB4E9F0485038B2FEA626B71B74F8AAE8D73C33E6B7CB2868,False,SOVEREIGN,0,0,False,
1786187047.631988,engram-node04,1194,46CEC480CA64D34FB4E9F0485038B2FEA626B71B74F8AAE8D73C33E6B7CB2868,False,SOVEREIGN,0,0,False,
1786187049.637187,engram-node01,1195,270B9F6D82F247986F457D955A2CB7BB033EFFC61FB3F1AFCA75677024B56F3C,False,SOVEREIGN,0,0,False,
1786187049.647533,engram-node02,1195,270B9F6D82F247986F457D955A2CB7BB033EFFC61FB3F1AFCA75677024B56F3C,False,SOVEREIGN,0,0,False,
1786187049.6530921,engram-node03,1195,270B9F6D82F247986F457D955A2CB7BB033EFFC61FB3F1AFCA75677024B56F3C,False,SOVEREIGN,0,0,False,
1786187049.659344,engram-node04,1195,270B9F6D82F247986F457D955A2CB7BB033EFFC61FB3F1AFCA75677024B56F3C,False,SOVEREIGN,0,0,False,
1786187051.6704352,engram-node01,1196,5877CD50521CD83368A83B40210C991637BA417AC7F855C5E8F8AB052FDDC2B7,False,SOVEREIGN,0,0,False,
1786187051.6776268,engram-node02,1196,5877CD50521CD83368A83B40210C991637BA417AC7F855C5E8F8AB052FDDC2B7,False,SOVEREIGN,0,0,False,
1786187051.683412,engram-node03,1196,5877CD50521CD83368A83B40210C991637BA417AC7F855C5E8F8AB052FDDC2B7,False,SOVEREIGN,0,0,False,
1786187051.689093,engram-node04,1196,5877CD50521CD83368A83B40210C991637BA417AC7F855C5E8F8AB052FDDC2B7,False,SOVEREIGN,0,0,False,
1786187053.700871,engram-node01,1197,E98DEFB88799119DACD8E68ADA3BA5157959F83793520D65691A2D1B5D7FC404,False,SOVEREIGN,0,0,False,
1786187053.7106571,engram-node02,1197,E98DEFB88799119DACD8E68ADA3BA5157959F83793520D65691A2D1B5D7FC404,False,SOVEREIGN,0,0,False,
1786187053.7157602,engram-node03,1197,E98DEFB88799119DACD8E68ADA3BA5157959F83793520D65691A2D1B5D7FC404,False,SOVEREIGN,0,0,False,
1786187053.722251,engram-node04,1197,E98DEFB88799119DACD8E68ADA3BA5157959F83793520D65691A2D1B5D7FC404,False,SOVEREIGN,0,0,False,
1786187055.727224,engram-node01,1199,E6AC050B1C4230E6A6BFABA99EF61F5114A0FA2867C6B9D25E3E6525B380564E,False,SOVEREIGN,0,0,False,
1786187055.734307,engram-node02,1199,E6AC050B1C4230E6A6BFABA99EF61F5114A0FA2867C6B9D25E3E6525B380564E,False,SOVEREIGN,0,0,False,
1786187055.740559,engram-node03,1199,E6AC050B1C4230E6A6BFABA99EF61F5114A0FA2867C6B9D25E3E6525B380564E,False,SOVEREIGN,0,0,False,
1786187055.746867,engram-node04,1199,E6AC050B1C4230E6A6BFABA99EF61F5114A0FA2867C6B9D25E3E6525B380564E,False,SOVEREIGN,0,0,False,
1786187057.75426,engram-node01,1200,AC9A5F7F62B71C42D344008A9F57AE0C14EA7FFCF06D3AEDC7E814BAC4F4904F,False,SOVEREIGN,0,0,False,
1786187057.9720478,engram-node02,1200,AC9A5F7F62B71C42D344008A9F57AE0C14EA7FFCF06D3AEDC7E814BAC4F4904F,False,SOVEREIGN,0,0,False,
1786187057.978713,engram-node03,1200,AC9A5F7F62B71C42D344008A9F57AE0C14EA7FFCF06D3AEDC7E814BAC4F4904F,False,SOVEREIGN,0,0,False,
1786187057.9827552,engram-node04,1200,AC9A5F7F62B71C42D344008A9F57AE0C14EA7FFCF06D3AEDC7E814BAC4F4904F,False,SOVEREIGN,0,0,False,
1786187059.990211,engram-node01,1201,18CF203F2FF997698D346C467350712EC2E804DFE42925575E55AD6AFD169403,False,SOVEREIGN,0,0,False,
1786187060.2283268,engram-node02,1201,18CF203F2FF997698D346C467350712EC2E804DFE42925575E55AD6AFD169403,False,SOVEREIGN,0,0,False,
1786187060.233248,engram-node03,1201,18CF203F2FF997698D346C467350712EC2E804DFE42925575E55AD6AFD169403,False,SOVEREIGN,0,0,False,
1786187060.237736,engram-node04,1201,18CF203F2FF997698D346C467350712EC2E804DFE42925575E55AD6AFD169403,False,SOVEREIGN,0,0,False,
1786187062.246998,engram-node01,1203,97A5906609EC76DBFFF5327114D55208B58899F256D85E513A02D5B4521DB610,False,SOVEREIGN,0,0,False,
1786187062.2570791,engram-node02,1203,97A5906609EC76DBFFF5327114D55208B58899F256D85E513A02D5B4521DB610,False,SOVEREIGN,0,0,False,
1786187062.2633018,engram-node03,1203,97A5906609EC76DBFFF5327114D55208B58899F256D85E513A02D5B4521DB610,False,SOVEREIGN,0,0,False,
1786187062.268384,engram-node04,1203,97A5906609EC76DBFFF5327114D55208B58899F256D85E513A02D5B4521DB610,False,SOVEREIGN,0,0,False,
1786187064.273181,engram-node01,1204,724988FED2EFD910D31468E0454240FB949B35A0BF9CADDD3950DD1F04666009,False,SOVEREIGN,0,0,False,
1786187064.2781372,engram-node02,1204,724988FED2EFD910D31468E0454240FB949B35A0BF9CADDD3950DD1F04666009,False,SOVEREIGN,0,0,False,
1786187064.281738,engram-node03,1204,724988FED2EFD910D31468E0454240FB949B35A0BF9CADDD3950DD1F04666009,False,SOVEREIGN,0,0,False,
1786187064.28494,engram-node04,1204,724988FED2EFD910D31468E0454240FB949B35A0BF9CADDD3950DD1F04666009,False,SOVEREIGN,0,0,False,
1786187066.2888231,engram-node01,1205,AAF34785D271F24681137482EA6769AC1BE3E619EC4FA217BE52EEBD3297134C,False,SOVEREIGN,0,0,False,
1786187066.2956202,engram-node02,1205,AAF34785D271F24681137482EA6769AC1BE3E619EC4FA217BE52EEBD3297134C,False,SOVEREIGN,0,0,False,
1786187066.299933,engram-node03,1205,AAF34785D271F24681137482EA6769AC1BE3E619EC4FA217BE52EEBD3297134C,False,SOVEREIGN,0,0,False,
1786187066.304082,engram-node04,1205,AAF34785D271F24681137482EA6769AC1BE3E619EC4FA217BE52EEBD3297134C,False,SOVEREIGN,0,0,False,
1786187068.310077,engram-node01,1207,EDD1385E581F7A56EFB92D6E8122E89A8B3CD94A1D332E755F5C06CFB1D80D98,False,SOVEREIGN,0,0,False,
1786187068.3195908,engram-node02,1207,EDD1385E581F7A56EFB92D6E8122E89A8B3CD94A1D332E755F5C06CFB1D80D98,False,SOVEREIGN,0,0,False,
1786187068.325856,engram-node03,1207,EDD1385E581F7A56EFB92D6E8122E89A8B3CD94A1D332E755F5C06CFB1D80D98,False,SOVEREIGN,0,0,False,
1786187068.330427,engram-node04,1207,EDD1385E581F7A56EFB92D6E8122E89A8B3CD94A1D332E755F5C06CFB1D80D98,False,SOVEREIGN,0,0,False,
1786187070.337056,engram-node01,1208,E81593DF30D7689B21AA37A53C8799D6103F8DDDB7701F54E983F9F801BC0A8F,False,SOVEREIGN,0,0,False,
1786187070.3484428,engram-node02,1208,E81593DF30D7689B21AA37A53C8799D6103F8DDDB7701F54E983F9F801BC0A8F,False,SOVEREIGN,0,0,False,
1786187070.3559942,engram-node03,1208,E81593DF30D7689B21AA37A53C8799D6103F8DDDB7701F54E983F9F801BC0A8F,False,SOVEREIGN,0,0,False,
1786187070.361494,engram-node04,1208,E81593DF30D7689B21AA37A53C8799D6103F8DDDB7701F54E983F9F801BC0A8F,False,SOVEREIGN,0,0,False,
1786187072.372264,engram-node01,1209,DC578DC9AF2AD395F3A1DC4E7BB332FACFAF01914F4741164527315CA13C8EF3,False,SOVEREIGN,0,0,False,
1786187072.376527,engram-node02,1209,DC578DC9AF2AD395F3A1DC4E7BB332FACFAF01914F4741164527315CA13C8EF3,False,SOVEREIGN,0,0,False,
1786187072.379888,engram-node03,1209,DC578DC9AF2AD395F3A1DC4E7BB332FACFAF01914F4741164527315CA13C8EF3,False,SOVEREIGN,0,0,False,
1786187072.383519,engram-node04,1209,DC578DC9AF2AD395F3A1DC4E7BB332FACFAF01914F4741164527315CA13C8EF3,False,SOVEREIGN,0,0,False,
1786187074.3897731,engram-node01,1210,415BA8B40081BAEA7BF95D972F4F9EE510E2514DC3B976AD5059539A1BB8BA23,False,SOVEREIGN,0,0,False,
1786187074.401043,engram-node02,1210,415BA8B40081BAEA7BF95D972F4F9EE510E2514DC3B976AD5059539A1BB8BA23,False,SOVEREIGN,0,0,False,
1786187074.406327,engram-node03,1210,415BA8B40081BAEA7BF95D972F4F9EE510E2514DC3B976AD5059539A1BB8BA23,False,SOVEREIGN,0,0,False,
1786187074.41134,engram-node04,1210,415BA8B40081BAEA7BF95D972F4F9EE510E2514DC3B976AD5059539A1BB8BA23,False,SOVEREIGN,0,0,False,
1786187076.421665,engram-node01,1212,FD04D2DC7C08302CEB010E0DE7CB2BA385BAD03AAC7124739AD45BB0EA5D9454,False,SOVEREIGN,0,0,False,
1786187076.635658,engram-node02,1212,FD04D2DC7C08302CEB010E0DE7CB2BA385BAD03AAC7124739AD45BB0EA5D9454,False,SOVEREIGN,0,0,False,
1786187076.6414878,engram-node03,1212,FD04D2DC7C08302CEB010E0DE7CB2BA385BAD03AAC7124739AD45BB0EA5D9454,False,SOVEREIGN,0,0,False,
1786187076.6462421,engram-node04,1212,FD04D2DC7C08302CEB010E0DE7CB2BA385BAD03AAC7124739AD45BB0EA5D9454,False,SOVEREIGN,0,0,False,
1786187078.652572,engram-node01,1212,FD04D2DC7C08302CEB010E0DE7CB2BA385BAD03AAC7124739AD45BB0EA5D9454,False,SOVEREIGN,0,0,False,
1786187078.659808,engram-node02,1212,FD04D2DC7C08302CEB010E0DE7CB2BA385BAD03AAC7124739AD45BB0EA5D9454,False,SOVEREIGN,0,0,False,
1786187078.666368,engram-node03,1212,FD04D2DC7C08302CEB010E0DE7CB2BA385BAD03AAC7124739AD45BB0EA5D9454,False,SOVEREIGN,0,0,False,
1786187078.670721,engram-node04,1212,FD04D2DC7C08302CEB010E0DE7CB2BA385BAD03AAC7124739AD45BB0EA5D9454,False,SOVEREIGN,0,0,False,
1786187080.6802392,engram-node01,1214,1AB57163D3F7626A7453E0ECA38E00A0ED96072509126830B71338EEF73D8B6A,False,SOVEREIGN,0,0,False,
1786187080.6870148,engram-node02,1214,1AB57163D3F7626A7453E0ECA38E00A0ED96072509126830B71338EEF73D8B6A,False,SOVEREIGN,0,0,False,
1786187080.6910641,engram-node03,1214,1AB57163D3F7626A7453E0ECA38E00A0ED96072509126830B71338EEF73D8B6A,False,SOVEREIGN,0,0,False,
1786187080.694237,engram-node04,1214,1AB57163D3F7626A7453E0ECA38E00A0ED96072509126830B71338EEF73D8B6A,False,SOVEREIGN,0,0,False,
1786187082.69891,engram-node01,1215,88132DDA3EA9C5A7B6BFCBFC62416A65939EBB3BDF47A2D3222F8464404D8DA4,False,SOVEREIGN,0,0,False,
1786187082.706469,engram-node02,1215,88132DDA3EA9C5A7B6BFCBFC62416A65939EBB3BDF47A2D3222F8464404D8DA4,False,SOVEREIGN,0,0,False,
1786187082.710569,engram-node03,1215,88132DDA3EA9C5A7B6BFCBFC62416A65939EBB3BDF47A2D3222F8464404D8DA4,False,SOVEREIGN,0,0,False,
1786187082.715782,engram-node04,1215,88132DDA3EA9C5A7B6BFCBFC62416A65939EBB3BDF47A2D3222F8464404D8DA4,False,SOVEREIGN,0,0,False,
1786187084.788497,engram-node01,1216,9EE25C41320F05C8F29C0FB59CA79E6183A3F573BA3EB9A55E4F769909B7D0D2,False,SOVEREIGN,0,0,False,
1786187084.79377,engram-node02,1216,9EE25C41320F05C8F29C0FB59CA79E6183A3F573BA3EB9A55E4F769909B7D0D2,False,SOVEREIGN,0,0,False,
1786187084.797368,engram-node03,1216,9EE25C41320F05C8F29C0FB59CA79E6183A3F573BA3EB9A55E4F769909B7D0D2,False,SOVEREIGN,0,0,False,
1786187084.800648,engram-node04,1216,9EE25C41320F05C8F29C0FB59CA79E6183A3F573BA3EB9A55E4F769909B7D0D2,False,SOVEREIGN,0,0,False,
1786187086.805183,engram-node01,1217,FEDDD479AAAF687A93EA0DEB14748E750053AF7EFF477FC5DECE1205AAD746BC,False,SOVEREIGN,0,0,False,
1786187087.049104,engram-node02,1218,2160EC727D54412978A9E6BB19C1DABF79E605D964D73CFCCA3CCE14EF86C4A1,False,SOVEREIGN,0,0,False,
1786187087.054622,engram-node03,1218,2160EC727D54412978A9E6BB19C1DABF79E605D964D73CFCCA3CCE14EF86C4A1,False,SOVEREIGN,0,0,False,
1786187087.0604491,engram-node04,1218,2160EC727D54412978A9E6BB19C1DABF79E605D964D73CFCCA3CCE14EF86C4A1,False,SOVEREIGN,0,0,False,
1786187089.070608,engram-node01,1219,500B2D5F419CED7CC5A6F5A9EA9A60BC86CD007BC0833E1ABD4706D1044032C8,False,SOVEREIGN,0,0,False,
1786187090.078143,engram-node02,1220,DFD6364C2535A135C6A3CE6B175D951DD45338C6F453C7D611D7192515370500,False,SOVEREIGN,0,0,False,
1786187090.082902,engram-node03,1220,DFD6364C2535A135C6A3CE6B175D951DD45338C6F453C7D611D7192515370500,False,SOVEREIGN,0,0,False,
1786187090.0869608,engram-node04,1220,DFD6364C2535A135C6A3CE6B175D951DD45338C6F453C7D611D7192515370500,False,SOVEREIGN,0,0,False,
1786187092.09169,engram-node01,1221,92BC253A152986070CB68FD11826371C9853CE66F8CB1A86D82B13EDF9A2E06F,False,SOVEREIGN,0,0,False,
1786187092.09785,engram-node02,1221,92BC253A152986070CB68FD11826371C9853CE66F8CB1A86D82B13EDF9A2E06F,False,SOVEREIGN,0,0,False,
1786187092.1026251,engram-node03,1221,92BC253A152986070CB68FD11826371C9853CE66F8CB1A86D82B13EDF9A2E06F,False,SOVEREIGN,0,0,False,
1786187092.1057348,engram-node04,1221,92BC253A152986070CB68FD11826371C9853CE66F8CB1A86D82B13EDF9A2E06F,False,SOVEREIGN,0,0,False,
1786187094.1126258,engram-node01,1222,AEC3E82E92D8C8CF720AE79560EA3218AF8D675FA5D7F7286124EDEEE4A50800,False,SOVEREIGN,0,0,False,
1786187094.1202931,engram-node02,1222,AEC3E82E92D8C8CF720AE79560EA3218AF8D675FA5D7F7286124EDEEE4A50800,False,SOVEREIGN,0,0,False,
1786187094.12867,engram-node03,1222,AEC3E82E92D8C8CF720AE79560EA3218AF8D675FA5D7F7286124EDEEE4A50800,False,SOVEREIGN,0,0,False,
1786187094.132694,engram-node04,1222,AEC3E82E92D8C8CF720AE79560EA3218AF8D675FA5D7F7286124EDEEE4A50800,False,SOVEREIGN,0,0,False,
1786187096.1412601,engram-node01,1224,DF289FE4F8269E716EB9858C102D5E5160F756C2EFD1B036138135D584006953,False,SOVEREIGN,0,0,False,
1786187096.149407,engram-node02,1224,DF289FE4F8269E716EB9858C102D5E5160F756C2EFD1B036138135D584006953,False,SOVEREIGN,0,0,False,
1786187096.1567612,engram-node03,1224,DF289FE4F8269E716EB9858C102D5E5160F756C2EFD1B036138135D584006953,False,SOVEREIGN,0,0,False,
1786187096.1619148,engram-node04,1224,DF289FE4F8269E716EB9858C102D5E5160F756C2EFD1B036138135D584006953,False,SOVEREIGN,0,0,False,
1786187098.170605,engram-node01,1224,DF289FE4F8269E716EB9858C102D5E5160F756C2EFD1B036138135D584006953,False,SOVEREIGN,0,0,False,
1786187098.178242,engram-node02,1224,DF289FE4F8269E716EB9858C102D5E5160F756C2EFD1B036138135D584006953,False,SOVEREIGN,0,0,False,
1786187098.184947,engram-node03,1224,DF289FE4F8269E716EB9858C102D5E5160F756C2EFD1B036138135D584006953,False,SOVEREIGN,0,0,False,
1786187098.1902049,engram-node04,1224,DF289FE4F8269E716EB9858C102D5E5160F756C2EFD1B036138135D584006953,False,SOVEREIGN,0,0,False,
1786187100.19444,engram-node01,1226,EC4959FB379BFD2D3849920F0B822E2B2497C946828434BDC5FB88EA41C14C0B,False,SOVEREIGN,0,0,False,
1786187100.203634,engram-node02,1226,EC4959FB379BFD2D3849920F0B822E2B2497C946828434BDC5FB88EA41C14C0B,False,SOVEREIGN,0,0,False,
1786187100.2101262,engram-node03,1226,EC4959FB379BFD2D3849920F0B822E2B2497C946828434BDC5FB88EA41C14C0B,False,SOVEREIGN,0,0,False,
1786187100.21838,engram-node04,1226,EC4959FB379BFD2D3849920F0B822E2B2497C946828434BDC5FB88EA41C14C0B,False,SOVEREIGN,0,0,False,
1786187102.225572,engram-node01,1227,8B6D2CBC6E84180E380559BC1A89231E8D5E5335388D163AF5FE4979E4B75DB5,False,SOVEREIGN,0,0,False,
1786187102.2339468,engram-node02,1227,8B6D2CBC6E84180E380559BC1A89231E8D5E5335388D163AF5FE4979E4B75DB5,False,SOVEREIGN,0,0,False,
1786187102.241745,engram-node03,1227,8B6D2CBC6E84180E380559BC1A89231E8D5E5335388D163AF5FE4979E4B75DB5,False,SOVEREIGN,0,0,False,
1786187102.253325,engram-node04,1227,8B6D2CBC6E84180E380559BC1A89231E8D5E5335388D163AF5FE4979E4B75DB5,False,SOVEREIGN,0,0,False,
1786187104.262652,engram-node01,1228,DB083145E8218349DF3FF69499C89F41966DEDE21EF381E89D187C50FD4938C6,False,SOVEREIGN,0,0,False,
1786187104.269459,engram-node02,1228,DB083145E8218349DF3FF69499C89F41966DEDE21EF381E89D187C50FD4938C6,False,SOVEREIGN,0,0,False,
1786187104.2776792,engram-node03,1228,DB083145E8218349DF3FF69499C89F41966DEDE21EF381E89D187C50FD4938C6,False,SOVEREIGN,0,0,False,
1786187104.282612,engram-node04,1228,DB083145E8218349DF3FF69499C89F41966DEDE21EF381E89D187C50FD4938C6,False,SOVEREIGN,0,0,False,
1786187106.297716,engram-node01,1230,F63A3CBD92168DCED566B6F1F503FA64719501854777084B2FCEF81EDD5D7DD0,False,SOVEREIGN,0,0,False,
1786187107.311279,engram-node02,1230,F63A3CBD92168DCED566B6F1F503FA64719501854777084B2FCEF81EDD5D7DD0,False,SOVEREIGN,0,0,False,
1786187107.316533,engram-node03,1230,F63A3CBD92168DCED566B6F1F503FA64719501854777084B2FCEF81EDD5D7DD0,False,SOVEREIGN,0,0,False,
1786187107.321475,engram-node04,1230,F63A3CBD92168DCED566B6F1F503FA64719501854777084B2FCEF81EDD5D7DD0,False,SOVEREIGN,0,0,False,
1786187109.329738,engram-node01,1232,E6FCB8B27AD2826C35C8ACEC3C325BE34A65F61F071DA8EE78FA25C960D2EAC4,False,SOVEREIGN,0,0,False,
1786187109.334207,engram-node02,1232,E6FCB8B27AD2826C35C8ACEC3C325BE34A65F61F071DA8EE78FA25C960D2EAC4,False,SOVEREIGN,0,0,False,
1786187109.3372002,engram-node03,1232,E6FCB8B27AD2826C35C8ACEC3C325BE34A65F61F071DA8EE78FA25C960D2EAC4,False,SOVEREIGN,0,0,False,
1786187109.340155,engram-node04,1232,E6FCB8B27AD2826C35C8ACEC3C325BE34A65F61F071DA8EE78FA25C960D2EAC4,False,SOVEREIGN,0,0,False,
1786187111.3479302,engram-node01,1232,E6FCB8B27AD2826C35C8ACEC3C325BE34A65F61F071DA8EE78FA25C960D2EAC4,False,SOVEREIGN,0,0,False,
1786187111.3540192,engram-node02,1232,E6FCB8B27AD2826C35C8ACEC3C325BE34A65F61F071DA8EE78FA25C960D2EAC4,False,SOVEREIGN,0,0,False,
1786187111.358612,engram-node03,1232,E6FCB8B27AD2826C35C8ACEC3C325BE34A65F61F071DA8EE78FA25C960D2EAC4,False,SOVEREIGN,0,0,False,
1786187111.362327,engram-node04,1232,E6FCB8B27AD2826C35C8ACEC3C325BE34A65F61F071DA8EE78FA25C960D2EAC4,False,SOVEREIGN,0,0,False,
1786187113.371294,engram-node01,1235,2FB89E655334E8BCAFBF0E3E2588947F46880D08881CD49489EA3C21A26F4D89,False,SOVEREIGN,0,0,False,
1786187114.3777611,engram-node02,1235,2FB89E655334E8BCAFBF0E3E2588947F46880D08881CD49489EA3C21A26F4D89,False,SOVEREIGN,0,0,False,
1786187114.380842,engram-node03,1235,2FB89E655334E8BCAFBF0E3E2588947F46880D08881CD49489EA3C21A26F4D89,False,SOVEREIGN,0,0,False,
1786187114.383717,engram-node04,1235,2FB89E655334E8BCAFBF0E3E2588947F46880D08881CD49489EA3C21A26F4D89,False,SOVEREIGN,0,0,False,
1786187116.3891,engram-node01,1236,475EC3DC8414D1F5B4A421830F424D07501C69690CE2882F1CDB8C87B91774E3,False,SOVEREIGN,0,0,False,
1786187117.64241,engram-node02,1236,475EC3DC8414D1F5B4A421830F424D07501C69690CE2882F1CDB8C87B91774E3,False,SOVEREIGN,0,0,False,
1786187117.6497338,engram-node03,1236,475EC3DC8414D1F5B4A421830F424D07501C69690CE2882F1CDB8C87B91774E3,False,SOVEREIGN,0,0,False,
1786187117.656328,engram-node04,1236,475EC3DC8414D1F5B4A421830F424D07501C69690CE2882F1CDB8C87B91774E3,False,SOVEREIGN,0,0,False,
1786187119.668591,engram-node01,1238,D21CE3DF6436901B2777C203A03A5FEE3D11B75B2D8932F04C0D9D7269146883,False,SOVEREIGN,0,0,False,
1786187119.676146,engram-node02,1238,D21CE3DF6436901B2777C203A03A5FEE3D11B75B2D8932F04C0D9D7269146883,False,SOVEREIGN,0,0,False,
1786187119.682423,engram-node03,1238,D21CE3DF6436901B2777C203A03A5FEE3D11B75B2D8932F04C0D9D7269146883,False,SOVEREIGN,0,0,False,
1786187119.6874838,engram-node04,1238,D21CE3DF6436901B2777C203A03A5FEE3D11B75B2D8932F04C0D9D7269146883,False,SOVEREIGN,0,0,False,
1786187121.697212,engram-node01,1239,FC300149A942BB99D43E552D9C0C44DC01DBCF4D8165277365B5561DBDC1FFB9,False,SOVEREIGN,0,0,False,
1786187121.705368,engram-node02,1239,FC300149A942BB99D43E552D9C0C44DC01DBCF4D8165277365B5561DBDC1FFB9,False,SOVEREIGN,0,0,False,
1786187121.7115881,engram-node03,1239,FC300149A942BB99D43E552D9C0C44DC01DBCF4D8165277365B5561DBDC1FFB9,False,SOVEREIGN,0,0,False,
1786187121.717494,engram-node04,1239,FC300149A942BB99D43E552D9C0C44DC01DBCF4D8165277365B5561DBDC1FFB9,False,SOVEREIGN,0,0,False,
1786187123.727526,engram-node01,1240,E813A25536814AD7CFD1165CC70E09F1580B60E695EA483D6069EF2761342715,False,SOVEREIGN,0,0,False,
1786187123.74035,engram-node02,1240,E813A25536814AD7CFD1165CC70E09F1580B60E695EA483D6069EF2761342715,False,SOVEREIGN,0,0,False,
1786187123.744909,engram-node03,1240,E813A25536814AD7CFD1165CC70E09F1580B60E695EA483D6069EF2761342715,False,SOVEREIGN,0,0,False,
1786187123.749098,engram-node04,1240,E813A25536814AD7CFD1165CC70E09F1580B60E695EA483D6069EF2761342715,False,SOVEREIGN,0,0,False,
1786187125.757696,engram-node01,1241,4F8FAC47ED64D09C2D872BE118832836BE3456C5C6A194870B35D75AE30EFC32,False,SOVEREIGN,0,0,False,
1786187125.767622,engram-node02,1241,4F8FAC47ED64D09C2D872BE118832836BE3456C5C6A194870B35D75AE30EFC32,False,SOVEREIGN,0,0,False,
1786187125.7763772,engram-node03,1241,4F8FAC47ED64D09C2D872BE118832836BE3456C5C6A194870B35D75AE30EFC32,False,SOVEREIGN,0,0,False,
1786187125.7816808,engram-node04,1241,4F8FAC47ED64D09C2D872BE118832836BE3456C5C6A194870B35D75AE30EFC32,False,SOVEREIGN,0,0,False,
1786187127.7917,engram-node01,1243,CA9193DC366204CE0F33D3430F25B53C07668C41522EE2F88F6F9CFB18B06112,False,SOVEREIGN,0,0,False,
1786187128.797675,engram-node02,1243,CA9193DC366204CE0F33D3430F25B53C07668C41522EE2F88F6F9CFB18B06112,False,SOVEREIGN,0,0,False,
1786187128.801097,engram-node03,1243,CA9193DC366204CE0F33D3430F25B53C07668C41522EE2F88F6F9CFB18B06112,False,SOVEREIGN,0,0,False,
1786187128.8042612,engram-node04,1243,CA9193DC366204CE0F33D3430F25B53C07668C41522EE2F88F6F9CFB18B06112,False,SOVEREIGN,0,0,False,
1786187130.812405,engram-node01,1245,D486AC707C8C0E601E9A8F957D6D0E5990325DDB642BC57334D677C36C29C4B5,False,SOVEREIGN,0,0,False,
1786187131.819689,engram-node02,1245,D486AC707C8C0E601E9A8F957D6D0E5990325DDB642BC57334D677C36C29C4B5,False,SOVEREIGN,0,0,False,
1786187131.82288,engram-node03,1245,D486AC707C8C0E601E9A8F957D6D0E5990325DDB642BC57334D677C36C29C4B5,False,SOVEREIGN,0,0,False,
1786187131.8255029,engram-node04,1245,D486AC707C8C0E601E9A8F957D6D0E5990325DDB642BC57334D677C36C29C4B5,False,SOVEREIGN,0,0,False,
1786187133.830668,engram-node01,1246,C7D843609EA8C31DC020C2B2792694B1EDF044DE4401CFE54CF981F28B5647BF,False,SOVEREIGN,0,0,False,
1786187134.04336,engram-node02,1246,C7D843609EA8C31DC020C2B2792694B1EDF044DE4401CFE54CF981F28B5647BF,False,SOVEREIGN,0,0,False,
1786187134.046303,engram-node03,1246,C7D843609EA8C31DC020C2B2792694B1EDF044DE4401CFE54CF981F28B5647BF,False,SOVEREIGN,0,0,False,
1786187134.049279,engram-node04,1246,C7D843609EA8C31DC020C2B2792694B1EDF044DE4401CFE54CF981F28B5647BF,False,SOVEREIGN,0,0,False,
1786187136.057575,engram-node01,1249,E11C8F3D185E4305231B50718235CD4959F4D49A5A4B9A677D9FB0FA71CD37BD,False,SOVEREIGN,0,0,False,
1786187138.132895,engram-node02,1249,E11C8F3D185E4305231B50718235CD4959F4D49A5A4B9A677D9FB0FA71CD37BD,False,SOVEREIGN,0,0,False,
1786187138.139022,engram-node03,1249,E11C8F3D185E4305231B50718235CD4959F4D49A5A4B9A677D9FB0FA71CD37BD,False,SOVEREIGN,0,0,False,
1786187138.146652,engram-node04,1249,E11C8F3D185E4305231B50718235CD4959F4D49A5A4B9A677D9FB0FA71CD37BD,False,SOVEREIGN,0,0,False,
1786187140.163472,engram-node01,1250,87FC6D74F880BF8FD21EEECDC2C327E9E4B7AC99D3047E3DD82A4265FFBE88BF,False,SOVEREIGN,0,0,False,
1786187140.171913,engram-node02,1250,87FC6D74F880BF8FD21EEECDC2C327E9E4B7AC99D3047E3DD82A4265FFBE88BF,False,SOVEREIGN,0,0,False,
1786187140.1777139,engram-node03,1250,87FC6D74F880BF8FD21EEECDC2C327E9E4B7AC99D3047E3DD82A4265FFBE88BF,False,SOVEREIGN,0,0,False,
1786187140.1831439,engram-node04,1250,87FC6D74F880BF8FD21EEECDC2C327E9E4B7AC99D3047E3DD82A4265FFBE88BF,False,SOVEREIGN,0,0,False,
1786187142.193989,engram-node01,1252,F7F0446C7E2A366AD96015ED7BA09A6EAD85B03874E42FD607E1FE45DA51501C,False,SOVEREIGN,0,0,False,
1786187142.2023869,engram-node02,1252,F7F0446C7E2A366AD96015ED7BA09A6EAD85B03874E42FD607E1FE45DA51501C,False,SOVEREIGN,0,0,False,
1786187142.208701,engram-node03,1252,F7F0446C7E2A366AD96015ED7BA09A6EAD85B03874E42FD607E1FE45DA51501C,False,SOVEREIGN,0,0,False,
1786187142.214032,engram-node04,1252,F7F0446C7E2A366AD96015ED7BA09A6EAD85B03874E42FD607E1FE45DA51501C,False,SOVEREIGN,0,0,False,
1786187144.21969,engram-node01,1252,F7F0446C7E2A366AD96015ED7BA09A6EAD85B03874E42FD607E1FE45DA51501C,False,SOVEREIGN,0,0,False,
1786187144.2284448,engram-node02,1252,F7F0446C7E2A366AD96015ED7BA09A6EAD85B03874E42FD607E1FE45DA51501C,False,SOVEREIGN,0,0,False,
1786187144.234741,engram-node03,1252,F7F0446C7E2A366AD96015ED7BA09A6EAD85B03874E42FD607E1FE45DA51501C,False,SOVEREIGN,0,0,False,
1786187144.240659,engram-node04,1252,F7F0446C7E2A366AD96015ED7BA09A6EAD85B03874E42FD607E1FE45DA51501C,False,SOVEREIGN,0,0,False,
1786187146.2465842,engram-node01,1254,3CDA4DF5C3C574D43AC243D70FB2F82F24C071C8BD2F6CA48D3EAD670B85AC11,False,SOVEREIGN,0,0,False,
1786187146.2562351,engram-node02,1254,3CDA4DF5C3C574D43AC243D70FB2F82F24C071C8BD2F6CA48D3EAD670B85AC11,False,SOVEREIGN,0,0,False,
1786187146.262768,engram-node03,1254,3CDA4DF5C3C574D43AC243D70FB2F82F24C071C8BD2F6CA48D3EAD670B85AC11,False,SOVEREIGN,0,0,False,
1786187146.267311,engram-node04,1254,3CDA4DF5C3C574D43AC243D70FB2F82F24C071C8BD2F6CA48D3EAD670B85AC11,False,SOVEREIGN,0,0,False,
1786187148.276566,engram-node01,1255,22713ADC01CEE4D2CD8E9F12F17E8556588D85A98573400EE24CD34A8B906118,False,SOVEREIGN,0,0,False,
1786187148.4764109,engram-node02,1255,22713ADC01CEE4D2CD8E9F12F17E8556588D85A98573400EE24CD34A8B906118,False,SOVEREIGN,0,0,False,
1786187148.482908,engram-node03,1255,22713ADC01CEE4D2CD8E9F12F17E8556588D85A98573400EE24CD34A8B906118,False,SOVEREIGN,0,0,False,
1786187148.486411,engram-node04,1255,22713ADC01CEE4D2CD8E9F12F17E8556588D85A98573400EE24CD34A8B906118,False,SOVEREIGN,0,0,False,
1786187150.494837,engram-node01,1256,C10576716EA25A62819C555130D3E04A85BED5B41FCDB2276CA60A421DDCADAB,False,SOVEREIGN,0,0,False,
1786187150.506298,engram-node02,1256,C10576716EA25A62819C555130D3E04A85BED5B41FCDB2276CA60A421DDCADAB,False,SOVEREIGN,0,0,False,
1786187150.5135272,engram-node03,1256,C10576716EA25A62819C555130D3E04A85BED5B41FCDB2276CA60A421DDCADAB,False,SOVEREIGN,0,0,False,
1786187150.518479,engram-node04,1256,C10576716EA25A62819C555130D3E04A85BED5B41FCDB2276CA60A421DDCADAB,False,SOVEREIGN,0,0,False,
1786187152.528488,engram-node01,1257,7BF97D5AA8635042C45F602D8E89DFE2B67B1C5DB8DE5B191200A3D0132A981A,False,SOVEREIGN,0,0,False,
1786187153.202197,engram-node02,1258,E0BE8B9254E345E43F870205DD5638139F652AE447A1D3B591D5485CB8A53245,False,SOVEREIGN,0,0,False,
1786187153.211387,engram-node03,1258,E0BE8B9254E345E43F870205DD5638139F652AE447A1D3B591D5485CB8A53245,False,SOVEREIGN,0,0,False,
1786187153.2172632,engram-node04,1258,E0BE8B9254E345E43F870205DD5638139F652AE447A1D3B591D5485CB8A53245,False,SOVEREIGN,0,0,False,
1786187155.2254562,engram-node01,1259,4F6CBDAE62B9E5B57C78CD4F6AEFD90785B84AB0B81DD6C61A135B0D95F99482,False,SOVEREIGN,0,0,False,
1786187155.2316852,engram-node02,1259,4F6CBDAE62B9E5B57C78CD4F6AEFD90785B84AB0B81DD6C61A135B0D95F99482,False,SOVEREIGN,0,0,False,
1786187155.237057,engram-node03,1259,4F6CBDAE62B9E5B57C78CD4F6AEFD90785B84AB0B81DD6C61A135B0D95F99482,False,SOVEREIGN,0,0,False,
1786187155.2415402,engram-node04,1259,4F6CBDAE62B9E5B57C78CD4F6AEFD90785B84AB0B81DD6C61A135B0D95F99482,False,SOVEREIGN,0,0,False,
1786187157.251436,engram-node01,1260,C1B41A707277B29E21B656D596A656BB49AB1A9756B885C93C47AA1461578F13,False,SOVEREIGN,0,0,False,
1786187157.25741,engram-node02,1260,C1B41A707277B29E21B656D596A656BB49AB1A9756B885C93C47AA1461578F13,False,SOVEREIGN,0,0,False,
1786187157.262048,engram-node03,1260,C1B41A707277B29E21B656D596A656BB49AB1A9756B885C93C47AA1461578F13,False,SOVEREIGN,0,0,False,
1786187157.266266,engram-node04,1260,C1B41A707277B29E21B656D596A656BB49AB1A9756B885C93C47AA1461578F13,False,SOVEREIGN,0,0,False,
1786187159.273186,engram-node01,1261,360E9CC2E71BE1E6D2C4AA22EE21E67C54CDF1BB32AC5A58DE21B00E829AE8A0,False,SOVEREIGN,0,0,False,
1786187159.276959,engram-node02,1261,360E9CC2E71BE1E6D2C4AA22EE21E67C54CDF1BB32AC5A58DE21B00E829AE8A0,False,SOVEREIGN,0,0,False,
1786187159.279872,engram-node03,1261,360E9CC2E71BE1E6D2C4AA22EE21E67C54CDF1BB32AC5A58DE21B00E829AE8A0,False,SOVEREIGN,0,0,False,
1786187159.282623,engram-node04,1261,360E9CC2E71BE1E6D2C4AA22EE21E67C54CDF1BB32AC5A58DE21B00E829AE8A0,False,SOVEREIGN,0,0,False,
1786187161.29148,engram-node01,1263,AAFEFE5FE1AF9088414C1293B6CAEFF0C93E033C2F2DB992A03616F8C30A1FAF,False,SOVEREIGN,0,0,False,
1786187161.299847,engram-node02,1263,AAFEFE5FE1AF9088414C1293B6CAEFF0C93E033C2F2DB992A03616F8C30A1FAF,False,SOVEREIGN,0,0,False,
1786187161.3062668,engram-node03,1263,AAFEFE5FE1AF9088414C1293B6CAEFF0C93E033C2F2DB992A03616F8C30A1FAF,False,SOVEREIGN,0,0,False,
1786187161.312468,engram-node04,1263,AAFEFE5FE1AF9088414C1293B6CAEFF0C93E033C2F2DB992A03616F8C30A1FAF,False,SOVEREIGN,0,0,False,
1786187163.324995,engram-node01,1264,E12A34C3687E2487CFD034FC1F8A09C4B04A9168BA6E7BE9B0DD9697F9B0B8D2,False,SOVEREIGN,0,0,False,
1786187163.332009,engram-node02,1264,E12A34C3687E2487CFD034FC1F8A09C4B04A9168BA6E7BE9B0DD9697F9B0B8D2,False,SOVEREIGN,0,0,False,
1786187163.3368,engram-node03,1264,E12A34C3687E2487CFD034FC1F8A09C4B04A9168BA6E7BE9B0DD9697F9B0B8D2,False,SOVEREIGN,0,0,False,
1786187163.340907,engram-node04,1264,E12A34C3687E2487CFD034FC1F8A09C4B04A9168BA6E7BE9B0DD9697F9B0B8D2,False,SOVEREIGN,0,0,False,
1786187165.3481889,engram-node01,1265,91314F8B986EA23F26A3477135ADED0CCF7E8F26651169FEC88CBCE5804FDE46,False,SOVEREIGN,0,0,False,
1786187165.354497,engram-node02,1265,91314F8B986EA23F26A3477135ADED0CCF7E8F26651169FEC88CBCE5804FDE46,False,SOVEREIGN,0,0,False,
1786187165.359754,engram-node03,1265,91314F8B986EA23F26A3477135ADED0CCF7E8F26651169FEC88CBCE5804FDE46,False,SOVEREIGN,0,0,False,
1786187165.3662138,engram-node04,1265,91314F8B986EA23F26A3477135ADED0CCF7E8F26651169FEC88CBCE5804FDE46,False,SOVEREIGN,0,0,False,
1786187167.373947,engram-node01,1267,8AD2857742EE752B0CE9D759A34AEFBABFE07550684C4ADCA91CB15E7709C793,False,SOVEREIGN,0,0,False,
1786187168.382161,engram-node02,1267,8AD2857742EE752B0CE9D759A34AEFBABFE07550684C4ADCA91CB15E7709C793,False,SOVEREIGN,0,0,False,
1786187168.387756,engram-node03,1267,8AD2857742EE752B0CE9D759A34AEFBABFE07550684C4ADCA91CB15E7709C793,False,SOVEREIGN,0,0,False,
1786187168.392628,engram-node04,1267,8AD2857742EE752B0CE9D759A34AEFBABFE07550684C4ADCA91CB15E7709C793,False,SOVEREIGN,0,0,False,
1786187170.402103,engram-node01,1268,23BFB7B6B0908FCBD7634D22AE583FF745C7C7384C57234279B18B93FA1BF136,False,SOVEREIGN,0,0,False,
1786187170.4130812,engram-node02,1268,23BFB7B6B0908FCBD7634D22AE583FF745C7C7384C57234279B18B93FA1BF136,False,SOVEREIGN,0,0,False,
1786187170.4203572,engram-node03,1268,23BFB7B6B0908FCBD7634D22AE583FF745C7C7384C57234279B18B93FA1BF136,False,SOVEREIGN,0,0,False,
1786187170.425798,engram-node04,1268,23BFB7B6B0908FCBD7634D22AE583FF745C7C7384C57234279B18B93FA1BF136,False,SOVEREIGN,0,0,False,
1786187172.436286,engram-node01,1269,FC228213F216E54CC337ACDA3D6762EE8B5E9C4AF03B5FF4289803DADA01698F,False,SOVEREIGN,0,0,False,
1786187172.44015,engram-node02,1269,FC228213F216E54CC337ACDA3D6762EE8B5E9C4AF03B5FF4289803DADA01698F,False,SOVEREIGN,0,0,False,
1786187172.4430048,engram-node03,1269,FC228213F216E54CC337ACDA3D6762EE8B5E9C4AF03B5FF4289803DADA01698F,False,SOVEREIGN,0,0,False,
1786187172.445972,engram-node04,1269,FC228213F216E54CC337ACDA3D6762EE8B5E9C4AF03B5FF4289803DADA01698F,False,SOVEREIGN,0,0,False,
1786187174.453716,engram-node01,1271,A3827297D72F75D2E96F5CCF39CCD8BBEC8D1C333DB935EFED2BBEA82BFDC133,False,SOVEREIGN,0,0,False,
1786187174.4614022,engram-node02,1271,A3827297D72F75D2E96F5CCF39CCD8BBEC8D1C333DB935EFED2BBEA82BFDC133,False,SOVEREIGN,0,0,False,
1786187174.4663181,engram-node03,1271,A3827297D72F75D2E96F5CCF39CCD8BBEC8D1C333DB935EFED2BBEA82BFDC133,False,SOVEREIGN,0,0,False,
1786187174.470882,engram-node04,1271,A3827297D72F75D2E96F5CCF39CCD8BBEC8D1C333DB935EFED2BBEA82BFDC133,False,SOVEREIGN,0,0,False,
1786187176.475101,engram-node01,1272,30E275E262165291AAD360C23840100F19A7AF4D78D489ACA3A16556E53663BC,False,SOVEREIGN,0,0,False,
1786187176.4793348,engram-node02,1272,30E275E262165291AAD360C23840100F19A7AF4D78D489ACA3A16556E53663BC,False,SOVEREIGN,0,0,False,
1786187176.482483,engram-node03,1272,30E275E262165291AAD360C23840100F19A7AF4D78D489ACA3A16556E53663BC,False,SOVEREIGN,0,0,False,
1786187176.4853811,engram-node04,1272,30E275E262165291AAD360C23840100F19A7AF4D78D489ACA3A16556E53663BC,False,SOVEREIGN,0,0,False,
1786187178.493276,engram-node01,1273,B4DB8A5C1D4E0C32E95EF44BE7CAD6176F38B4E06CB78774BEFD70D5A96E32AD,False,SOVEREIGN,0,0,False,
1786187178.498069,engram-node02,1273,B4DB8A5C1D4E0C32E95EF44BE7CAD6176F38B4E06CB78774BEFD70D5A96E32AD,False,SOVEREIGN,0,0,False,
1786187178.50177,engram-node03,1273,B4DB8A5C1D4E0C32E95EF44BE7CAD6176F38B4E06CB78774BEFD70D5A96E32AD,False,SOVEREIGN,0,0,False,
1786187178.504978,engram-node04,1273,B4DB8A5C1D4E0C32E95EF44BE7CAD6176F38B4E06CB78774BEFD70D5A96E32AD,False,SOVEREIGN,0,0,False,
1786187180.5085309,engram-node01,1275,9B9A6C9973202881F9A352610F86DB888290907613B986B4E000617474DCF726,False,SOVEREIGN,0,0,False,
1786187180.516118,engram-node02,1275,9B9A6C9973202881F9A352610F86DB888290907613B986B4E000617474DCF726,False,SOVEREIGN,0,0,False,
1786187180.5228999,engram-node03,1275,9B9A6C9973202881F9A352610F86DB888290907613B986B4E000617474DCF726,False,SOVEREIGN,0,0,False,
1786187180.528091,engram-node04,1275,9B9A6C9973202881F9A352610F86DB888290907613B986B4E000617474DCF726,False,SOVEREIGN,0,0,False,
1786187182.533414,engram-node01,1276,6AF3A5D811BA2163B011EFC7BB5884F8F7B6F6301B2302395678909A9D234EF2,False,SOVEREIGN,0,0,False,
1786187182.5410292,engram-node02,1276,6AF3A5D811BA2163B011EFC7BB5884F8F7B6F6301B2302395678909A9D234EF2,False,SOVEREIGN,0,0,False,
1786187182.546944,engram-node03,1276,6AF3A5D811BA2163B011EFC7BB5884F8F7B6F6301B2302395678909A9D234EF2,False,SOVEREIGN,0,0,False,
1786187182.55174,engram-node04,1276,6AF3A5D811BA2163B011EFC7BB5884F8F7B6F6301B2302395678909A9D234EF2,False,SOVEREIGN,0,0,False,
1786187184.556422,engram-node01,1276,6AF3A5D811BA2163B011EFC7BB5884F8F7B6F6301B2302395678909A9D234EF2,False,SOVEREIGN,0,0,False,
1786187185.800035,engram-node02,1277,093B8E43B71BC78F43A9BEFD0FB65F70D04268A7FE99B69FB4432C391CEB088B,False,SOVEREIGN,0,0,False,
1786187185.805823,engram-node03,1277,093B8E43B71BC78F43A9BEFD0FB65F70D04268A7FE99B69FB4432C391CEB088B,False,SOVEREIGN,0,0,False,
1786187185.810696,engram-node04,1277,093B8E43B71BC78F43A9BEFD0FB65F70D04268A7FE99B69FB4432C391CEB088B,False,SOVEREIGN,0,0,False,
1786187187.8164952,engram-node01,1279,0E00CF36C9358544757A7C928A6D0D86DAC000E0D0F721542330C0AF16E4FF38,False,SOVEREIGN,0,0,False,
1786187187.822679,engram-node02,1279,0E00CF36C9358544757A7C928A6D0D86DAC000E0D0F721542330C0AF16E4FF38,False,SOVEREIGN,0,0,False,
1786187187.82755,engram-node03,1279,0E00CF36C9358544757A7C928A6D0D86DAC000E0D0F721542330C0AF16E4FF38,False,SOVEREIGN,0,0,False,
1786187187.830801,engram-node04,1279,0E00CF36C9358544757A7C928A6D0D86DAC000E0D0F721542330C0AF16E4FF38,False,SOVEREIGN,0,0,False,
1786187189.837427,engram-node01,1280,1155EF54C29FF886B0F44094359EEC89077024544FA0C8D85A8CE0509A3D0C7C,False,SOVEREIGN,0,0,False,
1786187189.8415968,engram-node02,1280,1155EF54C29FF886B0F44094359EEC89077024544FA0C8D85A8CE0509A3D0C7C,False,SOVEREIGN,0,0,False,
1786187189.8445199,engram-node03,1280,1155EF54C29FF886B0F44094359EEC89077024544FA0C8D85A8CE0509A3D0C7C,False,SOVEREIGN,0,0,False,
1786187189.84725,engram-node04,1280,1155EF54C29FF886B0F44094359EEC89077024544FA0C8D85A8CE0509A3D0C7C,False,SOVEREIGN,0,0,False,
1786187191.855257,engram-node01,1281,E63A924636F614F77FDD3DBAA00B177F57AE769357261F0C005D4FA03ED7229B,False,SOVEREIGN,0,0,False,
1786187191.864018,engram-node02,1281,E63A924636F614F77FDD3DBAA00B177F57AE769357261F0C005D4FA03ED7229B,False,SOVEREIGN,0,0,False,
1786187191.8703759,engram-node03,1281,E63A924636F614F77FDD3DBAA00B177F57AE769357261F0C005D4FA03ED7229B,False,SOVEREIGN,0,0,False,
1786187191.876658,engram-node04,1281,E63A924636F614F77FDD3DBAA00B177F57AE769357261F0C005D4FA03ED7229B,False,SOVEREIGN,0,0,False,
1786187193.8826098,engram-node01,1283,3E5C891DB065063A28C5AC1F270ED8413B6753D000CB4249A72292D379594DAB,False,SOVEREIGN,0,0,False,
1786187193.8899462,engram-node02,1283,3E5C891DB065063A28C5AC1F270ED8413B6753D000CB4249A72292D379594DAB,False,SOVEREIGN,0,0,False,
1786187193.8945122,engram-node03,1283,3E5C891DB065063A28C5AC1F270ED8413B6753D000CB4249A72292D379594DAB,False,SOVEREIGN,0,0,False,
1786187193.898999,engram-node04,1283,3E5C891DB065063A28C5AC1F270ED8413B6753D000CB4249A72292D379594DAB,False,SOVEREIGN,0,0,False,
1786187195.9082031,engram-node01,1284,2BE9FE11433E0585A917AA239D21821F9D2769DF755D2695DF32A809F3DD7C85,False,SOVEREIGN,0,0,False,
1786187195.914738,engram-node02,1284,2BE9FE11433E0585A917AA239D21821F9D2769DF755D2695DF32A809F3DD7C85,False,SOVEREIGN,0,0,False,
1786187195.9185238,engram-node03,1284,2BE9FE11433E0585A917AA239D21821F9D2769DF755D2695DF32A809F3DD7C85,False,SOVEREIGN,0,0,False,
1786187195.922,engram-node04,1284,2BE9FE11433E0585A917AA239D21821F9D2769DF755D2695DF32A809F3DD7C85,False,SOVEREIGN,0,0,False,
1786187197.928983,engram-node01,1284,2BE9FE11433E0585A917AA239D21821F9D2769DF755D2695DF32A809F3DD7C85,False,SOVEREIGN,0,0,False,
1786187197.934002,engram-node02,1284,2BE9FE11433E0585A917AA239D21821F9D2769DF755D2695DF32A809F3DD7C85,False,SOVEREIGN,0,0,False,
1786187197.937796,engram-node03,1284,2BE9FE11433E0585A917AA239D21821F9D2769DF755D2695DF32A809F3DD7C85,False,SOVEREIGN,0,0,False,
1786187197.941308,engram-node04,1284,2BE9FE11433E0585A917AA239D21821F9D2769DF755D2695DF32A809F3DD7C85,False,SOVEREIGN,0,0,False,
1786187199.9502861,engram-node01,1286,8D4F2F6DFB20E1F2090FBECC7D6C80CB4070EC8F3059236CCFA8AC466B115485,False,SOVEREIGN,0,0,False,
1786187200.958974,engram-node02,1287,3000FDA4375462B10DDB47FA4065B8820F24E3B9D406473DB2C9FECC02F744E4,False,SOVEREIGN,0,0,False,
1786187200.9642692,engram-node03,1287,3000FDA4375462B10DDB47FA4065B8820F24E3B9D406473DB2C9FECC02F744E4,False,SOVEREIGN,0,0,False,
1786187200.968504,engram-node04,1287,3000FDA4375462B10DDB47FA4065B8820F24E3B9D406473DB2C9FECC02F744E4,False,SOVEREIGN,0,0,False,
1786187202.977587,engram-node01,1288,C428111D2C6A03B4F11CA4C00F00C4F6016379EFA0696D77801E821763BDE5B5,False,SOVEREIGN,0,0,False,
1786187202.98342,engram-node02,1288,C428111D2C6A03B4F11CA4C00F00C4F6016379EFA0696D77801E821763BDE5B5,False,SOVEREIGN,0,0,False,
1786187202.9865348,engram-node03,1288,C428111D2C6A03B4F11CA4C00F00C4F6016379EFA0696D77801E821763BDE5B5,False,SOVEREIGN,0,0,False,
1786187202.989739,engram-node04,1288,C428111D2C6A03B4F11CA4C00F00C4F6016379EFA0696D77801E821763BDE5B5,False,SOVEREIGN,0,0,False,
1786187204.998048,engram-node01,1289,006E38394A83D7599E1EE4DC37DAC8C1B221BD95397707D000C37437DE235FA0,False,SOVEREIGN,0,0,False,
1786187205.006659,engram-node02,1289,006E38394A83D7599E1EE4DC37DAC8C1B221BD95397707D000C37437DE235FA0,False,SOVEREIGN,0,0,False,
1786187205.0107698,engram-node03,1289,006E38394A83D7599E1EE4DC37DAC8C1B221BD95397707D000C37437DE235FA0,False,SOVEREIGN,0,0,False,
1786187205.01481,engram-node04,1289,006E38394A83D7599E1EE4DC37DAC8C1B221BD95397707D000C37437DE235FA0,False,SOVEREIGN,0,0,False,
1786187207.0238779,engram-node01,1290,F8445592F6B5ADA07BFC4AA12A717D41B39E34549206D41C88AB4D655FED8004,False,SOVEREIGN,0,0,False,
1786187207.030344,engram-node02,1290,F8445592F6B5ADA07BFC4AA12A717D41B39E34549206D41C88AB4D655FED8004,False,SOVEREIGN,0,0,False,
1786187207.0342112,engram-node03,1290,F8445592F6B5ADA07BFC4AA12A717D41B39E34549206D41C88AB4D655FED8004,False,SOVEREIGN,0,0,False,
1786187207.038048,engram-node04,1290,F8445592F6B5ADA07BFC4AA12A717D41B39E34549206D41C88AB4D655FED8004,False,SOVEREIGN,0,0,False,
1786187209.044632,engram-node01,1292,B68F5002E93E44A8030748A83E33EEA6AE4D0A81CEC9409B660A299F22E9DE6F,False,SOVEREIGN,0,0,False,
1786187209.053403,engram-node02,1292,B68F5002E93E44A8030748A83E33EEA6AE4D0A81CEC9409B660A299F22E9DE6F,False,SOVEREIGN,0,0,False,
1786187209.057952,engram-node03,1292,B68F5002E93E44A8030748A83E33EEA6AE4D0A81CEC9409B660A299F22E9DE6F,False,SOVEREIGN,0,0,False,
1786187209.062109,engram-node04,1292,B68F5002E93E44A8030748A83E33EEA6AE4D0A81CEC9409B660A299F22E9DE6F,False,SOVEREIGN,0,0,False,
1786187211.067071,engram-node01,1292,B68F5002E93E44A8030748A83E33EEA6AE4D0A81CEC9409B660A299F22E9DE6F,False,SOVEREIGN,0,0,False,
1786187211.072112,engram-node02,1292,B68F5002E93E44A8030748A83E33EEA6AE4D0A81CEC9409B660A299F22E9DE6F,False,SOVEREIGN,0,0,False,
1786187211.0764449,engram-node03,1292,B68F5002E93E44A8030748A83E33EEA6AE4D0A81CEC9409B660A299F22E9DE6F,False,SOVEREIGN,0,0,False,
1786187211.081614,engram-node04,1292,B68F5002E93E44A8030748A83E33EEA6AE4D0A81CEC9409B660A299F22E9DE6F,False,SOVEREIGN,0,0,False,
1786187213.087677,engram-node01,1294,55795C7596BAB9276895E5C185169EA00B8E56CEBE87A111D6574093DD80035A,False,SOVEREIGN,0,0,False,
1786187213.3084748,engram-node02,1294,55795C7596BAB9276895E5C185169EA00B8E56CEBE87A111D6574093DD80035A,False,SOVEREIGN,0,0,False,
1786187213.314382,engram-node03,1294,55795C7596BAB9276895E5C185169EA00B8E56CEBE87A111D6574093DD80035A,False,SOVEREIGN,0,0,False,
1786187213.319999,engram-node04,1294,55795C7596BAB9276895E5C185169EA00B8E56CEBE87A111D6574093DD80035A,False,SOVEREIGN,0,0,False,
1786187215.33094,engram-node01,1295,998D82F6F11790F23298C1DEB527357AF5CB055FBB49C3BC595B383926D4764A,False,SOVEREIGN,0,0,False,
1786187215.3716412,engram-node02,1295,998D82F6F11790F23298C1DEB527357AF5CB055FBB49C3BC595B383926D4764A,False,SOVEREIGN,0,0,False,
1786187215.379894,engram-node03,1295,998D82F6F11790F23298C1DEB527357AF5CB055FBB49C3BC595B383926D4764A,False,SOVEREIGN,0,0,False,
1786187215.384277,engram-node04,1295,998D82F6F11790F23298C1DEB527357AF5CB055FBB49C3BC595B383926D4764A,False,SOVEREIGN,0,0,False,
1786187217.393974,engram-node01,1296,DAE8169AD5832DBF77DF918351076E5C002418704D0673220A01C4E1B8E519AB,False,SOVEREIGN,0,0,False,
1786187217.404296,engram-node02,1296,DAE8169AD5832DBF77DF918351076E5C002418704D0673220A01C4E1B8E519AB,False,SOVEREIGN,0,0,False,
1786187217.4120698,engram-node03,1296,DAE8169AD5832DBF77DF918351076E5C002418704D0673220A01C4E1B8E519AB,False,SOVEREIGN,0,0,False,
1786187217.417909,engram-node04,1296,DAE8169AD5832DBF77DF918351076E5C002418704D0673220A01C4E1B8E519AB,False,SOVEREIGN,0,0,False,
1786187219.424235,engram-node01,1298,9DE5608D6B0313C64CDFBF2CE2CA47300CD2CDE923E0E0B95365D2EC51F6EC4C,False,SOVEREIGN,0,0,False,
1786187220.435807,engram-node02,1298,9DE5608D6B0313C64CDFBF2CE2CA47300CD2CDE923E0E0B95365D2EC51F6EC4C,False,SOVEREIGN,0,0,False,
1786187220.442763,engram-node03,1298,9DE5608D6B0313C64CDFBF2CE2CA47300CD2CDE923E0E0B95365D2EC51F6EC4C,False,SOVEREIGN,0,0,False,
1786187220.4500968,engram-node04,1298,9DE5608D6B0313C64CDFBF2CE2CA47300CD2CDE923E0E0B95365D2EC51F6EC4C,False,SOVEREIGN,0,0,False,
1786187222.459158,engram-node01,1300,4491A449DB147B34BA306969DCC72FDDE84AF1018C638E5574DF37BFA6F1AADC,False,SOVEREIGN,0,0,False,
1786187222.46595,engram-node02,1300,4491A449DB147B34BA306969DCC72FDDE84AF1018C638E5574DF37BFA6F1AADC,False,SOVEREIGN,0,0,False,
1786187222.470539,engram-node03,1300,4491A449DB147B34BA306969DCC72FDDE84AF1018C638E5574DF37BFA6F1AADC,False,SOVEREIGN,0,0,False,
1786187222.473844,engram-node04,1300,4491A449DB147B34BA306969DCC72FDDE84AF1018C638E5574DF37BFA6F1AADC,False,SOVEREIGN,0,0,False,
1786187224.478951,engram-node01,1300,4491A449DB147B34BA306969DCC72FDDE84AF1018C638E5574DF37BFA6F1AADC,False,SOVEREIGN,0,0,False,
1786187224.483944,engram-node02,1300,4491A449DB147B34BA306969DCC72FDDE84AF1018C638E5574DF37BFA6F1AADC,False,SOVEREIGN,0,0,False,
1786187224.4876108,engram-node03,1300,4491A449DB147B34BA306969DCC72FDDE84AF1018C638E5574DF37BFA6F1AADC,False,SOVEREIGN,0,0,False,
1786187224.4907362,engram-node04,1300,4491A449DB147B34BA306969DCC72FDDE84AF1018C638E5574DF37BFA6F1AADC,False,SOVEREIGN,0,0,False,
1786187226.497034,engram-node01,1302,8936FB2010DDB4ED6834125630026E905F5DF2DCE0AAA173448D380B7B72D1DE,False,SOVEREIGN,0,0,False,
1786187226.50167,engram-node02,1302,8936FB2010DDB4ED6834125630026E905F5DF2DCE0AAA173448D380B7B72D1DE,False,SOVEREIGN,0,0,False,
1786187226.5044749,engram-node03,1302,8936FB2010DDB4ED6834125630026E905F5DF2DCE0AAA173448D380B7B72D1DE,False,SOVEREIGN,0,0,False,
1786187226.507394,engram-node04,1302,8936FB2010DDB4ED6834125630026E905F5DF2DCE0AAA173448D380B7B72D1DE,False,SOVEREIGN,0,0,False,
1786187228.51516,engram-node01,1303,B1DB12F271A5BD98CEAC99BDB5880AA90A8FE6D48E42329F5BFB94120C4B8E92,False,SOVEREIGN,0,0,False,
1786187228.5204842,engram-node02,1303,B1DB12F271A5BD98CEAC99BDB5880AA90A8FE6D48E42329F5BFB94120C4B8E92,False,SOVEREIGN,0,0,False,
1786187228.524441,engram-node03,1303,B1DB12F271A5BD98CEAC99BDB5880AA90A8FE6D48E42329F5BFB94120C4B8E92,False,SOVEREIGN,0,0,False,
1786187228.528235,engram-node04,1303,B1DB12F271A5BD98CEAC99BDB5880AA90A8FE6D48E42329F5BFB94120C4B8E92,False,SOVEREIGN,0,0,False,
1786187230.5337112,engram-node01,1304,6CDE99B5DB9B522230EAF031D1D1A404FBFC6C631885F9AC9D76FD2CFF9CE329,False,SOVEREIGN,0,0,False,
1786187230.540145,engram-node02,1304,6CDE99B5DB9B522230EAF031D1D1A404FBFC6C631885F9AC9D76FD2CFF9CE329,False,SOVEREIGN,0,0,False,
1786187230.545387,engram-node03,1304,6CDE99B5DB9B522230EAF031D1D1A404FBFC6C631885F9AC9D76FD2CFF9CE329,False,SOVEREIGN,0,0,False,
1786187230.550144,engram-node04,1304,6CDE99B5DB9B522230EAF031D1D1A404FBFC6C631885F9AC9D76FD2CFF9CE329,False,SOVEREIGN,0,0,False,
1786187232.5627708,engram-node01,1305,F52EDC6365708B8B2CF7853975F63EFEBADD7647505F60511E8573B928C1E796,False,SOVEREIGN,0,0,False,
1786187232.573356,engram-node02,1305,F52EDC6365708B8B2CF7853975F63EFEBADD7647505F60511E8573B928C1E796,False,SOVEREIGN,0,0,False,
1786187232.579606,engram-node03,1305,F52EDC6365708B8B2CF7853975F63EFEBADD7647505F60511E8573B928C1E796,False,SOVEREIGN,0,0,False,
1786187232.584516,engram-node04,1305,F52EDC6365708B8B2CF7853975F63EFEBADD7647505F60511E8573B928C1E796,False,SOVEREIGN,0,0,False,
1786187234.590784,engram-node01,1306,059B892CE110D2EB5F8577FDCA5DE472987511DFAD7FBF626D050697AB2C1697,False,SOVEREIGN,0,0,False,
1786187234.809952,engram-node02,1306,059B892CE110D2EB5F8577FDCA5DE472987511DFAD7FBF626D050697AB2C1697,False,SOVEREIGN,0,0,False,
1786187234.8149939,engram-node03,1306,059B892CE110D2EB5F8577FDCA5DE472987511DFAD7FBF626D050697AB2C1697,False,SOVEREIGN,0,0,False,
1786187234.8191931,engram-node04,1306,059B892CE110D2EB5F8577FDCA5DE472987511DFAD7FBF626D050697AB2C1697,False,SOVEREIGN,0,0,False,
1786187236.823584,engram-node01,1308,DA98C92EE7CD442F4014EE846037B8AA5E36AC4D3A23DBE7D7F95FE685DA9594,False,SOVEREIGN,0,0,False,
1786187237.836166,engram-node02,1308,DA98C92EE7CD442F4014EE846037B8AA5E36AC4D3A23DBE7D7F95FE685DA9594,False,SOVEREIGN,0,0,False,
1786187237.848761,engram-node03,1308,DA98C92EE7CD442F4014EE846037B8AA5E36AC4D3A23DBE7D7F95FE685DA9594,False,SOVEREIGN,0,0,False,
1786187237.860225,engram-node04,1308,DA98C92EE7CD442F4014EE846037B8AA5E36AC4D3A23DBE7D7F95FE685DA9594,False,SOVEREIGN,0,0,False,
1786187239.872629,engram-node01,1309,CCABEF8AA6B85D6902B6BAB8B6A35FE4230699B76993CBC0F4EABDFA18C69DFB,False,SOVEREIGN,0,0,False,
1786187239.8800251,engram-node02,1309,CCABEF8AA6B85D6902B6BAB8B6A35FE4230699B76993CBC0F4EABDFA18C69DFB,False,SOVEREIGN,0,0,False,
1786187239.884195,engram-node03,1309,CCABEF8AA6B85D6902B6BAB8B6A35FE4230699B76993CBC0F4EABDFA18C69DFB,False,SOVEREIGN,0,0,False,
1786187239.888382,engram-node04,1309,CCABEF8AA6B85D6902B6BAB8B6A35FE4230699B76993CBC0F4EABDFA18C69DFB,False,SOVEREIGN,0,0,False,
1786187241.896908,engram-node01,1311,F61BB3BF3405107E9E73B5268C3F04C989BB02FD68695479E3D0B23BCBFB9CD7,False,SOVEREIGN,0,0,False,
1786187241.907236,engram-node02,1311,F61BB3BF3405107E9E73B5268C3F04C989BB02FD68695479E3D0B23BCBFB9CD7,False,SOVEREIGN,0,0,False,
1786187241.914664,engram-node03,1311,F61BB3BF3405107E9E73B5268C3F04C989BB02FD68695479E3D0B23BCBFB9CD7,False,SOVEREIGN,0,0,False,
1786187241.9195101,engram-node04,1311,F61BB3BF3405107E9E73B5268C3F04C989BB02FD68695479E3D0B23BCBFB9CD7,False,SOVEREIGN,0,0,False,
1786187243.925621,engram-node01,1312,FB157D510B44247577A3B7BEFE858704643E4671D6363ECB82887A1260434BC4,False,SOVEREIGN,0,0,False,
1786187244.150708,engram-node02,1312,FB157D510B44247577A3B7BEFE858704643E4671D6363ECB82887A1260434BC4,False,SOVEREIGN,0,0,False,
1786187244.1567202,engram-node03,1312,FB157D510B44247577A3B7BEFE858704643E4671D6363ECB82887A1260434BC4,False,SOVEREIGN,0,0,False,
1786187244.162712,engram-node04,1312,FB157D510B44247577A3B7BEFE858704643E4671D6363ECB82887A1260434BC4,False,SOVEREIGN,0,0,False,
1786187246.171592,engram-node01,1313,B703728F5ADFE1F9871D1FC381ED99D2F47C06AF249FFBF7EC54BDA4BB4D8D44,False,SOVEREIGN,0,0,False,
1786187246.182852,engram-node02,1313,B703728F5ADFE1F9871D1FC381ED99D2F47C06AF249FFBF7EC54BDA4BB4D8D44,False,SOVEREIGN,0,0,False,
1786187246.18979,engram-node03,1313,B703728F5ADFE1F9871D1FC381ED99D2F47C06AF249FFBF7EC54BDA4BB4D8D44,False,SOVEREIGN,0,0,False,
1786187246.194769,engram-node04,1313,B703728F5ADFE1F9871D1FC381ED99D2F47C06AF249FFBF7EC54BDA4BB4D8D44,False,SOVEREIGN,0,0,False,
1786187248.200304,engram-node01,1314,7B83CE2A2D18FF936A44128E73294A53DD1B1F8B1ADA0C4FDDD1E3FFF7C557E3,False,SOVEREIGN,0,0,False,
1786187248.430364,engram-node02,1315,41CB3C66FBDF86AB22926CEB15944353AC3A310DA126A1EF986B97191ECD7A5C,False,SOVEREIGN,0,0,False,
1786187248.436033,engram-node03,1315,41CB3C66FBDF86AB22926CEB15944353AC3A310DA126A1EF986B97191ECD7A5C,False,SOVEREIGN,0,0,False,
1786187248.441483,engram-node04,1315,41CB3C66FBDF86AB22926CEB15944353AC3A310DA126A1EF986B97191ECD7A5C,False,SOVEREIGN,0,0,False,
1786187250.452426,engram-node01,1316,6218AF094C2E88BC14FB77CEEC2DDEA632C7F7E2B6344A6286CF383ECE5C5F81,False,SOVEREIGN,0,0,False,
1786187250.459931,engram-node02,1316,6218AF094C2E88BC14FB77CEEC2DDEA632C7F7E2B6344A6286CF383ECE5C5F81,False,SOVEREIGN,0,0,False,
1786187250.467063,engram-node03,1316,6218AF094C2E88BC14FB77CEEC2DDEA632C7F7E2B6344A6286CF383ECE5C5F81,False,SOVEREIGN,0,0,False,
1786187250.472183,engram-node04,1316,6218AF094C2E88BC14FB77CEEC2DDEA632C7F7E2B6344A6286CF383ECE5C5F81,False,SOVEREIGN,0,0,False,
1786187252.4804978,engram-node01,1317,BE4FA961912E875C85E4B500ACEA61406DB965A73592CFC7F3E47E5B517BA57A,False,SOVEREIGN,0,0,False,
1786187252.488968,engram-node02,1317,BE4FA961912E875C85E4B500ACEA61406DB965A73592CFC7F3E47E5B517BA57A,False,SOVEREIGN,0,0,False,
1786187252.495252,engram-node03,1317,BE4FA961912E875C85E4B500ACEA61406DB965A73592CFC7F3E47E5B517BA57A,False,SOVEREIGN,0,0,False,
1786187252.501088,engram-node04,1317,BE4FA961912E875C85E4B500ACEA61406DB965A73592CFC7F3E47E5B517BA57A,False,SOVEREIGN,0,0,False,
1786187254.512253,engram-node01,1318,29616958352A7D51CEC18D8E29B1F003AB4C4F10783B15238FF0E3BAE26DAE1B,False,SOVEREIGN,0,0,False,
1786187254.5163,engram-node02,1318,29616958352A7D51CEC18D8E29B1F003AB4C4F10783B15238FF0E3BAE26DAE1B,False,SOVEREIGN,0,0,False,
1786187254.519289,engram-node03,1318,29616958352A7D51CEC18D8E29B1F003AB4C4F10783B15238FF0E3BAE26DAE1B,False,SOVEREIGN,0,0,False,
1786187254.522035,engram-node04,1318,29616958352A7D51CEC18D8E29B1F003AB4C4F10783B15238FF0E3BAE26DAE1B,False,SOVEREIGN,0,0,False,
1786187256.525739,engram-node01,1320,0AC8CDF8C7CB7FB1B59187654949A0FC29C5F6459B8BB53E07BD59FCE39C34F1,False,SOVEREIGN,0,0,False,
1786187256.530039,engram-node02,1320,0AC8CDF8C7CB7FB1B59187654949A0FC29C5F6459B8BB53E07BD59FCE39C34F1,False,SOVEREIGN,0,0,False,
1786187256.5329611,engram-node03,1320,0AC8CDF8C7CB7FB1B59187654949A0FC29C5F6459B8BB53E07BD59FCE39C34F1,False,SOVEREIGN,0,0,False,
1786187256.535685,engram-node04,1320,0AC8CDF8C7CB7FB1B59187654949A0FC29C5F6459B8BB53E07BD59FCE39C34F1,False,SOVEREIGN,0,0,False,
1786187258.538988,engram-node01,1320,0AC8CDF8C7CB7FB1B59187654949A0FC29C5F6459B8BB53E07BD59FCE39C34F1,False,SOVEREIGN,0,0,False,
1786187258.543964,engram-node02,1320,0AC8CDF8C7CB7FB1B59187654949A0FC29C5F6459B8BB53E07BD59FCE39C34F1,False,SOVEREIGN,0,0,False,
1786187258.547565,engram-node03,1320,0AC8CDF8C7CB7FB1B59187654949A0FC29C5F6459B8BB53E07BD59FCE39C34F1,False,SOVEREIGN,0,0,False,
1786187258.5510678,engram-node04,1320,0AC8CDF8C7CB7FB1B59187654949A0FC29C5F6459B8BB53E07BD59FCE39C34F1,False,SOVEREIGN,0,0,False,
1786187260.559862,engram-node01,1322,DEF36487CFCFEAE6AB4B2A7988236D739AB9916363056C27D2C911979B6A93D8,False,SOVEREIGN,0,0,False,
1786187260.5663638,engram-node02,1322,DEF36487CFCFEAE6AB4B2A7988236D739AB9916363056C27D2C911979B6A93D8,False,SOVEREIGN,0,0,False,
1786187260.570847,engram-node03,1322,DEF36487CFCFEAE6AB4B2A7988236D739AB9916363056C27D2C911979B6A93D8,False,SOVEREIGN,0,0,False,
1786187260.574841,engram-node04,1322,DEF36487CFCFEAE6AB4B2A7988236D739AB9916363056C27D2C911979B6A93D8,False,SOVEREIGN,0,0,False,
1786187262.58307,engram-node01,1323,57438300F3511FD8DC3169AC7332DA71911C8A6067EADD5F076CFE55CF80CA79,False,SOVEREIGN,0,0,False,
1786187262.776103,engram-node02,1323,57438300F3511FD8DC3169AC7332DA71911C8A6067EADD5F076CFE55CF80CA79,False,SOVEREIGN,0,0,False,
1786187262.781374,engram-node03,1323,57438300F3511FD8DC3169AC7332DA71911C8A6067EADD5F076CFE55CF80CA79,False,SOVEREIGN,0,0,False,
1786187262.785651,engram-node04,1323,57438300F3511FD8DC3169AC7332DA71911C8A6067EADD5F076CFE55CF80CA79,False,SOVEREIGN,0,0,False,
1786187264.792841,engram-node01,1324,A38B1F55B3EA5F3AF7D78C28A9D404A03914C08453278BDEC09460E9E51C69C3,False,SOVEREIGN,0,0,False,
1786187264.800724,engram-node02,1324,A38B1F55B3EA5F3AF7D78C28A9D404A03914C08453278BDEC09460E9E51C69C3,False,SOVEREIGN,0,0,False,
1786187264.80562,engram-node03,1324,A38B1F55B3EA5F3AF7D78C28A9D404A03914C08453278BDEC09460E9E51C69C3,False,SOVEREIGN,0,0,False,
1786187264.809257,engram-node04,1324,A38B1F55B3EA5F3AF7D78C28A9D404A03914C08453278BDEC09460E9E51C69C3,False,SOVEREIGN,0,0,False,
1786187266.815682,engram-node01,1325,563BDE7F9F0C1DF6122619E3300FEC8D7D58B11A2D87204CE2D7DAC41E3BAB01,False,SOVEREIGN,0,0,False,
1786187266.827627,engram-node02,1325,563BDE7F9F0C1DF6122619E3300FEC8D7D58B11A2D87204CE2D7DAC41E3BAB01,False,SOVEREIGN,0,0,False,
1786187266.839217,engram-node03,1325,563BDE7F9F0C1DF6122619E3300FEC8D7D58B11A2D87204CE2D7DAC41E3BAB01,False,SOVEREIGN,0,0,False,
1786187266.845825,engram-node04,1325,563BDE7F9F0C1DF6122619E3300FEC8D7D58B11A2D87204CE2D7DAC41E3BAB01,False,SOVEREIGN,0,0,False,
1786187268.858424,engram-node01,1327,DDF75793E38D48BE4E8FDC966112B3DACB3E82E3E24E03B7730883673393519A,False,SOVEREIGN,0,0,False,
1786187270.918091,engram-node02,1328,8CEB5F1BD08EAE777149856B83262C291CEC3FFBBBFF12A6796998A19DFC69B0,False,SOVEREIGN,0,0,False,
1786187270.9217112,engram-node03,1328,8CEB5F1BD08EAE777149856B83262C291CEC3FFBBBFF12A6796998A19DFC69B0,False,SOVEREIGN,0,0,False,
1786187270.926173,engram-node04,1328,8CEB5F1BD08EAE777149856B83262C291CEC3FFBBBFF12A6796998A19DFC69B0,False,SOVEREIGN,0,0,False,
1786187272.930277,engram-node01,1329,ED114E4D4879871C4F05B1FEC79CFE68D3A0B405E6EB3CE84373FC63F68DB7B2,False,SOVEREIGN,0,0,False,
1786187273.147969,engram-node02,1329,ED114E4D4879871C4F05B1FEC79CFE68D3A0B405E6EB3CE84373FC63F68DB7B2,False,SOVEREIGN,0,0,False,
1786187273.1552231,engram-node03,1329,ED114E4D4879871C4F05B1FEC79CFE68D3A0B405E6EB3CE84373FC63F68DB7B2,False,SOVEREIGN,0,0,False,
1786187273.160937,engram-node04,1329,ED114E4D4879871C4F05B1FEC79CFE68D3A0B405E6EB3CE84373FC63F68DB7B2,False,SOVEREIGN,0,0,False,
1786187275.170756,engram-node01,1331,7E432CB91C2B38FB84FDCACF60C2082B5E9D069BC5505730590FB0E1C306A2CA,False,SOVEREIGN,0,0,False,
1786187275.176905,engram-node02,1331,7E432CB91C2B38FB84FDCACF60C2082B5E9D069BC5505730590FB0E1C306A2CA,False,SOVEREIGN,0,0,False,
1786187275.18089,engram-node03,1331,7E432CB91C2B38FB84FDCACF60C2082B5E9D069BC5505730590FB0E1C306A2CA,False,SOVEREIGN,0,0,False,
1786187275.184872,engram-node04,1331,7E432CB91C2B38FB84FDCACF60C2082B5E9D069BC5505730590FB0E1C306A2CA,False,SOVEREIGN,0,0,False,
1786187277.194365,engram-node01,1332,F231044EF8469021EC1592FF60F4FB7DF377A8F9B568857F48EEDAA81A20DD47,False,SOVEREIGN,0,0,False,
1786187277.202323,engram-node02,1332,F231044EF8469021EC1592FF60F4FB7DF377A8F9B568857F48EEDAA81A20DD47,False,SOVEREIGN,0,0,False,
1786187277.2120929,engram-node03,1332,F231044EF8469021EC1592FF60F4FB7DF377A8F9B568857F48EEDAA81A20DD47,False,SOVEREIGN,0,0,False,
1786187277.2188969,engram-node04,1332,F231044EF8469021EC1592FF60F4FB7DF377A8F9B568857F48EEDAA81A20DD47,False,SOVEREIGN,0,0,False,
1786187279.2280471,engram-node01,1333,CED6C1A0EB93DF50553B23E66F3724530A7A164CBD04A28FAC55E076387D6D83,False,SOVEREIGN,0,0,False,
1786187279.236168,engram-node02,1333,CED6C1A0EB93DF50553B23E66F3724530A7A164CBD04A28FAC55E076387D6D83,False,SOVEREIGN,0,0,False,
1786187279.242553,engram-node03,1333,CED6C1A0EB93DF50553B23E66F3724530A7A164CBD04A28FAC55E076387D6D83,False,SOVEREIGN,0,0,False,
1786187279.248841,engram-node04,1333,CED6C1A0EB93DF50553B23E66F3724530A7A164CBD04A28FAC55E076387D6D83,False,SOVEREIGN,0,0,False,
1786187281.259308,engram-node01,1334,9E8A4E84C44559D86B9492D10FD47FA8F96A470A7D94558422E5EC0085C42DE7,False,SOVEREIGN,0,0,False,
1786187281.263413,engram-node02,1334,9E8A4E84C44559D86B9492D10FD47FA8F96A470A7D94558422E5EC0085C42DE7,False,SOVEREIGN,0,0,False,
1786187281.266499,engram-node03,1334,9E8A4E84C44559D86B9492D10FD47FA8F96A470A7D94558422E5EC0085C42DE7,False,SOVEREIGN,0,0,False,
1786187281.269334,engram-node04,1334,9E8A4E84C44559D86B9492D10FD47FA8F96A470A7D94558422E5EC0085C42DE7,False,SOVEREIGN,0,0,False,
1786187283.273282,engram-node01,1336,8A999B489D3202CCA8DA07196B43680D7FEAB1020815FC4DFE05C0A7703157C9,False,SOVEREIGN,0,0,False,
1786187283.282808,engram-node02,1336,8A999B489D3202CCA8DA07196B43680D7FEAB1020815FC4DFE05C0A7703157C9,False,SOVEREIGN,0,0,False,
1786187283.290644,engram-node03,1336,8A999B489D3202CCA8DA07196B43680D7FEAB1020815FC4DFE05C0A7703157C9,False,SOVEREIGN,0,0,False,
1786187283.295321,engram-node04,1336,8A999B489D3202CCA8DA07196B43680D7FEAB1020815FC4DFE05C0A7703157C9,False,SOVEREIGN,0,0,False,
1786187285.30145,engram-node01,1337,24C862E1F27B7A427D76DCB6494AD1F567F4C98389DF850E85C02EEB19F096BA,False,SOVEREIGN,0,0,False,
1786187285.306581,engram-node02,1337,24C862E1F27B7A427D76DCB6494AD1F567F4C98389DF850E85C02EEB19F096BA,False,SOVEREIGN,0,0,False,
1786187285.3101451,engram-node03,1337,24C862E1F27B7A427D76DCB6494AD1F567F4C98389DF850E85C02EEB19F096BA,False,SOVEREIGN,0,0,False,
1786187285.3133812,engram-node04,1337,24C862E1F27B7A427D76DCB6494AD1F567F4C98389DF850E85C02EEB19F096BA,False,SOVEREIGN,0,0,False,
1786187287.319411,engram-node01,1338,7133F3BB0E030F9F16603B94916AC703F379AA08E3A3FB0541403E3D03DD6B8D,False,SOVEREIGN,0,0,False,
1786187287.329416,engram-node02,1338,7133F3BB0E030F9F16603B94916AC703F379AA08E3A3FB0541403E3D03DD6B8D,False,SOVEREIGN,0,0,False,
1786187287.334503,engram-node03,1338,7133F3BB0E030F9F16603B94916AC703F379AA08E3A3FB0541403E3D03DD6B8D,False,SOVEREIGN,0,0,False,
1786187287.339238,engram-node04,1338,7133F3BB0E030F9F16603B94916AC703F379AA08E3A3FB0541403E3D03DD6B8D,False,SOVEREIGN,0,0,False,
1786187289.3460329,engram-node01,1340,E36B60C6D24A602A0042FCFBCB464B04618978DF9911F243C969B5E49E9CA4EA,False,SOVEREIGN,0,0,False,
1786187289.356473,engram-node02,1340,E36B60C6D24A602A0042FCFBCB464B04618978DF9911F243C969B5E49E9CA4EA,False,SOVEREIGN,0,0,False,
1786187289.364034,engram-node03,1340,E36B60C6D24A602A0042FCFBCB464B04618978DF9911F243C969B5E49E9CA4EA,False,SOVEREIGN,0,0,False,
1786187289.370226,engram-node04,1340,E36B60C6D24A602A0042FCFBCB464B04618978DF9911F243C969B5E49E9CA4EA,False,SOVEREIGN,0,0,False,
1786187291.3800142,engram-node01,1340,E36B60C6D24A602A0042FCFBCB464B04618978DF9911F243C969B5E49E9CA4EA,False,SOVEREIGN,0,0,False,
1786187291.3846028,engram-node02,1340,E36B60C6D24A602A0042FCFBCB464B04618978DF9911F243C969B5E49E9CA4EA,False,SOVEREIGN,0,0,False,
1786187291.388312,engram-node03,1340,E36B60C6D24A602A0042FCFBCB464B04618978DF9911F243C969B5E49E9CA4EA,False,SOVEREIGN,0,0,False,
1786187291.391614,engram-node04,1340,E36B60C6D24A602A0042FCFBCB464B04618978DF9911F243C969B5E49E9CA4EA,False,SOVEREIGN,0,0,False,
1786187293.399709,engram-node01,1342,25F3CE08E0EE76E12561C1FFF47D967CA8D3628145B5950D6E2875CA633AC39F,False,SOVEREIGN,0,0,False,
1786187293.408787,engram-node02,1342,25F3CE08E0EE76E12561C1FFF47D967CA8D3628145B5950D6E2875CA633AC39F,False,SOVEREIGN,0,0,False,
1786187293.416065,engram-node03,1342,25F3CE08E0EE76E12561C1FFF47D967CA8D3628145B5950D6E2875CA633AC39F,False,SOVEREIGN,0,0,False,
1786187293.422675,engram-node04,1342,25F3CE08E0EE76E12561C1FFF47D967CA8D3628145B5950D6E2875CA633AC39F,False,SOVEREIGN,0,0,False,
1786187295.4330812,engram-node01,1344,64A292955CB20279FBD370C8C062CBF2DD3433817B97DAE9666EDC45E9D298E2,False,SOVEREIGN,0,0,False,
1786187296.445596,engram-node02,1344,64A292955CB20279FBD370C8C062CBF2DD3433817B97DAE9666EDC45E9D298E2,False,SOVEREIGN,0,0,False,
1786187296.45134,engram-node03,1344,64A292955CB20279FBD370C8C062CBF2DD3433817B97DAE9666EDC45E9D298E2,False,SOVEREIGN,0,0,False,
1786187296.458059,engram-node04,1344,64A292955CB20279FBD370C8C062CBF2DD3433817B97DAE9666EDC45E9D298E2,False,SOVEREIGN,0,0,False,
1786187298.469732,engram-node01,1345,4445D410745F7B6317C8A93A18D2F4E2227BA0D1075ECA63494D60EE41C7AD43,False,SOVEREIGN,0,0,False,
1786187298.4766521,engram-node02,1345,4445D410745F7B6317C8A93A18D2F4E2227BA0D1075ECA63494D60EE41C7AD43,False,SOVEREIGN,0,0,False,
1786187298.481529,engram-node03,1345,4445D410745F7B6317C8A93A18D2F4E2227BA0D1075ECA63494D60EE41C7AD43,False,SOVEREIGN,0,0,False,
1786187298.4862149,engram-node04,1345,4445D410745F7B6317C8A93A18D2F4E2227BA0D1075ECA63494D60EE41C7AD43,False,SOVEREIGN,0,0,False,
1786187300.494925,engram-node01,1348,D2584D1D498ED2323FECA1DF4A98A4EE390E5D692CEE79C0733BA532D9F6F2C4,False,SOVEREIGN,0,0,False,
1786187302.53549,engram-node02,1348,D2584D1D498ED2323FECA1DF4A98A4EE390E5D692CEE79C0733BA532D9F6F2C4,False,SOVEREIGN,0,0,False,
1786187302.5390851,engram-node03,1348,D2584D1D498ED2323FECA1DF4A98A4EE390E5D692CEE79C0733BA532D9F6F2C4,False,SOVEREIGN,0,0,False,
1786187302.543298,engram-node04,1348,D2584D1D498ED2323FECA1DF4A98A4EE390E5D692CEE79C0733BA532D9F6F2C4,False,SOVEREIGN,0,0,False,
1786187304.548467,engram-node01,1348,D2584D1D498ED2323FECA1DF4A98A4EE390E5D692CEE79C0733BA532D9F6F2C4,False,SOVEREIGN,0,0,False,
1786187304.553417,engram-node02,1348,D2584D1D498ED2323FECA1DF4A98A4EE390E5D692CEE79C0733BA532D9F6F2C4,False,SOVEREIGN,0,0,False,
1786187304.556399,engram-node03,1348,D2584D1D498ED2323FECA1DF4A98A4EE390E5D692CEE79C0733BA532D9F6F2C4,False,SOVEREIGN,0,0,False,
1786187304.559187,engram-node04,1348,D2584D1D498ED2323FECA1DF4A98A4EE390E5D692CEE79C0733BA532D9F6F2C4,False,SOVEREIGN,0,0,False,
1786187306.563551,engram-node01,1349,0B43F5F7BC1410F9DBF7AA6D2B7C7E2D976EE706000615B972110647AC16117F,False,SOVEREIGN,0,0,False,
1786187306.568015,engram-node02,1349,0B43F5F7BC1410F9DBF7AA6D2B7C7E2D976EE706000615B972110647AC16117F,False,SOVEREIGN,0,0,False,
1786187306.5711832,engram-node03,1349,0B43F5F7BC1410F9DBF7AA6D2B7C7E2D976EE706000615B972110647AC16117F,False,SOVEREIGN,0,0,False,
1786187306.574246,engram-node04,1349,0B43F5F7BC1410F9DBF7AA6D2B7C7E2D976EE706000615B972110647AC16117F,False,SOVEREIGN,0,0,False,
1786187308.582387,engram-node01,1351,9252CC3234EFE7A08B207DFEF68107B56CF1CA10CC45663CEF144D081D77CE5F,False,SOVEREIGN,0,0,False,
1786187308.587073,engram-node02,1351,9252CC3234EFE7A08B207DFEF68107B56CF1CA10CC45663CEF144D081D77CE5F,False,SOVEREIGN,0,0,False,
1786187308.5906692,engram-node03,1351,9252CC3234EFE7A08B207DFEF68107B56CF1CA10CC45663CEF144D081D77CE5F,False,SOVEREIGN,0,0,False,
1786187308.5938601,engram-node04,1351,9252CC3234EFE7A08B207DFEF68107B56CF1CA10CC45663CEF144D081D77CE5F,False,SOVEREIGN,0,0,False,
1786187310.599333,engram-node01,1352,B77A5D92DFBF7C6C1D8F6C6347C6EFAF9B5EB1F2CAC8CEE0CF4AB1D605DC3013,False,SOVEREIGN,0,0,False,
1786187310.603808,engram-node02,1352,B77A5D92DFBF7C6C1D8F6C6347C6EFAF9B5EB1F2CAC8CEE0CF4AB1D605DC3013,False,SOVEREIGN,0,0,False,
1786187310.6079779,engram-node03,1352,B77A5D92DFBF7C6C1D8F6C6347C6EFAF9B5EB1F2CAC8CEE0CF4AB1D605DC3013,False,SOVEREIGN,0,0,False,
1786187310.611129,engram-node04,1352,B77A5D92DFBF7C6C1D8F6C6347C6EFAF9B5EB1F2CAC8CEE0CF4AB1D605DC3013,False,SOVEREIGN,0,0,False,
1786187312.6154509,engram-node01,1353,6C2359AE4031AAE40DCAE70E95424F13F0495F4B537F8B55981A329B94FBED68,False,SOVEREIGN,0,0,False,
1786187312.629087,engram-node02,1353,6C2359AE4031AAE40DCAE70E95424F13F0495F4B537F8B55981A329B94FBED68,False,SOVEREIGN,0,0,False,
1786187312.6327949,engram-node03,1353,6C2359AE4031AAE40DCAE70E95424F13F0495F4B537F8B55981A329B94FBED68,False,SOVEREIGN,0,0,False,
1786187312.636105,engram-node04,1353,6C2359AE4031AAE40DCAE70E95424F13F0495F4B537F8B55981A329B94FBED68,False,SOVEREIGN,0,0,False,
1786187314.6439328,engram-node01,1355,CE8A5E8B31A136DFC9B9DA9BF8C826141249CDB4EE45DF9616C636F1BDF7E06E,False,SOVEREIGN,0,0,False,
1786187314.64853,engram-node02,1355,CE8A5E8B31A136DFC9B9DA9BF8C826141249CDB4EE45DF9616C636F1BDF7E06E,False,SOVEREIGN,0,0,False,
1786187314.6519291,engram-node03,1355,CE8A5E8B31A136DFC9B9DA9BF8C826141249CDB4EE45DF9616C636F1BDF7E06E,False,SOVEREIGN,0,0,False,
1786187314.655191,engram-node04,1355,CE8A5E8B31A136DFC9B9DA9BF8C826141249CDB4EE45DF9616C636F1BDF7E06E,False,SOVEREIGN,0,0,False,
1786187316.663618,engram-node01,1356,6F78A99F8EC9CE882C4E2A2550D8B0322C55B22B702E5AFA0D4B7AB2CE88B8C3,False,SOVEREIGN,0,0,False,
1786187316.667716,engram-node02,1356,6F78A99F8EC9CE882C4E2A2550D8B0322C55B22B702E5AFA0D4B7AB2CE88B8C3,False,SOVEREIGN,0,0,False,
1786187316.670722,engram-node03,1356,6F78A99F8EC9CE882C4E2A2550D8B0322C55B22B702E5AFA0D4B7AB2CE88B8C3,False,SOVEREIGN,0,0,False,
1786187316.6735911,engram-node04,1356,6F78A99F8EC9CE882C4E2A2550D8B0322C55B22B702E5AFA0D4B7AB2CE88B8C3,False,SOVEREIGN,0,0,False,
1786187318.681588,engram-node01,1357,566FD5A52CCADA5B3E645A634B5062799030B43A524872ABB62A6277DAE1C44C,False,SOVEREIGN,0,0,False,
1786187318.687585,engram-node02,1357,566FD5A52CCADA5B3E645A634B5062799030B43A524872ABB62A6277DAE1C44C,False,SOVEREIGN,0,0,False,
1786187318.691939,engram-node03,1357,566FD5A52CCADA5B3E645A634B5062799030B43A524872ABB62A6277DAE1C44C,False,SOVEREIGN,0,0,False,
1786187318.6961432,engram-node04,1357,566FD5A52CCADA5B3E645A634B5062799030B43A524872ABB62A6277DAE1C44C,False,SOVEREIGN,0,0,False,
1786187320.705575,engram-node01,1358,C6CF6025303F60543EC63D909C13EBC485FFF09C80896242C1E7D8276015C836,False,SOVEREIGN,0,0,False,
1786187320.7147799,engram-node02,1358,C6CF6025303F60543EC63D909C13EBC485FFF09C80896242C1E7D8276015C836,False,SOVEREIGN,0,0,False,
1786187320.720823,engram-node03,1358,C6CF6025303F60543EC63D909C13EBC485FFF09C80896242C1E7D8276015C836,False,SOVEREIGN,0,0,False,
1786187320.726557,engram-node04,1358,C6CF6025303F60543EC63D909C13EBC485FFF09C80896242C1E7D8276015C836,False,SOVEREIGN,0,0,False,
1786187322.732775,engram-node01,1360,093F2EF460E1BB1572BF4AD4F65B8F91CB46726858035C5D2D1CC31CD552E500,False,SOVEREIGN,0,0,False,
1786187322.7379289,engram-node02,1360,093F2EF460E1BB1572BF4AD4F65B8F91CB46726858035C5D2D1CC31CD552E500,False,SOVEREIGN,0,0,False,
1786187322.741523,engram-node03,1360,093F2EF460E1BB1572BF4AD4F65B8F91CB46726858035C5D2D1CC31CD552E500,False,SOVEREIGN,0,0,False,
1786187322.7450612,engram-node04,1360,093F2EF460E1BB1572BF4AD4F65B8F91CB46726858035C5D2D1CC31CD552E500,False,SOVEREIGN,0,0,False,
1786187324.749425,engram-node01,1360,093F2EF460E1BB1572BF4AD4F65B8F91CB46726858035C5D2D1CC31CD552E500,False,SOVEREIGN,0,0,False,
1786187324.7546098,engram-node02,1360,093F2EF460E1BB1572BF4AD4F65B8F91CB46726858035C5D2D1CC31CD552E500,False,SOVEREIGN,0,0,False,
1786187324.75906,engram-node03,1360,093F2EF460E1BB1572BF4AD4F65B8F91CB46726858035C5D2D1CC31CD552E500,False,SOVEREIGN,0,0,False,
1786187324.763654,engram-node04,1360,093F2EF460E1BB1572BF4AD4F65B8F91CB46726858035C5D2D1CC31CD552E500,False,SOVEREIGN,0,0,False,
1786187326.768728,engram-node01,1361,EF746F6F024D489E399D3E196B3DE04B9B5BE40573E89B4E195C76B1E0D6FF34,False,SOVEREIGN,0,0,False,
1786187326.775188,engram-node02,1361,EF746F6F024D489E399D3E196B3DE04B9B5BE40573E89B4E195C76B1E0D6FF34,False,SOVEREIGN,0,0,False,
1786187326.7794938,engram-node03,1361,EF746F6F024D489E399D3E196B3DE04B9B5BE40573E89B4E195C76B1E0D6FF34,False,SOVEREIGN,0,0,False,
1786187326.784417,engram-node04,1361,EF746F6F024D489E399D3E196B3DE04B9B5BE40573E89B4E195C76B1E0D6FF34,False,SOVEREIGN,0,0,False,
1786187328.793792,engram-node01,1363,27ACEEB477B99DE886BB5C498099FF5DF92D89F0AD36675382639000778CB808,False,SOVEREIGN,0,0,False,
1786187328.800142,engram-node02,1363,27ACEEB477B99DE886BB5C498099FF5DF92D89F0AD36675382639000778CB808,False,SOVEREIGN,0,0,False,
1786187328.803937,engram-node03,1363,27ACEEB477B99DE886BB5C498099FF5DF92D89F0AD36675382639000778CB808,False,SOVEREIGN,0,0,False,
1786187328.8073559,engram-node04,1363,27ACEEB477B99DE886BB5C498099FF5DF92D89F0AD36675382639000778CB808,False,SOVEREIGN,0,0,False,
1786187330.812619,engram-node01,1364,11AD20D8F0D088198C453257AFFAEC03531F35566BF60AAAA587C6E41FB1CF3C,False,SOVEREIGN,0,0,False,
1786187330.8204632,engram-node02,1364,11AD20D8F0D088198C453257AFFAEC03531F35566BF60AAAA587C6E41FB1CF3C,False,SOVEREIGN,0,0,False,
1786187330.825752,engram-node03,1364,11AD20D8F0D088198C453257AFFAEC03531F35566BF60AAAA587C6E41FB1CF3C,False,SOVEREIGN,0,0,False,
1786187330.8297029,engram-node04,1364,11AD20D8F0D088198C453257AFFAEC03531F35566BF60AAAA587C6E41FB1CF3C,False,SOVEREIGN,0,0,False,
1786187332.8383691,engram-node01,1365,A743FCC1344F5AB926350ADD6F69849D773F580F543E1FD6605A92E5B9E57E55,False,SOVEREIGN,0,0,False,
1786187332.847276,engram-node02,1365,A743FCC1344F5AB926350ADD6F69849D773F580F543E1FD6605A92E5B9E57E55,False,SOVEREIGN,0,0,False,
1786187332.853524,engram-node03,1365,A743FCC1344F5AB926350ADD6F69849D773F580F543E1FD6605A92E5B9E57E55,False,SOVEREIGN,0,0,False,
1786187332.859058,engram-node04,1365,A743FCC1344F5AB926350ADD6F69849D773F580F543E1FD6605A92E5B9E57E55,False,SOVEREIGN,0,0,False,
1786187334.8675158,engram-node01,1366,361161BD6438572DECF9068286E81B2C4E791E718648F586ED78387593BD6FBF,False,SOVEREIGN,0,0,False,
1786187335.1107311,engram-node02,1367,CD629C6DA5C49FA698AB6F89928CA0520F05B1A83F71A714925BDD6FFDC666CB,False,SOVEREIGN,0,0,False,
1786187335.1150038,engram-node03,1367,CD629C6DA5C49FA698AB6F89928CA0520F05B1A83F71A714925BDD6FFDC666CB,False,SOVEREIGN,0,0,False,
1786187335.1191459,engram-node04,1367,CD629C6DA5C49FA698AB6F89928CA0520F05B1A83F71A714925BDD6FFDC666CB,False,SOVEREIGN,0,0,False,
1786187337.126627,engram-node01,1368,B3717CAC8709A69FAE82BF12864EB95ADD5C472EBB2AD9761BF7A9F8ABAF7FA4,False,SOVEREIGN,0,0,False,
1786187337.133659,engram-node02,1368,B3717CAC8709A69FAE82BF12864EB95ADD5C472EBB2AD9761BF7A9F8ABAF7FA4,False,SOVEREIGN,0,0,False,
1786187337.13905,engram-node03,1368,B3717CAC8709A69FAE82BF12864EB95ADD5C472EBB2AD9761BF7A9F8ABAF7FA4,False,SOVEREIGN,0,0,False,
1786187337.143328,engram-node04,1368,B3717CAC8709A69FAE82BF12864EB95ADD5C472EBB2AD9761BF7A9F8ABAF7FA4,False,SOVEREIGN,0,0,False,
1786187339.149929,engram-node01,1369,9D878816C0A41E9EFEDCBE7B9BBA3722D3CB0CC5FD7106C26445D08EABA6F3A7,False,SOVEREIGN,0,0,False,
1786187339.154978,engram-node02,1369,9D878816C0A41E9EFEDCBE7B9BBA3722D3CB0CC5FD7106C26445D08EABA6F3A7,False,SOVEREIGN,0,0,False,
1786187339.158944,engram-node03,1369,9D878816C0A41E9EFEDCBE7B9BBA3722D3CB0CC5FD7106C26445D08EABA6F3A7,False,SOVEREIGN,0,0,False,
1786187339.16241,engram-node04,1369,9D878816C0A41E9EFEDCBE7B9BBA3722D3CB0CC5FD7106C26445D08EABA6F3A7,False,SOVEREIGN,0,0,False,
1786187341.1676989,engram-node01,1370,9BC52863B654299171F599DF88921BB2EF6CF4E8B600CDB9221F5C7CD270D4DE,False,SOVEREIGN,0,0,False,
1786187341.178186,engram-node02,1370,9BC52863B654299171F599DF88921BB2EF6CF4E8B600CDB9221F5C7CD270D4DE,False,SOVEREIGN,0,0,False,
1786187341.183947,engram-node03,1370,9BC52863B654299171F599DF88921BB2EF6CF4E8B600CDB9221F5C7CD270D4DE,False,SOVEREIGN,0,0,False,
1786187341.188786,engram-node04,1370,9BC52863B654299171F599DF88921BB2EF6CF4E8B600CDB9221F5C7CD270D4DE,False,SOVEREIGN,0,0,False,
1786187343.194251,engram-node01,1372,AB30EA1391F79FA45EAFB0095D9B80B21739F5F0B58D9482F7B97F1CC01F0434,False,SOVEREIGN,0,0,False,
1786187343.19892,engram-node02,1372,AB30EA1391F79FA45EAFB0095D9B80B21739F5F0B58D9482F7B97F1CC01F0434,False,SOVEREIGN,0,0,False,
1786187343.202826,engram-node03,1372,AB30EA1391F79FA45EAFB0095D9B80B21739F5F0B58D9482F7B97F1CC01F0434,False,SOVEREIGN,0,0,False,
1786187343.206841,engram-node04,1372,AB30EA1391F79FA45EAFB0095D9B80B21739F5F0B58D9482F7B97F1CC01F0434,False,SOVEREIGN,0,0,False,
1786187345.212094,engram-node01,1372,AB30EA1391F79FA45EAFB0095D9B80B21739F5F0B58D9482F7B97F1CC01F0434,False,SOVEREIGN,0,0,False,
1786187345.217003,engram-node02,1372,AB30EA1391F79FA45EAFB0095D9B80B21739F5F0B58D9482F7B97F1CC01F0434,False,SOVEREIGN,0,0,False,
1786187345.220343,engram-node03,1372,AB30EA1391F79FA45EAFB0095D9B80B21739F5F0B58D9482F7B97F1CC01F0434,False,SOVEREIGN,0,0,False,
1786187345.223092,engram-node04,1372,AB30EA1391F79FA45EAFB0095D9B80B21739F5F0B58D9482F7B97F1CC01F0434,False,SOVEREIGN,0,0,False,
1786187347.2268002,engram-node01,1373,CA0D26E11385DC378ACC8FDFEAFBF407261827827C5780A39F940C1DA98A2C37,False,SOVEREIGN,0,0,False,
1786187347.233004,engram-node02,1373,CA0D26E11385DC378ACC8FDFEAFBF407261827827C5780A39F940C1DA98A2C37,False,SOVEREIGN,0,0,False,
1786187347.237936,engram-node03,1373,CA0D26E11385DC378ACC8FDFEAFBF407261827827C5780A39F940C1DA98A2C37,False,SOVEREIGN,0,0,False,
1786187347.242322,engram-node04,1374,7FE59976708519EA223937698270167B0CC2BA4ED973249E587156181A1B4F66,False,SOVEREIGN,0,0,False,
1786187349.2530198,engram-node01,1375,3BD7890AD22B06D49E4A3A9DD5F7FBFD8196039FC13F1DB8C0C99842B73E15F0,False,SOVEREIGN,0,0,False,
1786187349.263407,engram-node02,1375,3BD7890AD22B06D49E4A3A9DD5F7FBFD8196039FC13F1DB8C0C99842B73E15F0,False,SOVEREIGN,0,0,False,
1786187349.2704651,engram-node03,1375,3BD7890AD22B06D49E4A3A9DD5F7FBFD8196039FC13F1DB8C0C99842B73E15F0,False,SOVEREIGN,0,0,False,
1786187349.277076,engram-node04,1375,3BD7890AD22B06D49E4A3A9DD5F7FBFD8196039FC13F1DB8C0C99842B73E15F0,False,SOVEREIGN,0,0,False,
1786187351.285259,engram-node01,1376,A168EC419A7D56984810859A5E8E778F6882236E9D16991DF7143CF3A7C9AAEB,False,SOVEREIGN,0,0,False,
1786187351.292871,engram-node02,1376,A168EC419A7D56984810859A5E8E778F6882236E9D16991DF7143CF3A7C9AAEB,False,SOVEREIGN,0,0,False,
1786187351.2989,engram-node03,1376,A168EC419A7D56984810859A5E8E778F6882236E9D16991DF7143CF3A7C9AAEB,False,SOVEREIGN,0,0,False,
1786187351.304014,engram-node04,1376,A168EC419A7D56984810859A5E8E778F6882236E9D16991DF7143CF3A7C9AAEB,False,SOVEREIGN,0,0,False,
1786187353.313927,engram-node01,1377,B20BC90916BDDF9CDBA6775B5BA379F856C7338507C1E1543258C8137847E154,False,SOVEREIGN,0,0,False,
1786187353.320888,engram-node02,1377,B20BC90916BDDF9CDBA6775B5BA379F856C7338507C1E1543258C8137847E154,False,SOVEREIGN,0,0,False,
1786187353.325088,engram-node03,1377,B20BC90916BDDF9CDBA6775B5BA379F856C7338507C1E1543258C8137847E154,False,SOVEREIGN,0,0,False,
1786187353.3287182,engram-node04,1377,B20BC90916BDDF9CDBA6775B5BA379F856C7338507C1E1543258C8137847E154,False,SOVEREIGN,0,0,False,
1786187355.337884,engram-node01,1380,DBAAA5F8702AB2141FEB081C120E08C9308D1090F173CB60B782CB9A37E82D49,False,SOVEREIGN,0,0,False,
1786187357.385154,engram-node02,1380,DBAAA5F8702AB2141FEB081C120E08C9308D1090F173CB60B782CB9A37E82D49,False,SOVEREIGN,0,0,False,
1786187357.3924391,engram-node03,1380,DBAAA5F8702AB2141FEB081C120E08C9308D1090F173CB60B782CB9A37E82D49,False,SOVEREIGN,0,0,False,
1786187357.39952,engram-node04,1380,DBAAA5F8702AB2141FEB081C120E08C9308D1090F173CB60B782CB9A37E82D49,False,SOVEREIGN,0,0,False,
1786187359.409956,engram-node01,1381,037C878817AEAE8ECF7402F793E242EDC189B15F144791DCCA7F0A8C90B05C5E,False,SOVEREIGN,0,0,False,
1786187359.417283,engram-node02,1381,037C878817AEAE8ECF7402F793E242EDC189B15F144791DCCA7F0A8C90B05C5E,False,SOVEREIGN,0,0,False,
1786187359.423829,engram-node03,1381,037C878817AEAE8ECF7402F793E242EDC189B15F144791DCCA7F0A8C90B05C5E,False,SOVEREIGN,0,0,False,
1786187359.4290838,engram-node04,1381,037C878817AEAE8ECF7402F793E242EDC189B15F144791DCCA7F0A8C90B05C5E,False,SOVEREIGN,0,0,False,
1786187361.439235,engram-node01,1383,BF75140F59D8052555D83D4F2601DE93C36C0B5B78352207BFAF25C317053CF4,False,SOVEREIGN,0,0,False,
1786187361.449279,engram-node02,1383,BF75140F59D8052555D83D4F2601DE93C36C0B5B78352207BFAF25C317053CF4,False,SOVEREIGN,0,0,False,
1786187361.456575,engram-node03,1383,BF75140F59D8052555D83D4F2601DE93C36C0B5B78352207BFAF25C317053CF4,False,SOVEREIGN,0,0,False,
1786187361.462029,engram-node04,1383,BF75140F59D8052555D83D4F2601DE93C36C0B5B78352207BFAF25C317053CF4,False,SOVEREIGN,0,0,False,
1786187363.470591,engram-node01,1384,A2FBB4D06E8C50BC4F0F0EBDBF7C7947005373B1575D1B7967F484F1023460AB,False,SOVEREIGN,0,0,False,
1786187364.097753,engram-node02,1384,A2FBB4D06E8C50BC4F0F0EBDBF7C7947005373B1575D1B7967F484F1023460AB,False,SOVEREIGN,0,0,False,
1786187364.105726,engram-node03,1384,A2FBB4D06E8C50BC4F0F0EBDBF7C7947005373B1575D1B7967F484F1023460AB,False,SOVEREIGN,0,0,False,
1786187364.1118212,engram-node04,1384,A2FBB4D06E8C50BC4F0F0EBDBF7C7947005373B1575D1B7967F484F1023460AB,False,SOVEREIGN,0,0,False,
1786187366.121927,engram-node01,1385,BE55A525920962824AFA19891111DB3C31CECF77C6004F0C9808D5084B938D27,False,SOVEREIGN,0,0,False,
1786187366.1281128,engram-node02,1385,BE55A525920962824AFA19891111DB3C31CECF77C6004F0C9808D5084B938D27,False,SOVEREIGN,0,0,False,
1786187366.132176,engram-node03,1385,BE55A525920962824AFA19891111DB3C31CECF77C6004F0C9808D5084B938D27,False,SOVEREIGN,0,0,False,
1786187366.136405,engram-node04,1385,BE55A525920962824AFA19891111DB3C31CECF77C6004F0C9808D5084B938D27,False,SOVEREIGN,0,0,False,
1786187368.141619,engram-node01,1388,CB096165A952488101D32B01409915E321934A34067559B3060935F1F251350B,False,SOVEREIGN,0,0,False,
1786187369.149316,engram-node02,1388,CB096165A952488101D32B01409915E321934A34067559B3060935F1F251350B,False,SOVEREIGN,0,0,False,
1786187369.153376,engram-node03,1388,CB096165A952488101D32B01409915E321934A34067559B3060935F1F251350B,False,SOVEREIGN,0,0,False,
1786187369.1574411,engram-node04,1388,CB096165A952488101D32B01409915E321934A34067559B3060935F1F251350B,False,SOVEREIGN,0,0,False,
1786187371.1627278,engram-node01,1388,CB096165A952488101D32B01409915E321934A34067559B3060935F1F251350B,False,SOVEREIGN,0,0,False,
1786187371.1735291,engram-node02,1388,CB096165A952488101D32B01409915E321934A34067559B3060935F1F251350B,False,SOVEREIGN,0,0,False,
1786187371.1783009,engram-node03,1388,CB096165A952488101D32B01409915E321934A34067559B3060935F1F251350B,False,SOVEREIGN,0,0,False,
1786187371.183278,engram-node04,1388,CB096165A952488101D32B01409915E321934A34067559B3060935F1F251350B,False,SOVEREIGN,0,0,False,
1786187373.1938062,engram-node01,1390,92F452E86286F4A0F172B0D32540A6F1FEB2134E89648B5FF33E7A739A00CFC9,False,SOVEREIGN,0,0,False,
1786187373.201331,engram-node02,1390,92F452E86286F4A0F172B0D32540A6F1FEB2134E89648B5FF33E7A739A00CFC9,False,SOVEREIGN,0,0,False,
1786187373.2056909,engram-node03,1390,92F452E86286F4A0F172B0D32540A6F1FEB2134E89648B5FF33E7A739A00CFC9,False,SOVEREIGN,0,0,False,
1786187373.211071,engram-node04,1390,92F452E86286F4A0F172B0D32540A6F1FEB2134E89648B5FF33E7A739A00CFC9,False,SOVEREIGN,0,0,False,
1786187375.218154,engram-node01,1391,2A0870283E4146F8A2EF9FAE6142C411839397A3F07345DC73E06F7BD3FDAF05,False,SOVEREIGN,0,0,False,
1786187375.225142,engram-node02,1391,2A0870283E4146F8A2EF9FAE6142C411839397A3F07345DC73E06F7BD3FDAF05,False,SOVEREIGN,0,0,False,
1786187375.230093,engram-node03,1391,2A0870283E4146F8A2EF9FAE6142C411839397A3F07345DC73E06F7BD3FDAF05,False,SOVEREIGN,0,0,False,
1786187375.2336261,engram-node04,1391,2A0870283E4146F8A2EF9FAE6142C411839397A3F07345DC73E06F7BD3FDAF05,False,SOVEREIGN,0,0,False,
1786187377.23927,engram-node01,1392,7E66FE23B7B3E9599678EA9F7D045B512FDCF538ED07F297AE009C4149A18BF4,False,SOVEREIGN,0,0,False,
1786187377.245537,engram-node02,1392,7E66FE23B7B3E9599678EA9F7D045B512FDCF538ED07F297AE009C4149A18BF4,False,SOVEREIGN,0,0,False,
1786187377.250308,engram-node03,1392,7E66FE23B7B3E9599678EA9F7D045B512FDCF538ED07F297AE009C4149A18BF4,False,SOVEREIGN,0,0,False,
1786187377.2552052,engram-node04,1392,7E66FE23B7B3E9599678EA9F7D045B512FDCF538ED07F297AE009C4149A18BF4,False,SOVEREIGN,0,0,False,
1786187379.264747,engram-node01,1394,82C393E951E3A9AEE7364EB979FA5DF2C0534D80F309EAFE924C4D952A2724C2,False,SOVEREIGN,0,0,False,
1786187379.271147,engram-node02,1394,82C393E951E3A9AEE7364EB979FA5DF2C0534D80F309EAFE924C4D952A2724C2,False,SOVEREIGN,0,0,False,
1786187379.275645,engram-node03,1394,82C393E951E3A9AEE7364EB979FA5DF2C0534D80F309EAFE924C4D952A2724C2,False,SOVEREIGN,0,0,False,
1786187379.2798479,engram-node04,1394,82C393E951E3A9AEE7364EB979FA5DF2C0534D80F309EAFE924C4D952A2724C2,False,SOVEREIGN,0,0,False,
1786187381.2890291,engram-node01,1395,82CB56C9E314AFB627D83CD15B782143A24D9C5719FA850AA549769E2A9E8AF6,False,SOVEREIGN,0,0,False,
1786187382.066161,engram-node02,1395,82CB56C9E314AFB627D83CD15B782143A24D9C5719FA850AA549769E2A9E8AF6,False,SOVEREIGN,0,0,False,
1786187382.071105,engram-node03,1395,82CB56C9E314AFB627D83CD15B782143A24D9C5719FA850AA549769E2A9E8AF6,False,SOVEREIGN,0,0,False,
1786187382.0757701,engram-node04,1396,ED95FC0AE9B5FB01C42C055D76A7A718ADB24C17EFB24A498A75B935A0B3A9B4,False,SOVEREIGN,0,0,False,
1786187384.0797062,engram-node01,1396,ED95FC0AE9B5FB01C42C055D76A7A718ADB24C17EFB24A498A75B935A0B3A9B4,False,SOVEREIGN,0,0,False,
1786187384.0903392,engram-node02,1396,ED95FC0AE9B5FB01C42C055D76A7A718ADB24C17EFB24A498A75B935A0B3A9B4,False,SOVEREIGN,0,0,False,
1786187384.0962508,engram-node03,1396,ED95FC0AE9B5FB01C42C055D76A7A718ADB24C17EFB24A498A75B935A0B3A9B4,False,SOVEREIGN,0,0,False,
1786187384.102634,engram-node04,1396,ED95FC0AE9B5FB01C42C055D76A7A718ADB24C17EFB24A498A75B935A0B3A9B4,False,SOVEREIGN,0,0,False,
1786187386.1089149,engram-node01,1398,B7BCB1E6F8F2BDF70DE99E610C8749779BD5307D1C3DEACA1FDC0971ED96414F,False,SOVEREIGN,0,0,False,
1786187386.114629,engram-node02,1398,B7BCB1E6F8F2BDF70DE99E610C8749779BD5307D1C3DEACA1FDC0971ED96414F,False,SOVEREIGN,0,0,False,
1786187386.118745,engram-node03,1398,B7BCB1E6F8F2BDF70DE99E610C8749779BD5307D1C3DEACA1FDC0971ED96414F,False,SOVEREIGN,0,0,False,
1786187386.12399,engram-node04,1398,B7BCB1E6F8F2BDF70DE99E610C8749779BD5307D1C3DEACA1FDC0971ED96414F,False,SOVEREIGN,0,0,False,
1786187388.129232,engram-node01,1399,57100819FBCB9FDB0C1B1D0A2D536E32FCE3A153C2621B9DDFEE03DB6023AC91,False,SOVEREIGN,0,0,False,
1786187388.135265,engram-node02,1399,57100819FBCB9FDB0C1B1D0A2D536E32FCE3A153C2621B9DDFEE03DB6023AC91,False,SOVEREIGN,0,0,False,
1786187388.139627,engram-node03,1399,57100819FBCB9FDB0C1B1D0A2D536E32FCE3A153C2621B9DDFEE03DB6023AC91,False,SOVEREIGN,0,0,False,
1786187388.144154,engram-node04,1399,57100819FBCB9FDB0C1B1D0A2D536E32FCE3A153C2621B9DDFEE03DB6023AC91,False,SOVEREIGN,0,0,False,
1786187390.1550431,engram-node01,1400,E27C66C56BDAA1042C436202E899CDEE12C4146345D5E4544A05057F70601EE4,False,SOVEREIGN,0,0,False,
1786187390.162509,engram-node02,1400,E27C66C56BDAA1042C436202E899CDEE12C4146345D5E4544A05057F70601EE4,False,SOVEREIGN,0,0,False,
1786187390.166559,engram-node03,1400,E27C66C56BDAA1042C436202E899CDEE12C4146345D5E4544A05057F70601EE4,False,SOVEREIGN,0,0,False,
1786187390.1695712,engram-node04,1400,E27C66C56BDAA1042C436202E899CDEE12C4146345D5E4544A05057F70601EE4,False,SOVEREIGN,0,0,False,
1786187392.179519,engram-node01,1401,C5CA03673A1F7DDB0ACFB86D98BFB359D3CBE3B87B1C79EB48813BB5BB2402BB,False,SOVEREIGN,0,0,False,
1786187392.419209,engram-node02,1401,C5CA03673A1F7DDB0ACFB86D98BFB359D3CBE3B87B1C79EB48813BB5BB2402BB,False,SOVEREIGN,0,0,False,
1786187392.422077,engram-node03,1402,2BE29DB0A83978E8E21D2F3D6C49555B14A488630EBC5FD234D6FD907FCB74BE,False,SOVEREIGN,0,0,False,
1786187392.4251149,engram-node04,1401,C5CA03673A1F7DDB0ACFB86D98BFB359D3CBE3B87B1C79EB48813BB5BB2402BB,False,SOVEREIGN,0,0,False,
1786187394.4334998,engram-node01,1403,21051647CE34568CC51E93DF260834FC3E440921FAC55F958BEFE80817599054,False,SOVEREIGN,0,0,False,
1786187394.442411,engram-node02,1403,21051647CE34568CC51E93DF260834FC3E440921FAC55F958BEFE80817599054,False,SOVEREIGN,0,0,False,
1786187394.447045,engram-node03,1403,21051647CE34568CC51E93DF260834FC3E440921FAC55F958BEFE80817599054,False,SOVEREIGN,0,0,False,
1786187394.451147,engram-node04,1403,21051647CE34568CC51E93DF260834FC3E440921FAC55F958BEFE80817599054,False,SOVEREIGN,0,0,False,
1786187396.455604,engram-node01,1404,04580FDBFE37AE165B2343EDD0D30B49188FEBDDE2C07CB9C994D22A9342A802,False,SOVEREIGN,0,0,False,
1786187396.462194,engram-node02,1404,04580FDBFE37AE165B2343EDD0D30B49188FEBDDE2C07CB9C994D22A9342A802,False,SOVEREIGN,0,0,False,
1786187396.466039,engram-node03,1404,04580FDBFE37AE165B2343EDD0D30B49188FEBDDE2C07CB9C994D22A9342A802,False,SOVEREIGN,0,0,False,
1786187396.469342,engram-node04,1404,04580FDBFE37AE165B2343EDD0D30B49188FEBDDE2C07CB9C994D22A9342A802,False,SOVEREIGN,0,0,False,
1786187398.480799,engram-node01,1405,8976847BC04DEE7A10AAF86C90D2BB24A482EEAA7A4691D999FE70786863CD82,False,SOVEREIGN,0,0,False,
1786187398.490721,engram-node02,1405,8976847BC04DEE7A10AAF86C90D2BB24A482EEAA7A4691D999FE70786863CD82,False,SOVEREIGN,0,0,False,
1786187398.495632,engram-node03,1405,8976847BC04DEE7A10AAF86C90D2BB24A482EEAA7A4691D999FE70786863CD82,False,SOVEREIGN,0,0,False,
1786187398.502102,engram-node04,1405,8976847BC04DEE7A10AAF86C90D2BB24A482EEAA7A4691D999FE70786863CD82,False,SOVEREIGN,0,0,False,
1786187400.5124009,engram-node01,1407,D2B97C7581D8EDFDB98AEEFD474D27378CBA1FF58E0DEB8A72FE1C31092A092D,False,SOVEREIGN,0,0,False,
1786187400.521015,engram-node02,1407,D2B97C7581D8EDFDB98AEEFD474D27378CBA1FF58E0DEB8A72FE1C31092A092D,False,SOVEREIGN,0,0,False,
1786187400.526352,engram-node03,1407,D2B97C7581D8EDFDB98AEEFD474D27378CBA1FF58E0DEB8A72FE1C31092A092D,False,SOVEREIGN,0,0,False,
1786187400.531252,engram-node04,1407,D2B97C7581D8EDFDB98AEEFD474D27378CBA1FF58E0DEB8A72FE1C31092A092D,False,SOVEREIGN,0,0,False,
1786187402.536423,engram-node01,1408,7283972DE436B6C5CCB464D4675B279E45306ED4CE83537E3DC4DAC7590B6F9E,False,SOVEREIGN,0,0,False,
1786187402.5418491,engram-node02,1408,7283972DE436B6C5CCB464D4675B279E45306ED4CE83537E3DC4DAC7590B6F9E,False,SOVEREIGN,0,0,False,
1786187402.545202,engram-node03,1408,7283972DE436B6C5CCB464D4675B279E45306ED4CE83537E3DC4DAC7590B6F9E,False,SOVEREIGN,0,0,False,
1786187402.549477,engram-node04,1408,7283972DE436B6C5CCB464D4675B279E45306ED4CE83537E3DC4DAC7590B6F9E,False,SOVEREIGN,0,0,False,
1786187404.555063,engram-node01,1409,F60E124FD0E989D1F5773BC5E61AC0B350AB576B47C82B734401DBE1643CD608,False,SOVEREIGN,0,0,False,
1786187404.562331,engram-node02,1409,F60E124FD0E989D1F5773BC5E61AC0B350AB576B47C82B734401DBE1643CD608,False,SOVEREIGN,0,0,False,
1786187404.570295,engram-node03,1409,F60E124FD0E989D1F5773BC5E61AC0B350AB576B47C82B734401DBE1643CD608,False,SOVEREIGN,0,0,False,
1786187404.5761201,engram-node04,1409,F60E124FD0E989D1F5773BC5E61AC0B350AB576B47C82B734401DBE1643CD608,False,SOVEREIGN,0,0,False,
1786187406.584525,engram-node01,1411,02B02BFB608812A7939AA5C19FDD47883AF5C20E8A8810070BF8E1FE223F728C,False,SOVEREIGN,0,0,False,
1786187406.590004,engram-node02,1411,02B02BFB608812A7939AA5C19FDD47883AF5C20E8A8810070BF8E1FE223F728C,False,SOVEREIGN,0,0,False,
1786187406.594429,engram-node03,1411,02B02BFB608812A7939AA5C19FDD47883AF5C20E8A8810070BF8E1FE223F728C,False,SOVEREIGN,0,0,False,
1786187406.597545,engram-node04,1411,02B02BFB608812A7939AA5C19FDD47883AF5C20E8A8810070BF8E1FE223F728C,False,SOVEREIGN,0,0,False,
1786187408.6031911,engram-node01,1412,95A203E787637442676C41EBFF75C5F412C0A7086E70FA97D9CBC8AFDFD6258C,False,SOVEREIGN,0,0,False,
1786187408.608406,engram-node02,1412,95A203E787637442676C41EBFF75C5F412C0A7086E70FA97D9CBC8AFDFD6258C,False,SOVEREIGN,0,0,False,
1786187408.611576,engram-node03,1412,95A203E787637442676C41EBFF75C5F412C0A7086E70FA97D9CBC8AFDFD6258C,False,SOVEREIGN,0,0,False,
1786187408.614263,engram-node04,1412,95A203E787637442676C41EBFF75C5F412C0A7086E70FA97D9CBC8AFDFD6258C,False,SOVEREIGN,0,0,False,
1786187410.622288,engram-node01,1413,6B202145EBDA2CC1EDD9B73D4CA2ACBC4176BC13F0FCA559535E54CA9AC86FE2,False,SOVEREIGN,0,0,False,
1786187410.628188,engram-node02,1413,6B202145EBDA2CC1EDD9B73D4CA2ACBC4176BC13F0FCA559535E54CA9AC86FE2,False,SOVEREIGN,0,0,False,
1786187410.632496,engram-node03,1413,6B202145EBDA2CC1EDD9B73D4CA2ACBC4176BC13F0FCA559535E54CA9AC86FE2,False,SOVEREIGN,0,0,False,
1786187410.636986,engram-node04,1413,6B202145EBDA2CC1EDD9B73D4CA2ACBC4176BC13F0FCA559535E54CA9AC86FE2,False,SOVEREIGN,0,0,False,
1786187412.640361,engram-node01,1415,5DC91A2375BE95006F43BB887F780FA10DC25C93B352A5F0D67482E6E2B2D8F4,False,SOVEREIGN,0,0,False,
1786187412.6446831,engram-node02,1415,5DC91A2375BE95006F43BB887F780FA10DC25C93B352A5F0D67482E6E2B2D8F4,False,SOVEREIGN,0,0,False,
1786187412.64858,engram-node03,1415,5DC91A2375BE95006F43BB887F780FA10DC25C93B352A5F0D67482E6E2B2D8F4,False,SOVEREIGN,0,0,False,
1786187412.6522398,engram-node04,1415,5DC91A2375BE95006F43BB887F780FA10DC25C93B352A5F0D67482E6E2B2D8F4,False,SOVEREIGN,0,0,False,
1786187414.6574562,engram-node01,1416,5D7D325E9365709267EEFDBD090D0918AF91199586AED79804F51008D11E5022,False,SOVEREIGN,0,0,False,
1786187414.6634612,engram-node02,1416,5D7D325E9365709267EEFDBD090D0918AF91199586AED79804F51008D11E5022,False,SOVEREIGN,0,0,False,
1786187414.667951,engram-node03,1416,5D7D325E9365709267EEFDBD090D0918AF91199586AED79804F51008D11E5022,False,SOVEREIGN,0,0,False,
1786187414.672213,engram-node04,1416,5D7D325E9365709267EEFDBD090D0918AF91199586AED79804F51008D11E5022,False,SOVEREIGN,0,0,False,
1786187416.67781,engram-node01,1418,4C8A832CF1638C261F48253EC661CC1A780595B2842D3386A695041867FA22FB,False,SOVEREIGN,0,0,False,
1786187417.685774,engram-node02,1418,4C8A832CF1638C261F48253EC661CC1A780595B2842D3386A695041867FA22FB,False,SOVEREIGN,0,0,False,
1786187417.691238,engram-node03,1418,4C8A832CF1638C261F48253EC661CC1A780595B2842D3386A695041867FA22FB,False,SOVEREIGN,0,0,False,
1786187417.697809,engram-node04,1418,4C8A832CF1638C261F48253EC661CC1A780595B2842D3386A695041867FA22FB,False,SOVEREIGN,0,0,False,
1786187419.7087228,engram-node01,1420,02FA62273C4111235544B3D995F6DE9B43C43C92AEB4E8E285BA2259170C376C,False,SOVEREIGN,0,0,False,
1786187419.7182631,engram-node02,1420,02FA62273C4111235544B3D995F6DE9B43C43C92AEB4E8E285BA2259170C376C,False,SOVEREIGN,0,0,False,
1786187419.725388,engram-node03,1420,02FA62273C4111235544B3D995F6DE9B43C43C92AEB4E8E285BA2259170C376C,False,SOVEREIGN,0,0,False,
1786187419.732053,engram-node04,1420,02FA62273C4111235544B3D995F6DE9B43C43C92AEB4E8E285BA2259170C376C,False,SOVEREIGN,0,0,False,
1786187421.7405398,engram-node01,1420,02FA62273C4111235544B3D995F6DE9B43C43C92AEB4E8E285BA2259170C376C,False,SOVEREIGN,0,0,False,
1786187421.7819352,engram-node02,1420,02FA62273C4111235544B3D995F6DE9B43C43C92AEB4E8E285BA2259170C376C,False,SOVEREIGN,0,0,False,
1786187421.785353,engram-node03,1420,02FA62273C4111235544B3D995F6DE9B43C43C92AEB4E8E285BA2259170C376C,False,SOVEREIGN,0,0,False,
1786187421.78931,engram-node04,1420,02FA62273C4111235544B3D995F6DE9B43C43C92AEB4E8E285BA2259170C376C,False,SOVEREIGN,0,0,False,
1786187423.797633,engram-node01,1422,784C3B6075C27906601557EFB6B68827688F8C6A060FDE3B6FCB3DA4906E25B9,False,SOVEREIGN,0,0,False,
1786187423.803312,engram-node02,1422,784C3B6075C27906601557EFB6B68827688F8C6A060FDE3B6FCB3DA4906E25B9,False,SOVEREIGN,0,0,False,
1786187423.807722,engram-node03,1422,784C3B6075C27906601557EFB6B68827688F8C6A060FDE3B6FCB3DA4906E25B9,False,SOVEREIGN,0,0,False,
1786187423.811042,engram-node04,1422,784C3B6075C27906601557EFB6B68827688F8C6A060FDE3B6FCB3DA4906E25B9,False,SOVEREIGN,0,0,False,
1786187425.815756,engram-node01,1424,8C9EDC12FF508B96B75915AC77C7EFDC8BFF086D8F9DA4BF5AD56CB28E885453,False,SOVEREIGN,0,0,False,
1786187426.8366258,engram-node02,1424,8C9EDC12FF508B96B75915AC77C7EFDC8BFF086D8F9DA4BF5AD56CB28E885453,False,SOVEREIGN,0,0,False,
1786187426.8549829,engram-node03,1424,8C9EDC12FF508B96B75915AC77C7EFDC8BFF086D8F9DA4BF5AD56CB28E885453,False,SOVEREIGN,0,0,False,
1786187426.8636281,engram-node04,1424,8C9EDC12FF508B96B75915AC77C7EFDC8BFF086D8F9DA4BF5AD56CB28E885453,False,SOVEREIGN,0,0,False,
1786187428.873939,engram-node01,1424,8C9EDC12FF508B96B75915AC77C7EFDC8BFF086D8F9DA4BF5AD56CB28E885453,False,SOVEREIGN,0,0,False,
1786187428.8792782,engram-node02,1424,8C9EDC12FF508B96B75915AC77C7EFDC8BFF086D8F9DA4BF5AD56CB28E885453,False,SOVEREIGN,0,0,False,
1786187428.882682,engram-node03,1424,8C9EDC12FF508B96B75915AC77C7EFDC8BFF086D8F9DA4BF5AD56CB28E885453,False,SOVEREIGN,0,0,False,
1786187428.886165,engram-node04,1424,8C9EDC12FF508B96B75915AC77C7EFDC8BFF086D8F9DA4BF5AD56CB28E885453,False,SOVEREIGN,0,0,False,
1786187430.890738,engram-node01,1426,43FC6132F90886FF0A93E15378EAC8BFD59DC7EC4B0B9036A57DA9BCC27C8657,False,SOVEREIGN,0,0,False,
1786187431.1204531,engram-node02,1426,43FC6132F90886FF0A93E15378EAC8BFD59DC7EC4B0B9036A57DA9BCC27C8657,False,SOVEREIGN,0,0,False,
1786187431.128599,engram-node03,1426,43FC6132F90886FF0A93E15378EAC8BFD59DC7EC4B0B9036A57DA9BCC27C8657,False,SOVEREIGN,0,0,False,
1786187431.1357372,engram-node04,1426,43FC6132F90886FF0A93E15378EAC8BFD59DC7EC4B0B9036A57DA9BCC27C8657,False,SOVEREIGN,0,0,False,
1786187433.146813,engram-node01,1427,0E200BA184DC90EBD82BAEABCBED337AD9266FD143B578E2E7CD5C92E5AABC67,False,SOVEREIGN,0,0,False,
1786187433.1524758,engram-node02,1427,0E200BA184DC90EBD82BAEABCBED337AD9266FD143B578E2E7CD5C92E5AABC67,False,SOVEREIGN,0,0,False,
1786187433.157026,engram-node03,1427,0E200BA184DC90EBD82BAEABCBED337AD9266FD143B578E2E7CD5C92E5AABC67,False,SOVEREIGN,0,0,False,
1786187433.1613288,engram-node04,1427,0E200BA184DC90EBD82BAEABCBED337AD9266FD143B578E2E7CD5C92E5AABC67,False,SOVEREIGN,0,0,False,
1786187435.168224,engram-node01,1428,C0DE6408882B45857FE984269DDB74F245AE7FDFE1A90BB084241FCE8BA36699,False,SOVEREIGN,0,0,False,
1786187435.1743639,engram-node02,1428,C0DE6408882B45857FE984269DDB74F245AE7FDFE1A90BB084241FCE8BA36699,False,SOVEREIGN,0,0,False,
1786187435.17955,engram-node03,1428,C0DE6408882B45857FE984269DDB74F245AE7FDFE1A90BB084241FCE8BA36699,False,SOVEREIGN,0,0,False,
1786187435.184939,engram-node04,1428,C0DE6408882B45857FE984269DDB74F245AE7FDFE1A90BB084241FCE8BA36699,False,SOVEREIGN,0,0,False,
1786187437.193125,engram-node01,1430,8BA3C2D0EB476DB711FFE7CE1D85465DC5905824B9E84929FE9B94D489B742A5,False,SOVEREIGN,0,0,False,
1786187437.198832,engram-node02,1430,8BA3C2D0EB476DB711FFE7CE1D85465DC5905824B9E84929FE9B94D489B742A5,False,SOVEREIGN,0,0,False,
1786187437.2030349,engram-node03,1430,8BA3C2D0EB476DB711FFE7CE1D85465DC5905824B9E84929FE9B94D489B742A5,False,SOVEREIGN,0,0,False,
1786187437.207349,engram-node04,1430,8BA3C2D0EB476DB711FFE7CE1D85465DC5905824B9E84929FE9B94D489B742A5,False,SOVEREIGN,0,0,False,
1786187439.214366,engram-node01,1431,730E24FBF2D32458A50336335A12D15868DB2A0872092CFFD1664AD5F015EE58,False,SOVEREIGN,0,0,False,
1786187439.2199712,engram-node02,1431,730E24FBF2D32458A50336335A12D15868DB2A0872092CFFD1664AD5F015EE58,False,SOVEREIGN,0,0,False,
1786187439.2247381,engram-node03,1431,730E24FBF2D32458A50336335A12D15868DB2A0872092CFFD1664AD5F015EE58,False,SOVEREIGN,0,0,False,
1786187439.228915,engram-node04,1431,730E24FBF2D32458A50336335A12D15868DB2A0872092CFFD1664AD5F015EE58,False,SOVEREIGN,0,0,False,
1786187441.235162,engram-node01,1432,450D669D9376CE69C2A0DD870282C9E2354C4043B20489EB2ADE85CE1065995D,False,SOVEREIGN,0,0,False,
1786187441.4611819,engram-node02,1432,450D669D9376CE69C2A0DD870282C9E2354C4043B20489EB2ADE85CE1065995D,False,SOVEREIGN,0,0,False,
1786187441.468214,engram-node03,1432,450D669D9376CE69C2A0DD870282C9E2354C4043B20489EB2ADE85CE1065995D,False,SOVEREIGN,0,0,False,
1786187441.473184,engram-node04,1432,450D669D9376CE69C2A0DD870282C9E2354C4043B20489EB2ADE85CE1065995D,False,SOVEREIGN,0,0,False,
1786187443.4782279,engram-node01,1433,53B41C525B1CA5B6A5293F100D5728F00A403EB3B760C6064F53E26BDEB8C530,False,SOVEREIGN,0,0,False,
1786187443.4822102,engram-node02,1433,53B41C525B1CA5B6A5293F100D5728F00A403EB3B760C6064F53E26BDEB8C530,False,SOVEREIGN,0,0,False,
1786187443.4853718,engram-node03,1433,53B41C525B1CA5B6A5293F100D5728F00A403EB3B760C6064F53E26BDEB8C530,False,SOVEREIGN,0,0,False,
1786187443.488541,engram-node04,1433,53B41C525B1CA5B6A5293F100D5728F00A403EB3B760C6064F53E26BDEB8C530,False,SOVEREIGN,0,0,False,
1786187445.496746,engram-node01,1435,1B94901066FC1C43C6C3C7A873FC663D22784CB05B0CE347C202F5EB1EE10FFB,False,SOVEREIGN,0,0,False,
1786187445.507002,engram-node02,1435,1B94901066FC1C43C6C3C7A873FC663D22784CB05B0CE347C202F5EB1EE10FFB,False,SOVEREIGN,0,0,False,
1786187445.514428,engram-node03,1435,1B94901066FC1C43C6C3C7A873FC663D22784CB05B0CE347C202F5EB1EE10FFB,False,SOVEREIGN,0,0,False,
1786187445.520792,engram-node04,1435,1B94901066FC1C43C6C3C7A873FC663D22784CB05B0CE347C202F5EB1EE10FFB,False,SOVEREIGN,0,0,False,
1786187447.531729,engram-node01,1436,6F2DA605FFF4B6BC723C51B6844A3B509105BC72127EF96E41DB958890F23F4F,False,SOVEREIGN,0,0,False,
1786187447.537162,engram-node02,1436,6F2DA605FFF4B6BC723C51B6844A3B509105BC72127EF96E41DB958890F23F4F,False,SOVEREIGN,0,0,False,
1786187447.5458171,engram-node03,1436,6F2DA605FFF4B6BC723C51B6844A3B509105BC72127EF96E41DB958890F23F4F,False,SOVEREIGN,0,0,False,
1786187447.550839,engram-node04,1436,6F2DA605FFF4B6BC723C51B6844A3B509105BC72127EF96E41DB958890F23F4F,False,SOVEREIGN,0,0,False,
1786187449.557031,engram-node01,1437,DDCBF92A00329447923449CFEF6B3765CD05922A5924DBA30E786F3F51E2C710,False,SOVEREIGN,0,0,False,
1786187449.5662699,engram-node02,1437,DDCBF92A00329447923449CFEF6B3765CD05922A5924DBA30E786F3F51E2C710,False,SOVEREIGN,0,0,False,
1786187449.572045,engram-node03,1437,DDCBF92A00329447923449CFEF6B3765CD05922A5924DBA30E786F3F51E2C710,False,SOVEREIGN,0,0,False,
1786187449.57682,engram-node04,1437,DDCBF92A00329447923449CFEF6B3765CD05922A5924DBA30E786F3F51E2C710,False,SOVEREIGN,0,0,False,
1786187451.586441,engram-node01,1439,6A5B2D3E115954CB7C08F4D155AFCE9D752B0BD510AA3C66D0A98855473E0BB3,False,SOVEREIGN,0,0,False,
1786187451.7055,engram-node02,1439,6A5B2D3E115954CB7C08F4D155AFCE9D752B0BD510AA3C66D0A98855473E0BB3,False,SOVEREIGN,0,0,False,
1786187451.711246,engram-node03,1439,6A5B2D3E115954CB7C08F4D155AFCE9D752B0BD510AA3C66D0A98855473E0BB3,False,SOVEREIGN,0,0,False,
1786187451.717011,engram-node04,1439,6A5B2D3E115954CB7C08F4D155AFCE9D752B0BD510AA3C66D0A98855473E0BB3,False,SOVEREIGN,0,0,False,
1786187453.728058,engram-node01,1440,014909DF6E11476ECBE62847A9284AEF2136A2E71C93977CF4B0ADCC2962AE0F,False,SOVEREIGN,0,0,False,
1786187453.7368069,engram-node02,1440,014909DF6E11476ECBE62847A9284AEF2136A2E71C93977CF4B0ADCC2962AE0F,False,SOVEREIGN,0,0,False,
1786187453.745436,engram-node03,1440,014909DF6E11476ECBE62847A9284AEF2136A2E71C93977CF4B0ADCC2962AE0F,False,SOVEREIGN,0,0,False,
1786187453.7848709,engram-node04,1440,014909DF6E11476ECBE62847A9284AEF2136A2E71C93977CF4B0ADCC2962AE0F,False,SOVEREIGN,0,0,False,
1786187455.813793,engram-node01,1441,895D51ECEAEA2CB27D3293FB6CE566144F5977BFDB72C9A30835FB839260616A,False,SOVEREIGN,0,0,False,
1786187456.27157,engram-node02,1441,895D51ECEAEA2CB27D3293FB6CE566144F5977BFDB72C9A30835FB839260616A,False,SOVEREIGN,0,0,False,
1786187456.277676,engram-node03,1441,895D51ECEAEA2CB27D3293FB6CE566144F5977BFDB72C9A30835FB839260616A,False,SOVEREIGN,0,0,False,
1786187456.2816892,engram-node04,1441,895D51ECEAEA2CB27D3293FB6CE566144F5977BFDB72C9A30835FB839260616A,False,SOVEREIGN,0,0,False,
1786187458.29103,engram-node01,1443,26684B01DBD6A0366C0685D25EE53CDD35C265FFBE8A059E9122AD6AE75BB151,False,SOVEREIGN,0,0,False,
1786187458.29586,engram-node02,1443,26684B01DBD6A0366C0685D25EE53CDD35C265FFBE8A059E9122AD6AE75BB151,False,SOVEREIGN,0,0,False,
1786187458.299501,engram-node03,1443,26684B01DBD6A0366C0685D25EE53CDD35C265FFBE8A059E9122AD6AE75BB151,False,SOVEREIGN,0,0,False,
1786187458.303005,engram-node04,1443,26684B01DBD6A0366C0685D25EE53CDD35C265FFBE8A059E9122AD6AE75BB151,False,SOVEREIGN,0,0,False,
1786187460.3081942,engram-node01,1444,D9BE934DEFCA24F643E2C2F847D43BAF18D96A0BC09E18FAE0B374B97366CDE8,False,SOVEREIGN,0,0,False,
1786187460.313549,engram-node02,1444,D9BE934DEFCA24F643E2C2F847D43BAF18D96A0BC09E18FAE0B374B97366CDE8,False,SOVEREIGN,0,0,False,
1786187460.317327,engram-node03,1444,D9BE934DEFCA24F643E2C2F847D43BAF18D96A0BC09E18FAE0B374B97366CDE8,False,SOVEREIGN,0,0,False,
1786187460.3210251,engram-node04,1444,D9BE934DEFCA24F643E2C2F847D43BAF18D96A0BC09E18FAE0B374B97366CDE8,False,SOVEREIGN,0,0,False,
1786187462.3296058,engram-node01,1445,074BBE1BB56260B612C04D0977895E81CB4A83834256570370B36DD098F028D0,False,SOVEREIGN,0,0,False,
1786187462.335379,engram-node02,1445,074BBE1BB56260B612C04D0977895E81CB4A83834256570370B36DD098F028D0,False,SOVEREIGN,0,0,False,
1786187462.339515,engram-node03,1445,074BBE1BB56260B612C04D0977895E81CB4A83834256570370B36DD098F028D0,False,SOVEREIGN,0,0,False,
1786187462.3434381,engram-node04,1445,074BBE1BB56260B612C04D0977895E81CB4A83834256570370B36DD098F028D0,False,SOVEREIGN,0,0,False,
1786187464.352362,engram-node01,1446,81C2B42C9BA7F01B3BA23A4FFBF81A8DD4A9B0F8ACB7F0900664CD3CC6D72F62,False,SOVEREIGN,0,0,False,
1786187464.357804,engram-node02,1446,81C2B42C9BA7F01B3BA23A4FFBF81A8DD4A9B0F8ACB7F0900664CD3CC6D72F62,False,SOVEREIGN,0,0,False,
1786187464.361878,engram-node03,1446,81C2B42C9BA7F01B3BA23A4FFBF81A8DD4A9B0F8ACB7F0900664CD3CC6D72F62,False,SOVEREIGN,0,0,False,
1786187464.364799,engram-node04,1446,81C2B42C9BA7F01B3BA23A4FFBF81A8DD4A9B0F8ACB7F0900664CD3CC6D72F62,False,SOVEREIGN,0,0,False,
1786187466.370402,engram-node01,1448,8466439C33C21924D5B72BC5AF94254477A93A9DC4425DC1566D21F30A58B19F,False,SOVEREIGN,0,0,False,
1786187466.3797781,engram-node02,1448,8466439C33C21924D5B72BC5AF94254477A93A9DC4425DC1566D21F30A58B19F,False,SOVEREIGN,0,0,False,
1786187466.386542,engram-node03,1448,8466439C33C21924D5B72BC5AF94254477A93A9DC4425DC1566D21F30A58B19F,False,SOVEREIGN,0,0,False,
1786187466.391095,engram-node04,1448,8466439C33C21924D5B72BC5AF94254477A93A9DC4425DC1566D21F30A58B19F,False,SOVEREIGN,0,0,False,
1786187468.397246,engram-node01,1448,8466439C33C21924D5B72BC5AF94254477A93A9DC4425DC1566D21F30A58B19F,False,SOVEREIGN,0,0,False,
1786187468.40373,engram-node02,1448,8466439C33C21924D5B72BC5AF94254477A93A9DC4425DC1566D21F30A58B19F,False,SOVEREIGN,0,0,False,
1786187468.408651,engram-node03,1448,8466439C33C21924D5B72BC5AF94254477A93A9DC4425DC1566D21F30A58B19F,False,SOVEREIGN,0,0,False,
1786187468.4129002,engram-node04,1448,8466439C33C21924D5B72BC5AF94254477A93A9DC4425DC1566D21F30A58B19F,False,SOVEREIGN,0,0,False,
1786187470.419404,engram-node01,1450,0C79B5C8DC329ECD02FB9A2B4E75F11C58A6F3F8F387C151E0332DD4B10DEE9A,False,SOVEREIGN,0,0,False,
1786187470.658869,engram-node02,1450,0C79B5C8DC329ECD02FB9A2B4E75F11C58A6F3F8F387C151E0332DD4B10DEE9A,False,SOVEREIGN,0,0,False,
1786187470.6642811,engram-node03,1450,0C79B5C8DC329ECD02FB9A2B4E75F11C58A6F3F8F387C151E0332DD4B10DEE9A,False,SOVEREIGN,0,0,False,
1786187470.6694431,engram-node04,1450,0C79B5C8DC329ECD02FB9A2B4E75F11C58A6F3F8F387C151E0332DD4B10DEE9A,False,SOVEREIGN,0,0,False,
1786187472.67722,engram-node01,1451,565AA39A3EB9F416F9448E75F611B95488A96161AA6D5E988684CB1D05DCA6E5,False,SOVEREIGN,0,0,False,
1786187472.683001,engram-node02,1451,565AA39A3EB9F416F9448E75F611B95488A96161AA6D5E988684CB1D05DCA6E5,False,SOVEREIGN,0,0,False,
1786187472.687257,engram-node03,1451,565AA39A3EB9F416F9448E75F611B95488A96161AA6D5E988684CB1D05DCA6E5,False,SOVEREIGN,0,0,False,
1786187472.6944609,engram-node04,1451,565AA39A3EB9F416F9448E75F611B95488A96161AA6D5E988684CB1D05DCA6E5,False,SOVEREIGN,0,0,False,
1786187474.7043998,engram-node01,1452,F66D0265DE699FF1CD0D3005F44A234B69B91712C9437245221C2C7BB8B6350F,False,SOVEREIGN,0,0,False,
1786187474.7150059,engram-node02,1452,F66D0265DE699FF1CD0D3005F44A234B69B91712C9437245221C2C7BB8B6350F,False,SOVEREIGN,0,0,False,
1786187474.721216,engram-node03,1452,F66D0265DE699FF1CD0D3005F44A234B69B91712C9437245221C2C7BB8B6350F,False,SOVEREIGN,0,0,False,
1786187474.7263691,engram-node04,1452,F66D0265DE699FF1CD0D3005F44A234B69B91712C9437245221C2C7BB8B6350F,False,SOVEREIGN,0,0,False,
1786187476.731992,engram-node01,1453,09A282A6B107A4CC6EAD453B75FCA6492E1F14BEC1E1B9EC8634B5AC395DFD73,False,SOVEREIGN,0,0,False,
1786187477.738348,engram-node02,1454,2B2EC3ABA0721406ACEC23F5B6C3FBBBFC076E7E57D86D01959EFC21F3A2A66A,False,SOVEREIGN,0,0,False,
1786187477.7468421,engram-node03,1454,2B2EC3ABA0721406ACEC23F5B6C3FBBBFC076E7E57D86D01959EFC21F3A2A66A,False,SOVEREIGN,0,0,False,
1786187477.7546072,engram-node04,1454,2B2EC3ABA0721406ACEC23F5B6C3FBBBFC076E7E57D86D01959EFC21F3A2A66A,False,SOVEREIGN,0,0,False,
1786187479.76627,engram-node01,1456,C49787EA81828F700FFB698ED4922C7A4EB55E7D75BA19732FB9504AE2FA914B,False,SOVEREIGN,0,0,False,
1786187479.7772632,engram-node02,1456,C49787EA81828F700FFB698ED4922C7A4EB55E7D75BA19732FB9504AE2FA914B,False,SOVEREIGN,0,0,False,
1786187479.794485,engram-node03,1456,C49787EA81828F700FFB698ED4922C7A4EB55E7D75BA19732FB9504AE2FA914B,False,SOVEREIGN,0,0,False,
1786187479.802382,engram-node04,1456,C49787EA81828F700FFB698ED4922C7A4EB55E7D75BA19732FB9504AE2FA914B,False,SOVEREIGN,0,0,False,
1786187481.824182,engram-node01,1456,C49787EA81828F700FFB698ED4922C7A4EB55E7D75BA19732FB9504AE2FA914B,False,SOVEREIGN,0,0,False,
1786187481.832847,engram-node02,1456,C49787EA81828F700FFB698ED4922C7A4EB55E7D75BA19732FB9504AE2FA914B,False,SOVEREIGN,0,0,False,
1786187481.83667,engram-node03,1456,C49787EA81828F700FFB698ED4922C7A4EB55E7D75BA19732FB9504AE2FA914B,False,SOVEREIGN,0,0,False,
1786187481.8410869,engram-node04,1456,C49787EA81828F700FFB698ED4922C7A4EB55E7D75BA19732FB9504AE2FA914B,False,SOVEREIGN,0,0,False,
1786187483.850959,engram-node01,1458,EA78E930D02A94696A0EC929EEB3BE324107701B257D19D9F38DBC728F9F5859,False,SOVEREIGN,0,0,False,
1786187483.858698,engram-node02,1458,EA78E930D02A94696A0EC929EEB3BE324107701B257D19D9F38DBC728F9F5859,False,SOVEREIGN,0,0,False,
1786187483.866766,engram-node03,1458,EA78E930D02A94696A0EC929EEB3BE324107701B257D19D9F38DBC728F9F5859,False,SOVEREIGN,0,0,False,
1786187483.8741062,engram-node04,1458,EA78E930D02A94696A0EC929EEB3BE324107701B257D19D9F38DBC728F9F5859,False,SOVEREIGN,0,0,False,
1786187485.878718,engram-node01,1459,FE2BC14F5DC294909DF25CA04D5F5868FF0FF375C7F7EBDF407C08083E3FF8E5,False,SOVEREIGN,0,0,False,
1786187485.884096,engram-node02,1459,FE2BC14F5DC294909DF25CA04D5F5868FF0FF375C7F7EBDF407C08083E3FF8E5,False,SOVEREIGN,0,0,False,
1786187485.889245,engram-node03,1459,FE2BC14F5DC294909DF25CA04D5F5868FF0FF375C7F7EBDF407C08083E3FF8E5,False,SOVEREIGN,0,0,False,
1786187485.8934321,engram-node04,1459,FE2BC14F5DC294909DF25CA04D5F5868FF0FF375C7F7EBDF407C08083E3FF8E5,False,SOVEREIGN,0,0,False,
1786187487.90348,engram-node01,1460,69400FAD94BF06CB3B0490D3EC60DAC57264F377E05B261589124F1E114BA9ED,False,SOVEREIGN,0,0,False,
1786187488.199088,engram-node02,1460,69400FAD94BF06CB3B0490D3EC60DAC57264F377E05B261589124F1E114BA9ED,False,SOVEREIGN,0,0,False,
1786187488.213003,engram-node03,1460,69400FAD94BF06CB3B0490D3EC60DAC57264F377E05B261589124F1E114BA9ED,False,SOVEREIGN,0,0,False,
1786187488.230958,engram-node04,1460,69400FAD94BF06CB3B0490D3EC60DAC57264F377E05B261589124F1E114BA9ED,False,SOVEREIGN,0,0,False,
1786187490.286195,engram-node01,1462,05EC03C42E8A37D8AE0C34930FEB97F7E7C365C77D9E56022EC3956F7F741D9F,False,SOVEREIGN,0,0,False,
1786187490.2913349,engram-node02,1462,05EC03C42E8A37D8AE0C34930FEB97F7E7C365C77D9E56022EC3956F7F741D9F,False,SOVEREIGN,0,0,False,
1786187490.2961411,engram-node03,1462,05EC03C42E8A37D8AE0C34930FEB97F7E7C365C77D9E56022EC3956F7F741D9F,False,SOVEREIGN,0,0,False,
1786187490.299892,engram-node04,1462,05EC03C42E8A37D8AE0C34930FEB97F7E7C365C77D9E56022EC3956F7F741D9F,False,SOVEREIGN,0,0,False,
1786187492.3091688,engram-node01,1463,7A7391F19DB3C1A7F3D7967F96E6E8E8238477C87EB3E98310204F880B639929,False,SOVEREIGN,0,0,False,
1786187492.572223,engram-node02,1463,7A7391F19DB3C1A7F3D7967F96E6E8E8238477C87EB3E98310204F880B639929,False,SOVEREIGN,0,0,False,
1786187492.5789068,engram-node03,1463,7A7391F19DB3C1A7F3D7967F96E6E8E8238477C87EB3E98310204F880B639929,False,SOVEREIGN,0,0,False,
1786187492.587083,engram-node04,1463,7A7391F19DB3C1A7F3D7967F96E6E8E8238477C87EB3E98310204F880B639929,False,SOVEREIGN,0,0,False,
1786187494.6062698,engram-node01,1464,B103751CA29952A308695029E9D3628C425448C78ADB332D8690F88FA4FCBDEE,False,SOVEREIGN,0,0,False,
1786187494.614804,engram-node02,1464,B103751CA29952A308695029E9D3628C425448C78ADB332D8690F88FA4FCBDEE,False,SOVEREIGN,0,0,False,
1786187494.622252,engram-node03,1464,B103751CA29952A308695029E9D3628C425448C78ADB332D8690F88FA4FCBDEE,False,SOVEREIGN,0,0,False,
1786187494.6270761,engram-node04,1464,B103751CA29952A308695029E9D3628C425448C78ADB332D8690F88FA4FCBDEE,False,SOVEREIGN,0,0,False,
1786187496.6382778,engram-node01,1465,C0C957F62875B74D397AA9E5D88321FEB242ACA1114D97AA660ECF0D12203456,False,SOVEREIGN,0,0,False,
1786187496.644995,engram-node02,1465,C0C957F62875B74D397AA9E5D88321FEB242ACA1114D97AA660ECF0D12203456,False,SOVEREIGN,0,0,False,
1786187496.6522381,engram-node03,1465,C0C957F62875B74D397AA9E5D88321FEB242ACA1114D97AA660ECF0D12203456,False,SOVEREIGN,0,0,False,
1786187496.6583538,engram-node04,1465,C0C957F62875B74D397AA9E5D88321FEB242ACA1114D97AA660ECF0D12203456,False,SOVEREIGN,0,0,False,
1786187498.670487,engram-node01,1467,43B50D2B37DC09DDA716D88FAA6677013CE5CC328E6DDF0FB5A6B8E5243800A0,False,SOVEREIGN,0,0,False,
1786187498.676872,engram-node02,1467,43B50D2B37DC09DDA716D88FAA6677013CE5CC328E6DDF0FB5A6B8E5243800A0,False,SOVEREIGN,0,0,False,
1786187498.684142,engram-node03,1467,43B50D2B37DC09DDA716D88FAA6677013CE5CC328E6DDF0FB5A6B8E5243800A0,False,SOVEREIGN,0,0,False,
1786187498.6901271,engram-node04,1467,43B50D2B37DC09DDA716D88FAA6677013CE5CC328E6DDF0FB5A6B8E5243800A0,False,SOVEREIGN,0,0,False,
1786187500.699512,engram-node01,1468,C8B1A5E07A50ADF59B95E1BD2E92293027E512C58B0E4978B62C2A832BD8D085,False,SOVEREIGN,0,0,False,
1786187500.7064068,engram-node02,1468,C8B1A5E07A50ADF59B95E1BD2E92293027E512C58B0E4978B62C2A832BD8D085,False,SOVEREIGN,0,0,False,
1786187500.7112582,engram-node03,1468,C8B1A5E07A50ADF59B95E1BD2E92293027E512C58B0E4978B62C2A832BD8D085,False,SOVEREIGN,0,0,False,
1786187500.738745,engram-node04,1468,C8B1A5E07A50ADF59B95E1BD2E92293027E512C58B0E4978B62C2A832BD8D085,False,SOVEREIGN,0,0,False,
1786187502.751721,engram-node01,1469,56DD54EA7D608DE3AA7A4B9D09658F8E10465BCE01AE537EAF37E6DC1C67DE9A,False,SOVEREIGN,0,0,False,
1786187502.763851,engram-node02,1469,56DD54EA7D608DE3AA7A4B9D09658F8E10465BCE01AE537EAF37E6DC1C67DE9A,False,SOVEREIGN,0,0,False,
1786187502.7737348,engram-node03,1469,56DD54EA7D608DE3AA7A4B9D09658F8E10465BCE01AE537EAF37E6DC1C67DE9A,False,SOVEREIGN,0,0,False,
1786187502.780258,engram-node04,1469,56DD54EA7D608DE3AA7A4B9D09658F8E10465BCE01AE537EAF37E6DC1C67DE9A,False,SOVEREIGN,0,0,False,
1786187504.787337,engram-node01,1471,D6356BE13B2302C61A4B2F886F902559A5399F962E516AF0D33C468CF6CCC804,False,SOVEREIGN,0,0,False,
1786187504.793945,engram-node02,1471,D6356BE13B2302C61A4B2F886F902559A5399F962E516AF0D33C468CF6CCC804,False,SOVEREIGN,0,0,False,
1786187504.798305,engram-node03,1471,D6356BE13B2302C61A4B2F886F902559A5399F962E516AF0D33C468CF6CCC804,False,SOVEREIGN,0,0,False,
1786187504.802748,engram-node04,1471,D6356BE13B2302C61A4B2F886F902559A5399F962E516AF0D33C468CF6CCC804,False,SOVEREIGN,0,0,False,
1786187506.8185432,engram-node01,1472,FF87901E721B2BF6F85D1706DEF31759BA6458DF7AD000F959D147AB057327FC,False,SOVEREIGN,0,0,False,
1786187506.829476,engram-node02,1472,FF87901E721B2BF6F85D1706DEF31759BA6458DF7AD000F959D147AB057327FC,False,SOVEREIGN,0,0,False,
1786187506.837101,engram-node03,1472,FF87901E721B2BF6F85D1706DEF31759BA6458DF7AD000F959D147AB057327FC,False,SOVEREIGN,0,0,False,
1786187506.843233,engram-node04,1472,FF87901E721B2BF6F85D1706DEF31759BA6458DF7AD000F959D147AB057327FC,False,SOVEREIGN,0,0,False,
1786187508.856537,engram-node01,1473,59E37513165B53C77F443D7E690DB41D1FEC7E1C4C675D991A97F8E9BBCE1E52,False,SOVEREIGN,0,0,False,
1786187508.86693,engram-node02,1473,59E37513165B53C77F443D7E690DB41D1FEC7E1C4C675D991A97F8E9BBCE1E52,False,SOVEREIGN,0,0,False,
1786187508.873146,engram-node03,1473,59E37513165B53C77F443D7E690DB41D1FEC7E1C4C675D991A97F8E9BBCE1E52,False,SOVEREIGN,0,0,False,
1786187508.879649,engram-node04,1473,59E37513165B53C77F443D7E690DB41D1FEC7E1C4C675D991A97F8E9BBCE1E52,False,SOVEREIGN,0,0,False,
1786187510.887306,engram-node01,1474,57C2094F7DFFA54B5810785AEA4F5F145E77D74BFD9654085C7425AA11FB53D3,False,SOVEREIGN,0,0,False,
1786187511.1021461,engram-node02,1475,97BE1A8AD3575237A0BA481CF76D4D95F1C318B5B7CF273A27F661291DDFF644,False,SOVEREIGN,0,0,False,
1786187511.1076102,engram-node03,1475,97BE1A8AD3575237A0BA481CF76D4D95F1C318B5B7CF273A27F661291DDFF644,False,SOVEREIGN,0,0,False,
1786187511.112181,engram-node04,1475,97BE1A8AD3575237A0BA481CF76D4D95F1C318B5B7CF273A27F661291DDFF644,False,SOVEREIGN,0,0,False,
1786187513.116767,engram-node01,1476,FD420AC9FC0FB8B303A4E80407346BAD86E8EE51125B2FBCA1D14ECDD6B0381D,False,SOVEREIGN,0,0,False,
1786187513.126154,engram-node02,1476,FD420AC9FC0FB8B303A4E80407346BAD86E8EE51125B2FBCA1D14ECDD6B0381D,False,SOVEREIGN,0,0,False,
1786187513.131598,engram-node03,1476,FD420AC9FC0FB8B303A4E80407346BAD86E8EE51125B2FBCA1D14ECDD6B0381D,False,SOVEREIGN,0,0,False,
1786187513.136437,engram-node04,1476,FD420AC9FC0FB8B303A4E80407346BAD86E8EE51125B2FBCA1D14ECDD6B0381D,False,SOVEREIGN,0,0,False,
1786187515.1443882,engram-node01,1477,5048126E1074312236CD850D308E50E77A53C4BD75D52605E821DC6C38D8C508,False,SOVEREIGN,0,0,False,
1786187515.156409,engram-node02,1477,5048126E1074312236CD850D308E50E77A53C4BD75D52605E821DC6C38D8C508,False,SOVEREIGN,0,0,False,
1786187515.164473,engram-node03,1477,5048126E1074312236CD850D308E50E77A53C4BD75D52605E821DC6C38D8C508,False,SOVEREIGN,0,0,False,
1786187515.1696692,engram-node04,1477,5048126E1074312236CD850D308E50E77A53C4BD75D52605E821DC6C38D8C508,False,SOVEREIGN,0,0,False,
1786187517.179745,engram-node01,1478,1F1641192EB31020BD06E28F933114EF3B1A8C529C2527E53EFE1BB1351D125A,False,SOVEREIGN,0,0,False,
1786187517.1844668,engram-node02,1478,1F1641192EB31020BD06E28F933114EF3B1A8C529C2527E53EFE1BB1351D125A,False,SOVEREIGN,0,0,False,
1786187517.189704,engram-node03,1478,1F1641192EB31020BD06E28F933114EF3B1A8C529C2527E53EFE1BB1351D125A,False,SOVEREIGN,0,0,False,
1786187517.193752,engram-node04,1479,661A8A10E2C2DDEFC75E855C30CDA633E36BBAFD57917511C15DAB2B6E4F804C,False,SOVEREIGN,0,0,False,
1786187519.198941,engram-node01,1480,99BE006A97A1E477F88FFABF32994F95A4BA285BA42E50C8967A17FED685AE02,False,SOVEREIGN,0,0,False,
1786187519.419018,engram-node02,1480,99BE006A97A1E477F88FFABF32994F95A4BA285BA42E50C8967A17FED685AE02,False,SOVEREIGN,0,0,False,
1786187519.427943,engram-node03,1480,99BE006A97A1E477F88FFABF32994F95A4BA285BA42E50C8967A17FED685AE02,False,SOVEREIGN,0,0,False,
1786187519.435091,engram-node04,1480,99BE006A97A1E477F88FFABF32994F95A4BA285BA42E50C8967A17FED685AE02,False,SOVEREIGN,0,0,False,
1786187521.447288,engram-node01,1481,E5ECB4625CCB0CA7BD58F175B4881CB21786EFE74C2595A480D27FEFE3BD6263,False,SOVEREIGN,0,0,False,
1786187521.456459,engram-node02,1481,E5ECB4625CCB0CA7BD58F175B4881CB21786EFE74C2595A480D27FEFE3BD6263,False,SOVEREIGN,0,0,False,
1786187521.4645078,engram-node03,1481,E5ECB4625CCB0CA7BD58F175B4881CB21786EFE74C2595A480D27FEFE3BD6263,False,SOVEREIGN,0,0,False,
1786187521.470304,engram-node04,1481,E5ECB4625CCB0CA7BD58F175B4881CB21786EFE74C2595A480D27FEFE3BD6263,False,SOVEREIGN,0,0,False,
1786187523.477509,engram-node01,1482,D820E7642383BA79ACAD524C6F7E862C02C48F6B0104938399859F32E9445033,False,SOVEREIGN,0,0,False,
1786187523.4826791,engram-node02,1482,D820E7642383BA79ACAD524C6F7E862C02C48F6B0104938399859F32E9445033,False,SOVEREIGN,0,0,False,
1786187523.487647,engram-node03,1482,D820E7642383BA79ACAD524C6F7E862C02C48F6B0104938399859F32E9445033,False,SOVEREIGN,0,0,False,
1786187523.4915662,engram-node04,1482,D820E7642383BA79ACAD524C6F7E862C02C48F6B0104938399859F32E9445033,False,SOVEREIGN,0,0,False,
1786187525.497407,engram-node01,1484,052536B88F8859897CF9A8F235D582CF36026EF1C4B6AA0B8FED03FEB1AB43F8,False,SOVEREIGN,0,0,False,
1786187525.505991,engram-node02,1484,052536B88F8859897CF9A8F235D582CF36026EF1C4B6AA0B8FED03FEB1AB43F8,False,SOVEREIGN,0,0,False,
1786187525.513011,engram-node03,1484,052536B88F8859897CF9A8F235D582CF36026EF1C4B6AA0B8FED03FEB1AB43F8,False,SOVEREIGN,0,0,False,
1786187525.520064,engram-node04,1484,052536B88F8859897CF9A8F235D582CF36026EF1C4B6AA0B8FED03FEB1AB43F8,False,SOVEREIGN,0,0,False,
1786187527.526494,engram-node01,1484,052536B88F8859897CF9A8F235D582CF36026EF1C4B6AA0B8FED03FEB1AB43F8,False,SOVEREIGN,0,0,False,
1786187527.752457,engram-node02,1484,052536B88F8859897CF9A8F235D582CF36026EF1C4B6AA0B8FED03FEB1AB43F8,False,SOVEREIGN,0,0,False,
1786187527.7569861,engram-node03,1484,052536B88F8859897CF9A8F235D582CF36026EF1C4B6AA0B8FED03FEB1AB43F8,False,SOVEREIGN,0,0,False,
1786187527.761989,engram-node04,1484,052536B88F8859897CF9A8F235D582CF36026EF1C4B6AA0B8FED03FEB1AB43F8,False,SOVEREIGN,0,0,False,
1786187529.7719512,engram-node01,1486,1455975BFD044EDD3A91B20B17EA760CB2174CE2E4E30BBB9A86932CE44AC4D3,False,SOVEREIGN,0,0,False,
1786187529.783419,engram-node02,1486,1455975BFD044EDD3A91B20B17EA760CB2174CE2E4E30BBB9A86932CE44AC4D3,False,SOVEREIGN,0,0,False,
1786187529.790009,engram-node03,1486,1455975BFD044EDD3A91B20B17EA760CB2174CE2E4E30BBB9A86932CE44AC4D3,False,SOVEREIGN,0,0,False,
1786187529.795106,engram-node04,1486,1455975BFD044EDD3A91B20B17EA760CB2174CE2E4E30BBB9A86932CE44AC4D3,False,SOVEREIGN,0,0,False,
1786187531.801436,engram-node01,1488,AE15A38B92B4AB664ECDD60FC4A53DF60863DBAA718F47DEE5FDE2958EF1E47F,False,SOVEREIGN,0,0,False,
1786187531.808584,engram-node02,1488,AE15A38B92B4AB664ECDD60FC4A53DF60863DBAA718F47DEE5FDE2958EF1E47F,False,SOVEREIGN,0,0,False,
1786187531.815426,engram-node03,1488,AE15A38B92B4AB664ECDD60FC4A53DF60863DBAA718F47DEE5FDE2958EF1E47F,False,SOVEREIGN,0,0,False,
1786187531.823424,engram-node04,1488,AE15A38B92B4AB664ECDD60FC4A53DF60863DBAA718F47DEE5FDE2958EF1E47F,False,SOVEREIGN,0,0,False,
1786187533.8311849,engram-node01,1488,AE15A38B92B4AB664ECDD60FC4A53DF60863DBAA718F47DEE5FDE2958EF1E47F,False,SOVEREIGN,0,0,False,
1786187533.841207,engram-node02,1488,AE15A38B92B4AB664ECDD60FC4A53DF60863DBAA718F47DEE5FDE2958EF1E47F,False,SOVEREIGN,0,0,False,
1786187533.847182,engram-node03,1488,AE15A38B92B4AB664ECDD60FC4A53DF60863DBAA718F47DEE5FDE2958EF1E47F,False,SOVEREIGN,0,0,False,
1786187533.896943,engram-node04,1488,AE15A38B92B4AB664ECDD60FC4A53DF60863DBAA718F47DEE5FDE2958EF1E47F,False,SOVEREIGN,0,0,False,
1786187535.906425,engram-node01,1490,D223DA4436FFB428955CF0ECE7B03FB6C21FA47EEDC632F2FE6C22BEDDF3B092,False,SOVEREIGN,0,0,False,
1786187535.911944,engram-node02,1490,D223DA4436FFB428955CF0ECE7B03FB6C21FA47EEDC632F2FE6C22BEDDF3B092,False,SOVEREIGN,0,0,False,
1786187535.916608,engram-node03,1490,D223DA4436FFB428955CF0ECE7B03FB6C21FA47EEDC632F2FE6C22BEDDF3B092,False,SOVEREIGN,0,0,False,
1786187535.9206998,engram-node04,1490,D223DA4436FFB428955CF0ECE7B03FB6C21FA47EEDC632F2FE6C22BEDDF3B092,False,SOVEREIGN,0,0,False,
1786187537.924126,engram-node01,1491,0624F8611A2EEB1EB1E9D46A9206F80FA48FD7FBEA28ECFCD17CE11F51FEFA85,False,SOVEREIGN,0,0,False,
1786187538.1442618,engram-node02,1492,C82AED66E5AEB289199B314561054C80A4B1DA61E8A14FF65CF1901741DCEED9,False,SOVEREIGN,0,0,False,
1786187538.148938,engram-node03,1492,C82AED66E5AEB289199B314561054C80A4B1DA61E8A14FF65CF1901741DCEED9,False,SOVEREIGN,0,0,False,
1786187538.153742,engram-node04,1492,C82AED66E5AEB289199B314561054C80A4B1DA61E8A14FF65CF1901741DCEED9,False,SOVEREIGN,0,0,False,
1786187540.163007,engram-node01,1492,C82AED66E5AEB289199B314561054C80A4B1DA61E8A14FF65CF1901741DCEED9,False,SOVEREIGN,0,0,False,
1786187540.171218,engram-node02,1492,C82AED66E5AEB289199B314561054C80A4B1DA61E8A14FF65CF1901741DCEED9,False,SOVEREIGN,0,0,False,
1786187540.1758988,engram-node03,1492,C82AED66E5AEB289199B314561054C80A4B1DA61E8A14FF65CF1901741DCEED9,False,SOVEREIGN,0,0,False,
1786187540.179521,engram-node04,1492,C82AED66E5AEB289199B314561054C80A4B1DA61E8A14FF65CF1901741DCEED9,False,SOVEREIGN,0,0,False,
1786187542.1882071,engram-node01,1494,F01DD6C3267751233B088260AF37081FE505509975B24B599BD9B06E40D4EDF4,False,SOVEREIGN,0,0,False,
1786187542.197836,engram-node02,1494,F01DD6C3267751233B088260AF37081FE505509975B24B599BD9B06E40D4EDF4,False,SOVEREIGN,0,0,False,
1786187542.2055502,engram-node03,1494,F01DD6C3267751233B088260AF37081FE505509975B24B599BD9B06E40D4EDF4,False,SOVEREIGN,0,0,False,
1786187542.211553,engram-node04,1494,F01DD6C3267751233B088260AF37081FE505509975B24B599BD9B06E40D4EDF4,False,SOVEREIGN,0,0,False,
1786187544.221438,engram-node01,1495,C1BD657B543A39C2E26471C11961200F6108025F970B9D54FC8AF55FC2556D0E,False,SOVEREIGN,0,0,False,
1786187544.227453,engram-node02,1495,C1BD657B543A39C2E26471C11961200F6108025F970B9D54FC8AF55FC2556D0E,False,SOVEREIGN,0,0,False,
1786187544.232716,engram-node03,1495,C1BD657B543A39C2E26471C11961200F6108025F970B9D54FC8AF55FC2556D0E,False,SOVEREIGN,0,0,False,
1786187544.2366028,engram-node04,1495,C1BD657B543A39C2E26471C11961200F6108025F970B9D54FC8AF55FC2556D0E,False,SOVEREIGN,0,0,False,
1786187546.2415721,engram-node01,1496,31649C4668943A60035BA031CC7B8F000E8A461E2B80FB23AEE86F00E3633E74,False,SOVEREIGN,0,0,False,
1786187546.2462552,engram-node02,1496,31649C4668943A60035BA031CC7B8F000E8A461E2B80FB23AEE86F00E3633E74,False,SOVEREIGN,0,0,False,
1786187546.2500842,engram-node03,1496,31649C4668943A60035BA031CC7B8F000E8A461E2B80FB23AEE86F00E3633E74,False,SOVEREIGN,0,0,False,
1786187546.254433,engram-node04,1496,31649C4668943A60035BA031CC7B8F000E8A461E2B80FB23AEE86F00E3633E74,False,SOVEREIGN,0,0,False,
1786187548.2600782,engram-node01,1498,19BBB5CCC71B31DE7FB6785009B1ACAF523A438E4890B20330C18DBBC0AB1806,False,SOVEREIGN,0,0,False,
1786187549.2721422,engram-node02,1498,19BBB5CCC71B31DE7FB6785009B1ACAF523A438E4890B20330C18DBBC0AB1806,False,SOVEREIGN,0,0,False,
1786187549.278315,engram-node03,1498,19BBB5CCC71B31DE7FB6785009B1ACAF523A438E4890B20330C18DBBC0AB1806,False,SOVEREIGN,0,0,False,
1786187549.282953,engram-node04,1498,19BBB5CCC71B31DE7FB6785009B1ACAF523A438E4890B20330C18DBBC0AB1806,False,SOVEREIGN,0,0,False,
1786187551.2928488,engram-node01,1499,D886E8A20CD33FC91B7EB9F824BF60FF005E824D75793CEC3D82BBC41542F875,False,SOVEREIGN,0,0,False,
1786187551.33709,engram-node02,1499,D886E8A20CD33FC91B7EB9F824BF60FF005E824D75793CEC3D82BBC41542F875,False,SOVEREIGN,0,0,False,
1786187551.3422332,engram-node03,1499,D886E8A20CD33FC91B7EB9F824BF60FF005E824D75793CEC3D82BBC41542F875,False,SOVEREIGN,0,0,False,
1786187551.346246,engram-node04,1499,D886E8A20CD33FC91B7EB9F824BF60FF005E824D75793CEC3D82BBC41542F875,False,SOVEREIGN,0,0,False,
1786187553.3508952,engram-node01,1501,1383BC375B4462CE4AA50DE6D4E473FE2980E11D825E801818BAC660067081D2,False,SOVEREIGN,0,0,False,
1786187554.357041,engram-node02,1501,1383BC375B4462CE4AA50DE6D4E473FE2980E11D825E801818BAC660067081D2,False,SOVEREIGN,0,0,False,
1786187554.360335,engram-node03,1501,1383BC375B4462CE4AA50DE6D4E473FE2980E11D825E801818BAC660067081D2,False,SOVEREIGN,0,0,False,
1786187554.363497,engram-node04,1501,1383BC375B4462CE4AA50DE6D4E473FE2980E11D825E801818BAC660067081D2,False,SOVEREIGN,0,0,False,
1786187556.372036,engram-node01,1502,EA1A7BF9863FCC73A7F5D25EFF016448D3E2BF9ED01E3B6081AD40D1BE528266,False,SOVEREIGN,0,0,False,
1786187556.3777988,engram-node02,1502,EA1A7BF9863FCC73A7F5D25EFF016448D3E2BF9ED01E3B6081AD40D1BE528266,False,SOVEREIGN,0,0,False,
1786187556.381808,engram-node03,1502,EA1A7BF9863FCC73A7F5D25EFF016448D3E2BF9ED01E3B6081AD40D1BE528266,False,SOVEREIGN,0,0,False,
1786187556.386209,engram-node04,1502,EA1A7BF9863FCC73A7F5D25EFF016448D3E2BF9ED01E3B6081AD40D1BE528266,False,SOVEREIGN,0,0,False,
1786187558.393486,engram-node01,1503,5862B61EFA6C1E521BAF7AE4BA921524C48EB9BFBE674A6F64F52CEA3202992D,False,SOVEREIGN,0,0,False,
1786187558.401087,engram-node02,1503,5862B61EFA6C1E521BAF7AE4BA921524C48EB9BFBE674A6F64F52CEA3202992D,False,SOVEREIGN,0,0,False,
1786187558.4064288,engram-node03,1504,81AD4EC0317C593B12B641EA2D837B15BB5AC3E7F6D6C5A029C24DCB0A10A882,False,SOVEREIGN,0,0,False,
1786187558.4171,engram-node04,1504,81AD4EC0317C593B12B641EA2D837B15BB5AC3E7F6D6C5A029C24DCB0A10A882,False,SOVEREIGN,0,0,False,
1786187560.426719,engram-node01,1504,81AD4EC0317C593B12B641EA2D837B15BB5AC3E7F6D6C5A029C24DCB0A10A882,False,SOVEREIGN,0,0,False,
1786187560.436428,engram-node02,1504,81AD4EC0317C593B12B641EA2D837B15BB5AC3E7F6D6C5A029C24DCB0A10A882,False,SOVEREIGN,0,0,False,
1786187560.443465,engram-node03,1504,81AD4EC0317C593B12B641EA2D837B15BB5AC3E7F6D6C5A029C24DCB0A10A882,False,SOVEREIGN,0,0,False,
1786187560.45025,engram-node04,1504,81AD4EC0317C593B12B641EA2D837B15BB5AC3E7F6D6C5A029C24DCB0A10A882,False,SOVEREIGN,0,0,False,
1786187562.462305,engram-node01,1506,62704120D81F0AB103C8546485C46513038566C3609FA50866FBFE3093D17933,False,SOVEREIGN,0,0,False,
1786187562.471738,engram-node02,1506,62704120D81F0AB103C8546485C46513038566C3609FA50866FBFE3093D17933,False,SOVEREIGN,0,0,False,
1786187562.478291,engram-node03,1506,62704120D81F0AB103C8546485C46513038566C3609FA50866FBFE3093D17933,False,SOVEREIGN,0,0,False,
1786187562.4833012,engram-node04,1506,62704120D81F0AB103C8546485C46513038566C3609FA50866FBFE3093D17933,False,SOVEREIGN,0,0,False,
1786187564.491649,engram-node01,1507,D4A1D6ABDE251BF6079A52F258892A200E21F6CFC3CC2BA0D62D29A9BFDDD9CB,False,SOVEREIGN,0,0,False,
1786187564.502221,engram-node02,1507,D4A1D6ABDE251BF6079A52F258892A200E21F6CFC3CC2BA0D62D29A9BFDDD9CB,False,SOVEREIGN,0,0,False,
1786187564.510203,engram-node03,1507,D4A1D6ABDE251BF6079A52F258892A200E21F6CFC3CC2BA0D62D29A9BFDDD9CB,False,SOVEREIGN,0,0,False,
1786187564.515211,engram-node04,1507,D4A1D6ABDE251BF6079A52F258892A200E21F6CFC3CC2BA0D62D29A9BFDDD9CB,False,SOVEREIGN,0,0,False,
1786187566.525526,engram-node01,1508,ACFC574E05C1031802360FE90EFAF93A9486D58A67A1E26CCE983B1696226015,False,SOVEREIGN,0,0,False,
1786187566.529418,engram-node02,1508,ACFC574E05C1031802360FE90EFAF93A9486D58A67A1E26CCE983B1696226015,False,SOVEREIGN,0,0,False,
1786187566.53304,engram-node03,1508,ACFC574E05C1031802360FE90EFAF93A9486D58A67A1E26CCE983B1696226015,False,SOVEREIGN,0,0,False,
1786187566.538341,engram-node04,1508,ACFC574E05C1031802360FE90EFAF93A9486D58A67A1E26CCE983B1696226015,False,SOVEREIGN,0,0,False,
1786187568.542092,engram-node01,1509,CC385B2CB378774C82F529DCF49C69A946EFAFE51E7F761FC6BBDD8B5FB240B4,False,SOVEREIGN,0,0,False,
1786187568.5527701,engram-node02,1509,CC385B2CB378774C82F529DCF49C69A946EFAFE51E7F761FC6BBDD8B5FB240B4,False,SOVEREIGN,0,0,False,
1786187568.5601149,engram-node03,1509,CC385B2CB378774C82F529DCF49C69A946EFAFE51E7F761FC6BBDD8B5FB240B4,False,SOVEREIGN,0,0,False,
1786187568.566472,engram-node04,1509,CC385B2CB378774C82F529DCF49C69A946EFAFE51E7F761FC6BBDD8B5FB240B4,False,SOVEREIGN,0,0,False,
1786187570.573285,engram-node01,1511,09B778D389BD5C0FAAB2705AB4227BB7ECC5E59BE3A1C0777A9B20887BE64285,False,SOVEREIGN,0,0,False,
1786187570.8515358,engram-node02,1511,09B778D389BD5C0FAAB2705AB4227BB7ECC5E59BE3A1C0777A9B20887BE64285,False,SOVEREIGN,0,0,False,
1786187570.867242,engram-node03,1511,09B778D389BD5C0FAAB2705AB4227BB7ECC5E59BE3A1C0777A9B20887BE64285,False,SOVEREIGN,0,0,False,
1786187570.873485,engram-node04,1511,09B778D389BD5C0FAAB2705AB4227BB7ECC5E59BE3A1C0777A9B20887BE64285,False,SOVEREIGN,0,0,False,
1786187572.882866,engram-node01,1512,2C3FB15A2CABD04A7FB482ED1FC83C0490A0F0E24FC6FE0CE866373BE4C63842,False,SOVEREIGN,0,0,False,
1786187572.886834,engram-node02,1512,2C3FB15A2CABD04A7FB482ED1FC83C0490A0F0E24FC6FE0CE866373BE4C63842,False,SOVEREIGN,0,0,False,
1786187572.889636,engram-node03,1512,2C3FB15A2CABD04A7FB482ED1FC83C0490A0F0E24FC6FE0CE866373BE4C63842,False,SOVEREIGN,0,0,False,
1786187572.892213,engram-node04,1512,2C3FB15A2CABD04A7FB482ED1FC83C0490A0F0E24FC6FE0CE866373BE4C63842,False,SOVEREIGN,0,0,False,
1786187574.8999739,engram-node01,1513,1D7A99D4E4943398BD2162CA313320FE3980B441F28CBFA746691BE255256348,False,SOVEREIGN,0,0,False,
1786187574.9079611,engram-node02,1513,1D7A99D4E4943398BD2162CA313320FE3980B441F28CBFA746691BE255256348,False,SOVEREIGN,0,0,False,
1786187574.914657,engram-node03,1513,1D7A99D4E4943398BD2162CA313320FE3980B441F28CBFA746691BE255256348,False,SOVEREIGN,0,0,False,
1786187574.921468,engram-node04,1513,1D7A99D4E4943398BD2162CA313320FE3980B441F28CBFA746691BE255256348,False,SOVEREIGN,0,0,False,
1786187576.92896,engram-node01,1515,D49856D5F00CB01757463544891AE81FCFA2023A2CC5345F6581FF0D1EBDD18D,False,SOVEREIGN,0,0,False,
1786187577.935678,engram-node02,1515,D49856D5F00CB01757463544891AE81FCFA2023A2CC5345F6581FF0D1EBDD18D,False,SOVEREIGN,0,0,False,
1786187577.9415941,engram-node03,1515,D49856D5F00CB01757463544891AE81FCFA2023A2CC5345F6581FF0D1EBDD18D,False,SOVEREIGN,0,0,False,
1786187577.9475799,engram-node04,1515,D49856D5F00CB01757463544891AE81FCFA2023A2CC5345F6581FF0D1EBDD18D,False,SOVEREIGN,0,0,False,
1786187579.9585202,engram-node01,1516,61DCB662E2EF9039AE0564510E8255FC07CCD837374108EB50C522A836079CC1,False,SOVEREIGN,0,0,False,
1786187579.968276,engram-node02,1516,61DCB662E2EF9039AE0564510E8255FC07CCD837374108EB50C522A836079CC1,False,SOVEREIGN,0,0,False,
1786187579.974415,engram-node03,1516,61DCB662E2EF9039AE0564510E8255FC07CCD837374108EB50C522A836079CC1,False,SOVEREIGN,0,0,False,
1786187579.982489,engram-node04,1516,61DCB662E2EF9039AE0564510E8255FC07CCD837374108EB50C522A836079CC1,False,SOVEREIGN,0,0,False,
1786187581.988966,engram-node01,1517,C1F2BDE105153BDF7BBDE5CEAFD55CBB0810CE0C542F4EB83393AFE5D8F3B92B,False,SOVEREIGN,0,0,False,
1786187582.998455,engram-node02,1518,579D643904EE7FC4AC9A27E98DD907D5A8695F641425888325D190966E7A73B8,False,SOVEREIGN,0,0,False,
1786187583.004918,engram-node03,1518,579D643904EE7FC4AC9A27E98DD907D5A8695F641425888325D190966E7A73B8,False,SOVEREIGN,0,0,False,
1786187583.008641,engram-node04,1518,579D643904EE7FC4AC9A27E98DD907D5A8695F641425888325D190966E7A73B8,False,SOVEREIGN,0,0,False,
1786187585.016533,engram-node01,1520,544B853A653668E758CA3E018CCC21779DE771BD480CF4A7477625CFF7D5B42C,False,SOVEREIGN,0,0,False,
1786187586.236372,engram-node02,1520,544B853A653668E758CA3E018CCC21779DE771BD480CF4A7477625CFF7D5B42C,False,SOVEREIGN,0,0,False,
1786187586.245782,engram-node03,1520,544B853A653668E758CA3E018CCC21779DE771BD480CF4A7477625CFF7D5B42C,False,SOVEREIGN,0,0,False,
1786187586.2518332,engram-node04,1520,544B853A653668E758CA3E018CCC21779DE771BD480CF4A7477625CFF7D5B42C,False,SOVEREIGN,0,0,False,
1786187588.261724,engram-node01,1521,3C8877CD39441454CD8710EB8B8FCEFA97C66D4FD885F1518FFC92D21D2D24E1,False,SOVEREIGN,0,0,False,
1786187588.2716951,engram-node02,1521,3C8877CD39441454CD8710EB8B8FCEFA97C66D4FD885F1518FFC92D21D2D24E1,False,SOVEREIGN,0,0,False,
1786187588.277981,engram-node03,1521,3C8877CD39441454CD8710EB8B8FCEFA97C66D4FD885F1518FFC92D21D2D24E1,False,SOVEREIGN,0,0,False,
1786187588.2825248,engram-node04,1521,3C8877CD39441454CD8710EB8B8FCEFA97C66D4FD885F1518FFC92D21D2D24E1,False,SOVEREIGN,0,0,False,
1786187590.2891798,engram-node01,1523,E961E55CA54ECDD5E7ECC1E3CCA9CE5DF211F8FEC176057035E4EC8DD906FACD,False,SOVEREIGN,0,0,False,
1786187591.2957451,engram-node02,1523,E961E55CA54ECDD5E7ECC1E3CCA9CE5DF211F8FEC176057035E4EC8DD906FACD,False,SOVEREIGN,0,0,False,
1786187591.301219,engram-node03,1523,E961E55CA54ECDD5E7ECC1E3CCA9CE5DF211F8FEC176057035E4EC8DD906FACD,False,SOVEREIGN,0,0,False,
1786187591.3059452,engram-node04,1523,E961E55CA54ECDD5E7ECC1E3CCA9CE5DF211F8FEC176057035E4EC8DD906FACD,False,SOVEREIGN,0,0,False,
1786187593.311618,engram-node01,1524,485183B8C3EF1C078CA96B9D6416083BA51472ADECBE7EB43A5EA5735A1D1CD6,False,SOVEREIGN,0,0,False,
1786187593.31687,engram-node02,1524,485183B8C3EF1C078CA96B9D6416083BA51472ADECBE7EB43A5EA5735A1D1CD6,False,SOVEREIGN,0,0,False,
1786187593.321126,engram-node03,1524,485183B8C3EF1C078CA96B9D6416083BA51472ADECBE7EB43A5EA5735A1D1CD6,False,SOVEREIGN,0,0,False,
1786187593.324599,engram-node04,1524,485183B8C3EF1C078CA96B9D6416083BA51472ADECBE7EB43A5EA5735A1D1CD6,False,SOVEREIGN,0,0,False,
1786187595.329225,engram-node01,1525,4751CCFA6533A3093855906B4AE2792838AD94E2C6C0CBF03883A75598D7BE9B,False,SOVEREIGN,0,0,False,
1786187595.7439628,engram-node02,1525,4751CCFA6533A3093855906B4AE2792838AD94E2C6C0CBF03883A75598D7BE9B,False,SOVEREIGN,0,0,False,
1786187595.749894,engram-node03,1525,4751CCFA6533A3093855906B4AE2792838AD94E2C6C0CBF03883A75598D7BE9B,False,SOVEREIGN,0,0,False,
1786187595.754812,engram-node04,1525,4751CCFA6533A3093855906B4AE2792838AD94E2C6C0CBF03883A75598D7BE9B,False,SOVEREIGN,0,0,False,
1786187597.7634938,engram-node01,1527,86218971A74E25284222E7F0E27986A34B6F603214A177AC871C6DA7FD0B97FD,False,SOVEREIGN,0,0,False,
1786187597.771412,engram-node02,1527,86218971A74E25284222E7F0E27986A34B6F603214A177AC871C6DA7FD0B97FD,False,SOVEREIGN,0,0,False,
1786187597.775983,engram-node03,1527,86218971A74E25284222E7F0E27986A34B6F603214A177AC871C6DA7FD0B97FD,False,SOVEREIGN,0,0,False,
1786187597.780621,engram-node04,1527,86218971A74E25284222E7F0E27986A34B6F603214A177AC871C6DA7FD0B97FD,False,SOVEREIGN,0,0,False,
1786187599.7902231,engram-node01,1528,5358B903C575E1C7C3B4DD069BD51C5DDA68222A43678BD96B5E4E65F622B611,False,SOVEREIGN,0,0,False,
1786187599.7949362,engram-node02,1528,5358B903C575E1C7C3B4DD069BD51C5DDA68222A43678BD96B5E4E65F622B611,False,SOVEREIGN,0,0,False,
1786187599.798483,engram-node03,1528,5358B903C575E1C7C3B4DD069BD51C5DDA68222A43678BD96B5E4E65F622B611,False,SOVEREIGN,0,0,False,
1786187599.8015082,engram-node04,1528,5358B903C575E1C7C3B4DD069BD51C5DDA68222A43678BD96B5E4E65F622B611,False,SOVEREIGN,0,0,False,
1786187601.805245,engram-node01,1529,E4B16CF0ED4E169FC5E21857C50A2D4CF9D00DCE2762DC199AF56900D19D74EA,False,SOVEREIGN,0,0,False,
1786187601.811459,engram-node02,1529,E4B16CF0ED4E169FC5E21857C50A2D4CF9D00DCE2762DC199AF56900D19D74EA,False,SOVEREIGN,0,0,False,
1786187601.815865,engram-node03,1529,E4B16CF0ED4E169FC5E21857C50A2D4CF9D00DCE2762DC199AF56900D19D74EA,False,SOVEREIGN,0,0,False,
1786187601.819765,engram-node04,1529,E4B16CF0ED4E169FC5E21857C50A2D4CF9D00DCE2762DC199AF56900D19D74EA,False,SOVEREIGN,0,0,False,
1786187603.8240309,engram-node01,1530,6E695D237297683ABB5272F55244FEC4A441968302A9E8A91D7C0CEE08594FA7,False,SOVEREIGN,0,0,False,
1786187604.834116,engram-node02,1531,9D70358EB3B9A5DBEDB80A3C5741E6BCFAE44E4ED7D85617BEFC39ABDF29ED35,False,SOVEREIGN,0,0,False,
1786187604.838751,engram-node03,1531,9D70358EB3B9A5DBEDB80A3C5741E6BCFAE44E4ED7D85617BEFC39ABDF29ED35,False,SOVEREIGN,0,0,False,
1786187604.842602,engram-node04,1531,9D70358EB3B9A5DBEDB80A3C5741E6BCFAE44E4ED7D85617BEFC39ABDF29ED35,False,SOVEREIGN,0,0,False,
1786187606.84696,engram-node01,1532,1A86BBED328E38ECEF69044B528E729BFBAC1FD8EEB1BAA90EE9BDF865C243B8,False,SOVEREIGN,0,0,False,
1786187606.851849,engram-node02,1532,1A86BBED328E38ECEF69044B528E729BFBAC1FD8EEB1BAA90EE9BDF865C243B8,False,SOVEREIGN,0,0,False,
1786187606.856375,engram-node03,1532,1A86BBED328E38ECEF69044B528E729BFBAC1FD8EEB1BAA90EE9BDF865C243B8,False,SOVEREIGN,0,0,False,
1786187606.859958,engram-node04,1532,1A86BBED328E38ECEF69044B528E729BFBAC1FD8EEB1BAA90EE9BDF865C243B8,False,SOVEREIGN,0,0,False,
1786187608.868219,engram-node01,1533,3D30F384540843658E4743008150D72E83A3BACF2B4EC2DA797EA10190E83EE1,False,SOVEREIGN,0,0,False,
1786187608.8734322,engram-node02,1533,3D30F384540843658E4743008150D72E83A3BACF2B4EC2DA797EA10190E83EE1,False,SOVEREIGN,0,0,False,
1786187608.876522,engram-node03,1533,3D30F384540843658E4743008150D72E83A3BACF2B4EC2DA797EA10190E83EE1,False,SOVEREIGN,0,0,False,
1786187608.879283,engram-node04,1533,3D30F384540843658E4743008150D72E83A3BACF2B4EC2DA797EA10190E83EE1,False,SOVEREIGN,0,0,False,
1786187610.886962,engram-node01,1534,3569166262C2F2C3A7FE27E41AF36913AED880F03E1135FDD9CAECAA71E8AADD,False,SOVEREIGN,0,0,False,
1786187610.892809,engram-node02,1534,3569166262C2F2C3A7FE27E41AF36913AED880F03E1135FDD9CAECAA71E8AADD,False,SOVEREIGN,0,0,False,
1786187610.897464,engram-node03,1534,3569166262C2F2C3A7FE27E41AF36913AED880F03E1135FDD9CAECAA71E8AADD,False,SOVEREIGN,0,0,False,
1786187610.901323,engram-node04,1534,3569166262C2F2C3A7FE27E41AF36913AED880F03E1135FDD9CAECAA71E8AADD,False,SOVEREIGN,0,0,False,
1786187612.9090428,engram-node01,1536,C861043D7E9B0F5DCD91F802C507F7970BEFA592E38CE251E7A37D6B2BBF4158,False,SOVEREIGN,0,0,False,
1786187612.912619,engram-node02,1536,C861043D7E9B0F5DCD91F802C507F7970BEFA592E38CE251E7A37D6B2BBF4158,False,SOVEREIGN,0,0,False,
1786187612.915444,engram-node03,1536,C861043D7E9B0F5DCD91F802C507F7970BEFA592E38CE251E7A37D6B2BBF4158,False,SOVEREIGN,0,0,False,
1786187612.918606,engram-node04,1536,C861043D7E9B0F5DCD91F802C507F7970BEFA592E38CE251E7A37D6B2BBF4158,False,SOVEREIGN,0,0,False,
1786187614.9273999,engram-node01,1536,C861043D7E9B0F5DCD91F802C507F7970BEFA592E38CE251E7A37D6B2BBF4158,False,SOVEREIGN,0,0,False,
1786187614.9353988,engram-node02,1536,C861043D7E9B0F5DCD91F802C507F7970BEFA592E38CE251E7A37D6B2BBF4158,False,SOVEREIGN,0,0,False,
1786187614.940413,engram-node03,1536,C861043D7E9B0F5DCD91F802C507F7970BEFA592E38CE251E7A37D6B2BBF4158,False,SOVEREIGN,0,0,False,
1786187614.945587,engram-node04,1536,C861043D7E9B0F5DCD91F802C507F7970BEFA592E38CE251E7A37D6B2BBF4158,False,SOVEREIGN,0,0,False,
1786187616.955681,engram-node01,1538,919ABAB201C47355811DB81218A86EA960432968C3161E6D23AE488421E0A500,False,SOVEREIGN,0,0,False,
1786187617.1733708,engram-node02,1538,919ABAB201C47355811DB81218A86EA960432968C3161E6D23AE488421E0A500,False,SOVEREIGN,0,0,False,
1786187617.1771572,engram-node03,1538,919ABAB201C47355811DB81218A86EA960432968C3161E6D23AE488421E0A500,False,SOVEREIGN,0,0,False,
1786187617.180913,engram-node04,1538,919ABAB201C47355811DB81218A86EA960432968C3161E6D23AE488421E0A500,False,SOVEREIGN,0,0,False,
1786187619.185855,engram-node01,1540,647C0A69B43065CE926C83590629DC7756E497AA89AC046DE6AD0C4376802A7A,False,SOVEREIGN,0,0,False,
1786187619.1986618,engram-node02,1540,647C0A69B43065CE926C83590629DC7756E497AA89AC046DE6AD0C4376802A7A,False,SOVEREIGN,0,0,False,
1786187619.204405,engram-node03,1540,647C0A69B43065CE926C83590629DC7756E497AA89AC046DE6AD0C4376802A7A,False,SOVEREIGN,0,0,False,
1786187619.2089732,engram-node04,1540,647C0A69B43065CE926C83590629DC7756E497AA89AC046DE6AD0C4376802A7A,False,SOVEREIGN,0,0,False,
1786187621.213572,engram-node01,1540,647C0A69B43065CE926C83590629DC7756E497AA89AC046DE6AD0C4376802A7A,False,SOVEREIGN,0,0,False,
1786187621.2233531,engram-node02,1540,647C0A69B43065CE926C83590629DC7756E497AA89AC046DE6AD0C4376802A7A,False,SOVEREIGN,0,0,False,
1786187621.229294,engram-node03,1540,647C0A69B43065CE926C83590629DC7756E497AA89AC046DE6AD0C4376802A7A,False,SOVEREIGN,0,0,False,
1786187621.23452,engram-node04,1540,647C0A69B43065CE926C83590629DC7756E497AA89AC046DE6AD0C4376802A7A,False,SOVEREIGN,0,0,False,
1786187623.241337,engram-node01,1542,AD70FE69656D47906FFBF6ACDD78C7457971AA33FFAF96824151564E9AD39300,False,SOVEREIGN,0,0,False,
1786187623.251647,engram-node02,1542,AD70FE69656D47906FFBF6ACDD78C7457971AA33FFAF96824151564E9AD39300,False,SOVEREIGN,0,0,False,
1786187623.257959,engram-node03,1542,AD70FE69656D47906FFBF6ACDD78C7457971AA33FFAF96824151564E9AD39300,False,SOVEREIGN,0,0,False,
1786187623.26283,engram-node04,1542,AD70FE69656D47906FFBF6ACDD78C7457971AA33FFAF96824151564E9AD39300,False,SOVEREIGN,0,0,False,
1786187625.2722518,engram-node01,1543,101BAE03E8563421949D30763BE1E697D2725A3FE8F73E9EC6A0D054452041A4,False,SOVEREIGN,0,0,False,
1786187625.278257,engram-node02,1543,101BAE03E8563421949D30763BE1E697D2725A3FE8F73E9EC6A0D054452041A4,False,SOVEREIGN,0,0,False,
1786187625.283253,engram-node03,1543,101BAE03E8563421949D30763BE1E697D2725A3FE8F73E9EC6A0D054452041A4,False,SOVEREIGN,0,0,False,
1786187625.288795,engram-node04,1543,101BAE03E8563421949D30763BE1E697D2725A3FE8F73E9EC6A0D054452041A4,False,SOVEREIGN,0,0,False,
1786187627.356607,engram-node01,1544,CCB559FDC19967AA623F24AF17E1C99EC5F363226EC7BB9F0506BEB539D8EB22,False,SOVEREIGN,0,0,False,
1786187627.365108,engram-node02,1544,CCB559FDC19967AA623F24AF17E1C99EC5F363226EC7BB9F0506BEB539D8EB22,False,SOVEREIGN,0,0,False,
1786187627.371228,engram-node03,1544,CCB559FDC19967AA623F24AF17E1C99EC5F363226EC7BB9F0506BEB539D8EB22,False,SOVEREIGN,0,0,False,
1786187627.37622,engram-node04,1544,CCB559FDC19967AA623F24AF17E1C99EC5F363226EC7BB9F0506BEB539D8EB22,False,SOVEREIGN,0,0,False,
1786187629.3864498,engram-node01,1545,4C84EAC9E3FE245984F691B4A22682FC28532CA79F8E9F9E4C0B593C6BFB7DB0,False,SOVEREIGN,0,0,False,
1786187629.393516,engram-node02,1545,4C84EAC9E3FE245984F691B4A22682FC28532CA79F8E9F9E4C0B593C6BFB7DB0,False,SOVEREIGN,0,0,False,
1786187629.398038,engram-node03,1545,4C84EAC9E3FE245984F691B4A22682FC28532CA79F8E9F9E4C0B593C6BFB7DB0,False,SOVEREIGN,0,0,False,
1786187629.402213,engram-node04,1545,4C84EAC9E3FE245984F691B4A22682FC28532CA79F8E9F9E4C0B593C6BFB7DB0,False,SOVEREIGN,0,0,False,
1786187631.4086778,engram-node01,1547,AF3CAB4C1FAAC24F85EC22ABA507D2E65E0BBD858CC2F3FF8B66E33630A1E1C8,False,SOVEREIGN,0,0,False,
1786187631.4156191,engram-node02,1547,AF3CAB4C1FAAC24F85EC22ABA507D2E65E0BBD858CC2F3FF8B66E33630A1E1C8,False,SOVEREIGN,0,0,False,
1786187631.420772,engram-node03,1547,AF3CAB4C1FAAC24F85EC22ABA507D2E65E0BBD858CC2F3FF8B66E33630A1E1C8,False,SOVEREIGN,0,0,False,
1786187631.4248981,engram-node04,1547,AF3CAB4C1FAAC24F85EC22ABA507D2E65E0BBD858CC2F3FF8B66E33630A1E1C8,False,SOVEREIGN,0,0,False,
1786187633.432509,engram-node01,1548,011A5E76ABE1DA7EF428E915DB7648D0DB82F1CE87EAE004C71B055AC9342660,False,SOVEREIGN,0,0,False,
1786187633.44047,engram-node02,1548,011A5E76ABE1DA7EF428E915DB7648D0DB82F1CE87EAE004C71B055AC9342660,False,SOVEREIGN,0,0,False,
1786187633.4464378,engram-node03,1548,011A5E76ABE1DA7EF428E915DB7648D0DB82F1CE87EAE004C71B055AC9342660,False,SOVEREIGN,0,0,False,
1786187633.451825,engram-node04,1548,011A5E76ABE1DA7EF428E915DB7648D0DB82F1CE87EAE004C71B055AC9342660,False,SOVEREIGN,0,0,False,
1786187635.467201,engram-node01,1549,5FEBB09A718053C345055468B2F4D3A0892DD639058EFA93F77B0FE7D7D4F014,False,SOVEREIGN,0,0,False,
1786187635.476269,engram-node02,1549,5FEBB09A718053C345055468B2F4D3A0892DD639058EFA93F77B0FE7D7D4F014,False,SOVEREIGN,0,0,False,
1786187635.481955,engram-node03,1549,5FEBB09A718053C345055468B2F4D3A0892DD639058EFA93F77B0FE7D7D4F014,False,SOVEREIGN,0,0,False,
1786187635.486582,engram-node04,1549,5FEBB09A718053C345055468B2F4D3A0892DD639058EFA93F77B0FE7D7D4F014,False,SOVEREIGN,0,0,False,
1786187637.495883,engram-node01,1550,6B4E189B6CDABC8C50EC811E5CF26A5E9A5EAD43F8B44428E108AEBD9D7EE78E,False,SOVEREIGN,0,0,False,
1786187637.5017788,engram-node02,1550,6B4E189B6CDABC8C50EC811E5CF26A5E9A5EAD43F8B44428E108AEBD9D7EE78E,False,SOVEREIGN,0,0,False,
1786187637.507599,engram-node03,1550,6B4E189B6CDABC8C50EC811E5CF26A5E9A5EAD43F8B44428E108AEBD9D7EE78E,False,SOVEREIGN,0,0,False,
1786187637.512892,engram-node04,1550,6B4E189B6CDABC8C50EC811E5CF26A5E9A5EAD43F8B44428E108AEBD9D7EE78E,False,SOVEREIGN,0,0,False,
1786187639.520025,engram-node01,1552,8F6AE74B8451FAC78C87C4D6688B230B2D7D02E45AAED5C53C529602EA8AFDA3,False,SOVEREIGN,0,0,False,
1786187639.529759,engram-node02,1552,8F6AE74B8451FAC78C87C4D6688B230B2D7D02E45AAED5C53C529602EA8AFDA3,False,SOVEREIGN,0,0,False,
1786187639.537442,engram-node03,1552,8F6AE74B8451FAC78C87C4D6688B230B2D7D02E45AAED5C53C529602EA8AFDA3,False,SOVEREIGN,0,0,False,
1786187639.542938,engram-node04,1552,8F6AE74B8451FAC78C87C4D6688B230B2D7D02E45AAED5C53C529602EA8AFDA3,False,SOVEREIGN,0,0,False,
1786187641.5522041,engram-node01,1552,8F6AE74B8451FAC78C87C4D6688B230B2D7D02E45AAED5C53C529602EA8AFDA3,False,SOVEREIGN,0,0,False,
1786187641.573428,engram-node02,1553,3283CDE1C4C32EE2185F977111ACF1AAD5D1DDE0969167935289E2A854E5114C,False,SOVEREIGN,0,0,False,
1786187641.579252,engram-node03,1553,3283CDE1C4C32EE2185F977111ACF1AAD5D1DDE0969167935289E2A854E5114C,False,SOVEREIGN,0,0,False,
1786187641.582968,engram-node04,1553,3283CDE1C4C32EE2185F977111ACF1AAD5D1DDE0969167935289E2A854E5114C,False,SOVEREIGN,0,0,False,
1786187643.590059,engram-node01,1554,E0DB3F10550F9B48CACA49977A83E64F6B205F60D529CDFC4839CDCBF7FEA44B,False,SOVEREIGN,0,0,False,
1786187644.230006,engram-node02,1555,6570FEE9B8D6B95B432FDD81A6E746DF458716CB18FA90D6E81B34DD43F6479D,False,SOVEREIGN,0,0,False,
1786187644.234096,engram-node03,1555,6570FEE9B8D6B95B432FDD81A6E746DF458716CB18FA90D6E81B34DD43F6479D,False,SOVEREIGN,0,0,False,
1786187644.238037,engram-node04,1555,6570FEE9B8D6B95B432FDD81A6E746DF458716CB18FA90D6E81B34DD43F6479D,False,SOVEREIGN,0,0,False,
1786187646.2481458,engram-node01,1556,CBD11B8E00D3B0D320008FC7E9C4933D038A5319AFA692B277E7BB13B3B04EBC,False,SOVEREIGN,0,0,False,
1786187646.253247,engram-node02,1556,CBD11B8E00D3B0D320008FC7E9C4933D038A5319AFA692B277E7BB13B3B04EBC,False,SOVEREIGN,0,0,False,
1786187646.2577941,engram-node03,1556,CBD11B8E00D3B0D320008FC7E9C4933D038A5319AFA692B277E7BB13B3B04EBC,False,SOVEREIGN,0,0,False,
1786187646.261672,engram-node04,1556,CBD11B8E00D3B0D320008FC7E9C4933D038A5319AFA692B277E7BB13B3B04EBC,False,SOVEREIGN,0,0,False,
