timestamp,node,height,app_hash,catching_up,fsm_state,safe_blocks,suspicious_duration,reanchoring_proof_valid,error
1786814402.9353971,engram-node01,3698,A0DC3BE130BD98C9805BFB1BB0BE92022D021B4A73C60B8D5F8B7111F8F4756B,False,ANCHORED,0,0,False,
1786814403.007979,engram-node02,3698,A0DC3BE130BD98C9805BFB1BB0BE92022D021B4A73C60B8D5F8B7111F8F4756B,False,ANCHORED,0,0,False,
1786814403.0263438,engram-node03,3698,A0DC3BE130BD98C9805BFB1BB0BE92022D021B4A73C60B8D5F8B7111F8F4756B,False,ANCHORED,0,0,False,
1786814403.032674,engram-node04,3698,A0DC3BE130BD98C9805BFB1BB0BE92022D021B4A73C60B8D5F8B7111F8F4756B,False,ANCHORED,0,0,False,
1786814406.232298,engram-node01,3701,ACD5BEA5ED21EFCA28FF6D72B2B0DC4FAF149AD1A8479DE894AB3518C381BC1C,False,ANCHORED,0,0,False,
1786814406.242114,engram-node02,3701,ACD5BEA5ED21EFCA28FF6D72B2B0DC4FAF149AD1A8479DE894AB3518C381BC1C,False,ANCHORED,0,0,False,
1786814406.249407,engram-node03,3701,ACD5BEA5ED21EFCA28FF6D72B2B0DC4FAF149AD1A8479DE894AB3518C381BC1C,False,ANCHORED,0,0,False,
1786814406.255028,engram-node04,3701,ACD5BEA5ED21EFCA28FF6D72B2B0DC4FAF149AD1A8479DE894AB3518C381BC1C,False,ANCHORED,0,0,False,
1786814409.377392,engram-node01,3703,543009EF7C297B7BC3E01F5AFEAE4AE1234E945A5711F23F5A8AC63E4790CBCA,False,ANCHORED,0,0,False,
1786814409.3977642,engram-node02,3703,543009EF7C297B7BC3E01F5AFEAE4AE1234E945A5711F23F5A8AC63E4790CBCA,False,ANCHORED,0,0,False,
1786814409.404196,engram-node03,3703,543009EF7C297B7BC3E01F5AFEAE4AE1234E945A5711F23F5A8AC63E4790CBCA,False,ANCHORED,0,0,False,
1786814409.4112241,engram-node04,3703,543009EF7C297B7BC3E01F5AFEAE4AE1234E945A5711F23F5A8AC63E4790CBCA,False,ANCHORED,0,0,False,
1786814412.511521,engram-node01,3706,7492D6B6F2A89730B9309457500B89D28106DD43F21C4829803F86176FBFD107,False,ANCHORED,0,0,False,
1786814412.5205052,engram-node02,3706,7492D6B6F2A89730B9309457500B89D28106DD43F21C4829803F86176FBFD107,False,ANCHORED,0,0,False,
1786814412.527234,engram-node03,3706,7492D6B6F2A89730B9309457500B89D28106DD43F21C4829803F86176FBFD107,False,ANCHORED,0,0,False,
1786814412.534855,engram-node04,3706,7492D6B6F2A89730B9309457500B89D28106DD43F21C4829803F86176FBFD107,False,ANCHORED,0,0,False,
1786814415.700292,engram-node01,3708,54769519B90D12B35CBD93DA10511F53B125D03CA0902D18DF748B4A1504C823,False,ANCHORED,0,0,False,
1786814415.709484,engram-node02,3708,54769519B90D12B35CBD93DA10511F53B125D03CA0902D18DF748B4A1504C823,False,ANCHORED,0,0,False,
1786814415.717939,engram-node03,3708,54769519B90D12B35CBD93DA10511F53B125D03CA0902D18DF748B4A1504C823,False,ANCHORED,0,0,False,
1786814415.72358,engram-node04,3708,54769519B90D12B35CBD93DA10511F53B125D03CA0902D18DF748B4A1504C823,False,ANCHORED,0,0,False,
1786814445.3477068,engram-node01,3732,03D0356349071F5B87EFDE6915FF3DB2E4860B345A24E0C28CABEE728D088BCD,False,ANCHORED,0,0,False,
1786814445.353596,engram-node02,3732,03D0356349071F5B87EFDE6915FF3DB2E4860B345A24E0C28CABEE728D088BCD,False,ANCHORED,0,0,False,
1786814445.3574662,engram-node03,3732,03D0356349071F5B87EFDE6915FF3DB2E4860B345A24E0C28CABEE728D088BCD,False,ANCHORED,0,0,False,
1786814445.361334,engram-node04,3732,03D0356349071F5B87EFDE6915FF3DB2E4860B345A24E0C28CABEE728D088BCD,False,ANCHORED,0,0,False,
1786814448.45386,engram-node01,3734,F9CB6BBD22EB2B35AE58F1F147C905142007429C82BEA6A3D7EC0EFFD618B376,False,ANCHORED,0,0,False,
1786814448.459618,engram-node02,3734,F9CB6BBD22EB2B35AE58F1F147C905142007429C82BEA6A3D7EC0EFFD618B376,False,ANCHORED,0,0,False,
1786814448.463854,engram-node03,3734,F9CB6BBD22EB2B35AE58F1F147C905142007429C82BEA6A3D7EC0EFFD618B376,False,ANCHORED,0,0,False,
1786814448.4675589,engram-node04,3734,F9CB6BBD22EB2B35AE58F1F147C905142007429C82BEA6A3D7EC0EFFD618B376,False,ANCHORED,0,0,False,
1786814451.56233,engram-node01,3737,C700E48BB66071707FF5F6F60C25D534699C293C2A7AA744D334F7FE816FD111,False,ANCHORED,0,0,False,
1786814451.5691662,engram-node02,3737,C700E48BB66071707FF5F6F60C25D534699C293C2A7AA744D334F7FE816FD111,False,ANCHORED,0,0,False,
1786814451.573193,engram-node03,3737,C700E48BB66071707FF5F6F60C25D534699C293C2A7AA744D334F7FE816FD111,False,ANCHORED,0,0,False,
1786814451.577287,engram-node04,3737,C700E48BB66071707FF5F6F60C25D534699C293C2A7AA744D334F7FE816FD111,False,ANCHORED,0,0,False,
1786814454.689257,engram-node01,3740,5F68A0891189E3F114F6D0B95E8B5A1B758991E47D145209AC429613F1421BC3,False,ANCHORED,0,0,False,
1786814454.694237,engram-node02,3740,5F68A0891189E3F114F6D0B95E8B5A1B758991E47D145209AC429613F1421BC3,False,ANCHORED,0,0,False,
1786814454.698223,engram-node03,3740,5F68A0891189E3F114F6D0B95E8B5A1B758991E47D145209AC429613F1421BC3,False,ANCHORED,0,0,False,
1786814454.702632,engram-node04,3740,5F68A0891189E3F114F6D0B95E8B5A1B758991E47D145209AC429613F1421BC3,False,ANCHORED,0,0,False,
1786814458.019537,engram-node01,3742,8555DFA653948F6E8EEC8A5107580E1200EA0310AAA39CAEFB8098B1398DFBC9,False,ANCHORED,0,0,False,
1786814458.027412,engram-node02,3742,8555DFA653948F6E8EEC8A5107580E1200EA0310AAA39CAEFB8098B1398DFBC9,False,ANCHORED,0,0,False,
1786814458.0393019,engram-node03,3742,8555DFA653948F6E8EEC8A5107580E1200EA0310AAA39CAEFB8098B1398DFBC9,False,ANCHORED,0,0,False,
1786814458.044836,engram-node04,3742,8555DFA653948F6E8EEC8A5107580E1200EA0310AAA39CAEFB8098B1398DFBC9,False,ANCHORED,0,0,False,
1786814460.152595,engram-node01,3744,6E3778D9F794DED164EE15D46D6262A9042BD8FB8E887722F37B9F82A4811E6C,False,ANCHORED,0,0,False,
1786814460.163209,engram-node02,3744,6E3778D9F794DED164EE15D46D6262A9042BD8FB8E887722F37B9F82A4811E6C,False,ANCHORED,0,0,False,
1786814460.169287,engram-node03,3744,6E3778D9F794DED164EE15D46D6262A9042BD8FB8E887722F37B9F82A4811E6C,False,ANCHORED,0,0,False,
1786814460.179769,engram-node04,3744,6E3778D9F794DED164EE15D46D6262A9042BD8FB8E887722F37B9F82A4811E6C,False,ANCHORED,0,0,False,
1786814462.302934,engram-node01,3746,C2C7E175073FDD8BEE95EDBC8705A997FE2244886D71FB1977715A3F85B383AA,False,ANCHORED,0,0,False,
1786814462.321897,engram-node02,3746,C2C7E175073FDD8BEE95EDBC8705A997FE2244886D71FB1977715A3F85B383AA,False,ANCHORED,0,0,False,
1786814462.3301172,engram-node03,3746,C2C7E175073FDD8BEE95EDBC8705A997FE2244886D71FB1977715A3F85B383AA,False,ANCHORED,0,0,False,
1786814462.339744,engram-node04,3746,C2C7E175073FDD8BEE95EDBC8705A997FE2244886D71FB1977715A3F85B383AA,False,ANCHORED,0,0,False,
1786814464.5518022,engram-node01,3748,81DE7E1776C97C159D3BC96DC56323FD331F079581FE5C08DC6DA7FC129841F6,False,ANCHORED,0,0,False,
1786814464.55939,engram-node02,3747,214DF5737F60354942B010F4CCC3F9F88EB31208CD7091B75E0A042FC7A063C7,False,ANCHORED,0,0,False,
1786814464.566058,engram-node03,3747,214DF5737F60354942B010F4CCC3F9F88EB31208CD7091B75E0A042FC7A063C7,False,ANCHORED,0,0,False,
1786814464.570685,engram-node04,3747,214DF5737F60354942B010F4CCC3F9F88EB31208CD7091B75E0A042FC7A063C7,False,ANCHORED,0,0,False,
1786814466.716067,engram-node01,3749,CA30B24E86C4CAAFBCE4E95159C9B6F924431CC9491988D3C513AC22D27B740C,False,ANCHORED,0,0,False,
1786814466.726223,engram-node02,3749,CA30B24E86C4CAAFBCE4E95159C9B6F924431CC9491988D3C513AC22D27B740C,False,ANCHORED,0,0,False,
1786814466.7315671,engram-node03,3749,CA30B24E86C4CAAFBCE4E95159C9B6F924431CC9491988D3C513AC22D27B740C,False,ANCHORED,0,0,False,
1786814466.736594,engram-node04,3749,CA30B24E86C4CAAFBCE4E95159C9B6F924431CC9491988D3C513AC22D27B740C,False,ANCHORED,0,0,False,
1786814468.862009,engram-node01,3751,3C1A9FB8EA59B54494A5F672BCB304D2E22243E08B102FFC2245D91561950607,False,ANCHORED,0,0,False,
1786814468.867657,engram-node02,3751,3C1A9FB8EA59B54494A5F672BCB304D2E22243E08B102FFC2245D91561950607,False,ANCHORED,0,0,False,
1786814468.8720908,engram-node03,3751,3C1A9FB8EA59B54494A5F672BCB304D2E22243E08B102FFC2245D91561950607,False,ANCHORED,0,0,False,
1786814468.875954,engram-node04,3751,3C1A9FB8EA59B54494A5F672BCB304D2E22243E08B102FFC2245D91561950607,False,ANCHORED,0,0,False,
1786814470.976928,engram-node01,3752,9FFFDEB2ADD2D79EF75326C76638B79F252E21AFFC966A9E77B86C4AE4BCC6CA,False,ANCHORED,0,0,False,
1786814470.985579,engram-node02,3752,9FFFDEB2ADD2D79EF75326C76638B79F252E21AFFC966A9E77B86C4AE4BCC6CA,False,ANCHORED,0,0,False,
1786814471.0038788,engram-node03,3753,A328EB8EFE91C42CDBB5CACFB23E2D4F2834A985E063CA338D6071DC5F44E285,False,ANCHORED,0,0,False,
1786814471.019406,engram-node04,3752,9FFFDEB2ADD2D79EF75326C76638B79F252E21AFFC966A9E77B86C4AE4BCC6CA,False,ANCHORED,0,0,False,
1786814473.204847,engram-node01,3754,8FF6812081265738E9A2C75FD3468A4E9533904C1ABC31FE6CF6204C5D4283EA,False,ANCHORED,0,0,False,
1786814473.24301,engram-node02,3754,8FF6812081265738E9A2C75FD3468A4E9533904C1ABC31FE6CF6204C5D4283EA,False,ANCHORED,0,0,False,
1786814473.253241,engram-node03,3754,8FF6812081265738E9A2C75FD3468A4E9533904C1ABC31FE6CF6204C5D4283EA,False,ANCHORED,0,0,False,
1786814473.262448,engram-node04,3754,8FF6812081265738E9A2C75FD3468A4E9533904C1ABC31FE6CF6204C5D4283EA,False,ANCHORED,0,0,False,
1786814475.693651,engram-node01,3756,C2FC849C6A296B0FA93AEC9629933C57F1038D3CD320A2C5358DBD13C0B57FE5,False,ANCHORED,0,0,False,
1786814475.77321,engram-node02,3756,C2FC849C6A296B0FA93AEC9629933C57F1038D3CD320A2C5358DBD13C0B57FE5,False,ANCHORED,0,0,False,
1786814475.7893472,engram-node03,3756,C2FC849C6A296B0FA93AEC9629933C57F1038D3CD320A2C5358DBD13C0B57FE5,False,ANCHORED,0,0,False,
1786814475.803781,engram-node04,3756,C2FC849C6A296B0FA93AEC9629933C57F1038D3CD320A2C5358DBD13C0B57FE5,False,ANCHORED,0,0,False,
1786814478.806037,engram-node01,3758,71DA0C84A965098F9F74CD4D2A6495A34205D2F61F0E6B745ED1FF09E91801EF,False,ANCHORED,0,0,False,
1786814478.813631,engram-node02,3758,71DA0C84A965098F9F74CD4D2A6495A34205D2F61F0E6B745ED1FF09E91801EF,False,ANCHORED,0,0,False,
1786814478.819555,engram-node03,3758,71DA0C84A965098F9F74CD4D2A6495A34205D2F61F0E6B745ED1FF09E91801EF,False,ANCHORED,0,0,False,
1786814478.823858,engram-node04,3758,71DA0C84A965098F9F74CD4D2A6495A34205D2F61F0E6B745ED1FF09E91801EF,False,ANCHORED,0,0,False,
1786814480.931869,engram-node01,3760,4ACB3CFF82E2D0CE9BA7F148D1841954CDB201A0AA76D133C13C79B1E8FD70C7,False,ANCHORED,0,0,False,
1786814480.939723,engram-node02,3760,4ACB3CFF82E2D0CE9BA7F148D1841954CDB201A0AA76D133C13C79B1E8FD70C7,False,ANCHORED,0,0,False,
1786814480.94343,engram-node03,3760,4ACB3CFF82E2D0CE9BA7F148D1841954CDB201A0AA76D133C13C79B1E8FD70C7,False,ANCHORED,0,0,False,
1786814480.9481869,engram-node04,3760,4ACB3CFF82E2D0CE9BA7F148D1841954CDB201A0AA76D133C13C79B1E8FD70C7,False,ANCHORED,0,0,False,
1786814483.112694,engram-node01,3762,A391AA7F0CF0EAEAEB366D27DAAA3E77BDF7DE7449F0BF2C12C5F063650E06E1,False,ANCHORED,0,0,False,
1786814483.118859,engram-node02,3762,A391AA7F0CF0EAEAEB366D27DAAA3E77BDF7DE7449F0BF2C12C5F063650E06E1,False,ANCHORED,0,0,False,
1786814483.122943,engram-node03,3762,A391AA7F0CF0EAEAEB366D27DAAA3E77BDF7DE7449F0BF2C12C5F063650E06E1,False,ANCHORED,0,0,False,
1786814483.1260211,engram-node04,3762,A391AA7F0CF0EAEAEB366D27DAAA3E77BDF7DE7449F0BF2C12C5F063650E06E1,False,ANCHORED,0,0,False,
1786814485.214858,engram-node01,3763,9AF80432C96D199A1A2A28A5B330BD4E685845F820735A3E29376842B29C0651,False,ANCHORED,0,0,False,
1786814485.229398,engram-node02,3763,9AF80432C96D199A1A2A28A5B330BD4E685845F820735A3E29376842B29C0651,False,ANCHORED,0,0,False,
1786814485.2361238,engram-node03,3763,9AF80432C96D199A1A2A28A5B330BD4E685845F820735A3E29376842B29C0651,False,ANCHORED,0,0,False,
1786814485.2441301,engram-node04,3763,9AF80432C96D199A1A2A28A5B330BD4E685845F820735A3E29376842B29C0651,False,ANCHORED,0,0,False,
1786814487.378773,engram-node01,3765,D3917959005BAC046336E1D06669B9975DEA6A1D353BA7498BA4BA82BE669A11,False,ANCHORED,0,0,False,
1786814487.384983,engram-node02,3765,D3917959005BAC046336E1D06669B9975DEA6A1D353BA7498BA4BA82BE669A11,False,ANCHORED,0,0,False,
1786814487.38912,engram-node03,3765,D3917959005BAC046336E1D06669B9975DEA6A1D353BA7498BA4BA82BE669A11,False,ANCHORED,0,0,False,
1786814487.393298,engram-node04,3765,D3917959005BAC046336E1D06669B9975DEA6A1D353BA7498BA4BA82BE669A11,False,ANCHORED,0,0,False,
1786814489.4949188,engram-node01,3766,63C6F20954E94368046076C49241AA1D3C20FB987D72CADD0EA3AE694B843169,False,ANCHORED,0,0,False,
1786814489.500321,engram-node02,3766,63C6F20954E94368046076C49241AA1D3C20FB987D72CADD0EA3AE694B843169,False,ANCHORED,0,0,False,
1786814489.5043452,engram-node03,3766,63C6F20954E94368046076C49241AA1D3C20FB987D72CADD0EA3AE694B843169,False,ANCHORED,0,0,False,
1786814489.508606,engram-node04,3767,1328CF33356BC5F122EBEF8FA8FBBD9AE83375398ACBE14D726DEDFCA6B44FCD,False,ANCHORED,0,0,False,
1786814491.621208,engram-node01,3768,7BDA237FDA38570671E1F2CFC85B4378E279C67BF6CCA8D2614BDDB04796F5F0,False,ANCHORED,0,0,False,
1786814491.635814,engram-node02,3768,7BDA237FDA38570671E1F2CFC85B4378E279C67BF6CCA8D2614BDDB04796F5F0,False,ANCHORED,0,0,False,
1786814491.643496,engram-node03,3768,7BDA237FDA38570671E1F2CFC85B4378E279C67BF6CCA8D2614BDDB04796F5F0,False,ANCHORED,0,0,False,
1786814491.6485848,engram-node04,3768,7BDA237FDA38570671E1F2CFC85B4378E279C67BF6CCA8D2614BDDB04796F5F0,False,ANCHORED,0,0,False,
1786814493.788492,engram-node01,3770,6F9EA8E34820ACC019CD07B9EEE5632143B13978156EA485DCCC62CA3334E410,False,ANCHORED,0,0,False,
1786814493.79359,engram-node02,3770,6F9EA8E34820ACC019CD07B9EEE5632143B13978156EA485DCCC62CA3334E410,False,ANCHORED,0,0,False,
1786814493.797375,engram-node03,3770,6F9EA8E34820ACC019CD07B9EEE5632143B13978156EA485DCCC62CA3334E410,False,ANCHORED,0,0,False,
1786814493.801362,engram-node04,3770,6F9EA8E34820ACC019CD07B9EEE5632143B13978156EA485DCCC62CA3334E410,False,ANCHORED,0,0,False,
1786814495.897612,engram-node01,3772,124E9CA21E3FC208D334851D328CA1E4DD51DADA33DAE37B0D7AA8EA16C58656,False,ANCHORED,0,0,False,
1786814495.902951,engram-node02,3772,124E9CA21E3FC208D334851D328CA1E4DD51DADA33DAE37B0D7AA8EA16C58656,False,ANCHORED,0,0,False,
1786814495.9066129,engram-node03,3772,124E9CA21E3FC208D334851D328CA1E4DD51DADA33DAE37B0D7AA8EA16C58656,False,ANCHORED,0,0,False,
1786814495.910435,engram-node04,3772,124E9CA21E3FC208D334851D328CA1E4DD51DADA33DAE37B0D7AA8EA16C58656,False,ANCHORED,0,0,False,
1786814498.001993,engram-node01,3773,93FFEB85EB0C61F9F68F776D3DF7DDF319586F3AA4C48E3142D93F7EB4E25B59,False,ANCHORED,0,0,False,
1786814498.01362,engram-node02,3773,93FFEB85EB0C61F9F68F776D3DF7DDF319586F3AA4C48E3142D93F7EB4E25B59,False,ANCHORED,0,0,False,
1786814498.018317,engram-node03,3773,93FFEB85EB0C61F9F68F776D3DF7DDF319586F3AA4C48E3142D93F7EB4E25B59,False,ANCHORED,0,0,False,
1786814498.0218198,engram-node04,3773,93FFEB85EB0C61F9F68F776D3DF7DDF319586F3AA4C48E3142D93F7EB4E25B59,False,ANCHORED,0,0,False,
1786814500.128621,engram-node01,3775,0FF37D0138B43E1DD64985ED71E3CA07E1958AE3E6FF9F861B04E82A1AE4ADEE,False,ANCHORED,0,0,False,
1786814500.13622,engram-node02,3775,0FF37D0138B43E1DD64985ED71E3CA07E1958AE3E6FF9F861B04E82A1AE4ADEE,False,ANCHORED,0,0,False,
1786814500.141977,engram-node03,3775,0FF37D0138B43E1DD64985ED71E3CA07E1958AE3E6FF9F861B04E82A1AE4ADEE,False,ANCHORED,0,0,False,
1786814500.147833,engram-node04,3775,0FF37D0138B43E1DD64985ED71E3CA07E1958AE3E6FF9F861B04E82A1AE4ADEE,False,ANCHORED,0,0,False,
1786814502.257421,engram-node01,3777,57EAEF0167E0FE1B643B99444276E608C3F7F1759CF009EA7947560285F1DB64,False,ANCHORED,0,0,False,
1786814502.2636979,engram-node02,3777,57EAEF0167E0FE1B643B99444276E608C3F7F1759CF009EA7947560285F1DB64,False,ANCHORED,0,0,False,
1786814502.268667,engram-node03,3777,57EAEF0167E0FE1B643B99444276E608C3F7F1759CF009EA7947560285F1DB64,False,ANCHORED,0,0,False,
1786814502.273325,engram-node04,3777,57EAEF0167E0FE1B643B99444276E608C3F7F1759CF009EA7947560285F1DB64,False,ANCHORED,0,0,False,
1786814504.3833191,engram-node01,3778,6D5B74C4D6CB7B28DB2CCE8BA64243262B3D5E23AB696B7F8590170B9AB2EBD7,False,ANCHORED,0,0,False,
1786814504.388033,engram-node02,3778,6D5B74C4D6CB7B28DB2CCE8BA64243262B3D5E23AB696B7F8590170B9AB2EBD7,False,ANCHORED,0,0,False,
1786814504.39252,engram-node03,3778,6D5B74C4D6CB7B28DB2CCE8BA64243262B3D5E23AB696B7F8590170B9AB2EBD7,False,ANCHORED,0,0,False,
1786814504.397266,engram-node04,3778,6D5B74C4D6CB7B28DB2CCE8BA64243262B3D5E23AB696B7F8590170B9AB2EBD7,False,ANCHORED,0,0,False,
1786814506.483001,engram-node01,3780,65B32FBA51F8C9AFFB85414496E1B6C4AE1CCA8A94886AEF6C3CE19C8E91E03B,False,ANCHORED,0,0,False,
1786814506.490458,engram-node02,3780,65B32FBA51F8C9AFFB85414496E1B6C4AE1CCA8A94886AEF6C3CE19C8E91E03B,False,ANCHORED,0,0,False,
1786814506.4969118,engram-node03,3780,65B32FBA51F8C9AFFB85414496E1B6C4AE1CCA8A94886AEF6C3CE19C8E91E03B,False,ANCHORED,0,0,False,
1786814506.501178,engram-node04,3780,65B32FBA51F8C9AFFB85414496E1B6C4AE1CCA8A94886AEF6C3CE19C8E91E03B,False,ANCHORED,0,0,False,
1786814508.743375,engram-node01,3781,93ACBFF092D77A47CAC5B123042C3016D9AA371719F8DC49B02D75F943CE627F,False,SOVEREIGN,0,0,False,
1786814508.7513149,engram-node02,3781,93ACBFF092D77A47CAC5B123042C3016D9AA371719F8DC49B02D75F943CE627F,False,SOVEREIGN,0,0,False,
1786814508.757714,engram-node03,3781,93ACBFF092D77A47CAC5B123042C3016D9AA371719F8DC49B02D75F943CE627F,False,SOVEREIGN,0,0,False,
1786814508.765107,engram-node04,3781,93ACBFF092D77A47CAC5B123042C3016D9AA371719F8DC49B02D75F943CE627F,False,SOVEREIGN,0,0,False,
1786814510.864598,engram-node01,3783,7CAE61194FB9DC407A2BF4A74944559EA806533C8ABAD1FCA24A4270D170BDCE,False,SOVEREIGN,0,0,False,
1786814510.8698938,engram-node02,3783,7CAE61194FB9DC407A2BF4A74944559EA806533C8ABAD1FCA24A4270D170BDCE,False,SOVEREIGN,0,0,False,
1786814510.873076,engram-node03,3783,7CAE61194FB9DC407A2BF4A74944559EA806533C8ABAD1FCA24A4270D170BDCE,False,SOVEREIGN,0,0,False,
1786814510.876064,engram-node04,3783,7CAE61194FB9DC407A2BF4A74944559EA806533C8ABAD1FCA24A4270D170BDCE,False,SOVEREIGN,0,0,False,
1786814512.985712,engram-node01,3785,E06D02287F679D36655812785F132742510C3C1AC411FD2E74468B715F851B63,False,SOVEREIGN,0,0,False,
1786814512.992874,engram-node02,3785,E06D02287F679D36655812785F132742510C3C1AC411FD2E74468B715F851B63,False,SOVEREIGN,0,0,False,
1786814512.996856,engram-node03,3785,E06D02287F679D36655812785F132742510C3C1AC411FD2E74468B715F851B63,False,SOVEREIGN,0,0,False,
1786814513.0007622,engram-node04,3785,E06D02287F679D36655812785F132742510C3C1AC411FD2E74468B715F851B63,False,SOVEREIGN,0,0,False,
1786814515.0951638,engram-node01,3786,24B15211B4CAC212522044B016F27C3ACFF5C997F2FF4B3DC461DE5CA9197D71,False,SOVEREIGN,0,0,False,
1786814515.284153,engram-node02,3787,CB0724B1A5E06D7CF96F11B4242803C73D1B3EE5B8B3869C2F182454259418EF,False,SOVEREIGN,0,0,False,
1786814515.3276181,engram-node03,3787,CB0724B1A5E06D7CF96F11B4242803C73D1B3EE5B8B3869C2F182454259418EF,False,SOVEREIGN,0,0,False,
1786814515.359391,engram-node04,3787,CB0724B1A5E06D7CF96F11B4242803C73D1B3EE5B8B3869C2F182454259418EF,False,SOVEREIGN,0,0,False,
1786814517.463995,engram-node01,3788,CFD737EBCCC019EAFB10CB5B8E9789286B378E8E50A321DD97A7A404D4FC4B2D,False,SOVEREIGN,0,0,False,
1786814517.4719958,engram-node02,3788,CFD737EBCCC019EAFB10CB5B8E9789286B378E8E50A321DD97A7A404D4FC4B2D,False,SOVEREIGN,0,0,False,
1786814517.475793,engram-node03,3788,CFD737EBCCC019EAFB10CB5B8E9789286B378E8E50A321DD97A7A404D4FC4B2D,False,SOVEREIGN,0,0,False,
1786814517.479007,engram-node04,3788,CFD737EBCCC019EAFB10CB5B8E9789286B378E8E50A321DD97A7A404D4FC4B2D,False,SOVEREIGN,0,0,False,
1786814519.572028,engram-node01,3790,82E33BC7BD31931E2F9170E6F2198C2DD0E55357744FDEEBA902FC714AFEBD4B,False,SOVEREIGN,0,0,False,
1786814519.579983,engram-node02,3790,82E33BC7BD31931E2F9170E6F2198C2DD0E55357744FDEEBA902FC714AFEBD4B,False,SOVEREIGN,0,0,False,
1786814519.587112,engram-node03,3790,82E33BC7BD31931E2F9170E6F2198C2DD0E55357744FDEEBA902FC714AFEBD4B,False,SOVEREIGN,0,0,False,
1786814519.59459,engram-node04,3790,82E33BC7BD31931E2F9170E6F2198C2DD0E55357744FDEEBA902FC714AFEBD4B,False,SOVEREIGN,0,0,False,
1786814521.716597,engram-node01,3792,0187798A1A6F8774FCA0843A3C3326C84D645704195B11277C1F1F51CE59BB5C,False,SOVEREIGN,0,0,False,
1786814521.727398,engram-node02,3792,0187798A1A6F8774FCA0843A3C3326C84D645704195B11277C1F1F51CE59BB5C,False,SOVEREIGN,0,0,False,
1786814521.736019,engram-node03,3792,0187798A1A6F8774FCA0843A3C3326C84D645704195B11277C1F1F51CE59BB5C,False,SOVEREIGN,0,0,False,
1786814521.743422,engram-node04,3792,0187798A1A6F8774FCA0843A3C3326C84D645704195B11277C1F1F51CE59BB5C,False,SOVEREIGN,0,0,False,
1786814523.901153,engram-node01,3794,8E9779D0A64AAB09537B4A24227E988C4DA9FF674EFF59E0E6E708AE323BAAB3,False,SOVEREIGN,0,0,False,
1786814523.911029,engram-node02,3794,8E9779D0A64AAB09537B4A24227E988C4DA9FF674EFF59E0E6E708AE323BAAB3,False,SOVEREIGN,0,0,False,
1786814523.916394,engram-node03,3794,8E9779D0A64AAB09537B4A24227E988C4DA9FF674EFF59E0E6E708AE323BAAB3,False,SOVEREIGN,0,0,False,
1786814523.9220538,engram-node04,3794,8E9779D0A64AAB09537B4A24227E988C4DA9FF674EFF59E0E6E708AE323BAAB3,False,SOVEREIGN,0,0,False,
1786814526.034216,engram-node01,3795,76CA2507EF928D2BFD680407878ED7496AB14B50452413BC54C34511ADBAD0A2,False,SOVEREIGN,0,0,False,
1786814526.039971,engram-node02,3796,143780D8BFCD1C6680AA1557E45C9145EEB41B9FA17439B283A489FFDD08380E,False,SOVEREIGN,0,0,False,
1786814526.04414,engram-node03,3796,143780D8BFCD1C6680AA1557E45C9145EEB41B9FA17439B283A489FFDD08380E,False,SOVEREIGN,0,0,False,
1786814526.048047,engram-node04,3796,143780D8BFCD1C6680AA1557E45C9145EEB41B9FA17439B283A489FFDD08380E,False,SOVEREIGN,0,0,False,
1786814528.1450582,engram-node01,3797,D247A3A9364D33C0FEDA15051052B72263195D0D516A7DF929AA5706CCCCE23D,False,SOVEREIGN,0,0,False,
1786814529.1778078,engram-node02,3797,D247A3A9364D33C0FEDA15051052B72263195D0D516A7DF929AA5706CCCCE23D,False,SOVEREIGN,0,0,False,
1786814529.193372,engram-node03,3797,D247A3A9364D33C0FEDA15051052B72263195D0D516A7DF929AA5706CCCCE23D,False,SOVEREIGN,0,0,False,
1786814529.35068,engram-node04,3797,D247A3A9364D33C0FEDA15051052B72263195D0D516A7DF929AA5706CCCCE23D,False,SOVEREIGN,0,0,False,
1786814531.667456,engram-node01,3799,2D838DC4872AE7BF61B36DC15035644447C14AB4420CCC30DA441C8EE9ECFD18,False,SOVEREIGN,0,0,False,
1786814531.680602,engram-node02,3799,2D838DC4872AE7BF61B36DC15035644447C14AB4420CCC30DA441C8EE9ECFD18,False,SOVEREIGN,0,0,False,
1786814531.690347,engram-node03,3799,2D838DC4872AE7BF61B36DC15035644447C14AB4420CCC30DA441C8EE9ECFD18,False,SOVEREIGN,0,0,False,
1786814531.697803,engram-node04,3799,2D838DC4872AE7BF61B36DC15035644447C14AB4420CCC30DA441C8EE9ECFD18,False,SOVEREIGN,0,0,False,
1786814533.835408,engram-node01,3801,2A89CA5848A5F3AD7F14B6E0882A4A05DAFF8915B7B7649A1D6107819BF45DAA,False,SOVEREIGN,0,0,False,
1786814533.843136,engram-node02,3801,2A89CA5848A5F3AD7F14B6E0882A4A05DAFF8915B7B7649A1D6107819BF45DAA,False,SOVEREIGN,0,0,False,
1786814533.84717,engram-node03,3801,2A89CA5848A5F3AD7F14B6E0882A4A05DAFF8915B7B7649A1D6107819BF45DAA,False,SOVEREIGN,0,0,False,
1786814533.8517172,engram-node04,3801,2A89CA5848A5F3AD7F14B6E0882A4A05DAFF8915B7B7649A1D6107819BF45DAA,False,SOVEREIGN,0,0,False,
1786814535.954592,engram-node01,3803,DFECAF9140EE4B933101F409C9CB32E218F0384FE0BD4E56E07AD2FE40145F18,False,SOVEREIGN,0,0,False,
1786814535.962385,engram-node02,3803,DFECAF9140EE4B933101F409C9CB32E218F0384FE0BD4E56E07AD2FE40145F18,False,SOVEREIGN,0,0,False,
1786814535.967689,engram-node03,3803,DFECAF9140EE4B933101F409C9CB32E218F0384FE0BD4E56E07AD2FE40145F18,False,SOVEREIGN,0,0,False,
1786814535.973541,engram-node04,3803,DFECAF9140EE4B933101F409C9CB32E218F0384FE0BD4E56E07AD2FE40145F18,False,SOVEREIGN,0,0,False,
1786814538.087994,engram-node01,3804,DB2DE704E895655617561FA110AF5CD93C55EE9E0A7BB534E08B3A1721AD94A8,False,SOVEREIGN,0,0,False,
1786814538.0966668,engram-node02,3804,DB2DE704E895655617561FA110AF5CD93C55EE9E0A7BB534E08B3A1721AD94A8,False,SOVEREIGN,0,0,False,
1786814538.1018639,engram-node03,3804,DB2DE704E895655617561FA110AF5CD93C55EE9E0A7BB534E08B3A1721AD94A8,False,SOVEREIGN,0,0,False,
1786814538.106865,engram-node04,3804,DB2DE704E895655617561FA110AF5CD93C55EE9E0A7BB534E08B3A1721AD94A8,False,SOVEREIGN,0,0,False,
1786814540.21485,engram-node01,3806,A28E6C3E7433B2170DA1E755D96E6406C25E727E5533AE641B189E6898332D1E,False,SOVEREIGN,0,0,False,
1786814540.223667,engram-node02,3806,A28E6C3E7433B2170DA1E755D96E6406C25E727E5533AE641B189E6898332D1E,False,SOVEREIGN,0,0,False,
1786814540.229074,engram-node03,3806,A28E6C3E7433B2170DA1E755D96E6406C25E727E5533AE641B189E6898332D1E,False,SOVEREIGN,0,0,False,
1786814540.234375,engram-node04,3806,A28E6C3E7433B2170DA1E755D96E6406C25E727E5533AE641B189E6898332D1E,False,SOVEREIGN,0,0,False,
1786814542.3348951,engram-node01,3808,0E85DE20BE3B9BBBFDA3114351AA42765CA0297E58EEFD700231659974CCF54D,False,SOVEREIGN,0,0,False,
1786814542.343022,engram-node02,3808,0E85DE20BE3B9BBBFDA3114351AA42765CA0297E58EEFD700231659974CCF54D,False,SOVEREIGN,0,0,False,
1786814542.348316,engram-node03,3808,0E85DE20BE3B9BBBFDA3114351AA42765CA0297E58EEFD700231659974CCF54D,False,SOVEREIGN,0,0,False,
1786814542.353208,engram-node04,3808,0E85DE20BE3B9BBBFDA3114351AA42765CA0297E58EEFD700231659974CCF54D,False,SOVEREIGN,0,0,False,
1786814544.461843,engram-node01,3810,ACF33C96370D7DF161A4C5D429F524596426835E2C0CAEFB973C5B354E205AA1,False,SOVEREIGN,0,0,False,
1786814544.470987,engram-node02,3810,ACF33C96370D7DF161A4C5D429F524596426835E2C0CAEFB973C5B354E205AA1,False,SOVEREIGN,0,0,False,
1786814544.4776971,engram-node03,3810,ACF33C96370D7DF161A4C5D429F524596426835E2C0CAEFB973C5B354E205AA1,False,SOVEREIGN,0,0,False,
1786814544.4816918,engram-node04,3810,ACF33C96370D7DF161A4C5D429F524596426835E2C0CAEFB973C5B354E205AA1,False,SOVEREIGN,0,0,False,
1786814546.586285,engram-node01,3811,36CCFF5F1F18115FD8B8FF18F5EB7E6B04017C384339BDF98545BD0468273F2C,False,SOVEREIGN,0,0,False,
1786814546.5968451,engram-node02,3811,36CCFF5F1F18115FD8B8FF18F5EB7E6B04017C384339BDF98545BD0468273F2C,False,SOVEREIGN,0,0,False,
1786814546.6028302,engram-node03,3811,36CCFF5F1F18115FD8B8FF18F5EB7E6B04017C384339BDF98545BD0468273F2C,False,SOVEREIGN,0,0,False,
1786814546.60908,engram-node04,3811,36CCFF5F1F18115FD8B8FF18F5EB7E6B04017C384339BDF98545BD0468273F2C,False,SOVEREIGN,0,0,False,
1786814548.730196,engram-node01,3813,152E6D7AB5BA55555B96C36524D9C1447F0FAAE193EF2411C153B65855F5EDCE,False,SOVEREIGN,0,0,False,
1786814548.735571,engram-node02,3813,152E6D7AB5BA55555B96C36524D9C1447F0FAAE193EF2411C153B65855F5EDCE,False,SOVEREIGN,0,0,False,
1786814548.739946,engram-node03,3813,152E6D7AB5BA55555B96C36524D9C1447F0FAAE193EF2411C153B65855F5EDCE,False,SOVEREIGN,0,0,False,
1786814548.7437031,engram-node04,3813,152E6D7AB5BA55555B96C36524D9C1447F0FAAE193EF2411C153B65855F5EDCE,False,SOVEREIGN,0,0,False,
1786814550.837425,engram-node01,3815,17ACD3AF9A9A78187659F85E5BB3AFC64120DD527F315BC33F58261C5018E7DC,False,SOVEREIGN,0,0,False,
1786814550.844503,engram-node02,3815,17ACD3AF9A9A78187659F85E5BB3AFC64120DD527F315BC33F58261C5018E7DC,False,SOVEREIGN,0,0,False,
1786814550.849709,engram-node03,3815,17ACD3AF9A9A78187659F85E5BB3AFC64120DD527F315BC33F58261C5018E7DC,False,SOVEREIGN,0,0,False,
1786814550.8547788,engram-node04,3815,17ACD3AF9A9A78187659F85E5BB3AFC64120DD527F315BC33F58261C5018E7DC,False,SOVEREIGN,0,0,False,
1786814552.980559,engram-node01,3816,5FC58076E14A9C6F7A91232FA74CB86B46EC9BB62F96C747D0A56D78188B9B8E,False,SOVEREIGN,0,0,False,
1786814552.987659,engram-node02,3816,5FC58076E14A9C6F7A91232FA74CB86B46EC9BB62F96C747D0A56D78188B9B8E,False,SOVEREIGN,0,0,False,
1786814552.991713,engram-node03,3816,5FC58076E14A9C6F7A91232FA74CB86B46EC9BB62F96C747D0A56D78188B9B8E,False,SOVEREIGN,0,0,False,
1786814552.995562,engram-node04,3816,5FC58076E14A9C6F7A91232FA74CB86B46EC9BB62F96C747D0A56D78188B9B8E,False,SOVEREIGN,0,0,False,
1786814555.0952058,engram-node01,3818,50772991191C682F62CBAAA88F2E568A1C21BB1B4CC7888673DC73562418608C,False,SOVEREIGN,0,0,False,
1786814555.10381,engram-node02,3818,50772991191C682F62CBAAA88F2E568A1C21BB1B4CC7888673DC73562418608C,False,SOVEREIGN,0,0,False,
1786814555.109519,engram-node03,3818,50772991191C682F62CBAAA88F2E568A1C21BB1B4CC7888673DC73562418608C,False,SOVEREIGN,0,0,False,
1786814555.113985,engram-node04,3818,50772991191C682F62CBAAA88F2E568A1C21BB1B4CC7888673DC73562418608C,False,SOVEREIGN,0,0,False,
1786814557.233485,engram-node01,3820,E0CEDD436C49FA3922D0A70F9976A7C25EC028B6CF1401F60403B12BCF3A5E2F,False,SOVEREIGN,0,0,False,
1786814557.243812,engram-node02,3820,E0CEDD436C49FA3922D0A70F9976A7C25EC028B6CF1401F60403B12BCF3A5E2F,False,SOVEREIGN,0,0,False,
1786814557.251523,engram-node03,3820,E0CEDD436C49FA3922D0A70F9976A7C25EC028B6CF1401F60403B12BCF3A5E2F,False,SOVEREIGN,0,0,False,
1786814557.2571049,engram-node04,3820,E0CEDD436C49FA3922D0A70F9976A7C25EC028B6CF1401F60403B12BCF3A5E2F,False,SOVEREIGN,0,0,False,
1786814559.3662028,engram-node01,3822,D37F1A0EB8C5378FCE1E032BF6C88931B9ACDDA2AF74B95331450D4B1C828A19,False,SOVEREIGN,0,0,False,
1786814559.372044,engram-node02,3822,D37F1A0EB8C5378FCE1E032BF6C88931B9ACDDA2AF74B95331450D4B1C828A19,False,SOVEREIGN,0,0,False,
1786814559.3762639,engram-node03,3822,D37F1A0EB8C5378FCE1E032BF6C88931B9ACDDA2AF74B95331450D4B1C828A19,False,SOVEREIGN,0,0,False,
1786814559.3800519,engram-node04,3822,D37F1A0EB8C5378FCE1E032BF6C88931B9ACDDA2AF74B95331450D4B1C828A19,False,SOVEREIGN,0,0,False,
1786814561.5690591,engram-node01,3823,0BDB8F8B9315CE4349A2C0C3A59658096F0808A7970D6D33DBC0807F538F4003,False,SOVEREIGN,0,0,False,
1786814561.575337,engram-node02,3824,F4872E438604D491AC5775EAF64269F1E5BD92A91790D537FA47F01A13FADEF9,False,SOVEREIGN,0,0,False,
1786814561.579851,engram-node03,3823,0BDB8F8B9315CE4349A2C0C3A59658096F0808A7970D6D33DBC0807F538F4003,False,SOVEREIGN,0,0,False,
1786814561.584773,engram-node04,3823,0BDB8F8B9315CE4349A2C0C3A59658096F0808A7970D6D33DBC0807F538F4003,False,SOVEREIGN,0,0,False,
1786814563.722991,engram-node01,3825,717B58B96EEBB0E532C1D34E0F974930EC08C320C619B28A713BB9CD003DE508,False,SOVEREIGN,0,0,False,
1786814563.732299,engram-node02,3825,717B58B96EEBB0E532C1D34E0F974930EC08C320C619B28A713BB9CD003DE508,False,SOVEREIGN,0,0,False,
1786814563.738624,engram-node03,3825,717B58B96EEBB0E532C1D34E0F974930EC08C320C619B28A713BB9CD003DE508,False,SOVEREIGN,0,0,False,
1786814563.744131,engram-node04,3825,717B58B96EEBB0E532C1D34E0F974930EC08C320C619B28A713BB9CD003DE508,False,SOVEREIGN,0,0,False,
1786814565.859215,engram-node01,3827,F2A3F0B5FA179BC8B634A93CD70DDF816C98CBF35C7DE5E9B3B0EBB429B1C5E5,False,SOVEREIGN,0,0,False,
1786814565.868339,engram-node02,3827,F2A3F0B5FA179BC8B634A93CD70DDF816C98CBF35C7DE5E9B3B0EBB429B1C5E5,False,SOVEREIGN,0,0,False,
1786814565.874062,engram-node03,3827,F2A3F0B5FA179BC8B634A93CD70DDF816C98CBF35C7DE5E9B3B0EBB429B1C5E5,False,SOVEREIGN,0,0,False,
1786814565.87995,engram-node04,3827,F2A3F0B5FA179BC8B634A93CD70DDF816C98CBF35C7DE5E9B3B0EBB429B1C5E5,False,SOVEREIGN,0,0,False,
1786814568.012448,engram-node01,3828,5FC8905388BCEEF4CBE4D27103FD51BA80D8D1113580CDE383C92E80A6743839,False,SOVEREIGN,0,0,False,
1786814568.019369,engram-node02,3829,085ADF116D7B9780E9F3AA0E0DA6CDF396F33976C8F35FCCC765815EAA355483,False,SOVEREIGN,0,0,False,
1786814568.025056,engram-node03,3829,085ADF116D7B9780E9F3AA0E0DA6CDF396F33976C8F35FCCC765815EAA355483,False,SOVEREIGN,0,0,False,
1786814568.0297012,engram-node04,3829,085ADF116D7B9780E9F3AA0E0DA6CDF396F33976C8F35FCCC765815EAA355483,False,SOVEREIGN,0,0,False,
1786814570.125192,engram-node01,3830,1C97A1D4E2C24A314F2A550060A8C225D455D59BCA5B71A6B44E5CD2A5368232,False,SOVEREIGN,0,0,False,
1786814570.133095,engram-node02,3830,1C97A1D4E2C24A314F2A550060A8C225D455D59BCA5B71A6B44E5CD2A5368232,False,SOVEREIGN,0,0,False,
1786814570.139436,engram-node03,3830,1C97A1D4E2C24A314F2A550060A8C225D455D59BCA5B71A6B44E5CD2A5368232,False,SOVEREIGN,0,0,False,
1786814570.147029,engram-node04,3830,1C97A1D4E2C24A314F2A550060A8C225D455D59BCA5B71A6B44E5CD2A5368232,False,SOVEREIGN,0,0,False,
1786814572.248291,engram-node01,3832,A0167C9FD42831E35E5AD87EFA6556DCA95802115188FF05B5276ADD0B90A353,False,SOVEREIGN,0,0,False,
1786814572.2545779,engram-node02,3832,A0167C9FD42831E35E5AD87EFA6556DCA95802115188FF05B5276ADD0B90A353,False,SOVEREIGN,0,0,False,
1786814572.259543,engram-node03,3832,A0167C9FD42831E35E5AD87EFA6556DCA95802115188FF05B5276ADD0B90A353,False,SOVEREIGN,0,0,False,
1786814572.263586,engram-node04,3832,A0167C9FD42831E35E5AD87EFA6556DCA95802115188FF05B5276ADD0B90A353,False,SOVEREIGN,0,0,False,
1786814574.356566,engram-node01,3833,9A5C190E2F9AAE0599846995B1685232440B4872DA9F50E9FBB6064BCCADCEC9,False,SOVEREIGN,0,0,False,
1786814574.36162,engram-node02,3833,9A5C190E2F9AAE0599846995B1685232440B4872DA9F50E9FBB6064BCCADCEC9,False,SOVEREIGN,0,0,False,
1786814574.365116,engram-node03,3833,9A5C190E2F9AAE0599846995B1685232440B4872DA9F50E9FBB6064BCCADCEC9,False,SOVEREIGN,0,0,False,
1786814574.368736,engram-node04,3833,9A5C190E2F9AAE0599846995B1685232440B4872DA9F50E9FBB6064BCCADCEC9,False,SOVEREIGN,0,0,False,
1786814576.457896,engram-node01,3835,1833C3B4BA5D75EF45044AD2E972E3BD9793FC734F0235D4BD6E49F43738FCCE,False,SOVEREIGN,0,0,False,
1786814576.4646232,engram-node02,3835,1833C3B4BA5D75EF45044AD2E972E3BD9793FC734F0235D4BD6E49F43738FCCE,False,SOVEREIGN,0,0,False,
1786814576.468736,engram-node03,3835,1833C3B4BA5D75EF45044AD2E972E3BD9793FC734F0235D4BD6E49F43738FCCE,False,SOVEREIGN,0,0,False,
1786814576.472298,engram-node04,3835,1833C3B4BA5D75EF45044AD2E972E3BD9793FC734F0235D4BD6E49F43738FCCE,False,SOVEREIGN,0,0,False,
1786814578.56442,engram-node01,3837,CEC0CE3DA7C214CA310F633B092B59F5565F33CAB2ACC0FED1B456F21B2B95CE,False,SOVEREIGN,0,0,False,
1786814578.573502,engram-node02,3837,CEC0CE3DA7C214CA310F633B092B59F5565F33CAB2ACC0FED1B456F21B2B95CE,False,SOVEREIGN,0,0,False,
1786814578.578609,engram-node03,3837,CEC0CE3DA7C214CA310F633B092B59F5565F33CAB2ACC0FED1B456F21B2B95CE,False,SOVEREIGN,0,0,False,
1786814578.583143,engram-node04,3837,CEC0CE3DA7C214CA310F633B092B59F5565F33CAB2ACC0FED1B456F21B2B95CE,False,SOVEREIGN,0,0,False,
1786814580.674985,engram-node01,3838,D73BFF86EF7455DD80DAB15E1CC72300B18632EDEEAB63BB6B29F03B9E5192DD,False,SOVEREIGN,0,0,False,
1786814580.681338,engram-node02,3838,D73BFF86EF7455DD80DAB15E1CC72300B18632EDEEAB63BB6B29F03B9E5192DD,False,SOVEREIGN,0,0,False,
1786814580.685708,engram-node03,3838,D73BFF86EF7455DD80DAB15E1CC72300B18632EDEEAB63BB6B29F03B9E5192DD,False,SOVEREIGN,0,0,False,
1786814580.6896698,engram-node04,3838,D73BFF86EF7455DD80DAB15E1CC72300B18632EDEEAB63BB6B29F03B9E5192DD,False,SOVEREIGN,0,0,False,
1786814582.799708,engram-node01,3840,D7F6BA062E90533F5062529FB4E9FB9C87851EF9CAC69118450FC818668DA4EE,False,SOVEREIGN,0,0,False,
1786814583.08029,engram-node02,3840,D7F6BA062E90533F5062529FB4E9FB9C87851EF9CAC69118450FC818668DA4EE,False,SOVEREIGN,0,0,False,
1786814583.102081,engram-node03,3840,D7F6BA062E90533F5062529FB4E9FB9C87851EF9CAC69118450FC818668DA4EE,False,SOVEREIGN,0,0,False,
1786814583.1246002,engram-node04,3839,3BDC08331C9B65B44AEE4847CA5FA095E04AF456E4BC9E66E9127AC453AF12AB,False,SOVEREIGN,0,0,False,
1786814585.565655,engram-node01,3841,ED62DC4620316C8B3FD75115702DD1D215F6E7B5496F661C077B93438F4662C9,False,SOVEREIGN,0,0,False,
1786814585.571796,engram-node02,3841,ED62DC4620316C8B3FD75115702DD1D215F6E7B5496F661C077B93438F4662C9,False,SOVEREIGN,0,0,False,
1786814585.580789,engram-node03,3841,ED62DC4620316C8B3FD75115702DD1D215F6E7B5496F661C077B93438F4662C9,False,SOVEREIGN,0,0,False,
1786814585.587914,engram-node04,3841,ED62DC4620316C8B3FD75115702DD1D215F6E7B5496F661C077B93438F4662C9,False,SOVEREIGN,0,0,False,
1786814587.731724,engram-node01,3843,79B928537F09DECC7D597DCA6726B955134F1F820B666F3959AA7357222E47D0,False,SOVEREIGN,0,0,False,
1786814587.737566,engram-node02,3843,79B928537F09DECC7D597DCA6726B955134F1F820B666F3959AA7357222E47D0,False,SOVEREIGN,0,0,False,
1786814587.742381,engram-node03,3843,79B928537F09DECC7D597DCA6726B955134F1F820B666F3959AA7357222E47D0,False,SOVEREIGN,0,0,False,
1786814587.747604,engram-node04,3843,79B928537F09DECC7D597DCA6726B955134F1F820B666F3959AA7357222E47D0,False,SOVEREIGN,0,0,False,
1786814589.8438148,engram-node01,3845,0D689AD7A2D458B02337103A31844879C7A6C238450B9C2C757785C6BA674920,False,SOVEREIGN,0,0,False,
1786814589.889976,engram-node02,3845,0D689AD7A2D458B02337103A31844879C7A6C238450B9C2C757785C6BA674920,False,SOVEREIGN,0,0,False,
1786814589.902709,engram-node03,3845,0D689AD7A2D458B02337103A31844879C7A6C238450B9C2C757785C6BA674920,False,SOVEREIGN,0,0,False,
1786814589.913378,engram-node04,3845,0D689AD7A2D458B02337103A31844879C7A6C238450B9C2C757785C6BA674920,False,SOVEREIGN,0,0,False,
1786814592.130618,engram-node01,3846,526E94B942FECEBA090E71C714759FDBEA113FE1E5CC8C999B0CA57963815384,False,SOVEREIGN,0,0,False,
1786814592.13487,engram-node02,3846,526E94B942FECEBA090E71C714759FDBEA113FE1E5CC8C999B0CA57963815384,False,SOVEREIGN,0,0,False,
1786814592.139133,engram-node03,3846,526E94B942FECEBA090E71C714759FDBEA113FE1E5CC8C999B0CA57963815384,False,SOVEREIGN,0,0,False,
1786814592.142345,engram-node04,3846,526E94B942FECEBA090E71C714759FDBEA113FE1E5CC8C999B0CA57963815384,False,SOVEREIGN,0,0,False,
1786814594.248493,engram-node01,3848,998C7D73CCCBF5FF2DF315D567FCFCED5F13105BF392BF84AFFE93D13FFFB49F,False,SOVEREIGN,0,0,False,
1786814594.2570481,engram-node02,3848,998C7D73CCCBF5FF2DF315D567FCFCED5F13105BF392BF84AFFE93D13FFFB49F,False,SOVEREIGN,0,0,False,
1786814594.263044,engram-node03,3848,998C7D73CCCBF5FF2DF315D567FCFCED5F13105BF392BF84AFFE93D13FFFB49F,False,SOVEREIGN,0,0,False,
1786814594.2681432,engram-node04,3848,998C7D73CCCBF5FF2DF315D567FCFCED5F13105BF392BF84AFFE93D13FFFB49F,False,SOVEREIGN,0,0,False,
1786814596.370759,engram-node01,3850,3FC447A5FD09614608DB59527615D690FCF40C746AA072F7A99259FE7F761CF8,False,SOVEREIGN,0,0,False,
1786814596.381705,engram-node02,3850,3FC447A5FD09614608DB59527615D690FCF40C746AA072F7A99259FE7F761CF8,False,SOVEREIGN,0,0,False,
1786814596.390025,engram-node03,3850,3FC447A5FD09614608DB59527615D690FCF40C746AA072F7A99259FE7F761CF8,False,SOVEREIGN,0,0,False,
1786814596.398978,engram-node04,3850,3FC447A5FD09614608DB59527615D690FCF40C746AA072F7A99259FE7F761CF8,False,SOVEREIGN,0,0,False,
1786814598.606356,engram-node01,3851,3BF93C9A99BCDAC606BF7EAD69D2E93A328726DA4F4DCD1D7FF1A4C29A3666CA,False,SOVEREIGN,0,0,False,
1786814598.612394,engram-node02,3851,3BF93C9A99BCDAC606BF7EAD69D2E93A328726DA4F4DCD1D7FF1A4C29A3666CA,False,SOVEREIGN,0,0,False,
1786814598.617386,engram-node03,3851,3BF93C9A99BCDAC606BF7EAD69D2E93A328726DA4F4DCD1D7FF1A4C29A3666CA,False,SOVEREIGN,0,0,False,
1786814598.6237829,engram-node04,3851,3BF93C9A99BCDAC606BF7EAD69D2E93A328726DA4F4DCD1D7FF1A4C29A3666CA,False,SOVEREIGN,0,0,False,
1786814600.755849,engram-node01,3853,25C305E86D3C60436CC4902705D99A39F522F58FFD751062519AF0573E89ED15,False,SOVEREIGN,0,0,False,
1786814600.7632241,engram-node02,3853,25C305E86D3C60436CC4902705D99A39F522F58FFD751062519AF0573E89ED15,False,SOVEREIGN,0,0,False,
1786814600.7678962,engram-node03,3853,25C305E86D3C60436CC4902705D99A39F522F58FFD751062519AF0573E89ED15,False,SOVEREIGN,0,0,False,
1786814600.771929,engram-node04,3853,25C305E86D3C60436CC4902705D99A39F522F58FFD751062519AF0573E89ED15,False,SOVEREIGN,0,0,False,
1786814602.873616,engram-node01,3855,98305E2D253AEC497732E60F150FD8388FFA81A4682085754454D30CD07D0FEC,False,SOVEREIGN,0,0,False,
1786814602.88016,engram-node02,3855,98305E2D253AEC497732E60F150FD8388FFA81A4682085754454D30CD07D0FEC,False,SOVEREIGN,0,0,False,
1786814602.884555,engram-node03,3855,98305E2D253AEC497732E60F150FD8388FFA81A4682085754454D30CD07D0FEC,False,SOVEREIGN,0,0,False,
1786814602.888754,engram-node04,3855,98305E2D253AEC497732E60F150FD8388FFA81A4682085754454D30CD07D0FEC,False,SOVEREIGN,0,0,False,
1786814604.981212,engram-node01,3856,A765B1A5A2D4854999115A52E2067C63F2622E83DA38644CC5A63706B5F32BA4,False,SOVEREIGN,0,0,False,
1786814605.005009,engram-node02,3856,A765B1A5A2D4854999115A52E2067C63F2622E83DA38644CC5A63706B5F32BA4,False,SOVEREIGN,0,0,False,
1786814605.009844,engram-node03,3856,A765B1A5A2D4854999115A52E2067C63F2622E83DA38644CC5A63706B5F32BA4,False,SOVEREIGN,0,0,False,
1786814605.013355,engram-node04,3856,A765B1A5A2D4854999115A52E2067C63F2622E83DA38644CC5A63706B5F32BA4,False,SOVEREIGN,0,0,False,
1786814607.127987,engram-node01,3858,F82CC66FD3DC3E4F3CFEC19E9F039165D6847E4F7C6108FF5D61B35C36EF90BC,False,SOVEREIGN,0,0,False,
1786814607.138907,engram-node02,3858,F82CC66FD3DC3E4F3CFEC19E9F039165D6847E4F7C6108FF5D61B35C36EF90BC,False,SOVEREIGN,0,0,False,
1786814607.145677,engram-node03,3858,F82CC66FD3DC3E4F3CFEC19E9F039165D6847E4F7C6108FF5D61B35C36EF90BC,False,SOVEREIGN,0,0,False,
1786814607.151233,engram-node04,3858,F82CC66FD3DC3E4F3CFEC19E9F039165D6847E4F7C6108FF5D61B35C36EF90BC,False,SOVEREIGN,0,0,False,
1786814609.283,engram-node01,3860,E8637446A99D787480ACFE333E2598060907856605EDC1B96AA0AF7F1A259D29,False,SOVEREIGN,0,0,False,
1786814609.2892768,engram-node02,3860,E8637446A99D787480ACFE333E2598060907856605EDC1B96AA0AF7F1A259D29,False,SOVEREIGN,0,0,False,
1786814609.293565,engram-node03,3860,E8637446A99D787480ACFE333E2598060907856605EDC1B96AA0AF7F1A259D29,False,SOVEREIGN,0,0,False,
1786814609.297079,engram-node04,3860,E8637446A99D787480ACFE333E2598060907856605EDC1B96AA0AF7F1A259D29,False,SOVEREIGN,0,0,False,
1786814611.4230988,engram-node01,3861,C9516D3D822441733294FFC75C45B8B20E28C3133C6AF82E0FBC67551025BE27,False,SOVEREIGN,0,0,False,
1786814611.43012,engram-node02,3861,C9516D3D822441733294FFC75C45B8B20E28C3133C6AF82E0FBC67551025BE27,False,SOVEREIGN,0,0,False,
1786814611.4344199,engram-node03,3861,C9516D3D822441733294FFC75C45B8B20E28C3133C6AF82E0FBC67551025BE27,False,SOVEREIGN,0,0,False,
1786814611.438334,engram-node04,3861,C9516D3D822441733294FFC75C45B8B20E28C3133C6AF82E0FBC67551025BE27,False,SOVEREIGN,0,0,False,
1786814613.535591,engram-node01,3863,F362CFB41BA56D3875E8AF62D03D7B872B5D02F1405D7503DAAD4A38A1970151,False,SOVEREIGN,0,0,False,
1786814613.544564,engram-node02,3863,F362CFB41BA56D3875E8AF62D03D7B872B5D02F1405D7503DAAD4A38A1970151,False,SOVEREIGN,0,0,False,
1786814613.548943,engram-node03,3863,F362CFB41BA56D3875E8AF62D03D7B872B5D02F1405D7503DAAD4A38A1970151,False,SOVEREIGN,0,0,False,
1786814613.5531929,engram-node04,3863,F362CFB41BA56D3875E8AF62D03D7B872B5D02F1405D7503DAAD4A38A1970151,False,SOVEREIGN,0,0,False,
1786814615.644897,engram-node01,3864,4409EB8E6FB85120B98A7E02747BBADE9C1F21F6C3298D72065DB9AC2CEAF7F0,False,SOVEREIGN,0,0,False,
1786814615.6529431,engram-node02,3865,2780845002CD41643F9AA2A25835961307B7C4776D24C26F62F2E98CD01656AA,False,SOVEREIGN,0,0,False,
1786814615.678803,engram-node03,3865,2780845002CD41643F9AA2A25835961307B7C4776D24C26F62F2E98CD01656AA,False,SOVEREIGN,0,0,False,
1786814615.709028,engram-node04,3865,2780845002CD41643F9AA2A25835961307B7C4776D24C26F62F2E98CD01656AA,False,SOVEREIGN,0,0,False,
1786814617.931869,engram-node01,3866,34E3B7933048A799DD607590EA02595FB37F9A2F881E6376FAEF2CDA07390BA9,False,SOVEREIGN,0,0,False,
1786814617.93981,engram-node02,3866,34E3B7933048A799DD607590EA02595FB37F9A2F881E6376FAEF2CDA07390BA9,False,SOVEREIGN,0,0,False,
1786814617.947264,engram-node03,3866,34E3B7933048A799DD607590EA02595FB37F9A2F881E6376FAEF2CDA07390BA9,False,SOVEREIGN,0,0,False,
1786814617.953711,engram-node04,3866,34E3B7933048A799DD607590EA02595FB37F9A2F881E6376FAEF2CDA07390BA9,False,SOVEREIGN,0,0,False,
1786814620.087923,engram-node01,3868,E2D110AF5C4162164E78F95E367001C9E37DBEFD7C99556741424E455D65B12F,False,SOVEREIGN,0,0,False,
1786814620.1020072,engram-node02,3868,E2D110AF5C4162164E78F95E367001C9E37DBEFD7C99556741424E455D65B12F,False,SOVEREIGN,0,0,False,
1786814620.115479,engram-node03,3868,E2D110AF5C4162164E78F95E367001C9E37DBEFD7C99556741424E455D65B12F,False,SOVEREIGN,0,0,False,
1786814620.1292942,engram-node04,3868,E2D110AF5C4162164E78F95E367001C9E37DBEFD7C99556741424E455D65B12F,False,SOVEREIGN,0,0,False,
1786814622.282044,engram-node01,3869,8CE576B0B9F7B4F131EEE51725E57F396A2180CAC27A30FF0E1C2D7061FB38D7,False,SOVEREIGN,0,0,False,
1786814622.3116229,engram-node02,3869,8CE576B0B9F7B4F131EEE51725E57F396A2180CAC27A30FF0E1C2D7061FB38D7,False,SOVEREIGN,0,0,False,
1786814622.320829,engram-node03,3869,8CE576B0B9F7B4F131EEE51725E57F396A2180CAC27A30FF0E1C2D7061FB38D7,False,SOVEREIGN,0,0,False,
1786814622.337431,engram-node04,3869,8CE576B0B9F7B4F131EEE51725E57F396A2180CAC27A30FF0E1C2D7061FB38D7,False,SOVEREIGN,0,0,False,
1786814624.83307,engram-node01,3871,F6B387FDD7438CE03BD2B8754AE0914128AA7D9CE894127849C72D22B3C674D8,False,SOVEREIGN,0,0,False,
1786814624.85287,engram-node02,3871,F6B387FDD7438CE03BD2B8754AE0914128AA7D9CE894127849C72D22B3C674D8,False,SOVEREIGN,0,0,False,
1786814624.859225,engram-node03,3871,F6B387FDD7438CE03BD2B8754AE0914128AA7D9CE894127849C72D22B3C674D8,False,SOVEREIGN,0,0,False,
1786814624.8662798,engram-node04,3871,F6B387FDD7438CE03BD2B8754AE0914128AA7D9CE894127849C72D22B3C674D8,False,SOVEREIGN,0,0,False,
1786814627.026787,engram-node01,3873,F9535394BA27A4F4BF7A7B510D74D322651F06B23385CFF6E8715C5C9ADD1EC9,False,SOVEREIGN,0,0,False,
1786814627.035826,engram-node02,3873,F9535394BA27A4F4BF7A7B510D74D322651F06B23385CFF6E8715C5C9ADD1EC9,False,SOVEREIGN,0,0,False,
1786814627.0455208,engram-node03,3873,F9535394BA27A4F4BF7A7B510D74D322651F06B23385CFF6E8715C5C9ADD1EC9,False,SOVEREIGN,0,0,False,
1786814627.052315,engram-node04,3873,F9535394BA27A4F4BF7A7B510D74D322651F06B23385CFF6E8715C5C9ADD1EC9,False,SOVEREIGN,0,0,False,
1786814629.358797,engram-node01,3875,55F64DB4664BB63E8FC6E7D545089C744545A1B0A2E62D200DFCE20EB9FCCEAA,False,SOVEREIGN,0,0,False,
1786814629.369462,engram-node02,3875,55F64DB4664BB63E8FC6E7D545089C744545A1B0A2E62D200DFCE20EB9FCCEAA,False,SOVEREIGN,0,0,False,
1786814629.3770182,engram-node03,3875,55F64DB4664BB63E8FC6E7D545089C744545A1B0A2E62D200DFCE20EB9FCCEAA,False,SOVEREIGN,0,0,False,
1786814629.3842812,engram-node04,3875,55F64DB4664BB63E8FC6E7D545089C744545A1B0A2E62D200DFCE20EB9FCCEAA,False,SOVEREIGN,0,0,False,
1786814631.546025,engram-node01,3876,9CBD97633D8DC3281E15CC1765B6668AED8F03CE7C4D4DDC7737FD1524DBAE11,False,SOVEREIGN,0,0,False,
1786814631.556366,engram-node02,3876,9CBD97633D8DC3281E15CC1765B6668AED8F03CE7C4D4DDC7737FD1524DBAE11,False,SOVEREIGN,0,0,False,
1786814631.56789,engram-node03,3876,9CBD97633D8DC3281E15CC1765B6668AED8F03CE7C4D4DDC7737FD1524DBAE11,False,SOVEREIGN,0,0,False,
1786814631.576013,engram-node04,3876,9CBD97633D8DC3281E15CC1765B6668AED8F03CE7C4D4DDC7737FD1524DBAE11,False,SOVEREIGN,0,0,False,
1786814633.740624,engram-node01,3878,D8A8F8491F40D78ADB3A09F90147AA37DEE6EFE52BB77FF6EF2630D546D3507F,False,SOVEREIGN,0,0,False,
1786814633.752383,engram-node02,3878,D8A8F8491F40D78ADB3A09F90147AA37DEE6EFE52BB77FF6EF2630D546D3507F,False,SOVEREIGN,0,0,False,
1786814633.7724001,engram-node03,3878,D8A8F8491F40D78ADB3A09F90147AA37DEE6EFE52BB77FF6EF2630D546D3507F,False,SOVEREIGN,0,0,False,
1786814633.78168,engram-node04,3878,D8A8F8491F40D78ADB3A09F90147AA37DEE6EFE52BB77FF6EF2630D546D3507F,False,SOVEREIGN,0,0,False,
1786814636.0455701,engram-node01,3880,AFB1089702442C3BFBE4D6ED96931F8E4A9B8B1980BA23C4D8D27FE4B967FC46,False,SOVEREIGN,0,0,False,
1786814636.05664,engram-node02,3880,AFB1089702442C3BFBE4D6ED96931F8E4A9B8B1980BA23C4D8D27FE4B967FC46,False,SOVEREIGN,0,0,False,
1786814636.064605,engram-node03,3880,AFB1089702442C3BFBE4D6ED96931F8E4A9B8B1980BA23C4D8D27FE4B967FC46,False,SOVEREIGN,0,0,False,
1786814636.072744,engram-node04,3880,AFB1089702442C3BFBE4D6ED96931F8E4A9B8B1980BA23C4D8D27FE4B967FC46,False,SOVEREIGN,0,0,False,
1786814638.194962,engram-node01,3881,27EC522F561FCD45A107669DA7443E1738B09DF2BBC83EDAD820E201947A5C7E,False,SOVEREIGN,0,0,False,
1786814638.2050219,engram-node02,3881,27EC522F561FCD45A107669DA7443E1738B09DF2BBC83EDAD820E201947A5C7E,False,SOVEREIGN,0,0,False,
1786814638.226729,engram-node03,3881,27EC522F561FCD45A107669DA7443E1738B09DF2BBC83EDAD820E201947A5C7E,False,SOVEREIGN,0,0,False,
1786814638.2474082,engram-node04,3881,27EC522F561FCD45A107669DA7443E1738B09DF2BBC83EDAD820E201947A5C7E,False,SOVEREIGN,0,0,False,
1786814640.475209,engram-node01,3883,AC24D5F4EAF80F1E59ED61B42AB947F3A546B7FDB01826F361DEE26A86C94722,False,SOVEREIGN,0,0,False,
1786814640.510721,engram-node02,3883,AC24D5F4EAF80F1E59ED61B42AB947F3A546B7FDB01826F361DEE26A86C94722,False,SOVEREIGN,0,0,False,
1786814640.53116,engram-node03,3883,AC24D5F4EAF80F1E59ED61B42AB947F3A546B7FDB01826F361DEE26A86C94722,False,SOVEREIGN,0,0,False,
1786814640.546056,engram-node04,3883,AC24D5F4EAF80F1E59ED61B42AB947F3A546B7FDB01826F361DEE26A86C94722,False,SOVEREIGN,0,0,False,
1786814643.179838,engram-node01,3885,9381F7C5CDB60EBB6FEBF31EEE64399DA8B24266A6CCD4A1D6491D49817E44BA,False,SOVEREIGN,0,0,False,
1786814643.1866722,engram-node02,3885,9381F7C5CDB60EBB6FEBF31EEE64399DA8B24266A6CCD4A1D6491D49817E44BA,False,SOVEREIGN,0,0,False,
1786814643.191575,engram-node03,3885,9381F7C5CDB60EBB6FEBF31EEE64399DA8B24266A6CCD4A1D6491D49817E44BA,False,SOVEREIGN,0,0,False,
1786814643.196401,engram-node04,3885,9381F7C5CDB60EBB6FEBF31EEE64399DA8B24266A6CCD4A1D6491D49817E44BA,False,SOVEREIGN,0,0,False,
1786814645.328882,engram-node01,3887,259D05991B6E7658DAB1F6F335C767D160D3B774BE4EAE164A8F769FD2202EC1,False,SOVEREIGN,0,0,False,
1786814645.3403509,engram-node02,3887,259D05991B6E7658DAB1F6F335C767D160D3B774BE4EAE164A8F769FD2202EC1,False,SOVEREIGN,0,0,False,
1786814645.350042,engram-node03,3887,259D05991B6E7658DAB1F6F335C767D160D3B774BE4EAE164A8F769FD2202EC1,False,SOVEREIGN,0,0,False,
1786814645.3588748,engram-node04,3887,259D05991B6E7658DAB1F6F335C767D160D3B774BE4EAE164A8F769FD2202EC1,False,SOVEREIGN,0,0,False,
1786814647.56418,engram-node01,3888,500796630DE34E1D999F572CFD441BCE3946BD0C0560BDBB94E03152AA4943CD,False,SOVEREIGN,0,0,False,
1786814647.5828412,engram-node02,3888,500796630DE34E1D999F572CFD441BCE3946BD0C0560BDBB94E03152AA4943CD,False,SOVEREIGN,0,0,False,
1786814647.6213272,engram-node03,3888,500796630DE34E1D999F572CFD441BCE3946BD0C0560BDBB94E03152AA4943CD,False,SOVEREIGN,0,0,False,
1786814647.644842,engram-node04,3888,500796630DE34E1D999F572CFD441BCE3946BD0C0560BDBB94E03152AA4943CD,False,SOVEREIGN,0,0,False,
1786814650.0077891,engram-node01,3890,6B003F9A7766F906747CFB948855497D68D7AE4F2BA2E6D102F8ED646306684E,False,SOVEREIGN,0,0,False,
1786814650.017545,engram-node02,3890,6B003F9A7766F906747CFB948855497D68D7AE4F2BA2E6D102F8ED646306684E,False,SOVEREIGN,0,0,False,
1786814650.024171,engram-node03,3890,6B003F9A7766F906747CFB948855497D68D7AE4F2BA2E6D102F8ED646306684E,False,SOVEREIGN,0,0,False,
1786814650.031811,engram-node04,3890,6B003F9A7766F906747CFB948855497D68D7AE4F2BA2E6D102F8ED646306684E,False,SOVEREIGN,0,0,False,
1786814652.185475,engram-node01,3892,45071EB72F82FD894D74A6951EED6D4CECC50C2801F8EDDD7A335D3713B7D4D4,False,SOVEREIGN,0,0,False,
1786814652.19607,engram-node02,3892,45071EB72F82FD894D74A6951EED6D4CECC50C2801F8EDDD7A335D3713B7D4D4,False,SOVEREIGN,0,0,False,
1786814652.209294,engram-node03,3892,45071EB72F82FD894D74A6951EED6D4CECC50C2801F8EDDD7A335D3713B7D4D4,False,SOVEREIGN,0,0,False,
1786814652.221264,engram-node04,3892,45071EB72F82FD894D74A6951EED6D4CECC50C2801F8EDDD7A335D3713B7D4D4,False,SOVEREIGN,0,0,False,
1786814654.453969,engram-node01,3893,BC077ADC6F5336DD448AB2C948AF83B90D447459522D9372EA0F5F029E6F57AB,False,SOVEREIGN,0,0,False,
1786814654.7800052,engram-node02,3893,BC077ADC6F5336DD448AB2C948AF83B90D447459522D9372EA0F5F029E6F57AB,False,SOVEREIGN,0,0,False,
1786814654.8826618,engram-node03,3893,BC077ADC6F5336DD448AB2C948AF83B90D447459522D9372EA0F5F029E6F57AB,False,SOVEREIGN,0,0,False,
1786814654.91902,engram-node04,3893,BC077ADC6F5336DD448AB2C948AF83B90D447459522D9372EA0F5F029E6F57AB,False,SOVEREIGN,0,0,False,
1786814657.764641,engram-node01,3895,949FF2983F5F4EE8FD1BD0BBF92819A158A11FDE2FFA4751ACD8F63942FBB6FD,False,SOVEREIGN,0,0,False,
1786814657.7843258,engram-node02,3895,949FF2983F5F4EE8FD1BD0BBF92819A158A11FDE2FFA4751ACD8F63942FBB6FD,False,SOVEREIGN,0,0,False,
1786814657.797316,engram-node03,3895,949FF2983F5F4EE8FD1BD0BBF92819A158A11FDE2FFA4751ACD8F63942FBB6FD,False,SOVEREIGN,0,0,False,
1786814657.809737,engram-node04,3895,949FF2983F5F4EE8FD1BD0BBF92819A158A11FDE2FFA4751ACD8F63942FBB6FD,False,SOVEREIGN,0,0,False,
1786814660.0187361,engram-node01,3897,785535534BB32D080363E373D28C96A7F60E0032BE102B5909BE3736553A3469,False,SOVEREIGN,0,0,False,
1786814660.027062,engram-node02,3897,785535534BB32D080363E373D28C96A7F60E0032BE102B5909BE3736553A3469,False,SOVEREIGN,0,0,False,
1786814660.0337741,engram-node03,3897,785535534BB32D080363E373D28C96A7F60E0032BE102B5909BE3736553A3469,False,SOVEREIGN,0,0,False,
1786814660.0423949,engram-node04,3897,785535534BB32D080363E373D28C96A7F60E0032BE102B5909BE3736553A3469,False,SOVEREIGN,0,0,False,
1786814662.181571,engram-node01,3899,04B7CD0424327C178A03EF8B3767AF158B142F1B284F90D6D4BE142BB903187A,False,SOVEREIGN,0,0,False,
1786814662.195172,engram-node02,3899,04B7CD0424327C178A03EF8B3767AF158B142F1B284F90D6D4BE142BB903187A,False,SOVEREIGN,0,0,False,
1786814662.2030551,engram-node03,3899,04B7CD0424327C178A03EF8B3767AF158B142F1B284F90D6D4BE142BB903187A,False,SOVEREIGN,0,0,False,
1786814662.256968,engram-node04,3899,04B7CD0424327C178A03EF8B3767AF158B142F1B284F90D6D4BE142BB903187A,False,SOVEREIGN,0,0,False,
1786814664.5569139,engram-node01,3901,A9C7035F667C27E8C3C1E05E65E4A1775082E1D488B39AC0271627A9083DB1B7,False,SOVEREIGN,0,0,False,
1786814664.565852,engram-node02,3901,A9C7035F667C27E8C3C1E05E65E4A1775082E1D488B39AC0271627A9083DB1B7,False,SOVEREIGN,0,0,False,
1786814664.576672,engram-node03,3901,A9C7035F667C27E8C3C1E05E65E4A1775082E1D488B39AC0271627A9083DB1B7,False,SOVEREIGN,0,0,False,
1786814664.585906,engram-node04,3901,A9C7035F667C27E8C3C1E05E65E4A1775082E1D488B39AC0271627A9083DB1B7,False,SOVEREIGN,0,0,False,
1786814666.7173388,engram-node01,3902,4726C53641BF5B430337C8B815122B9CD0E119369985AA494A881F5AE0FF15E7,False,SOVEREIGN,0,0,False,
1786814666.732357,engram-node02,3902,4726C53641BF5B430337C8B815122B9CD0E119369985AA494A881F5AE0FF15E7,False,SOVEREIGN,0,0,False,
1786814666.742887,engram-node03,3902,4726C53641BF5B430337C8B815122B9CD0E119369985AA494A881F5AE0FF15E7,False,SOVEREIGN,0,0,False,
1786814666.756029,engram-node04,3902,4726C53641BF5B430337C8B815122B9CD0E119369985AA494A881F5AE0FF15E7,False,SOVEREIGN,0,0,False,
1786814669.042964,engram-node01,3904,C0F6A8FD217CDB2BB1E1BF2AF7C87D7622E886798DC3922CF1C9C51C9EEDBB43,False,SOVEREIGN,0,0,False,
1786814669.049668,engram-node02,3904,C0F6A8FD217CDB2BB1E1BF2AF7C87D7622E886798DC3922CF1C9C51C9EEDBB43,False,SOVEREIGN,0,0,False,
1786814669.054898,engram-node03,3904,C0F6A8FD217CDB2BB1E1BF2AF7C87D7622E886798DC3922CF1C9C51C9EEDBB43,False,SOVEREIGN,0,0,False,
1786814669.0626502,engram-node04,3904,C0F6A8FD217CDB2BB1E1BF2AF7C87D7622E886798DC3922CF1C9C51C9EEDBB43,False,SOVEREIGN,0,0,False,
1786814671.204798,engram-node01,3905,6319D8FAEBB59E4ABA63ABF315C16771FED95255CAA54FE9E17B2FC85FDF584C,False,SOVEREIGN,0,0,False,
1786814671.250728,engram-node02,3905,6319D8FAEBB59E4ABA63ABF315C16771FED95255CAA54FE9E17B2FC85FDF584C,False,SOVEREIGN,0,0,False,
1786814671.29928,engram-node03,3905,6319D8FAEBB59E4ABA63ABF315C16771FED95255CAA54FE9E17B2FC85FDF584C,False,SOVEREIGN,0,0,False,
1786814671.3251772,engram-node04,3905,6319D8FAEBB59E4ABA63ABF315C16771FED95255CAA54FE9E17B2FC85FDF584C,False,SOVEREIGN,0,0,False,
1786814674.183219,engram-node01,3908,DA309A4FD9682FD9349356978D6200AF17F15DF4F88CA694942FB67523F9121F,False,SOVEREIGN,0,0,False,
1786814674.192152,engram-node02,3908,DA309A4FD9682FD9349356978D6200AF17F15DF4F88CA694942FB67523F9121F,False,SOVEREIGN,0,0,False,
1786814674.200356,engram-node03,3908,DA309A4FD9682FD9349356978D6200AF17F15DF4F88CA694942FB67523F9121F,False,SOVEREIGN,0,0,False,
1786814674.2065222,engram-node04,3908,DA309A4FD9682FD9349356978D6200AF17F15DF4F88CA694942FB67523F9121F,False,SOVEREIGN,0,0,False,
1786814677.7696981,engram-node01,3910,1A1B1FF59E1DBBB933E59F892D69634AA278A0EA9A8406E1FF0147034CACBA37,False,SOVEREIGN,0,0,False,
1786814677.78701,engram-node02,3910,1A1B1FF59E1DBBB933E59F892D69634AA278A0EA9A8406E1FF0147034CACBA37,False,SOVEREIGN,0,0,False,
1786814677.7968152,engram-node03,3910,1A1B1FF59E1DBBB933E59F892D69634AA278A0EA9A8406E1FF0147034CACBA37,False,SOVEREIGN,0,0,False,
1786814677.8064902,engram-node04,3910,1A1B1FF59E1DBBB933E59F892D69634AA278A0EA9A8406E1FF0147034CACBA37,False,SOVEREIGN,0,0,False,
1786814680.100171,engram-node01,3912,A10B8D9DD3C658B451DC755B49BC1175C72F942DEB23868F6FD536CBCC1A1660,False,SOVEREIGN,0,0,False,
1786814680.122751,engram-node02,3912,A10B8D9DD3C658B451DC755B49BC1175C72F942DEB23868F6FD536CBCC1A1660,False,SOVEREIGN,0,0,False,
1786814680.145117,engram-node03,3912,A10B8D9DD3C658B451DC755B49BC1175C72F942DEB23868F6FD536CBCC1A1660,False,SOVEREIGN,0,0,False,
1786814680.1698592,engram-node04,3912,A10B8D9DD3C658B451DC755B49BC1175C72F942DEB23868F6FD536CBCC1A1660,False,SOVEREIGN,0,0,False,
1786814682.3816562,engram-node01,3913,AA1EDE0B516BF9B532C7229FEA801B3A85FB29646E853C414A347FC9372AD472,False,SOVEREIGN,0,0,False,
1786814682.393286,engram-node02,3913,AA1EDE0B516BF9B532C7229FEA801B3A85FB29646E853C414A347FC9372AD472,False,SOVEREIGN,0,0,False,
1786814682.4024022,engram-node03,3913,AA1EDE0B516BF9B532C7229FEA801B3A85FB29646E853C414A347FC9372AD472,False,SOVEREIGN,0,0,False,
1786814682.412587,engram-node04,3913,AA1EDE0B516BF9B532C7229FEA801B3A85FB29646E853C414A347FC9372AD472,False,SOVEREIGN,0,0,False,
1786814684.77493,engram-node01,3915,AC3D377B89DE6D13B8BC65440EA895ADBF0B1B9B5F5E9B71E6470D846DF2346B,False,SOVEREIGN,0,0,False,
1786814684.783392,engram-node02,3915,AC3D377B89DE6D13B8BC65440EA895ADBF0B1B9B5F5E9B71E6470D846DF2346B,False,SOVEREIGN,0,0,False,
1786814684.790228,engram-node03,3915,AC3D377B89DE6D13B8BC65440EA895ADBF0B1B9B5F5E9B71E6470D846DF2346B,False,SOVEREIGN,0,0,False,
1786814684.797173,engram-node04,3915,AC3D377B89DE6D13B8BC65440EA895ADBF0B1B9B5F5E9B71E6470D846DF2346B,False,SOVEREIGN,0,0,False,
1786814686.945632,engram-node01,3917,E3D3E9C546DA040EE89A2A6202DC8AC55A3421598C9F739064C9D300DA9CE23E,False,SOVEREIGN,0,0,False,
1786814686.951981,engram-node02,3917,E3D3E9C546DA040EE89A2A6202DC8AC55A3421598C9F739064C9D300DA9CE23E,False,SOVEREIGN,0,0,False,
1786814686.960033,engram-node03,3917,E3D3E9C546DA040EE89A2A6202DC8AC55A3421598C9F739064C9D300DA9CE23E,False,SOVEREIGN,0,0,False,
1786814686.966484,engram-node04,3917,E3D3E9C546DA040EE89A2A6202DC8AC55A3421598C9F739064C9D300DA9CE23E,False,SOVEREIGN,0,0,False,
1786814689.102613,engram-node01,3919,3249A0D57F8F3468D2D4DA2C340CD1ED97D6B0986FFDF17EDF639ED93384AF82,False,SOVEREIGN,0,0,False,
1786814689.1113029,engram-node02,3919,3249A0D57F8F3468D2D4DA2C340CD1ED97D6B0986FFDF17EDF639ED93384AF82,False,SOVEREIGN,0,0,False,
1786814689.118818,engram-node03,3919,3249A0D57F8F3468D2D4DA2C340CD1ED97D6B0986FFDF17EDF639ED93384AF82,False,SOVEREIGN,0,0,False,
1786814689.125664,engram-node04,3919,3249A0D57F8F3468D2D4DA2C340CD1ED97D6B0986FFDF17EDF639ED93384AF82,False,SOVEREIGN,0,0,False,
1786814691.274555,engram-node01,3920,E71A1C7C54D329E11C4DC96BD9D1CF51242BB2AFF78321BFADB6E8AA942BF831,False,SOVEREIGN,0,0,False,
1786814691.291062,engram-node02,3920,E71A1C7C54D329E11C4DC96BD9D1CF51242BB2AFF78321BFADB6E8AA942BF831,False,SOVEREIGN,0,0,False,
1786814691.3051789,engram-node03,3920,E71A1C7C54D329E11C4DC96BD9D1CF51242BB2AFF78321BFADB6E8AA942BF831,False,SOVEREIGN,0,0,False,
1786814691.317461,engram-node04,3920,E71A1C7C54D329E11C4DC96BD9D1CF51242BB2AFF78321BFADB6E8AA942BF831,False,SOVEREIGN,0,0,False,
1786814693.6576252,engram-node01,3922,796E1FFF5A1658895B003A03B1840E0B346BB9031CD2221953DFEFC313D48F65,False,SOVEREIGN,0,0,False,
1786814693.6646888,engram-node02,3922,796E1FFF5A1658895B003A03B1840E0B346BB9031CD2221953DFEFC313D48F65,False,SOVEREIGN,0,0,False,
1786814693.673441,engram-node03,3922,796E1FFF5A1658895B003A03B1840E0B346BB9031CD2221953DFEFC313D48F65,False,SOVEREIGN,0,0,False,
1786814693.679751,engram-node04,3922,796E1FFF5A1658895B003A03B1840E0B346BB9031CD2221953DFEFC313D48F65,False,SOVEREIGN,0,0,False,
1786814695.882423,engram-node01,3924,C1FD066E809AF2EB56D48E6FE1C88EDFA9F129C923BCAD3954938BFCD153506A,False,SOVEREIGN,0,0,False,
1786814695.8982909,engram-node02,3924,C1FD066E809AF2EB56D48E6FE1C88EDFA9F129C923BCAD3954938BFCD153506A,False,SOVEREIGN,0,0,False,
1786814695.9102862,engram-node03,3924,C1FD066E809AF2EB56D48E6FE1C88EDFA9F129C923BCAD3954938BFCD153506A,False,SOVEREIGN,0,0,False,
1786814695.921841,engram-node04,3924,C1FD066E809AF2EB56D48E6FE1C88EDFA9F129C923BCAD3954938BFCD153506A,False,SOVEREIGN,0,0,False,
1786814698.29405,engram-node01,3926,F5B32E74F7B0383ACC3107A159E56BB57B568FEC05E826942F231A8E4BEBA9B2,False,SOVEREIGN,0,0,False,
1786814698.317782,engram-node02,3926,F5B32E74F7B0383ACC3107A159E56BB57B568FEC05E826942F231A8E4BEBA9B2,False,SOVEREIGN,0,0,False,
1786814698.331381,engram-node03,3926,F5B32E74F7B0383ACC3107A159E56BB57B568FEC05E826942F231A8E4BEBA9B2,False,SOVEREIGN,0,0,False,
1786814698.345695,engram-node04,3926,F5B32E74F7B0383ACC3107A159E56BB57B568FEC05E826942F231A8E4BEBA9B2,False,SOVEREIGN,0,0,False,
1786814700.8334699,engram-node01,3928,AFA4297BAAA9DB4088606CB9CF8300D988269E196E2641615A6A6A1344F8B5E1,False,SOVEREIGN,0,0,False,
1786814700.848918,engram-node02,3928,AFA4297BAAA9DB4088606CB9CF8300D988269E196E2641615A6A6A1344F8B5E1,False,SOVEREIGN,0,0,False,
1786814700.857313,engram-node03,3928,AFA4297BAAA9DB4088606CB9CF8300D988269E196E2641615A6A6A1344F8B5E1,False,SOVEREIGN,0,0,False,
1786814700.868705,engram-node04,3928,AFA4297BAAA9DB4088606CB9CF8300D988269E196E2641615A6A6A1344F8B5E1,False,SOVEREIGN,0,0,False,
1786814703.060677,engram-node01,3929,557D1ACFA74898F67101F4DF6FEA14B3CEDD36906B3A9479012D2116059CE5F5,False,SOVEREIGN,0,0,False,
1786814703.072754,engram-node02,3929,557D1ACFA74898F67101F4DF6FEA14B3CEDD36906B3A9479012D2116059CE5F5,False,SOVEREIGN,0,0,False,
1786814703.09883,engram-node03,3929,557D1ACFA74898F67101F4DF6FEA14B3CEDD36906B3A9479012D2116059CE5F5,False,SOVEREIGN,0,0,False,
1786814703.1209059,engram-node04,3929,557D1ACFA74898F67101F4DF6FEA14B3CEDD36906B3A9479012D2116059CE5F5,False,SOVEREIGN,0,0,False,
1786814705.3745449,engram-node01,3931,E1026D1A126CF51B7815BFDDD5B667AF08D0B88C530D379D95ACCD40507E8D85,False,SOVEREIGN,0,0,False,
1786814705.383345,engram-node02,3931,E1026D1A126CF51B7815BFDDD5B667AF08D0B88C530D379D95ACCD40507E8D85,False,SOVEREIGN,0,0,False,
1786814705.390958,engram-node03,3931,E1026D1A126CF51B7815BFDDD5B667AF08D0B88C530D379D95ACCD40507E8D85,False,SOVEREIGN,0,0,False,
1786814705.400404,engram-node04,3931,E1026D1A126CF51B7815BFDDD5B667AF08D0B88C530D379D95ACCD40507E8D85,False,SOVEREIGN,0,0,False,
1786814707.562724,engram-node01,3933,2515DA473685AE0B741775CE9AC543CB57212CEFF65A411E584E0375D023B5A2,False,SOVEREIGN,0,0,False,
1786814707.5704498,engram-node02,3933,2515DA473685AE0B741775CE9AC543CB57212CEFF65A411E584E0375D023B5A2,False,SOVEREIGN,0,0,False,
1786814707.5853472,engram-node03,3933,2515DA473685AE0B741775CE9AC543CB57212CEFF65A411E584E0375D023B5A2,False,SOVEREIGN,0,0,False,
1786814707.595607,engram-node04,3933,2515DA473685AE0B741775CE9AC543CB57212CEFF65A411E584E0375D023B5A2,False,SOVEREIGN,0,0,False,
1786814709.854301,engram-node01,3934,7B6C1D23783B37D75CB738D986CA8090E1114725DC6EEEC8B577D7BF59FD160E,False,SOVEREIGN,0,0,False,
1786814709.8848262,engram-node02,3934,7B6C1D23783B37D75CB738D986CA8090E1114725DC6EEEC8B577D7BF59FD160E,False,SOVEREIGN,0,0,False,
1786814709.92206,engram-node03,3934,7B6C1D23783B37D75CB738D986CA8090E1114725DC6EEEC8B577D7BF59FD160E,False,SOVEREIGN,0,0,False,
1786814709.952689,engram-node04,3934,7B6C1D23783B37D75CB738D986CA8090E1114725DC6EEEC8B577D7BF59FD160E,False,SOVEREIGN,0,0,False,
1786814712.565436,engram-node01,3936,8C61B62FF27A118DA444FB8DF8828923CABCBF7CAC90010AB30FE7AB79AD33F3,False,SOVEREIGN,0,0,False,
1786814712.5855901,engram-node02,3936,8C61B62FF27A118DA444FB8DF8828923CABCBF7CAC90010AB30FE7AB79AD33F3,False,SOVEREIGN,0,0,False,
1786814712.604141,engram-node03,3936,8C61B62FF27A118DA444FB8DF8828923CABCBF7CAC90010AB30FE7AB79AD33F3,False,SOVEREIGN,0,0,False,
1786814712.6207411,engram-node04,3936,8C61B62FF27A118DA444FB8DF8828923CABCBF7CAC90010AB30FE7AB79AD33F3,False,SOVEREIGN,0,0,False,
1786814714.858853,engram-node01,3938,8E91487E65A3DA0E399E217F75A37CF1BEB7CC2AD59A9CCC8672464379F79FFE,False,SOVEREIGN,0,0,False,
1786814714.873437,engram-node02,3938,8E91487E65A3DA0E399E217F75A37CF1BEB7CC2AD59A9CCC8672464379F79FFE,False,SOVEREIGN,0,0,False,
1786814714.8832629,engram-node03,3938,8E91487E65A3DA0E399E217F75A37CF1BEB7CC2AD59A9CCC8672464379F79FFE,False,SOVEREIGN,0,0,False,
1786814714.890717,engram-node04,3938,8E91487E65A3DA0E399E217F75A37CF1BEB7CC2AD59A9CCC8672464379F79FFE,False,SOVEREIGN,0,0,False,
1786814717.149184,engram-node01,3940,BDAE3D57C552F0DDD156712026C90AB0D37726935653E9090798D8B2DCF398A0,False,SOVEREIGN,0,0,False,
1786814717.15828,engram-node02,3940,BDAE3D57C552F0DDD156712026C90AB0D37726935653E9090798D8B2DCF398A0,False,SOVEREIGN,0,0,False,
1786814717.166593,engram-node03,3940,BDAE3D57C552F0DDD156712026C90AB0D37726935653E9090798D8B2DCF398A0,False,SOVEREIGN,0,0,False,
1786814717.173894,engram-node04,3940,BDAE3D57C552F0DDD156712026C90AB0D37726935653E9090798D8B2DCF398A0,False,SOVEREIGN,0,0,False,
1786814719.450782,engram-node01,3942,6E04BCF0DD7128CF69A14E300ED57A571EBA3C98C0034902F613BEEB5033F52C,False,SOVEREIGN,0,0,False,
1786814719.463729,engram-node02,3942,6E04BCF0DD7128CF69A14E300ED57A571EBA3C98C0034902F613BEEB5033F52C,False,SOVEREIGN,0,0,False,
1786814719.471104,engram-node03,3942,6E04BCF0DD7128CF69A14E300ED57A571EBA3C98C0034902F613BEEB5033F52C,False,SOVEREIGN,0,0,False,
1786814719.48122,engram-node04,3942,6E04BCF0DD7128CF69A14E300ED57A571EBA3C98C0034902F613BEEB5033F52C,False,SOVEREIGN,0,0,False,
1786814721.6780002,engram-node01,3943,C1F4694F5BD2F9EEC54AEA7D6F36317F4D71B219D1040E49BD424AADB08D3906,False,SOVEREIGN,0,0,False,
1786814721.699214,engram-node02,3943,C1F4694F5BD2F9EEC54AEA7D6F36317F4D71B219D1040E49BD424AADB08D3906,False,SOVEREIGN,0,0,False,
1786814721.70578,engram-node03,3943,C1F4694F5BD2F9EEC54AEA7D6F36317F4D71B219D1040E49BD424AADB08D3906,False,SOVEREIGN,0,0,False,
1786814721.712716,engram-node04,3943,C1F4694F5BD2F9EEC54AEA7D6F36317F4D71B219D1040E49BD424AADB08D3906,False,SOVEREIGN,0,0,False,
1786814723.974741,engram-node01,3945,4895F8AAC39A07E39A46C2AA14770656699DA499DC287F80B30B1AA664377ED0,False,SOVEREIGN,0,0,False,
1786814723.9914749,engram-node02,3945,4895F8AAC39A07E39A46C2AA14770656699DA499DC287F80B30B1AA664377ED0,False,SOVEREIGN,0,0,False,
1786814723.99679,engram-node03,3945,4895F8AAC39A07E39A46C2AA14770656699DA499DC287F80B30B1AA664377ED0,False,SOVEREIGN,0,0,False,
1786814724.0008981,engram-node04,3945,4895F8AAC39A07E39A46C2AA14770656699DA499DC287F80B30B1AA664377ED0,False,SOVEREIGN,0,0,False,
1786814726.19234,engram-node01,3947,D7C0C5F193E3C9E9CA62C97019D1F434633E5B117036B57E6A936458A5262B82,False,SOVEREIGN,0,0,False,
1786814726.198869,engram-node02,3947,D7C0C5F193E3C9E9CA62C97019D1F434633E5B117036B57E6A936458A5262B82,False,SOVEREIGN,0,0,False,
1786814726.2027159,engram-node03,3947,D7C0C5F193E3C9E9CA62C97019D1F434633E5B117036B57E6A936458A5262B82,False,SOVEREIGN,0,0,False,
1786814726.2064261,engram-node04,3947,D7C0C5F193E3C9E9CA62C97019D1F434633E5B117036B57E6A936458A5262B82,False,SOVEREIGN,0,0,False,
1786814728.291906,engram-node01,3948,581A5011C9C2FADDC429F7C3A25C11EFF8F75DB3123E01119E3F5EAFF0EBE74E,False,SOVEREIGN,0,0,False,
1786814728.302119,engram-node02,3948,581A5011C9C2FADDC429F7C3A25C11EFF8F75DB3123E01119E3F5EAFF0EBE74E,False,SOVEREIGN,0,0,False,
1786814728.30736,engram-node03,3948,581A5011C9C2FADDC429F7C3A25C11EFF8F75DB3123E01119E3F5EAFF0EBE74E,False,SOVEREIGN,0,0,False,
1786814728.313049,engram-node04,3948,581A5011C9C2FADDC429F7C3A25C11EFF8F75DB3123E01119E3F5EAFF0EBE74E,False,SOVEREIGN,0,0,False,
1786814730.4125981,engram-node01,3950,DDD034258F72D7DFE51618FFC62953612D79FFE834AD73DE2DA36096BB303E9E,False,SOVEREIGN,0,0,False,
1786814730.4198642,engram-node02,3950,DDD034258F72D7DFE51618FFC62953612D79FFE834AD73DE2DA36096BB303E9E,False,SOVEREIGN,0,0,False,
1786814730.423511,engram-node03,3950,DDD034258F72D7DFE51618FFC62953612D79FFE834AD73DE2DA36096BB303E9E,False,SOVEREIGN,0,0,False,
1786814730.426498,engram-node04,3950,DDD034258F72D7DFE51618FFC62953612D79FFE834AD73DE2DA36096BB303E9E,False,SOVEREIGN,0,0,False,
1786814732.517859,engram-node01,3951,4BBC685D432782ECA774744CA3BA4F7A44D3F92BF049D18A743F619A05C2EEC7,False,SOVEREIGN,0,0,False,
1786814732.5234308,engram-node02,3951,4BBC685D432782ECA774744CA3BA4F7A44D3F92BF049D18A743F619A05C2EEC7,False,SOVEREIGN,0,0,False,
1786814732.527186,engram-node03,3951,4BBC685D432782ECA774744CA3BA4F7A44D3F92BF049D18A743F619A05C2EEC7,False,SOVEREIGN,0,0,False,
1786814732.530729,engram-node04,3951,4BBC685D432782ECA774744CA3BA4F7A44D3F92BF049D18A743F619A05C2EEC7,False,SOVEREIGN,0,0,False,
1786814734.632803,engram-node01,3953,DCB8925A456EAF8DAF11DAF462429B5B7DDBA533F70E105CBD00AA8D33E9341A,False,SOVEREIGN,0,0,False,
1786814734.640364,engram-node02,3953,DCB8925A456EAF8DAF11DAF462429B5B7DDBA533F70E105CBD00AA8D33E9341A,False,SOVEREIGN,0,0,False,
1786814734.644354,engram-node03,3953,DCB8925A456EAF8DAF11DAF462429B5B7DDBA533F70E105CBD00AA8D33E9341A,False,SOVEREIGN,0,0,False,
1786814734.647382,engram-node04,3953,DCB8925A456EAF8DAF11DAF462429B5B7DDBA533F70E105CBD00AA8D33E9341A,False,SOVEREIGN,0,0,False,
1786814736.753535,engram-node01,3954,1AF8258842143C83DC86BEF4141E0A97A92D823A67FB4AAE1B7F69FE3928FACB,False,SOVEREIGN,0,0,False,
1786814736.760202,engram-node02,3954,1AF8258842143C83DC86BEF4141E0A97A92D823A67FB4AAE1B7F69FE3928FACB,False,SOVEREIGN,0,0,False,
1786814736.7660952,engram-node03,3954,1AF8258842143C83DC86BEF4141E0A97A92D823A67FB4AAE1B7F69FE3928FACB,False,SOVEREIGN,0,0,False,
1786814736.770934,engram-node04,3954,1AF8258842143C83DC86BEF4141E0A97A92D823A67FB4AAE1B7F69FE3928FACB,False,SOVEREIGN,0,0,False,
1786814738.893451,engram-node01,3956,501B728364D77826D55A12ED3D3000557490E2BDC5040B414456BD5D532DBD69,False,SOVEREIGN,0,0,False,
1786814738.900417,engram-node02,3956,501B728364D77826D55A12ED3D3000557490E2BDC5040B414456BD5D532DBD69,False,SOVEREIGN,0,0,False,
1786814738.90524,engram-node03,3956,501B728364D77826D55A12ED3D3000557490E2BDC5040B414456BD5D532DBD69,False,SOVEREIGN,0,0,False,
1786814738.909796,engram-node04,3956,501B728364D77826D55A12ED3D3000557490E2BDC5040B414456BD5D532DBD69,False,SOVEREIGN,0,0,False,
1786814741.030368,engram-node01,3958,2A57D7BCFB75158BACDEA6A8C3DDEACD504166807BF101B14A12C16EC75BA261,False,SOVEREIGN,0,0,False,
1786814741.037432,engram-node02,3958,2A57D7BCFB75158BACDEA6A8C3DDEACD504166807BF101B14A12C16EC75BA261,False,SOVEREIGN,0,0,False,
1786814741.04178,engram-node03,3958,2A57D7BCFB75158BACDEA6A8C3DDEACD504166807BF101B14A12C16EC75BA261,False,SOVEREIGN,0,0,False,
1786814741.0456781,engram-node04,3958,2A57D7BCFB75158BACDEA6A8C3DDEACD504166807BF101B14A12C16EC75BA261,False,SOVEREIGN,0,0,False,
1786814743.148156,engram-node01,3959,56A5C6A79B84DE389712FC8CB7A48CFCA551A4404C11F06F92850B3D7322E5FF,False,SOVEREIGN,0,0,False,
1786814743.155081,engram-node02,3959,56A5C6A79B84DE389712FC8CB7A48CFCA551A4404C11F06F92850B3D7322E5FF,False,SOVEREIGN,0,0,False,
1786814743.160647,engram-node03,3959,56A5C6A79B84DE389712FC8CB7A48CFCA551A4404C11F06F92850B3D7322E5FF,False,SOVEREIGN,0,0,False,
1786814743.165521,engram-node04,3959,56A5C6A79B84DE389712FC8CB7A48CFCA551A4404C11F06F92850B3D7322E5FF,False,SOVEREIGN,0,0,False,
1786814745.269602,engram-node01,3961,C740C8B8B8F522ABC6BE4EE44D0803439E27871D754F68A830445CB9404E48C4,False,SOVEREIGN,0,0,False,
1786814745.275496,engram-node02,3961,C740C8B8B8F522ABC6BE4EE44D0803439E27871D754F68A830445CB9404E48C4,False,SOVEREIGN,0,0,False,
1786814745.278801,engram-node03,3961,C740C8B8B8F522ABC6BE4EE44D0803439E27871D754F68A830445CB9404E48C4,False,SOVEREIGN,0,0,False,
1786814745.281905,engram-node04,3961,C740C8B8B8F522ABC6BE4EE44D0803439E27871D754F68A830445CB9404E48C4,False,SOVEREIGN,0,0,False,
1786814747.3686268,engram-node01,3963,CA126C78BE751F6BBEC9402875F87CE86CA64EAE9D2149B37A13962DF1317B93,False,SOVEREIGN,0,0,False,
1786814747.374122,engram-node02,3963,CA126C78BE751F6BBEC9402875F87CE86CA64EAE9D2149B37A13962DF1317B93,False,SOVEREIGN,0,0,False,
1786814747.37829,engram-node03,3963,CA126C78BE751F6BBEC9402875F87CE86CA64EAE9D2149B37A13962DF1317B93,False,SOVEREIGN,0,0,False,
1786814747.381823,engram-node04,3963,CA126C78BE751F6BBEC9402875F87CE86CA64EAE9D2149B37A13962DF1317B93,False,SOVEREIGN,0,0,False,
1786814749.5154638,engram-node01,3964,1869E7B3B71910397D5ED6A41A5AA738A667F35CDC35768814A1F3571DA7D98A,False,SOVEREIGN,0,0,False,
1786814749.520797,engram-node02,3964,1869E7B3B71910397D5ED6A41A5AA738A667F35CDC35768814A1F3571DA7D98A,False,SOVEREIGN,0,0,False,
1786814749.524728,engram-node03,3964,1869E7B3B71910397D5ED6A41A5AA738A667F35CDC35768814A1F3571DA7D98A,False,SOVEREIGN,0,0,False,
1786814749.527956,engram-node04,3964,1869E7B3B71910397D5ED6A41A5AA738A667F35CDC35768814A1F3571DA7D98A,False,SOVEREIGN,0,0,False,
1786814751.647839,engram-node01,3966,10E2DBC71754676E70987D7CB376A82D68440A42A644A14C36F5FBFD2371EE1E,False,SOVEREIGN,0,0,False,
1786814751.65661,engram-node02,3966,10E2DBC71754676E70987D7CB376A82D68440A42A644A14C36F5FBFD2371EE1E,False,SOVEREIGN,0,0,False,
1786814751.6611998,engram-node03,3966,10E2DBC71754676E70987D7CB376A82D68440A42A644A14C36F5FBFD2371EE1E,False,SOVEREIGN,0,0,False,
1786814751.665327,engram-node04,3966,10E2DBC71754676E70987D7CB376A82D68440A42A644A14C36F5FBFD2371EE1E,False,SOVEREIGN,0,0,False,
1786814753.778264,engram-node01,3968,F77D4137B138737E21E110153A589BF41DAC511FDA8DB4036EE10530E4B5AFE9,False,SOVEREIGN,0,0,False,
1786814753.784627,engram-node02,3968,F77D4137B138737E21E110153A589BF41DAC511FDA8DB4036EE10530E4B5AFE9,False,SOVEREIGN,0,0,False,
1786814753.791678,engram-node03,3968,F77D4137B138737E21E110153A589BF41DAC511FDA8DB4036EE10530E4B5AFE9,False,SOVEREIGN,0,0,False,
1786814753.798655,engram-node04,3968,F77D4137B138737E21E110153A589BF41DAC511FDA8DB4036EE10530E4B5AFE9,False,SOVEREIGN,0,0,False,
1786814755.9511092,engram-node01,3969,965CB4CCEAE8626CA7ED30B9E194494D10D6753D09127940C8359A993D0FB650,False,SOVEREIGN,0,0,False,
1786814755.9604852,engram-node02,3969,965CB4CCEAE8626CA7ED30B9E194494D10D6753D09127940C8359A993D0FB650,False,SOVEREIGN,0,0,False,
1786814755.96668,engram-node03,3969,965CB4CCEAE8626CA7ED30B9E194494D10D6753D09127940C8359A993D0FB650,False,SOVEREIGN,0,0,False,
1786814755.9721842,engram-node04,3969,965CB4CCEAE8626CA7ED30B9E194494D10D6753D09127940C8359A993D0FB650,False,SOVEREIGN,0,0,False,
1786814758.0891368,engram-node01,3971,3EBAC8B0B923B91948C1D122223A1EB554B0544F8601E5C5B74A669AD09AF6C1,False,SOVEREIGN,0,0,False,
1786814758.096535,engram-node02,3971,3EBAC8B0B923B91948C1D122223A1EB554B0544F8601E5C5B74A669AD09AF6C1,False,SOVEREIGN,0,0,False,
1786814758.100269,engram-node03,3971,3EBAC8B0B923B91948C1D122223A1EB554B0544F8601E5C5B74A669AD09AF6C1,False,SOVEREIGN,0,0,False,
1786814758.104691,engram-node04,3971,3EBAC8B0B923B91948C1D122223A1EB554B0544F8601E5C5B74A669AD09AF6C1,False,SOVEREIGN,0,0,False,
1786814760.209902,engram-node01,3973,1CBDEC39146727CB7C2B202642F342CC81314EE1F9EAFDBB2FBF26E620A0FA85,False,SOVEREIGN,0,0,False,
1786814760.216746,engram-node02,3973,1CBDEC39146727CB7C2B202642F342CC81314EE1F9EAFDBB2FBF26E620A0FA85,False,SOVEREIGN,0,0,False,
1786814760.221687,engram-node03,3973,1CBDEC39146727CB7C2B202642F342CC81314EE1F9EAFDBB2FBF26E620A0FA85,False,SOVEREIGN,0,0,False,
1786814760.231283,engram-node04,3973,1CBDEC39146727CB7C2B202642F342CC81314EE1F9EAFDBB2FBF26E620A0FA85,False,SOVEREIGN,0,0,False,
1786814762.316125,engram-node01,3974,35007D1AA32522080E5F013785B34574E0C8A3BF4E9E46F26ADE1FB663186165,False,SOVEREIGN,0,0,False,
1786814762.328385,engram-node02,3974,35007D1AA32522080E5F013785B34574E0C8A3BF4E9E46F26ADE1FB663186165,False,SOVEREIGN,0,0,False,
1786814762.787018,engram-node03,3974,35007D1AA32522080E5F013785B34574E0C8A3BF4E9E46F26ADE1FB663186165,False,SOVEREIGN,0,0,False,
1786814762.811295,engram-node04,3974,35007D1AA32522080E5F013785B34574E0C8A3BF4E9E46F26ADE1FB663186165,False,SOVEREIGN,0,0,False,
1786814765.365522,engram-node01,3976,E8353A37223D732B71D6CE488085AC56D428B197997F42894CF97172A3F95933,False,SOVEREIGN,0,0,False,
1786814765.371619,engram-node02,3976,E8353A37223D732B71D6CE488085AC56D428B197997F42894CF97172A3F95933,False,SOVEREIGN,0,0,False,
1786814765.376449,engram-node03,3976,E8353A37223D732B71D6CE488085AC56D428B197997F42894CF97172A3F95933,False,SOVEREIGN,0,0,False,
1786814765.38012,engram-node04,3976,E8353A37223D732B71D6CE488085AC56D428B197997F42894CF97172A3F95933,False,SOVEREIGN,0,0,False,
1786814767.467959,engram-node01,3978,0D00C38AF69E19BAEB4932DD1E46DFE9ECD2B98AEF084E4404DE3D2BC7DE4BC9,False,SOVEREIGN,0,0,False,
1786814767.474368,engram-node02,3978,0D00C38AF69E19BAEB4932DD1E46DFE9ECD2B98AEF084E4404DE3D2BC7DE4BC9,False,SOVEREIGN,0,0,False,
1786814767.478106,engram-node03,3978,0D00C38AF69E19BAEB4932DD1E46DFE9ECD2B98AEF084E4404DE3D2BC7DE4BC9,False,SOVEREIGN,0,0,False,
1786814767.4817998,engram-node04,3978,0D00C38AF69E19BAEB4932DD1E46DFE9ECD2B98AEF084E4404DE3D2BC7DE4BC9,False,SOVEREIGN,0,0,False,
1786814769.569087,engram-node01,3980,B5929B9FDCDFBE224EB4055218619DFCA8B7B50E2893453CA60B3EDE4A88E3F2,False,SOVEREIGN,0,0,False,
1786814769.5737789,engram-node02,3980,B5929B9FDCDFBE224EB4055218619DFCA8B7B50E2893453CA60B3EDE4A88E3F2,False,SOVEREIGN,0,0,False,
1786814769.576664,engram-node03,3980,B5929B9FDCDFBE224EB4055218619DFCA8B7B50E2893453CA60B3EDE4A88E3F2,False,SOVEREIGN,0,0,False,
1786814769.57954,engram-node04,3980,B5929B9FDCDFBE224EB4055218619DFCA8B7B50E2893453CA60B3EDE4A88E3F2,False,SOVEREIGN,0,0,False,
1786814771.6656861,engram-node01,3982,B06C6764696C7635A1D5DB9434195668224E43A573F41C318EEE1E4464D4E77A,False,SOVEREIGN,0,0,False,
1786814771.673631,engram-node02,3982,B06C6764696C7635A1D5DB9434195668224E43A573F41C318EEE1E4464D4E77A,False,SOVEREIGN,0,0,False,
1786814771.6791291,engram-node03,3982,B06C6764696C7635A1D5DB9434195668224E43A573F41C318EEE1E4464D4E77A,False,SOVEREIGN,0,0,False,
1786814771.6831172,engram-node04,3982,B06C6764696C7635A1D5DB9434195668224E43A573F41C318EEE1E4464D4E77A,False,SOVEREIGN,0,0,False,
1786814773.8859031,engram-node01,3983,614903AC4E73D6B58BB5FD0B064796E527D750D7BBD6C840632674D4AC8E7B3B,False,SOVEREIGN,0,0,False,
1786814773.8912299,engram-node02,3983,614903AC4E73D6B58BB5FD0B064796E527D750D7BBD6C840632674D4AC8E7B3B,False,SOVEREIGN,0,0,False,
1786814773.8953888,engram-node03,3983,614903AC4E73D6B58BB5FD0B064796E527D750D7BBD6C840632674D4AC8E7B3B,False,SOVEREIGN,0,0,False,
1786814773.8985322,engram-node04,3983,614903AC4E73D6B58BB5FD0B064796E527D750D7BBD6C840632674D4AC8E7B3B,False,SOVEREIGN,0,0,False,
1786814775.985528,engram-node01,3985,5CF9D1A37F2D0A74E9390C20FBF6DCBA73E84B45605F4373F1A1580C8E061AE1,False,SOVEREIGN,0,0,False,
1786814775.994952,engram-node02,3985,5CF9D1A37F2D0A74E9390C20FBF6DCBA73E84B45605F4373F1A1580C8E061AE1,False,SOVEREIGN,0,0,False,
1786814776.003372,engram-node03,3985,5CF9D1A37F2D0A74E9390C20FBF6DCBA73E84B45605F4373F1A1580C8E061AE1,False,SOVEREIGN,0,0,False,
1786814776.010454,engram-node04,3985,5CF9D1A37F2D0A74E9390C20FBF6DCBA73E84B45605F4373F1A1580C8E061AE1,False,SOVEREIGN,0,0,False,
1786814778.122752,engram-node01,3987,34DB720C2980DDC1D2D1026EE88E731E6EA643E31A64F0D1F6D781A42F7ECCAC,False,SOVEREIGN,0,0,False,
1786814778.130293,engram-node02,3987,34DB720C2980DDC1D2D1026EE88E731E6EA643E31A64F0D1F6D781A42F7ECCAC,False,SOVEREIGN,0,0,False,
1786814778.135552,engram-node03,3987,34DB720C2980DDC1D2D1026EE88E731E6EA643E31A64F0D1F6D781A42F7ECCAC,False,SOVEREIGN,0,0,False,
1786814778.140934,engram-node04,3987,34DB720C2980DDC1D2D1026EE88E731E6EA643E31A64F0D1F6D781A42F7ECCAC,False,SOVEREIGN,0,0,False,
1786814780.241622,engram-node01,3988,A45721E0D0DB3DC71ABE6C204703C998BC81A45D0C073CFA95739CDD6D5E9807,False,SOVEREIGN,0,0,False,
1786814780.250258,engram-node02,3988,A45721E0D0DB3DC71ABE6C204703C998BC81A45D0C073CFA95739CDD6D5E9807,False,SOVEREIGN,0,0,False,
1786814780.255293,engram-node03,3988,A45721E0D0DB3DC71ABE6C204703C998BC81A45D0C073CFA95739CDD6D5E9807,False,SOVEREIGN,0,0,False,
1786814780.259233,engram-node04,3988,A45721E0D0DB3DC71ABE6C204703C998BC81A45D0C073CFA95739CDD6D5E9807,False,SOVEREIGN,0,0,False,
1786814782.3735738,engram-node01,3990,9ED369DACE99FAF5863C1F8123E4CD6531A03A437A38B951E9FED553CF1634BA,False,SOVEREIGN,0,0,False,
1786814782.379928,engram-node02,3990,9ED369DACE99FAF5863C1F8123E4CD6531A03A437A38B951E9FED553CF1634BA,False,SOVEREIGN,0,0,False,
1786814782.3833752,engram-node03,3990,9ED369DACE99FAF5863C1F8123E4CD6531A03A437A38B951E9FED553CF1634BA,False,SOVEREIGN,0,0,False,
1786814782.386336,engram-node04,3990,9ED369DACE99FAF5863C1F8123E4CD6531A03A437A38B951E9FED553CF1634BA,False,SOVEREIGN,0,0,False,
1786814784.4786801,engram-node01,3991,47BAEE0532EC2FB040A90531F71F1FE1BBB126585487AFADD600840F2ED9281B,False,SOVEREIGN,0,0,False,
1786814784.484257,engram-node02,3991,47BAEE0532EC2FB040A90531F71F1FE1BBB126585487AFADD600840F2ED9281B,False,SOVEREIGN,0,0,False,
1786814784.4879029,engram-node03,3991,47BAEE0532EC2FB040A90531F71F1FE1BBB126585487AFADD600840F2ED9281B,False,SOVEREIGN,0,0,False,
1786814784.491215,engram-node04,3991,47BAEE0532EC2FB040A90531F71F1FE1BBB126585487AFADD600840F2ED9281B,False,SOVEREIGN,0,0,False,
1786814786.600811,engram-node01,3993,6AB3EBA844F541796C187FBC07FA679CD9BBFE1E78B8CD3C14425CE0DB685DF0,False,SOVEREIGN,0,0,False,
1786814786.6091871,engram-node02,3993,6AB3EBA844F541796C187FBC07FA679CD9BBFE1E78B8CD3C14425CE0DB685DF0,False,SOVEREIGN,0,0,False,
1786814786.61639,engram-node03,3993,6AB3EBA844F541796C187FBC07FA679CD9BBFE1E78B8CD3C14425CE0DB685DF0,False,SOVEREIGN,0,0,False,
1786814786.62465,engram-node04,3993,6AB3EBA844F541796C187FBC07FA679CD9BBFE1E78B8CD3C14425CE0DB685DF0,False,SOVEREIGN,0,0,False,
1786814788.760478,engram-node01,3995,B22286CD8CD0EE11AB3CADF89347944A4E83D8342B8031B8F2F8B9B126F02DA1,False,SOVEREIGN,0,0,False,
1786814788.765538,engram-node02,3995,B22286CD8CD0EE11AB3CADF89347944A4E83D8342B8031B8F2F8B9B126F02DA1,False,SOVEREIGN,0,0,False,
1786814788.7690308,engram-node03,3995,B22286CD8CD0EE11AB3CADF89347944A4E83D8342B8031B8F2F8B9B126F02DA1,False,SOVEREIGN,0,0,False,
1786814788.772047,engram-node04,3995,B22286CD8CD0EE11AB3CADF89347944A4E83D8342B8031B8F2F8B9B126F02DA1,False,SOVEREIGN,0,0,False,
1786814790.858721,engram-node01,3996,C9F9401424956BD2AE8A8B476A3F105716E6C35084B0B3F020933F4A27CCF2F8,False,SOVEREIGN,0,0,False,
1786814790.864831,engram-node02,3996,C9F9401424956BD2AE8A8B476A3F105716E6C35084B0B3F020933F4A27CCF2F8,False,SOVEREIGN,0,0,False,
1786814790.870584,engram-node03,3996,C9F9401424956BD2AE8A8B476A3F105716E6C35084B0B3F020933F4A27CCF2F8,False,SOVEREIGN,0,0,False,
1786814790.875633,engram-node04,3996,C9F9401424956BD2AE8A8B476A3F105716E6C35084B0B3F020933F4A27CCF2F8,False,SOVEREIGN,0,0,False,
1786814792.965011,engram-node01,3998,EA1F796D784B722A91522FEE73C629E6472F81E733B6638757C6BA067A40E8ED,False,SOVEREIGN,0,0,False,
1786814792.976367,engram-node02,3998,EA1F796D784B722A91522FEE73C629E6472F81E733B6638757C6BA067A40E8ED,False,SOVEREIGN,0,0,False,
1786814792.98386,engram-node03,3998,EA1F796D784B722A91522FEE73C629E6472F81E733B6638757C6BA067A40E8ED,False,SOVEREIGN,0,0,False,
1786814792.9915478,engram-node04,3998,EA1F796D784B722A91522FEE73C629E6472F81E733B6638757C6BA067A40E8ED,False,SOVEREIGN,0,0,False,
1786814795.0976021,engram-node01,3999,03744AB5101BB83A6384C4D68106E468ADC8C53C378C63D101B46A5D049B094F,False,SOVEREIGN,0,0,False,
1786814795.106652,engram-node02,3999,03744AB5101BB83A6384C4D68106E468ADC8C53C378C63D101B46A5D049B094F,False,SOVEREIGN,0,0,False,
1786814795.11802,engram-node03,3999,03744AB5101BB83A6384C4D68106E468ADC8C53C378C63D101B46A5D049B094F,False,SOVEREIGN,0,0,False,
1786814795.124434,engram-node04,3999,03744AB5101BB83A6384C4D68106E468ADC8C53C378C63D101B46A5D049B094F,False,SOVEREIGN,0,0,False,
1786814797.2367182,engram-node01,4001,2922D8B9F8F3B6C2D9A23A3EE19545B9EFDAD51C5F47C121496BCA7866365B44,False,SOVEREIGN,0,0,False,
1786814797.246687,engram-node02,4001,2922D8B9F8F3B6C2D9A23A3EE19545B9EFDAD51C5F47C121496BCA7866365B44,False,SOVEREIGN,0,0,False,
1786814797.25227,engram-node03,4001,2922D8B9F8F3B6C2D9A23A3EE19545B9EFDAD51C5F47C121496BCA7866365B44,False,SOVEREIGN,0,0,False,
1786814797.257299,engram-node04,4001,2922D8B9F8F3B6C2D9A23A3EE19545B9EFDAD51C5F47C121496BCA7866365B44,False,SOVEREIGN,0,0,False,
1786814799.378152,engram-node01,4003,CEE9E3DD283154863C2329676FB232508F1A1E64EBAC0F2A1123FCC289BE3F85,False,SOVEREIGN,0,0,False,
1786814799.384277,engram-node02,4003,CEE9E3DD283154863C2329676FB232508F1A1E64EBAC0F2A1123FCC289BE3F85,False,SOVEREIGN,0,0,False,
1786814799.3897228,engram-node03,4003,CEE9E3DD283154863C2329676FB232508F1A1E64EBAC0F2A1123FCC289BE3F85,False,SOVEREIGN,0,0,False,
1786814799.3932931,engram-node04,4003,CEE9E3DD283154863C2329676FB232508F1A1E64EBAC0F2A1123FCC289BE3F85,False,SOVEREIGN,0,0,False,
1786814801.495296,engram-node01,4004,AD3CE4F28967D654DD8BB613AC9FA7454EEAA6DF63EB3ABC2D179A40D4863ED5,False,SOVEREIGN,0,0,False,
1786814801.499577,engram-node02,4004,AD3CE4F28967D654DD8BB613AC9FA7454EEAA6DF63EB3ABC2D179A40D4863ED5,False,SOVEREIGN,0,0,False,
1786814801.502631,engram-node03,4004,AD3CE4F28967D654DD8BB613AC9FA7454EEAA6DF63EB3ABC2D179A40D4863ED5,False,SOVEREIGN,0,0,False,
1786814801.506072,engram-node04,4004,AD3CE4F28967D654DD8BB613AC9FA7454EEAA6DF63EB3ABC2D179A40D4863ED5,False,SOVEREIGN,0,0,False,
1786814803.5876422,engram-node01,4006,3F14DCD8E61EF57B6AE1626DFAFCB0B674D16B7CB6708500E2B300E70F79121E,False,SOVEREIGN,0,0,False,
1786814803.5966258,engram-node02,4006,3F14DCD8E61EF57B6AE1626DFAFCB0B674D16B7CB6708500E2B300E70F79121E,False,SOVEREIGN,0,0,False,
1786814803.601567,engram-node03,4006,3F14DCD8E61EF57B6AE1626DFAFCB0B674D16B7CB6708500E2B300E70F79121E,False,SOVEREIGN,0,0,False,
1786814803.605192,engram-node04,4006,3F14DCD8E61EF57B6AE1626DFAFCB0B674D16B7CB6708500E2B300E70F79121E,False,SOVEREIGN,0,0,False,
1786814805.688158,engram-node01,4008,7ACB8DE7179A00CDA7D9577C7F7FA387D6EE7702180A886C6731A02A40AA83EF,False,SOVEREIGN,0,0,False,
1786814805.692927,engram-node02,4008,7ACB8DE7179A00CDA7D9577C7F7FA387D6EE7702180A886C6731A02A40AA83EF,False,SOVEREIGN,0,0,False,
1786814805.69773,engram-node03,4008,7ACB8DE7179A00CDA7D9577C7F7FA387D6EE7702180A886C6731A02A40AA83EF,False,SOVEREIGN,0,0,False,
1786814805.7027168,engram-node04,4008,7ACB8DE7179A00CDA7D9577C7F7FA387D6EE7702180A886C6731A02A40AA83EF,False,SOVEREIGN,0,0,False,
1786814807.808001,engram-node01,4009,3AA421BD530E3FE68FDB364709810F35637D263546B614D5E24D4D92A79B2099,False,SOVEREIGN,0,0,False,
1786814807.812953,engram-node02,4009,3AA421BD530E3FE68FDB364709810F35637D263546B614D5E24D4D92A79B2099,False,SOVEREIGN,0,0,False,
1786814807.8165781,engram-node03,4009,3AA421BD530E3FE68FDB364709810F35637D263546B614D5E24D4D92A79B2099,False,SOVEREIGN,0,0,False,
1786814807.820638,engram-node04,4009,3AA421BD530E3FE68FDB364709810F35637D263546B614D5E24D4D92A79B2099,False,SOVEREIGN,0,0,False,
1786814809.915025,engram-node01,4011,D28BD4723AD726048CE9087C167F87D0161D8E6A4F3F8E925340D2B56E1FEC4B,False,SOVEREIGN,0,0,False,
1786814809.9243321,engram-node02,4011,D28BD4723AD726048CE9087C167F87D0161D8E6A4F3F8E925340D2B56E1FEC4B,False,SOVEREIGN,0,0,False,
1786814809.931788,engram-node03,4011,D28BD4723AD726048CE9087C167F87D0161D8E6A4F3F8E925340D2B56E1FEC4B,False,SOVEREIGN,0,0,False,
1786814809.937056,engram-node04,4011,D28BD4723AD726048CE9087C167F87D0161D8E6A4F3F8E925340D2B56E1FEC4B,False,SOVEREIGN,0,0,False,
1786814812.048973,engram-node01,4013,5CEF6779C54AE91E477AE1F8B6A5B2FD723BF268D658BCBC4347249078BE4358,False,SOVEREIGN,0,0,False,
1786814812.055539,engram-node02,4013,5CEF6779C54AE91E477AE1F8B6A5B2FD723BF268D658BCBC4347249078BE4358,False,SOVEREIGN,0,0,False,
1786814812.058811,engram-node03,4013,5CEF6779C54AE91E477AE1F8B6A5B2FD723BF268D658BCBC4347249078BE4358,False,SOVEREIGN,0,0,False,
1786814812.062468,engram-node04,4013,5CEF6779C54AE91E477AE1F8B6A5B2FD723BF268D658BCBC4347249078BE4358,False,SOVEREIGN,0,0,False,
1786814814.1982431,engram-node01,4015,0ABCAB16C61A7AFD5B2077CCBE4BA968581EF9D98805B111986BD1D13608056D,False,SOVEREIGN,0,0,False,
1786814814.205495,engram-node02,4015,0ABCAB16C61A7AFD5B2077CCBE4BA968581EF9D98805B111986BD1D13608056D,False,SOVEREIGN,0,0,False,
1786814814.209379,engram-node03,4015,0ABCAB16C61A7AFD5B2077CCBE4BA968581EF9D98805B111986BD1D13608056D,False,SOVEREIGN,0,0,False,
1786814814.213181,engram-node04,4015,0ABCAB16C61A7AFD5B2077CCBE4BA968581EF9D98805B111986BD1D13608056D,False,SOVEREIGN,0,0,False,
1786814816.335331,engram-node01,4016,F10FCDCA5C445D467D2B87239CEF144A1596B86267F9E16E58B8CDAA56FEFCFF,False,SOVEREIGN,0,0,False,
1786814816.3434649,engram-node02,4016,F10FCDCA5C445D467D2B87239CEF144A1596B86267F9E16E58B8CDAA56FEFCFF,False,SOVEREIGN,0,0,False,
1786814816.349696,engram-node03,4016,F10FCDCA5C445D467D2B87239CEF144A1596B86267F9E16E58B8CDAA56FEFCFF,False,SOVEREIGN,0,0,False,
1786814816.3542268,engram-node04,4016,F10FCDCA5C445D467D2B87239CEF144A1596B86267F9E16E58B8CDAA56FEFCFF,False,SOVEREIGN,0,0,False,
1786814818.4499211,engram-node01,4018,0FC47A352EAE25789F47FE4585A11771D40D4A2F0A1E797BAF1B581A3395D1D4,False,SOVEREIGN,0,0,False,
1786814818.4574158,engram-node02,4018,0FC47A352EAE25789F47FE4585A11771D40D4A2F0A1E797BAF1B581A3395D1D4,False,SOVEREIGN,0,0,False,
1786814818.464273,engram-node03,4018,0FC47A352EAE25789F47FE4585A11771D40D4A2F0A1E797BAF1B581A3395D1D4,False,SOVEREIGN,0,0,False,
1786814818.470677,engram-node04,4018,0FC47A352EAE25789F47FE4585A11771D40D4A2F0A1E797BAF1B581A3395D1D4,False,SOVEREIGN,0,0,False,
1786814820.560643,engram-node01,4020,ECB105C2EFF77FA59CA014B94DFEC580E13A6D5BFA2C4627EFB60952ED2A4274,False,SOVEREIGN,0,0,False,
1786814820.5670211,engram-node02,4020,ECB105C2EFF77FA59CA014B94DFEC580E13A6D5BFA2C4627EFB60952ED2A4274,False,SOVEREIGN,0,0,False,
1786814820.570855,engram-node03,4020,ECB105C2EFF77FA59CA014B94DFEC580E13A6D5BFA2C4627EFB60952ED2A4274,False,SOVEREIGN,0,0,False,
1786814820.574528,engram-node04,4020,ECB105C2EFF77FA59CA014B94DFEC580E13A6D5BFA2C4627EFB60952ED2A4274,False,SOVEREIGN,0,0,False,
1786814822.6730509,engram-node01,4021,BE721052A2184225EF99CDA473AB13DC7B4E84A25BB019DB306BABC2BB8C71C3,False,SOVEREIGN,0,0,False,
1786814822.681113,engram-node02,4021,BE721052A2184225EF99CDA473AB13DC7B4E84A25BB019DB306BABC2BB8C71C3,False,SOVEREIGN,0,0,False,
1786814822.688301,engram-node03,4021,BE721052A2184225EF99CDA473AB13DC7B4E84A25BB019DB306BABC2BB8C71C3,False,SOVEREIGN,0,0,False,
1786814822.694814,engram-node04,4021,BE721052A2184225EF99CDA473AB13DC7B4E84A25BB019DB306BABC2BB8C71C3,False,SOVEREIGN,0,0,False,
1786814824.7895098,engram-node01,4023,1CDAE07963B9751BCD7A11471AE1BC9CB1F3C43B4B81EB772BF5FAE03F48801D,False,SOVEREIGN,0,0,False,
1786814824.7976909,engram-node02,4023,1CDAE07963B9751BCD7A11471AE1BC9CB1F3C43B4B81EB772BF5FAE03F48801D,False,SOVEREIGN,0,0,False,
1786814824.80409,engram-node03,4023,1CDAE07963B9751BCD7A11471AE1BC9CB1F3C43B4B81EB772BF5FAE03F48801D,False,SOVEREIGN,0,0,False,
1786814824.8095841,engram-node04,4023,1CDAE07963B9751BCD7A11471AE1BC9CB1F3C43B4B81EB772BF5FAE03F48801D,False,SOVEREIGN,0,0,False,
1786814827.036906,engram-node01,4025,3A300CFADA59ACE7FBEE56BCFAAF0031B351B1D8375503AF8B78B0F618FE4126,False,SOVEREIGN,0,0,False,
1786814827.0455701,engram-node02,4025,3A300CFADA59ACE7FBEE56BCFAAF0031B351B1D8375503AF8B78B0F618FE4126,False,SOVEREIGN,0,0,False,
1786814827.0516732,engram-node03,4025,3A300CFADA59ACE7FBEE56BCFAAF0031B351B1D8375503AF8B78B0F618FE4126,False,SOVEREIGN,0,0,False,
1786814827.058004,engram-node04,4025,3A300CFADA59ACE7FBEE56BCFAAF0031B351B1D8375503AF8B78B0F618FE4126,False,SOVEREIGN,0,0,False,
1786814829.201658,engram-node01,4027,69692260E1DD26876E490C7AADF73CE395631F066F6FD35365782F329AF522D7,False,SOVEREIGN,0,0,False,
1786814829.214147,engram-node02,4027,69692260E1DD26876E490C7AADF73CE395631F066F6FD35365782F329AF522D7,False,SOVEREIGN,0,0,False,
1786814829.22158,engram-node03,4027,69692260E1DD26876E490C7AADF73CE395631F066F6FD35365782F329AF522D7,False,SOVEREIGN,0,0,False,
1786814829.228336,engram-node04,4027,69692260E1DD26876E490C7AADF73CE395631F066F6FD35365782F329AF522D7,False,SOVEREIGN,0,0,False,
1786814831.385445,engram-node01,4028,A2C0193D4D6827619CE90DDD8F5684A3B071CCB48EE9B3C74A531D8961D262EA,False,SOVEREIGN,0,0,False,
1786814831.3929842,engram-node02,4028,A2C0193D4D6827619CE90DDD8F5684A3B071CCB48EE9B3C74A531D8961D262EA,False,SOVEREIGN,0,0,False,
1786814831.39863,engram-node03,4028,A2C0193D4D6827619CE90DDD8F5684A3B071CCB48EE9B3C74A531D8961D262EA,False,SOVEREIGN,0,0,False,
1786814831.407568,engram-node04,4028,A2C0193D4D6827619CE90DDD8F5684A3B071CCB48EE9B3C74A531D8961D262EA,False,SOVEREIGN,0,0,False,
1786814833.50968,engram-node01,4030,CD90963E0CD2E562C1B713CB87DE374A920CC26189F6830A1DF678F1255BF796,False,SOVEREIGN,0,0,False,
1786814833.517708,engram-node02,4030,CD90963E0CD2E562C1B713CB87DE374A920CC26189F6830A1DF678F1255BF796,False,SOVEREIGN,0,0,False,
1786814833.5260649,engram-node03,4030,CD90963E0CD2E562C1B713CB87DE374A920CC26189F6830A1DF678F1255BF796,False,SOVEREIGN,0,0,False,
1786814833.5318558,engram-node04,4030,CD90963E0CD2E562C1B713CB87DE374A920CC26189F6830A1DF678F1255BF796,False,SOVEREIGN,0,0,False,
1786814835.659774,engram-node01,4032,69DF41FD463BE4A88F10361E9F39E4528FABD90EAB7CC03831B4214778B0961A,False,SOVEREIGN,0,0,False,
1786814835.6683059,engram-node02,4032,69DF41FD463BE4A88F10361E9F39E4528FABD90EAB7CC03831B4214778B0961A,False,SOVEREIGN,0,0,False,
1786814835.67342,engram-node03,4032,69DF41FD463BE4A88F10361E9F39E4528FABD90EAB7CC03831B4214778B0961A,False,SOVEREIGN,0,0,False,
1786814835.678846,engram-node04,4032,69DF41FD463BE4A88F10361E9F39E4528FABD90EAB7CC03831B4214778B0961A,False,SOVEREIGN,0,0,False,
1786814837.784449,engram-node01,4033,DB14C7664F87BEA42EDA28C55E59982E46DFB066434E821DC37BC1ECF17BB8E2,False,SOVEREIGN,0,0,False,
1786814837.790947,engram-node02,4033,DB14C7664F87BEA42EDA28C55E59982E46DFB066434E821DC37BC1ECF17BB8E2,False,SOVEREIGN,0,0,False,
1786814837.796552,engram-node03,4033,DB14C7664F87BEA42EDA28C55E59982E46DFB066434E821DC37BC1ECF17BB8E2,False,SOVEREIGN,0,0,False,
1786814837.8018491,engram-node04,4033,DB14C7664F87BEA42EDA28C55E59982E46DFB066434E821DC37BC1ECF17BB8E2,False,SOVEREIGN,0,0,False,
1786814839.913771,engram-node01,4035,3FFF5C6150695E86412A598692ABC0DE0CE147E36B9C572A7AB883D74DF30623,False,SOVEREIGN,0,0,False,
1786814839.9217842,engram-node02,4035,3FFF5C6150695E86412A598692ABC0DE0CE147E36B9C572A7AB883D74DF30623,False,SOVEREIGN,0,0,False,
1786814839.929579,engram-node03,4035,3FFF5C6150695E86412A598692ABC0DE0CE147E36B9C572A7AB883D74DF30623,False,SOVEREIGN,0,0,False,
1786814839.935316,engram-node04,4035,3FFF5C6150695E86412A598692ABC0DE0CE147E36B9C572A7AB883D74DF30623,False,SOVEREIGN,0,0,False,
1786814842.029382,engram-node01,4037,8FD5304CADD3371DCD090157A2CD4150FAB77029192901462670B8A365BE5C4C,False,SOVEREIGN,0,0,False,
1786814842.0371141,engram-node02,4037,8FD5304CADD3371DCD090157A2CD4150FAB77029192901462670B8A365BE5C4C,False,SOVEREIGN,0,0,False,
1786814842.042659,engram-node03,4037,8FD5304CADD3371DCD090157A2CD4150FAB77029192901462670B8A365BE5C4C,False,SOVEREIGN,0,0,False,
1786814842.0493472,engram-node04,4037,8FD5304CADD3371DCD090157A2CD4150FAB77029192901462670B8A365BE5C4C,False,SOVEREIGN,0,0,False,
1786814844.1474009,engram-node01,4039,9FBA3D7CCF308400BA00EEA94AF5B7B1D977554C0809B5B814E3008CFA090960,False,SOVEREIGN,0,0,False,
1786814844.156091,engram-node02,4039,9FBA3D7CCF308400BA00EEA94AF5B7B1D977554C0809B5B814E3008CFA090960,False,SOVEREIGN,0,0,False,
1786814844.16419,engram-node03,4039,9FBA3D7CCF308400BA00EEA94AF5B7B1D977554C0809B5B814E3008CFA090960,False,SOVEREIGN,0,0,False,
1786814844.173603,engram-node04,4039,9FBA3D7CCF308400BA00EEA94AF5B7B1D977554C0809B5B814E3008CFA090960,False,SOVEREIGN,0,0,False,
1786814846.3013499,engram-node01,4040,E6256656ED69D8F76F212F900E62B6373825DD2624879D1F7F792EA150B43351,False,SOVEREIGN,0,0,False,
1786814846.315445,engram-node02,4040,E6256656ED69D8F76F212F900E62B6373825DD2624879D1F7F792EA150B43351,False,SOVEREIGN,0,0,False,
1786814846.32629,engram-node03,4040,E6256656ED69D8F76F212F900E62B6373825DD2624879D1F7F792EA150B43351,False,SOVEREIGN,0,0,False,
1786814846.339264,engram-node04,4040,E6256656ED69D8F76F212F900E62B6373825DD2624879D1F7F792EA150B43351,False,SOVEREIGN,0,0,False,
1786814848.565212,engram-node01,4042,5F8307680E4E70865163BC8C09943499E9EF70F12FDAD34B3EAF109EC6989D88,False,SOVEREIGN,0,0,False,
1786814848.706156,engram-node02,4042,5F8307680E4E70865163BC8C09943499E9EF70F12FDAD34B3EAF109EC6989D88,False,SOVEREIGN,0,0,False,
1786814848.7446988,engram-node03,4042,5F8307680E4E70865163BC8C09943499E9EF70F12FDAD34B3EAF109EC6989D88,False,SOVEREIGN,0,0,False,
1786814848.781162,engram-node04,4042,5F8307680E4E70865163BC8C09943499E9EF70F12FDAD34B3EAF109EC6989D88,False,SOVEREIGN,0,0,False,
1786814851.162518,engram-node01,4044,E1739DD7BF4E27FF9EB308650E4F5F0BDFFDEE00FED18A60EDB525D056649F4B,False,SOVEREIGN,0,0,False,
1786814851.21595,engram-node02,4044,E1739DD7BF4E27FF9EB308650E4F5F0BDFFDEE00FED18A60EDB525D056649F4B,False,SOVEREIGN,0,0,False,
1786814851.2384589,engram-node03,4044,E1739DD7BF4E27FF9EB308650E4F5F0BDFFDEE00FED18A60EDB525D056649F4B,False,SOVEREIGN,0,0,False,
1786814851.24816,engram-node04,4044,E1739DD7BF4E27FF9EB308650E4F5F0BDFFDEE00FED18A60EDB525D056649F4B,False,SOVEREIGN,0,0,False,
1786814853.403216,engram-node01,4046,0D91C8D90AD5D9665AB4FB5E395AD9BDFB7BDA62FC0DC95962CFC44279B125CC,False,SOVEREIGN,0,0,False,
1786814853.476442,engram-node02,4046,0D91C8D90AD5D9665AB4FB5E395AD9BDFB7BDA62FC0DC95962CFC44279B125CC,False,SOVEREIGN,0,0,False,
1786814853.4864619,engram-node03,4046,0D91C8D90AD5D9665AB4FB5E395AD9BDFB7BDA62FC0DC95962CFC44279B125CC,False,SOVEREIGN,0,0,False,
1786814853.500154,engram-node04,4046,0D91C8D90AD5D9665AB4FB5E395AD9BDFB7BDA62FC0DC95962CFC44279B125CC,False,SOVEREIGN,0,0,False,
1786814855.833034,engram-node01,4048,12C7DF2317CC57642914B4A74B800648E7C1769759A4C84C0544131728D5496D,False,SOVEREIGN,0,0,False,
1786814855.843349,engram-node02,4048,12C7DF2317CC57642914B4A74B800648E7C1769759A4C84C0544131728D5496D,False,SOVEREIGN,0,0,False,
1786814855.851823,engram-node03,4048,12C7DF2317CC57642914B4A74B800648E7C1769759A4C84C0544131728D5496D,False,SOVEREIGN,0,0,False,
1786814855.860903,engram-node04,4048,12C7DF2317CC57642914B4A74B800648E7C1769759A4C84C0544131728D5496D,False,SOVEREIGN,0,0,False,
1786814858.0038888,engram-node01,4049,9FB20D9D119D2085ABF1459E22FEDD661CDCD56CBC49DF81D5713FF5FF5B40A2,False,SOVEREIGN,0,0,False,
1786814858.012455,engram-node02,4049,9FB20D9D119D2085ABF1459E22FEDD661CDCD56CBC49DF81D5713FF5FF5B40A2,False,SOVEREIGN,0,0,False,
1786814858.0980961,engram-node03,4049,9FB20D9D119D2085ABF1459E22FEDD661CDCD56CBC49DF81D5713FF5FF5B40A2,False,SOVEREIGN,0,0,False,
1786814858.104702,engram-node04,4049,9FB20D9D119D2085ABF1459E22FEDD661CDCD56CBC49DF81D5713FF5FF5B40A2,False,SOVEREIGN,0,0,False,
1786814860.241004,engram-node01,4051,0A5D5F7CED8AAC34537C4FE1F66272858B5C7FCA80C99D949E6259D8E2604E14,False,SOVEREIGN,0,0,False,
1786814860.266813,engram-node02,4051,0A5D5F7CED8AAC34537C4FE1F66272858B5C7FCA80C99D949E6259D8E2604E14,False,SOVEREIGN,0,0,False,
1786814860.28303,engram-node03,4051,0A5D5F7CED8AAC34537C4FE1F66272858B5C7FCA80C99D949E6259D8E2604E14,False,SOVEREIGN,0,0,False,
1786814860.2889569,engram-node04,4051,0A5D5F7CED8AAC34537C4FE1F66272858B5C7FCA80C99D949E6259D8E2604E14,False,SOVEREIGN,0,0,False,
1786814862.4543931,engram-node01,4053,6AD82438C4CF748F2C9F4B3A58C7DC926B315844E72AC36AED2E29B421DEF51A,False,SOVEREIGN,0,0,False,
1786814862.460789,engram-node02,4053,6AD82438C4CF748F2C9F4B3A58C7DC926B315844E72AC36AED2E29B421DEF51A,False,SOVEREIGN,0,0,False,
1786814862.4655738,engram-node03,4053,6AD82438C4CF748F2C9F4B3A58C7DC926B315844E72AC36AED2E29B421DEF51A,False,SOVEREIGN,0,0,False,
1786814862.4708009,engram-node04,4053,6AD82438C4CF748F2C9F4B3A58C7DC926B315844E72AC36AED2E29B421DEF51A,False,SOVEREIGN,0,0,False,
1786814864.5677881,engram-node01,4055,E0A3EC8CA1DDF249CC932E4835599C1F212FF94E68207F7D0A878900A40B4588,False,SOVEREIGN,0,0,False,
1786814864.5744052,engram-node02,4055,E0A3EC8CA1DDF249CC932E4835599C1F212FF94E68207F7D0A878900A40B4588,False,SOVEREIGN,0,0,False,
1786814864.579626,engram-node03,4055,E0A3EC8CA1DDF249CC932E4835599C1F212FF94E68207F7D0A878900A40B4588,False,SOVEREIGN,0,0,False,
1786814864.5848541,engram-node04,4055,E0A3EC8CA1DDF249CC932E4835599C1F212FF94E68207F7D0A878900A40B4588,False,SOVEREIGN,0,0,False,
1786814866.683756,engram-node01,4057,A6D71878D23DEB65E97FBAD7E58C0A0A05A80EA414E02348A74ACB0CC21EDC88,False,SOVEREIGN,0,0,False,
1786814866.691371,engram-node02,4057,A6D71878D23DEB65E97FBAD7E58C0A0A05A80EA414E02348A74ACB0CC21EDC88,False,SOVEREIGN,0,0,False,
1786814866.69554,engram-node03,4057,A6D71878D23DEB65E97FBAD7E58C0A0A05A80EA414E02348A74ACB0CC21EDC88,False,SOVEREIGN,0,0,False,
1786814866.6999512,engram-node04,4057,A6D71878D23DEB65E97FBAD7E58C0A0A05A80EA414E02348A74ACB0CC21EDC88,False,SOVEREIGN,0,0,False,
1786814868.809765,engram-node01,4059,E7AA8947244A87A6CABD5550770C274DAA8FF3E7AF7CAB3C3B7B6FE652AB5B2A,False,SOVEREIGN,0,0,False,
1786814868.8136342,engram-node02,4059,E7AA8947244A87A6CABD5550770C274DAA8FF3E7AF7CAB3C3B7B6FE652AB5B2A,False,SOVEREIGN,0,0,False,
1786814868.8167439,engram-node03,4059,E7AA8947244A87A6CABD5550770C274DAA8FF3E7AF7CAB3C3B7B6FE652AB5B2A,False,SOVEREIGN,0,0,False,
1786814868.8198159,engram-node04,4059,E7AA8947244A87A6CABD5550770C274DAA8FF3E7AF7CAB3C3B7B6FE652AB5B2A,False,SOVEREIGN,0,0,False,
1786814870.904897,engram-node01,4060,F11646CAA14DE8B162C34FFDDEC799662D4F436ECAFC1964FE2F4FDA2CF0346A,False,SOVEREIGN,0,0,False,
1786814870.908818,engram-node02,4060,F11646CAA14DE8B162C34FFDDEC799662D4F436ECAFC1964FE2F4FDA2CF0346A,False,SOVEREIGN,0,0,False,
1786814870.9116118,engram-node03,4060,F11646CAA14DE8B162C34FFDDEC799662D4F436ECAFC1964FE2F4FDA2CF0346A,False,SOVEREIGN,0,0,False,
1786814870.9154382,engram-node04,4060,F11646CAA14DE8B162C34FFDDEC799662D4F436ECAFC1964FE2F4FDA2CF0346A,False,SOVEREIGN,0,0,False,
1786814873.003793,engram-node01,4062,884DA7816349729351888EE49951DC65D5C47747CFBB5FBE4C80B93EC82591D1,False,SOVEREIGN,0,0,False,
1786814873.0085819,engram-node02,4062,884DA7816349729351888EE49951DC65D5C47747CFBB5FBE4C80B93EC82591D1,False,SOVEREIGN,0,0,False,
1786814873.01227,engram-node03,4062,884DA7816349729351888EE49951DC65D5C47747CFBB5FBE4C80B93EC82591D1,False,SOVEREIGN,0,0,False,
1786814873.015361,engram-node04,4062,884DA7816349729351888EE49951DC65D5C47747CFBB5FBE4C80B93EC82591D1,False,SOVEREIGN,0,0,False,
1786814875.089731,engram-node01,4064,59E7F90BA72CD6B75BFD7D2243696088F72C025E6A601AECB1C7C323223D2715,False,SOVEREIGN,0,0,False,
1786814875.0953841,engram-node02,4064,59E7F90BA72CD6B75BFD7D2243696088F72C025E6A601AECB1C7C323223D2715,False,SOVEREIGN,0,0,False,
1786814875.100341,engram-node03,4064,59E7F90BA72CD6B75BFD7D2243696088F72C025E6A601AECB1C7C323223D2715,False,SOVEREIGN,0,0,False,
1786814875.1049201,engram-node04,4064,59E7F90BA72CD6B75BFD7D2243696088F72C025E6A601AECB1C7C323223D2715,False,SOVEREIGN,0,0,False,
1786814877.1889532,engram-node01,4065,95779FEE068683C4C427AD9F52394CB447F61D3818C37190D19CEF488CB64FE9,False,SOVEREIGN,0,0,False,
1786814877.3562639,engram-node02,4065,95779FEE068683C4C427AD9F52394CB447F61D3818C37190D19CEF488CB64FE9,False,SOVEREIGN,0,0,False,
1786814877.3738592,engram-node03,4066,249E38388D8A3B743B2BF4914A91F6A5905D5E89F34E195E241CAC95811FB09D,False,SOVEREIGN,0,0,False,
1786814877.385432,engram-node04,4066,249E38388D8A3B743B2BF4914A91F6A5905D5E89F34E195E241CAC95811FB09D,False,SOVEREIGN,0,0,False,
1786814879.774001,engram-node01,4067,304B1D5B956F8A4EF0D18AA35408D5E844272F2CCF521F91D1C63434E7DC5FA3,False,SOVEREIGN,0,0,False,
1786814879.7807748,engram-node02,4068,4710AED6CBC8D4A6F1B52F7858F6B19837892CA71A209729972652FED338AE29,False,SOVEREIGN,0,0,False,
1786814879.7862709,engram-node03,4068,4710AED6CBC8D4A6F1B52F7858F6B19837892CA71A209729972652FED338AE29,False,SOVEREIGN,0,0,False,
1786814879.792553,engram-node04,4068,4710AED6CBC8D4A6F1B52F7858F6B19837892CA71A209729972652FED338AE29,False,SOVEREIGN,0,0,False,
1786814881.915027,engram-node01,4069,2428EA610F34719130F4A79955FA75AF6DA11D81FEA5070AB7B4EFBEC9571C77,False,SOVEREIGN,0,0,False,
1786814881.926754,engram-node02,4069,2428EA610F34719130F4A79955FA75AF6DA11D81FEA5070AB7B4EFBEC9571C77,False,SOVEREIGN,0,0,False,
1786814881.9331279,engram-node03,4069,2428EA610F34719130F4A79955FA75AF6DA11D81FEA5070AB7B4EFBEC9571C77,False,SOVEREIGN,0,0,False,
1786814881.945859,engram-node04,4069,2428EA610F34719130F4A79955FA75AF6DA11D81FEA5070AB7B4EFBEC9571C77,False,SOVEREIGN,0,0,False,
1786814884.079401,engram-node01,4071,14961AF6F7E0B3B81E63E93979D196345E1288B84EF4F358AE910DCD2B8FC6CD,False,SOVEREIGN,0,0,False,
1786814884.0884538,engram-node02,4071,14961AF6F7E0B3B81E63E93979D196345E1288B84EF4F358AE910DCD2B8FC6CD,False,SOVEREIGN,0,0,False,
1786814884.09648,engram-node03,4071,14961AF6F7E0B3B81E63E93979D196345E1288B84EF4F358AE910DCD2B8FC6CD,False,SOVEREIGN,0,0,False,
1786814884.103006,engram-node04,4071,14961AF6F7E0B3B81E63E93979D196345E1288B84EF4F358AE910DCD2B8FC6CD,False,SOVEREIGN,0,0,False,
1786814886.186955,engram-node01,4073,DE38E1519C2D16851E546FDB52D217B8953E10CA555A759DEA670FC59A4DB0BB,False,SOVEREIGN,0,0,False,
1786814886.199119,engram-node02,4073,DE38E1519C2D16851E546FDB52D217B8953E10CA555A759DEA670FC59A4DB0BB,False,SOVEREIGN,0,0,False,
1786814886.20682,engram-node03,4073,DE38E1519C2D16851E546FDB52D217B8953E10CA555A759DEA670FC59A4DB0BB,False,SOVEREIGN,0,0,False,
1786814886.211856,engram-node04,4073,DE38E1519C2D16851E546FDB52D217B8953E10CA555A759DEA670FC59A4DB0BB,False,SOVEREIGN,0,0,False,
1786814888.319676,engram-node01,4075,97F3338FB7AF52661962A8CCE6094AD44A89A70E07BA18BD695681D7D25BEC6D,False,SOVEREIGN,0,0,False,
1786814888.3253279,engram-node02,4075,97F3338FB7AF52661962A8CCE6094AD44A89A70E07BA18BD695681D7D25BEC6D,False,SOVEREIGN,0,0,False,
1786814888.3297532,engram-node03,4075,97F3338FB7AF52661962A8CCE6094AD44A89A70E07BA18BD695681D7D25BEC6D,False,SOVEREIGN,0,0,False,
1786814888.333744,engram-node04,4075,97F3338FB7AF52661962A8CCE6094AD44A89A70E07BA18BD695681D7D25BEC6D,False,SOVEREIGN,0,0,False,
1786814890.428685,engram-node01,4077,A7E9026F78999C4877F523C2F3A5ABF3B3689187989D965CC7636CE65BC0FD22,False,SOVEREIGN,0,0,False,
1786814890.4343932,engram-node02,4077,A7E9026F78999C4877F523C2F3A5ABF3B3689187989D965CC7636CE65BC0FD22,False,SOVEREIGN,0,0,False,
1786814890.437952,engram-node03,4077,A7E9026F78999C4877F523C2F3A5ABF3B3689187989D965CC7636CE65BC0FD22,False,SOVEREIGN,0,0,False,
1786814890.441409,engram-node04,4077,A7E9026F78999C4877F523C2F3A5ABF3B3689187989D965CC7636CE65BC0FD22,False,SOVEREIGN,0,0,False,
1786814892.536219,engram-node01,4078,49CB196EC4C16FE225B7906EE43C5163FAC8C420F42DD30BA5BC6F7AB75284C3,False,SOVEREIGN,0,0,False,
1786814892.5418339,engram-node02,4078,49CB196EC4C16FE225B7906EE43C5163FAC8C420F42DD30BA5BC6F7AB75284C3,False,SOVEREIGN,0,0,False,
1786814892.545909,engram-node03,4078,49CB196EC4C16FE225B7906EE43C5163FAC8C420F42DD30BA5BC6F7AB75284C3,False,SOVEREIGN,0,0,False,
1786814892.549505,engram-node04,4078,49CB196EC4C16FE225B7906EE43C5163FAC8C420F42DD30BA5BC6F7AB75284C3,False,SOVEREIGN,0,0,False,
1786814894.638777,engram-node01,4080,DB1A06ACA9D02B6F1AF66392269D3443277AA043DAB251E7C973FA767ADAF9C3,False,SOVEREIGN,0,0,False,
1786814894.650767,engram-node02,4080,DB1A06ACA9D02B6F1AF66392269D3443277AA043DAB251E7C973FA767ADAF9C3,False,SOVEREIGN,0,0,False,
1786814894.6583319,engram-node03,4080,DB1A06ACA9D02B6F1AF66392269D3443277AA043DAB251E7C973FA767ADAF9C3,False,SOVEREIGN,0,0,False,
1786814894.6631749,engram-node04,4080,DB1A06ACA9D02B6F1AF66392269D3443277AA043DAB251E7C973FA767ADAF9C3,False,SOVEREIGN,0,0,False,
1786814896.78419,engram-node01,4082,A8F9CCE26909EDB7391900DBF8481D9E626213E3FBC97A38C22D7414B28973DA,False,SOVEREIGN,0,0,False,
1786814896.7949939,engram-node02,4082,A8F9CCE26909EDB7391900DBF8481D9E626213E3FBC97A38C22D7414B28973DA,False,SOVEREIGN,0,0,False,
1786814896.802874,engram-node03,4082,A8F9CCE26909EDB7391900DBF8481D9E626213E3FBC97A38C22D7414B28973DA,False,SOVEREIGN,0,0,False,
1786814896.809234,engram-node04,4082,A8F9CCE26909EDB7391900DBF8481D9E626213E3FBC97A38C22D7414B28973DA,False,SOVEREIGN,0,0,False,
1786814898.9245582,engram-node01,4084,96A51F0555B084F0EBA2B75E9D31EB621304061ECB42CD45A4ADFE3361E5693E,False,SOVEREIGN,0,0,False,
1786814898.930071,engram-node02,4084,96A51F0555B084F0EBA2B75E9D31EB621304061ECB42CD45A4ADFE3361E5693E,False,SOVEREIGN,0,0,False,
1786814898.9341419,engram-node03,4084,96A51F0555B084F0EBA2B75E9D31EB621304061ECB42CD45A4ADFE3361E5693E,False,SOVEREIGN,0,0,False,
1786814898.937092,engram-node04,4084,96A51F0555B084F0EBA2B75E9D31EB621304061ECB42CD45A4ADFE3361E5693E,False,SOVEREIGN,0,0,False,
1786814901.029085,engram-node01,4085,5D91E98D1B997915A828153EF90864384F21DDACE4565553A52C1C7274EBA16A,False,SOVEREIGN,0,0,False,
1786814901.033271,engram-node02,4085,5D91E98D1B997915A828153EF90864384F21DDACE4565553A52C1C7274EBA16A,False,SOVEREIGN,0,0,False,
1786814901.036216,engram-node03,4085,5D91E98D1B997915A828153EF90864384F21DDACE4565553A52C1C7274EBA16A,False,SOVEREIGN,0,0,False,
1786814901.0394619,engram-node04,4085,5D91E98D1B997915A828153EF90864384F21DDACE4565553A52C1C7274EBA16A,False,SOVEREIGN,0,0,False,
1786814903.130316,engram-node01,4087,BFF915D3FD473DA63CBFAAB9C3BDC1C566D7AE567FD20F1589105A4C80F3B4DA,False,SOVEREIGN,0,0,False,
1786814903.1389818,engram-node02,4087,BFF915D3FD473DA63CBFAAB9C3BDC1C566D7AE567FD20F1589105A4C80F3B4DA,False,SOVEREIGN,0,0,False,
1786814903.144469,engram-node03,4087,BFF915D3FD473DA63CBFAAB9C3BDC1C566D7AE567FD20F1589105A4C80F3B4DA,False,SOVEREIGN,0,0,False,
1786814903.150334,engram-node04,4087,BFF915D3FD473DA63CBFAAB9C3BDC1C566D7AE567FD20F1589105A4C80F3B4DA,False,SOVEREIGN,0,0,False,
1786814905.2618399,engram-node01,4089,571371583D6A74F5E5C1B9146B033E9A142047479A57E43760920EC3C47F48E3,False,SOVEREIGN,0,0,False,
1786814905.268794,engram-node02,4089,571371583D6A74F5E5C1B9146B033E9A142047479A57E43760920EC3C47F48E3,False,SOVEREIGN,0,0,False,
1786814905.2729049,engram-node03,4089,571371583D6A74F5E5C1B9146B033E9A142047479A57E43760920EC3C47F48E3,False,SOVEREIGN,0,0,False,
1786814905.276675,engram-node04,4089,571371583D6A74F5E5C1B9146B033E9A142047479A57E43760920EC3C47F48E3,False,SOVEREIGN,0,0,False,
1786814907.380746,engram-node01,4091,3FB383DFDEA94AB6BED73F0C9C46FB8F9CE0EE894E5F5C5BFE007D8776CBFE98,False,SOVEREIGN,0,0,False,
1786814907.391816,engram-node02,4091,3FB383DFDEA94AB6BED73F0C9C46FB8F9CE0EE894E5F5C5BFE007D8776CBFE98,False,SOVEREIGN,0,0,False,
1786814907.3975239,engram-node03,4091,3FB383DFDEA94AB6BED73F0C9C46FB8F9CE0EE894E5F5C5BFE007D8776CBFE98,False,SOVEREIGN,0,0,False,
1786814907.403929,engram-node04,4091,3FB383DFDEA94AB6BED73F0C9C46FB8F9CE0EE894E5F5C5BFE007D8776CBFE98,False,SOVEREIGN,0,0,False,
1786814909.562772,engram-node01,4092,D328281E755EAFE9337D2940AB2C82E3E382AD3432A288AA5B4BB8B4DB4E6E0D,False,SOVEREIGN,0,0,False,
1786814909.568316,engram-node02,4092,D328281E755EAFE9337D2940AB2C82E3E382AD3432A288AA5B4BB8B4DB4E6E0D,False,SOVEREIGN,0,0,False,
1786814909.5722969,engram-node03,4092,D328281E755EAFE9337D2940AB2C82E3E382AD3432A288AA5B4BB8B4DB4E6E0D,False,SOVEREIGN,0,0,False,
1786814909.575716,engram-node04,4092,D328281E755EAFE9337D2940AB2C82E3E382AD3432A288AA5B4BB8B4DB4E6E0D,False,SOVEREIGN,0,0,False,
1786814911.69195,engram-node01,4094,56117F55717E1AA24010644F253B0633ADD16988FCB559E1A2345E4E37EC2595,False,SOVEREIGN,0,0,False,
1786814911.700397,engram-node02,4094,56117F55717E1AA24010644F253B0633ADD16988FCB559E1A2345E4E37EC2595,False,SOVEREIGN,0,0,False,
1786814911.7058089,engram-node03,4094,56117F55717E1AA24010644F253B0633ADD16988FCB559E1A2345E4E37EC2595,False,SOVEREIGN,0,0,False,
1786814911.7150998,engram-node04,4094,56117F55717E1AA24010644F253B0633ADD16988FCB559E1A2345E4E37EC2595,False,SOVEREIGN,0,0,False,
1786814913.835795,engram-node01,4096,27657DFE08BA4359527DD0B2F712F33FD27E9A13B52DF6A79EB8F07267AEC47F,False,SOVEREIGN,0,0,False,
1786814913.8433988,engram-node02,4096,27657DFE08BA4359527DD0B2F712F33FD27E9A13B52DF6A79EB8F07267AEC47F,False,SOVEREIGN,0,0,False,
1786814913.847902,engram-node03,4096,27657DFE08BA4359527DD0B2F712F33FD27E9A13B52DF6A79EB8F07267AEC47F,False,SOVEREIGN,0,0,False,
1786814913.852163,engram-node04,4096,27657DFE08BA4359527DD0B2F712F33FD27E9A13B52DF6A79EB8F07267AEC47F,False,SOVEREIGN,0,0,False,
1786814915.960047,engram-node01,4098,DC78E1D7ADFFBDDFF86C6F24BF4FB8BB1E1857C8DBA029AADF130D743BC5EF5D,False,SOVEREIGN,0,0,False,
1786814915.968328,engram-node02,4098,DC78E1D7ADFFBDDFF86C6F24BF4FB8BB1E1857C8DBA029AADF130D743BC5EF5D,False,SOVEREIGN,0,0,False,
1786814915.9728708,engram-node03,4098,DC78E1D7ADFFBDDFF86C6F24BF4FB8BB1E1857C8DBA029AADF130D743BC5EF5D,False,SOVEREIGN,0,0,False,
1786814915.977786,engram-node04,4098,DC78E1D7ADFFBDDFF86C6F24BF4FB8BB1E1857C8DBA029AADF130D743BC5EF5D,False,SOVEREIGN,0,0,False,
1786814918.0848389,engram-node01,4099,240CEAA3805A70FFF1471ACD4B88FB02A67921435F9396DFB4CB8E9F7D73C648,False,SOVEREIGN,0,0,False,
1786814918.096879,engram-node02,4099,240CEAA3805A70FFF1471ACD4B88FB02A67921435F9396DFB4CB8E9F7D73C648,False,SOVEREIGN,0,0,False,
1786814918.103858,engram-node03,4099,240CEAA3805A70FFF1471ACD4B88FB02A67921435F9396DFB4CB8E9F7D73C648,False,SOVEREIGN,0,0,False,
1786814918.109696,engram-node04,4099,240CEAA3805A70FFF1471ACD4B88FB02A67921435F9396DFB4CB8E9F7D73C648,False,SOVEREIGN,0,0,False,
1786814920.201566,engram-node01,4101,7E2C465C294EF3F6A403FD875C0522E5872B0944C0BF07F5665C1FE572BE5E99,False,SOVEREIGN,0,0,False,
1786814920.207511,engram-node02,4101,7E2C465C294EF3F6A403FD875C0522E5872B0944C0BF07F5665C1FE572BE5E99,False,SOVEREIGN,0,0,False,
1786814920.210677,engram-node03,4101,7E2C465C294EF3F6A403FD875C0522E5872B0944C0BF07F5665C1FE572BE5E99,False,SOVEREIGN,0,0,False,
1786814920.21377,engram-node04,4101,7E2C465C294EF3F6A403FD875C0522E5872B0944C0BF07F5665C1FE572BE5E99,False,SOVEREIGN,0,0,False,
1786814922.2947042,engram-node01,4103,3058DC6EC6968489C6C5844BAF2445DAE1D11E6BFE0101F836911835AA724545,False,SOVEREIGN,0,0,False,
1786814922.301266,engram-node02,4103,3058DC6EC6968489C6C5844BAF2445DAE1D11E6BFE0101F836911835AA724545,False,SOVEREIGN,0,0,False,
1786814922.305501,engram-node03,4103,3058DC6EC6968489C6C5844BAF2445DAE1D11E6BFE0101F836911835AA724545,False,SOVEREIGN,0,0,False,
1786814922.3096871,engram-node04,4103,3058DC6EC6968489C6C5844BAF2445DAE1D11E6BFE0101F836911835AA724545,False,SOVEREIGN,0,0,False,
1786814924.4116359,engram-node01,4104,5496A65BACD0DB903FE4B4DB74C135599B18902F6ECE92BD7D5C2487744FA4F0,False,SOVEREIGN,0,0,False,
1786814924.419227,engram-node02,4104,5496A65BACD0DB903FE4B4DB74C135599B18902F6ECE92BD7D5C2487744FA4F0,False,SOVEREIGN,0,0,False,
1786814924.4245481,engram-node03,4104,5496A65BACD0DB903FE4B4DB74C135599B18902F6ECE92BD7D5C2487744FA4F0,False,SOVEREIGN,0,0,False,
1786814924.428757,engram-node04,4104,5496A65BACD0DB903FE4B4DB74C135599B18902F6ECE92BD7D5C2487744FA4F0,False,SOVEREIGN,0,0,False,
1786814926.530837,engram-node01,4106,062ADD26A8940C8833C9AB141F9AE3BC410FE001FEA0F7BFBA173A19FFDBA458,False,SOVEREIGN,0,0,False,
1786814926.540403,engram-node02,4106,062ADD26A8940C8833C9AB141F9AE3BC410FE001FEA0F7BFBA173A19FFDBA458,False,SOVEREIGN,0,0,False,
1786814926.5472908,engram-node03,4106,062ADD26A8940C8833C9AB141F9AE3BC410FE001FEA0F7BFBA173A19FFDBA458,False,SOVEREIGN,0,0,False,
1786814926.552889,engram-node04,4106,062ADD26A8940C8833C9AB141F9AE3BC410FE001FEA0F7BFBA173A19FFDBA458,False,SOVEREIGN,0,0,False,
1786814928.662695,engram-node01,4108,FC90DC7514753E64AF8AB025AA1C9D502FAEC7C1112D34BFF91F9506F06F15E6,False,SOVEREIGN,0,0,False,
1786814928.673193,engram-node02,4108,FC90DC7514753E64AF8AB025AA1C9D502FAEC7C1112D34BFF91F9506F06F15E6,False,SOVEREIGN,0,0,False,
1786814928.678417,engram-node03,4108,FC90DC7514753E64AF8AB025AA1C9D502FAEC7C1112D34BFF91F9506F06F15E6,False,SOVEREIGN,0,0,False,
1786814928.683397,engram-node04,4108,FC90DC7514753E64AF8AB025AA1C9D502FAEC7C1112D34BFF91F9506F06F15E6,False,SOVEREIGN,0,0,False,
1786814930.787023,engram-node01,4109,1F23AE71AC7CDA3BCC440FFBC52F697C4B80DA87D9CD0998C37FE342C7D12C54,False,SOVEREIGN,0,0,False,
1786814930.793474,engram-node02,4109,1F23AE71AC7CDA3BCC440FFBC52F697C4B80DA87D9CD0998C37FE342C7D12C54,False,SOVEREIGN,0,0,False,
1786814930.798819,engram-node03,4109,1F23AE71AC7CDA3BCC440FFBC52F697C4B80DA87D9CD0998C37FE342C7D12C54,False,SOVEREIGN,0,0,False,
1786814930.803107,engram-node04,4109,1F23AE71AC7CDA3BCC440FFBC52F697C4B80DA87D9CD0998C37FE342C7D12C54,False,SOVEREIGN,0,0,False,
1786814932.892698,engram-node01,4111,EBC12439AB53ED27D52F45616DB912722A5A664F78530E72975F8D7A099851BC,False,SOVEREIGN,0,0,False,
1786814932.9038742,engram-node02,4111,EBC12439AB53ED27D52F45616DB912722A5A664F78530E72975F8D7A099851BC,False,SOVEREIGN,0,0,False,
1786814932.910424,engram-node03,4111,EBC12439AB53ED27D52F45616DB912722A5A664F78530E72975F8D7A099851BC,False,SOVEREIGN,0,0,False,
1786814932.91573,engram-node04,4111,EBC12439AB53ED27D52F45616DB912722A5A664F78530E72975F8D7A099851BC,False,SOVEREIGN,0,0,False,
1786814935.020777,engram-node01,4112,1464CC6A11080ED08DCE238D634675C69286F0986A9264194DBD3FD5DABC58EA,False,SOVEREIGN,0,0,False,
1786814935.0282218,engram-node02,4112,1464CC6A11080ED08DCE238D634675C69286F0986A9264194DBD3FD5DABC58EA,False,SOVEREIGN,0,0,False,
1786814935.037534,engram-node03,4112,1464CC6A11080ED08DCE238D634675C69286F0986A9264194DBD3FD5DABC58EA,False,SOVEREIGN,0,0,False,
1786814935.043124,engram-node04,4112,1464CC6A11080ED08DCE238D634675C69286F0986A9264194DBD3FD5DABC58EA,False,SOVEREIGN,0,0,False,
1786814937.1492548,engram-node01,4114,EFC2A9EC0601AB2FE517C33669A05BE01254BDCC6909305B2246B4A0B771DD84,False,SOVEREIGN,0,0,False,
1786814937.160165,engram-node02,4114,EFC2A9EC0601AB2FE517C33669A05BE01254BDCC6909305B2246B4A0B771DD84,False,SOVEREIGN,0,0,False,
1786814937.167178,engram-node03,4114,EFC2A9EC0601AB2FE517C33669A05BE01254BDCC6909305B2246B4A0B771DD84,False,SOVEREIGN,0,0,False,
1786814937.173601,engram-node04,4114,EFC2A9EC0601AB2FE517C33669A05BE01254BDCC6909305B2246B4A0B771DD84,False,SOVEREIGN,0,0,False,
1786814939.287904,engram-node01,4116,557C32E4063C7A066AE86BCC6695F6F9AEE5F160D935563FBAA0018338258D4A,False,SOVEREIGN,0,0,False,
1786814939.298357,engram-node02,4116,557C32E4063C7A066AE86BCC6695F6F9AEE5F160D935563FBAA0018338258D4A,False,SOVEREIGN,0,0,False,
1786814939.3066611,engram-node03,4116,557C32E4063C7A066AE86BCC6695F6F9AEE5F160D935563FBAA0018338258D4A,False,SOVEREIGN,0,0,False,
1786814939.316011,engram-node04,4116,557C32E4063C7A066AE86BCC6695F6F9AEE5F160D935563FBAA0018338258D4A,False,SOVEREIGN,0,0,False,
1786814941.441077,engram-node01,4117,1AE5C311A25F453973D5DFB96D5F74C93B8CC49F549E9734B8B33A2291E00BC6,False,SOVEREIGN,0,0,False,
1786814941.4491,engram-node02,4117,1AE5C311A25F453973D5DFB96D5F74C93B8CC49F549E9734B8B33A2291E00BC6,False,SOVEREIGN,0,0,False,
1786814941.455554,engram-node03,4117,1AE5C311A25F453973D5DFB96D5F74C93B8CC49F549E9734B8B33A2291E00BC6,False,SOVEREIGN,0,0,False,
1786814941.461819,engram-node04,4117,1AE5C311A25F453973D5DFB96D5F74C93B8CC49F549E9734B8B33A2291E00BC6,False,SOVEREIGN,0,0,False,
1786814943.558558,engram-node01,4119,055A4D4F17BD73331D23FD5FB2FC5C35F7A6B97CD4CAC1BCA3F3D4DE7EC404D3,False,SOVEREIGN,0,0,False,
1786814943.570476,engram-node02,4119,055A4D4F17BD73331D23FD5FB2FC5C35F7A6B97CD4CAC1BCA3F3D4DE7EC404D3,False,SOVEREIGN,0,0,False,
1786814943.578062,engram-node03,4119,055A4D4F17BD73331D23FD5FB2FC5C35F7A6B97CD4CAC1BCA3F3D4DE7EC404D3,False,SOVEREIGN,0,0,False,
1786814943.584061,engram-node04,4119,055A4D4F17BD73331D23FD5FB2FC5C35F7A6B97CD4CAC1BCA3F3D4DE7EC404D3,False,SOVEREIGN,0,0,False,
1786814945.697149,engram-node01,4121,E3B6892E8D9EC2339C4363F15205AE105E14048E6AC78D88CACA5C670755F756,False,SOVEREIGN,0,0,False,
1786814945.704319,engram-node02,4121,E3B6892E8D9EC2339C4363F15205AE105E14048E6AC78D88CACA5C670755F756,False,SOVEREIGN,0,0,False,
1786814945.711531,engram-node03,4121,E3B6892E8D9EC2339C4363F15205AE105E14048E6AC78D88CACA5C670755F756,False,SOVEREIGN,0,0,False,
1786814945.7178729,engram-node04,4121,E3B6892E8D9EC2339C4363F15205AE105E14048E6AC78D88CACA5C670755F756,False,SOVEREIGN,0,0,False,
1786814947.828196,engram-node01,4123,868792B26DB1B3CE52D2DACA1D1213CF38E475054A21F114B8A39B93CC86EE8A,False,SOVEREIGN,0,0,False,
1786814947.833052,engram-node02,4123,868792B26DB1B3CE52D2DACA1D1213CF38E475054A21F114B8A39B93CC86EE8A,False,SOVEREIGN,0,0,False,
1786814947.836421,engram-node03,4123,868792B26DB1B3CE52D2DACA1D1213CF38E475054A21F114B8A39B93CC86EE8A,False,SOVEREIGN,0,0,False,
1786814947.8400059,engram-node04,4123,868792B26DB1B3CE52D2DACA1D1213CF38E475054A21F114B8A39B93CC86EE8A,False,SOVEREIGN,0,0,False,
1786814949.936974,engram-node01,4124,20D6547353E1D16A57E9A4BB242B48D54486BB19BC3B96270B6D9115D1ACBCFD,False,SOVEREIGN,0,0,False,
1786814949.9422069,engram-node02,4124,20D6547353E1D16A57E9A4BB242B48D54486BB19BC3B96270B6D9115D1ACBCFD,False,SOVEREIGN,0,0,False,
1786814949.946348,engram-node03,4124,20D6547353E1D16A57E9A4BB242B48D54486BB19BC3B96270B6D9115D1ACBCFD,False,SOVEREIGN,0,0,False,
1786814949.9506729,engram-node04,4124,20D6547353E1D16A57E9A4BB242B48D54486BB19BC3B96270B6D9115D1ACBCFD,False,SOVEREIGN,0,0,False,
1786814952.0500538,engram-node01,4126,C71D727A4F18C8D10541C5D0CAC742945A9589759AD18FA5591823BA890077FF,False,SOVEREIGN,0,0,False,
1786814952.055763,engram-node02,4126,C71D727A4F18C8D10541C5D0CAC742945A9589759AD18FA5591823BA890077FF,False,SOVEREIGN,0,0,False,
1786814952.064821,engram-node03,4126,C71D727A4F18C8D10541C5D0CAC742945A9589759AD18FA5591823BA890077FF,False,SOVEREIGN,0,0,False,
1786814952.071222,engram-node04,4126,C71D727A4F18C8D10541C5D0CAC742945A9589759AD18FA5591823BA890077FF,False,SOVEREIGN,0,0,False,
1786814954.177011,engram-node01,4128,FF5711277C97901066D4C87E87BAB2AA9D8D8FBF73739864F59A3934DC4DACE7,False,SOVEREIGN,0,0,False,
1786814954.183211,engram-node02,4128,FF5711277C97901066D4C87E87BAB2AA9D8D8FBF73739864F59A3934DC4DACE7,False,SOVEREIGN,0,0,False,
1786814954.1874309,engram-node03,4128,FF5711277C97901066D4C87E87BAB2AA9D8D8FBF73739864F59A3934DC4DACE7,False,SOVEREIGN,0,0,False,
1786814954.191062,engram-node04,4128,FF5711277C97901066D4C87E87BAB2AA9D8D8FBF73739864F59A3934DC4DACE7,False,SOVEREIGN,0,0,False,
1786814956.299972,engram-node01,4130,3DFA3C882E7D47F9DF94C877D7BEBE34CA5EC176E88D42B81D2EC149D5130E8E,False,SOVEREIGN,0,0,False,
1786814956.304356,engram-node02,4130,3DFA3C882E7D47F9DF94C877D7BEBE34CA5EC176E88D42B81D2EC149D5130E8E,False,SOVEREIGN,0,0,False,
1786814956.307392,engram-node03,4130,3DFA3C882E7D47F9DF94C877D7BEBE34CA5EC176E88D42B81D2EC149D5130E8E,False,SOVEREIGN,0,0,False,
1786814956.310653,engram-node04,4130,3DFA3C882E7D47F9DF94C877D7BEBE34CA5EC176E88D42B81D2EC149D5130E8E,False,SOVEREIGN,0,0,False,
1786814958.403338,engram-node01,4131,A75EB88A12A7443F4DFCDA51F21A28C4689C441919E08814188952B63BD7216B,False,SOVEREIGN,0,0,False,
1786814958.412124,engram-node02,4131,A75EB88A12A7443F4DFCDA51F21A28C4689C441919E08814188952B63BD7216B,False,SOVEREIGN,0,0,False,
1786814958.420091,engram-node03,4131,A75EB88A12A7443F4DFCDA51F21A28C4689C441919E08814188952B63BD7216B,False,SOVEREIGN,0,0,False,
1786814958.42548,engram-node04,4131,A75EB88A12A7443F4DFCDA51F21A28C4689C441919E08814188952B63BD7216B,False,SOVEREIGN,0,0,False,
1786814960.5251288,engram-node01,4133,2236A37CFEF866AD3ABD59AAA4A5D95892E3FA765371F43BAF708944FDA21B72,False,SOVEREIGN,0,0,False,
1786814960.536166,engram-node02,4133,2236A37CFEF866AD3ABD59AAA4A5D95892E3FA765371F43BAF708944FDA21B72,False,SOVEREIGN,0,0,False,
1786814960.5424168,engram-node03,4133,2236A37CFEF866AD3ABD59AAA4A5D95892E3FA765371F43BAF708944FDA21B72,False,SOVEREIGN,0,0,False,
1786814960.548044,engram-node04,4133,2236A37CFEF866AD3ABD59AAA4A5D95892E3FA765371F43BAF708944FDA21B72,False,SOVEREIGN,0,0,False,
1786814962.643602,engram-node01,4135,5FC2A0BA722E7152704EE8A0AC8261E8144A90DCCD366762211495530BDBEC31,False,SOVEREIGN,0,0,False,
1786814962.656706,engram-node02,4135,5FC2A0BA722E7152704EE8A0AC8261E8144A90DCCD366762211495530BDBEC31,False,SOVEREIGN,0,0,False,
1786814962.675225,engram-node03,4135,5FC2A0BA722E7152704EE8A0AC8261E8144A90DCCD366762211495530BDBEC31,False,SOVEREIGN,0,0,False,
1786814962.68689,engram-node04,4135,5FC2A0BA722E7152704EE8A0AC8261E8144A90DCCD366762211495530BDBEC31,False,SOVEREIGN,0,0,False,
1786814966.346883,engram-node01,4137,49F8D3D71566AA1C6B36220462F59296619206D8506AAE0D43D4262721E195C2,False,SOVEREIGN,0,0,False,
1786814966.358304,engram-node02,4137,49F8D3D71566AA1C6B36220462F59296619206D8506AAE0D43D4262721E195C2,False,SOVEREIGN,0,0,False,
1786814966.363998,engram-node03,4137,49F8D3D71566AA1C6B36220462F59296619206D8506AAE0D43D4262721E195C2,False,SOVEREIGN,0,0,False,
1786814966.369528,engram-node04,4137,49F8D3D71566AA1C6B36220462F59296619206D8506AAE0D43D4262721E195C2,False,SOVEREIGN,0,0,False,
1786814968.8586729,engram-node01,4139,5811364C6CB76C5992AAB8FCC0202F173D01F5EACF8917CB04E952C989F606C2,False,SOVEREIGN,0,0,False,
1786814968.867483,engram-node02,4139,5811364C6CB76C5992AAB8FCC0202F173D01F5EACF8917CB04E952C989F606C2,False,SOVEREIGN,0,0,False,
1786814968.873796,engram-node03,4139,5811364C6CB76C5992AAB8FCC0202F173D01F5EACF8917CB04E952C989F606C2,False,SOVEREIGN,0,0,False,
1786814968.881273,engram-node04,4139,5811364C6CB76C5992AAB8FCC0202F173D01F5EACF8917CB04E952C989F606C2,False,SOVEREIGN,0,0,False,
1786814971.0426428,engram-node01,4141,4686FF62EED4F2F035284CDA1F55573C197EA31C1EFD06E86C94A800A9C5AA4E,False,SOVEREIGN,0,0,False,
1786814971.0478332,engram-node02,4141,4686FF62EED4F2F035284CDA1F55573C197EA31C1EFD06E86C94A800A9C5AA4E,False,SOVEREIGN,0,0,False,
1786814971.051975,engram-node03,4141,4686FF62EED4F2F035284CDA1F55573C197EA31C1EFD06E86C94A800A9C5AA4E,False,SOVEREIGN,0,0,False,
1786814971.056205,engram-node04,4141,4686FF62EED4F2F035284CDA1F55573C197EA31C1EFD06E86C94A800A9C5AA4E,False,SOVEREIGN,0,0,False,
1786814973.138442,engram-node01,4143,2266B6283D88A6E110F099F1AC39A8A8AFD5136530207AEE429B76523B53554A,False,SOVEREIGN,0,0,False,
1786814973.143153,engram-node02,4143,2266B6283D88A6E110F099F1AC39A8A8AFD5136530207AEE429B76523B53554A,False,SOVEREIGN,0,0,False,
1786814973.1467059,engram-node03,4143,2266B6283D88A6E110F099F1AC39A8A8AFD5136530207AEE429B76523B53554A,False,SOVEREIGN,0,0,False,
1786814973.15,engram-node04,4143,2266B6283D88A6E110F099F1AC39A8A8AFD5136530207AEE429B76523B53554A,False,SOVEREIGN,0,0,False,
1786814975.243524,engram-node01,4145,C939078CC6A629CD6B8FC6875B998FA4BEFECB28BE84907F1EAFEC856CCE2555,False,SOVEREIGN,0,0,False,
1786814975.2484312,engram-node02,4145,C939078CC6A629CD6B8FC6875B998FA4BEFECB28BE84907F1EAFEC856CCE2555,False,SOVEREIGN,0,0,False,
1786814975.252018,engram-node03,4145,C939078CC6A629CD6B8FC6875B998FA4BEFECB28BE84907F1EAFEC856CCE2555,False,SOVEREIGN,0,0,False,
1786814975.2556002,engram-node04,4145,C939078CC6A629CD6B8FC6875B998FA4BEFECB28BE84907F1EAFEC856CCE2555,False,SOVEREIGN,0,0,False,
1786814977.333622,engram-node01,4146,F245FF19518B8E55EF1E7CBAF5E3DD5ECFC5DE010ECB9DF2E455C778ECB009C6,False,SOVEREIGN,0,0,False,
1786814977.349508,engram-node02,4146,F245FF19518B8E55EF1E7CBAF5E3DD5ECFC5DE010ECB9DF2E455C778ECB009C6,False,SOVEREIGN,0,0,False,
1786814977.3534489,engram-node03,4146,F245FF19518B8E55EF1E7CBAF5E3DD5ECFC5DE010ECB9DF2E455C778ECB009C6,False,SOVEREIGN,0,0,False,
1786814977.35683,engram-node04,4146,F245FF19518B8E55EF1E7CBAF5E3DD5ECFC5DE010ECB9DF2E455C778ECB009C6,False,SOVEREIGN,0,0,False,
1786814979.44555,engram-node01,4148,7A76BFB1927E9F271473725FEA9033D6105A7E74573835CE5CF5B716B3CB6F2B,False,SOVEREIGN,0,0,False,
1786814979.4537559,engram-node02,4148,7A76BFB1927E9F271473725FEA9033D6105A7E74573835CE5CF5B716B3CB6F2B,False,SOVEREIGN,0,0,False,
1786814979.458828,engram-node03,4148,7A76BFB1927E9F271473725FEA9033D6105A7E74573835CE5CF5B716B3CB6F2B,False,SOVEREIGN,0,0,False,
1786814979.463115,engram-node04,4148,7A76BFB1927E9F271473725FEA9033D6105A7E74573835CE5CF5B716B3CB6F2B,False,SOVEREIGN,0,0,False,
1786814981.570473,engram-node01,4150,078F5373904009504446E2DAE8A1D61F12445217D2FC5BC828B9DD36E890B975,False,SOVEREIGN,0,0,False,
1786814981.582685,engram-node02,4150,078F5373904009504446E2DAE8A1D61F12445217D2FC5BC828B9DD36E890B975,False,SOVEREIGN,0,0,False,
1786814981.5927072,engram-node03,4150,078F5373904009504446E2DAE8A1D61F12445217D2FC5BC828B9DD36E890B975,False,SOVEREIGN,0,0,False,
1786814981.598953,engram-node04,4150,078F5373904009504446E2DAE8A1D61F12445217D2FC5BC828B9DD36E890B975,False,SOVEREIGN,0,0,False,
1786814983.692182,engram-node01,4152,D75065328BB96B0D79718EEEA4DAFD87313A968BB170E0A5953E488727335A65,False,SOVEREIGN,0,0,False,
1786814983.7042692,engram-node02,4152,D75065328BB96B0D79718EEEA4DAFD87313A968BB170E0A5953E488727335A65,False,SOVEREIGN,0,0,False,
1786814983.7119832,engram-node03,4152,D75065328BB96B0D79718EEEA4DAFD87313A968BB170E0A5953E488727335A65,False,SOVEREIGN,0,0,False,
1786814983.7171378,engram-node04,4152,D75065328BB96B0D79718EEEA4DAFD87313A968BB170E0A5953E488727335A65,False,SOVEREIGN,0,0,False,
1786814985.8788748,engram-node01,4154,2A5FDB443582DCCD9BDA0AE717652523BB8AAD1910F4A44C5AC7A8090F1AADD2,False,SOVEREIGN,0,0,False,
1786814985.883229,engram-node02,4154,2A5FDB443582DCCD9BDA0AE717652523BB8AAD1910F4A44C5AC7A8090F1AADD2,False,SOVEREIGN,0,0,False,
1786814985.8863401,engram-node03,4154,2A5FDB443582DCCD9BDA0AE717652523BB8AAD1910F4A44C5AC7A8090F1AADD2,False,SOVEREIGN,0,0,False,
1786814985.889196,engram-node04,4154,2A5FDB443582DCCD9BDA0AE717652523BB8AAD1910F4A44C5AC7A8090F1AADD2,False,SOVEREIGN,0,0,False,
1786814987.9763021,engram-node01,4155,A34B232857F17E2BB6E240B89E7AFD25C80C0859893942C27AB78BC04F928E8A,False,SOVEREIGN,0,0,False,
1786814987.985502,engram-node02,4155,A34B232857F17E2BB6E240B89E7AFD25C80C0859893942C27AB78BC04F928E8A,False,SOVEREIGN,0,0,False,
1786814987.9906712,engram-node03,4155,A34B232857F17E2BB6E240B89E7AFD25C80C0859893942C27AB78BC04F928E8A,False,SOVEREIGN,0,0,False,
1786814987.994289,engram-node04,4155,A34B232857F17E2BB6E240B89E7AFD25C80C0859893942C27AB78BC04F928E8A,False,SOVEREIGN,0,0,False,
1786814990.089559,engram-node01,4157,DC1DFC5214ECCE3A0A468EC11FAED0D067137F2CD8A3705B341EF1B4E0D8254B,False,SOVEREIGN,0,0,False,
1786814990.094367,engram-node02,4157,DC1DFC5214ECCE3A0A468EC11FAED0D067137F2CD8A3705B341EF1B4E0D8254B,False,SOVEREIGN,0,0,False,
1786814990.09803,engram-node03,4157,DC1DFC5214ECCE3A0A468EC11FAED0D067137F2CD8A3705B341EF1B4E0D8254B,False,SOVEREIGN,0,0,False,
1786814990.101304,engram-node04,4157,DC1DFC5214ECCE3A0A468EC11FAED0D067137F2CD8A3705B341EF1B4E0D8254B,False,SOVEREIGN,0,0,False,
1786814992.185416,engram-node01,4159,AC7D50D3090CB4FE65FF868EDB08A315CC7F221AC60ADD0E335CEAF166EC8675,False,SOVEREIGN,0,0,False,
1786814992.192068,engram-node02,4159,AC7D50D3090CB4FE65FF868EDB08A315CC7F221AC60ADD0E335CEAF166EC8675,False,SOVEREIGN,0,0,False,
1786814992.1962051,engram-node03,4159,AC7D50D3090CB4FE65FF868EDB08A315CC7F221AC60ADD0E335CEAF166EC8675,False,SOVEREIGN,0,0,False,
1786814992.2004108,engram-node04,4159,AC7D50D3090CB4FE65FF868EDB08A315CC7F221AC60ADD0E335CEAF166EC8675,False,SOVEREIGN,0,0,False,
1786814994.2919528,engram-node01,4161,5B4941EB91F599893D6A2DEFA722174CEADDEBD628D23E19EDF54F17C3CAE3EB,False,SOVEREIGN,0,0,False,
1786814994.299511,engram-node02,4161,5B4941EB91F599893D6A2DEFA722174CEADDEBD628D23E19EDF54F17C3CAE3EB,False,SOVEREIGN,0,0,False,
1786814994.303853,engram-node03,4161,5B4941EB91F599893D6A2DEFA722174CEADDEBD628D23E19EDF54F17C3CAE3EB,False,SOVEREIGN,0,0,False,
1786814994.308249,engram-node04,4161,5B4941EB91F599893D6A2DEFA722174CEADDEBD628D23E19EDF54F17C3CAE3EB,False,SOVEREIGN,0,0,False,
1786814996.410293,engram-node01,4162,7D9AE3E1A7BF0D4FC6C78A98C05773EACF9915445C456E710602A9A48E4617F6,False,SOVEREIGN,0,0,False,
1786814996.459062,engram-node02,4163,A38B71AFFCA8393C0CEE50ACC5A40742FEE8CE68095B7DDCA4258509A9169207,False,SOVEREIGN,0,0,False,
1786814996.462322,engram-node03,4163,A38B71AFFCA8393C0CEE50ACC5A40742FEE8CE68095B7DDCA4258509A9169207,False,SOVEREIGN,0,0,False,
1786814996.465039,engram-node04,4163,A38B71AFFCA8393C0CEE50ACC5A40742FEE8CE68095B7DDCA4258509A9169207,False,SOVEREIGN,0,0,False,
1786814998.540695,engram-node01,4164,50EE24E79099779F8F20710B1E77C40701369AAC2CEEF7277B73772B7E175B75,False,SOVEREIGN,0,0,False,
1786814998.55355,engram-node02,4164,50EE24E79099779F8F20710B1E77C40701369AAC2CEEF7277B73772B7E175B75,False,SOVEREIGN,0,0,False,
1786814998.561122,engram-node03,4164,50EE24E79099779F8F20710B1E77C40701369AAC2CEEF7277B73772B7E175B75,False,SOVEREIGN,0,0,False,
1786814998.566184,engram-node04,4164,50EE24E79099779F8F20710B1E77C40701369AAC2CEEF7277B73772B7E175B75,False,SOVEREIGN,0,0,False,
1786815000.666529,engram-node01,4166,C8BCB71BE999AEB417DDB9E0DFEF42BAE26F4C13AD21FABFAE0A1B20C60B22D1,False,SOVEREIGN,0,0,False,
1786815000.6709518,engram-node02,4166,C8BCB71BE999AEB417DDB9E0DFEF42BAE26F4C13AD21FABFAE0A1B20C60B22D1,False,SOVEREIGN,0,0,False,
1786815000.674075,engram-node03,4166,C8BCB71BE999AEB417DDB9E0DFEF42BAE26F4C13AD21FABFAE0A1B20C60B22D1,False,SOVEREIGN,0,0,False,
1786815000.6769931,engram-node04,4166,C8BCB71BE999AEB417DDB9E0DFEF42BAE26F4C13AD21FABFAE0A1B20C60B22D1,False,SOVEREIGN,0,0,False,
1786815002.767359,engram-node01,4168,D8CF076DE94253156A76E6B88CFF03854193D13E28677140F35858BC878D02A0,False,SOVEREIGN,0,0,False,
1786815002.772962,engram-node02,4168,D8CF076DE94253156A76E6B88CFF03854193D13E28677140F35858BC878D02A0,False,SOVEREIGN,0,0,False,
1786815002.777268,engram-node03,4168,D8CF076DE94253156A76E6B88CFF03854193D13E28677140F35858BC878D02A0,False,SOVEREIGN,0,0,False,
1786815002.781596,engram-node04,4168,D8CF076DE94253156A76E6B88CFF03854193D13E28677140F35858BC878D02A0,False,SOVEREIGN,0,0,False,
1786815004.881233,engram-node01,4169,59B562C4F991A213F219B54C640DD65EE9400A552AE8AA81BD8EEBD5CCDEBB9E,False,SOVEREIGN,0,0,False,
1786815004.8898618,engram-node02,4169,59B562C4F991A213F219B54C640DD65EE9400A552AE8AA81BD8EEBD5CCDEBB9E,False,SOVEREIGN,0,0,False,
1786815004.8949,engram-node03,4170,EBAE0CDDCA5EA37DB5BE1DF21702BD434C4F45A1AE0006563889E726E6750508,False,SOVEREIGN,0,0,False,
1786815004.901036,engram-node04,4170,EBAE0CDDCA5EA37DB5BE1DF21702BD434C4F45A1AE0006563889E726E6750508,False,SOVEREIGN,0,0,False,
1786815007.015525,engram-node01,4171,9B4E055ED28B9F1804441A9CF89A03BC10C75EB71D4B93B02E0AEA5B7C2B1145,False,SOVEREIGN,0,0,False,
1786815007.025284,engram-node02,4171,9B4E055ED28B9F1804441A9CF89A03BC10C75EB71D4B93B02E0AEA5B7C2B1145,False,SOVEREIGN,0,0,False,
1786815007.031884,engram-node03,4171,9B4E055ED28B9F1804441A9CF89A03BC10C75EB71D4B93B02E0AEA5B7C2B1145,False,SOVEREIGN,0,0,False,
1786815007.038422,engram-node04,4171,9B4E055ED28B9F1804441A9CF89A03BC10C75EB71D4B93B02E0AEA5B7C2B1145,False,SOVEREIGN,0,0,False,
1786815009.1510599,engram-node01,4173,A3D011B28268FF889E3ABF4E5F5A86723913EF5C1FC0C67DD227279E9B8018D3,False,SOVEREIGN,0,0,False,
1786815009.1697989,engram-node02,4173,A3D011B28268FF889E3ABF4E5F5A86723913EF5C1FC0C67DD227279E9B8018D3,False,SOVEREIGN,0,0,False,
1786815009.1758022,engram-node03,4173,A3D011B28268FF889E3ABF4E5F5A86723913EF5C1FC0C67DD227279E9B8018D3,False,SOVEREIGN,0,0,False,
1786815009.198724,engram-node04,4173,A3D011B28268FF889E3ABF4E5F5A86723913EF5C1FC0C67DD227279E9B8018D3,False,SOVEREIGN,0,0,False,
1786815011.329258,engram-node01,4175,6113ABF8AF18502C2DA056CD0F726E479D252402FC1519EA6EE5EA5D2D97888A,False,SOVEREIGN,0,0,False,
1786815011.342035,engram-node02,4175,6113ABF8AF18502C2DA056CD0F726E479D252402FC1519EA6EE5EA5D2D97888A,False,SOVEREIGN,0,0,False,
1786815011.350065,engram-node03,4175,6113ABF8AF18502C2DA056CD0F726E479D252402FC1519EA6EE5EA5D2D97888A,False,SOVEREIGN,0,0,False,
1786815011.355479,engram-node04,4175,6113ABF8AF18502C2DA056CD0F726E479D252402FC1519EA6EE5EA5D2D97888A,False,SOVEREIGN,0,0,False,
1786815013.498295,engram-node01,4177,264BE8C3A338DE0965AC2D76E87A4707371342FDEB9C1731DF1F1DF6703FD0B8,False,SOVEREIGN,0,0,False,
1786815013.503805,engram-node02,4177,264BE8C3A338DE0965AC2D76E87A4707371342FDEB9C1731DF1F1DF6703FD0B8,False,SOVEREIGN,0,0,False,
1786815013.50846,engram-node03,4177,264BE8C3A338DE0965AC2D76E87A4707371342FDEB9C1731DF1F1DF6703FD0B8,False,SOVEREIGN,0,0,False,
1786815013.513134,engram-node04,4177,264BE8C3A338DE0965AC2D76E87A4707371342FDEB9C1731DF1F1DF6703FD0B8,False,SOVEREIGN,0,0,False,
1786815015.6072,engram-node01,4179,B869149C68CA71E37B8E93E2E5CD37F44C65E5AE19C478632C43C559D74383C4,False,SOVEREIGN,0,0,False,
1786815015.612019,engram-node02,4179,B869149C68CA71E37B8E93E2E5CD37F44C65E5AE19C478632C43C559D74383C4,False,SOVEREIGN,0,0,False,
1786815015.616073,engram-node03,4179,B869149C68CA71E37B8E93E2E5CD37F44C65E5AE19C478632C43C559D74383C4,False,SOVEREIGN,0,0,False,
1786815015.619227,engram-node04,4179,B869149C68CA71E37B8E93E2E5CD37F44C65E5AE19C478632C43C559D74383C4,False,SOVEREIGN,0,0,False,
1786815017.702432,engram-node01,4180,399D0C015DB69C7D98D0545F2FB1735CD25F05C1710B84A020501F1751364BBE,False,SOVEREIGN,0,0,False,
1786815017.7159512,engram-node02,4180,399D0C015DB69C7D98D0545F2FB1735CD25F05C1710B84A020501F1751364BBE,False,SOVEREIGN,0,0,False,
1786815017.722141,engram-node03,4180,399D0C015DB69C7D98D0545F2FB1735CD25F05C1710B84A020501F1751364BBE,False,SOVEREIGN,0,0,False,
1786815017.7270558,engram-node04,4180,399D0C015DB69C7D98D0545F2FB1735CD25F05C1710B84A020501F1751364BBE,False,SOVEREIGN,0,0,False,
1786815019.835019,engram-node01,4182,09F2C69E8FB3700DF11D6A604CDA59C28FB8030ABA1FF0E828263CDE35E989D0,False,SOVEREIGN,0,0,False,
1786815019.845477,engram-node02,4182,09F2C69E8FB3700DF11D6A604CDA59C28FB8030ABA1FF0E828263CDE35E989D0,False,SOVEREIGN,0,0,False,
1786815019.850666,engram-node03,4182,09F2C69E8FB3700DF11D6A604CDA59C28FB8030ABA1FF0E828263CDE35E989D0,False,SOVEREIGN,0,0,False,
1786815019.8550909,engram-node04,4182,09F2C69E8FB3700DF11D6A604CDA59C28FB8030ABA1FF0E828263CDE35E989D0,False,SOVEREIGN,0,0,False,
1786815021.9607308,engram-node01,4184,399C3193D3FD86929063773EE7E84FFF180305B6FCA3D51236CFA461622EAE45,False,SOVEREIGN,0,0,False,
1786815021.968425,engram-node02,4184,399C3193D3FD86929063773EE7E84FFF180305B6FCA3D51236CFA461622EAE45,False,SOVEREIGN,0,0,False,
1786815021.9732218,engram-node03,4184,399C3193D3FD86929063773EE7E84FFF180305B6FCA3D51236CFA461622EAE45,False,SOVEREIGN,0,0,False,
1786815021.977651,engram-node04,4184,399C3193D3FD86929063773EE7E84FFF180305B6FCA3D51236CFA461622EAE45,False,SOVEREIGN,0,0,False,
1786815024.103282,engram-node01,4186,76BCE9A3E009A28ED758FCBEDED9D88A9C6AB08543CDC9D922153ECCA7A674EC,False,SOVEREIGN,0,0,False,
1786815024.1184828,engram-node02,4186,76BCE9A3E009A28ED758FCBEDED9D88A9C6AB08543CDC9D922153ECCA7A674EC,False,SOVEREIGN,0,0,False,
1786815024.12239,engram-node03,4186,76BCE9A3E009A28ED758FCBEDED9D88A9C6AB08543CDC9D922153ECCA7A674EC,False,SOVEREIGN,0,0,False,
1786815024.12656,engram-node04,4186,76BCE9A3E009A28ED758FCBEDED9D88A9C6AB08543CDC9D922153ECCA7A674EC,False,SOVEREIGN,0,0,False,
1786815026.21568,engram-node01,4187,71BDA34CF81A23EB79BA1641F42DBF54F29D63521F790DFFC777F5BBD76D7EFD,False,SOVEREIGN,0,0,False,
1786815026.2218518,engram-node02,4187,71BDA34CF81A23EB79BA1641F42DBF54F29D63521F790DFFC777F5BBD76D7EFD,False,SOVEREIGN,0,0,False,
1786815026.225999,engram-node03,4187,71BDA34CF81A23EB79BA1641F42DBF54F29D63521F790DFFC777F5BBD76D7EFD,False,SOVEREIGN,0,0,False,
1786815026.2293272,engram-node04,4187,71BDA34CF81A23EB79BA1641F42DBF54F29D63521F790DFFC777F5BBD76D7EFD,False,SOVEREIGN,0,0,False,
1786815028.3163111,engram-node01,4189,356853ACA4DDCDE7F47CC337705E8975B096DA83B4F948B0BD60636EBF11532C,False,SOVEREIGN,0,0,False,
1786815028.3274848,engram-node02,4189,356853ACA4DDCDE7F47CC337705E8975B096DA83B4F948B0BD60636EBF11532C,False,SOVEREIGN,0,0,False,
1786815028.3328798,engram-node03,4189,356853ACA4DDCDE7F47CC337705E8975B096DA83B4F948B0BD60636EBF11532C,False,SOVEREIGN,0,0,False,
1786815028.337625,engram-node04,4189,356853ACA4DDCDE7F47CC337705E8975B096DA83B4F948B0BD60636EBF11532C,False,SOVEREIGN,0,0,False,
1786815030.450521,engram-node01,4191,4CBF51D685E7EF8F7BA6E9021C6240E0A6FF387CEEE3B467DF7EB8215E23F4CF,False,SOVEREIGN,0,0,False,
1786815030.461525,engram-node02,4191,4CBF51D685E7EF8F7BA6E9021C6240E0A6FF387CEEE3B467DF7EB8215E23F4CF,False,SOVEREIGN,0,0,False,
1786815030.468577,engram-node03,4191,4CBF51D685E7EF8F7BA6E9021C6240E0A6FF387CEEE3B467DF7EB8215E23F4CF,False,SOVEREIGN,0,0,False,
1786815030.475592,engram-node04,4191,4CBF51D685E7EF8F7BA6E9021C6240E0A6FF387CEEE3B467DF7EB8215E23F4CF,False,SOVEREIGN,0,0,False,
1786815032.573535,engram-node01,4193,80B708B1F66F413241E903BF67D918DE6E20DA1E5B418BB374E161EA95587DC0,False,SOVEREIGN,0,0,False,
1786815032.580071,engram-node02,4193,80B708B1F66F413241E903BF67D918DE6E20DA1E5B418BB374E161EA95587DC0,False,SOVEREIGN,0,0,False,
1786815032.583939,engram-node03,4193,80B708B1F66F413241E903BF67D918DE6E20DA1E5B418BB374E161EA95587DC0,False,SOVEREIGN,0,0,False,
1786815032.5879009,engram-node04,4193,80B708B1F66F413241E903BF67D918DE6E20DA1E5B418BB374E161EA95587DC0,False,SOVEREIGN,0,0,False,
1786815034.6917272,engram-node01,4195,1E1B0345CFB7FF4B2ED532F9E4ACF5BA8988EE19E4F59DC799F631B9F2434323,False,SOVEREIGN,0,0,False,
1786815034.696513,engram-node02,4195,1E1B0345CFB7FF4B2ED532F9E4ACF5BA8988EE19E4F59DC799F631B9F2434323,False,SOVEREIGN,0,0,False,
1786815034.6997828,engram-node03,4195,1E1B0345CFB7FF4B2ED532F9E4ACF5BA8988EE19E4F59DC799F631B9F2434323,False,SOVEREIGN,0,0,False,
1786815034.702952,engram-node04,4195,1E1B0345CFB7FF4B2ED532F9E4ACF5BA8988EE19E4F59DC799F631B9F2434323,False,SOVEREIGN,0,0,False,
1786815036.798574,engram-node01,4196,2E53B1153FC6F892B23AE6A6241417ADFE39A14AC6150618F38885B895776C34,False,SOVEREIGN,0,0,False,
1786815036.8090398,engram-node02,4196,2E53B1153FC6F892B23AE6A6241417ADFE39A14AC6150618F38885B895776C34,False,SOVEREIGN,0,0,False,
1786815036.8166358,engram-node03,4196,2E53B1153FC6F892B23AE6A6241417ADFE39A14AC6150618F38885B895776C34,False,SOVEREIGN,0,0,False,
1786815036.82239,engram-node04,4196,2E53B1153FC6F892B23AE6A6241417ADFE39A14AC6150618F38885B895776C34,False,SOVEREIGN,0,0,False,
1786815038.915425,engram-node01,4198,B0D491740794CDD9BE21D2D21BCE0D7F1D17277BD71CD690B7E2A6D7F69243F4,False,SOVEREIGN,0,0,False,
1786815038.928777,engram-node02,4198,B0D491740794CDD9BE21D2D21BCE0D7F1D17277BD71CD690B7E2A6D7F69243F4,False,SOVEREIGN,0,0,False,
1786815038.9362931,engram-node03,4198,B0D491740794CDD9BE21D2D21BCE0D7F1D17277BD71CD690B7E2A6D7F69243F4,False,SOVEREIGN,0,0,False,
1786815038.94204,engram-node04,4198,B0D491740794CDD9BE21D2D21BCE0D7F1D17277BD71CD690B7E2A6D7F69243F4,False,SOVEREIGN,0,0,False,
1786815041.06439,engram-node01,4200,AB1BC99EC2065E772681725AC55D57321FEB1ACB3C104CA28FD30602C724A1FC,False,SOVEREIGN,0,0,False,
1786815041.0718179,engram-node02,4200,AB1BC99EC2065E772681725AC55D57321FEB1ACB3C104CA28FD30602C724A1FC,False,SOVEREIGN,0,0,False,
1786815041.077045,engram-node03,4200,AB1BC99EC2065E772681725AC55D57321FEB1ACB3C104CA28FD30602C724A1FC,False,SOVEREIGN,0,0,False,
1786815041.081275,engram-node04,4200,AB1BC99EC2065E772681725AC55D57321FEB1ACB3C104CA28FD30602C724A1FC,False,SOVEREIGN,0,0,False,
1786815043.183839,engram-node01,4202,8208AE4B39DA409ABC7DBC41842C904F0CE3DED2357C3829C1D5ABE33CFF78CC,False,SOVEREIGN,0,0,False,
1786815043.189739,engram-node02,4202,8208AE4B39DA409ABC7DBC41842C904F0CE3DED2357C3829C1D5ABE33CFF78CC,False,SOVEREIGN,0,0,False,
1786815043.193457,engram-node03,4202,8208AE4B39DA409ABC7DBC41842C904F0CE3DED2357C3829C1D5ABE33CFF78CC,False,SOVEREIGN,0,0,False,
1786815043.197432,engram-node04,4202,8208AE4B39DA409ABC7DBC41842C904F0CE3DED2357C3829C1D5ABE33CFF78CC,False,SOVEREIGN,0,0,False,
1786815045.30429,engram-node01,4203,44021AA054C1618A15A3162E6416ECF1FD2EEBB4DF95775AE7DF4FAD9A9456C8,False,SOVEREIGN,0,0,False,
1786815045.318313,engram-node02,4203,44021AA054C1618A15A3162E6416ECF1FD2EEBB4DF95775AE7DF4FAD9A9456C8,False,SOVEREIGN,0,0,False,
1786815045.328914,engram-node03,4203,44021AA054C1618A15A3162E6416ECF1FD2EEBB4DF95775AE7DF4FAD9A9456C8,False,SOVEREIGN,0,0,False,
1786815045.335124,engram-node04,4203,44021AA054C1618A15A3162E6416ECF1FD2EEBB4DF95775AE7DF4FAD9A9456C8,False,SOVEREIGN,0,0,False,
1786815047.5603452,engram-node01,4205,D35E604F734D12059FAF5369310BBD62EC670C57DB5E1167CF627D92EABD6D1B,False,SOVEREIGN,0,0,False,
1786815047.5723672,engram-node02,4205,D35E604F734D12059FAF5369310BBD62EC670C57DB5E1167CF627D92EABD6D1B,False,SOVEREIGN,0,0,False,
1786815047.579765,engram-node03,4205,D35E604F734D12059FAF5369310BBD62EC670C57DB5E1167CF627D92EABD6D1B,False,SOVEREIGN,0,0,False,
1786815047.585404,engram-node04,4205,D35E604F734D12059FAF5369310BBD62EC670C57DB5E1167CF627D92EABD6D1B,False,SOVEREIGN,0,0,False,
1786815049.717817,engram-node01,4207,6E60BC20224299DCD9B35B7FC01978C9CDB60169F3902D2EF5D8AADAA9903A37,False,SOVEREIGN,0,0,False,
1786815049.730751,engram-node02,4207,6E60BC20224299DCD9B35B7FC01978C9CDB60169F3902D2EF5D8AADAA9903A37,False,SOVEREIGN,0,0,False,
1786815049.73692,engram-node03,4207,6E60BC20224299DCD9B35B7FC01978C9CDB60169F3902D2EF5D8AADAA9903A37,False,SOVEREIGN,0,0,False,
1786815049.743181,engram-node04,4207,6E60BC20224299DCD9B35B7FC01978C9CDB60169F3902D2EF5D8AADAA9903A37,False,SOVEREIGN,0,0,False,
1786815051.862547,engram-node01,4209,F88B5A6733558A61C5DF5E92A3BFF8509BCF1A6D80EA7FFEED84B6C84D8B01AC,False,SOVEREIGN,0,0,False,
1786815051.8713112,engram-node02,4209,F88B5A6733558A61C5DF5E92A3BFF8509BCF1A6D80EA7FFEED84B6C84D8B01AC,False,SOVEREIGN,0,0,False,
1786815051.878304,engram-node03,4209,F88B5A6733558A61C5DF5E92A3BFF8509BCF1A6D80EA7FFEED84B6C84D8B01AC,False,SOVEREIGN,0,0,False,
1786815051.883828,engram-node04,4209,F88B5A6733558A61C5DF5E92A3BFF8509BCF1A6D80EA7FFEED84B6C84D8B01AC,False,SOVEREIGN,0,0,False,
1786815053.990361,engram-node01,4210,D62AD0996F57F0FBA4DAD950BA9608DA3BC61BE841982C54ADDE11DC3E579AA0,False,SOVEREIGN,0,0,False,
1786815053.9958851,engram-node02,4210,D62AD0996F57F0FBA4DAD950BA9608DA3BC61BE841982C54ADDE11DC3E579AA0,False,SOVEREIGN,0,0,False,
1786815053.999667,engram-node03,4210,D62AD0996F57F0FBA4DAD950BA9608DA3BC61BE841982C54ADDE11DC3E579AA0,False,SOVEREIGN,0,0,False,
1786815054.003105,engram-node04,4210,D62AD0996F57F0FBA4DAD950BA9608DA3BC61BE841982C54ADDE11DC3E579AA0,False,SOVEREIGN,0,0,False,
1786815056.127192,engram-node01,4212,5B4A2BDE466EA34809AC1FE87DA46D0FF236AA3E4D8172ECDF7834C0174A3B7B,False,SOVEREIGN,0,0,False,
1786815056.132195,engram-node02,4212,5B4A2BDE466EA34809AC1FE87DA46D0FF236AA3E4D8172ECDF7834C0174A3B7B,False,SOVEREIGN,0,0,False,
1786815056.135901,engram-node03,4212,5B4A2BDE466EA34809AC1FE87DA46D0FF236AA3E4D8172ECDF7834C0174A3B7B,False,SOVEREIGN,0,0,False,
1786815056.13919,engram-node04,4212,5B4A2BDE466EA34809AC1FE87DA46D0FF236AA3E4D8172ECDF7834C0174A3B7B,False,SOVEREIGN,0,0,False,
