timestamp,node,height,app_hash,catching_up,fsm_state,safe_blocks,suspicious_duration,reanchoring_proof_valid,error
1786156515.167744,engram-node01,-1,,False,,0,0,False,abci_query error: engramd is not ready; please wait for first block: invalid height
1786156515.1999722,engram-node02,-1,,False,,0,0,False,abci_query error: engramd is not ready; please wait for first block: invalid height
1786156515.20369,engram-node03,-1,,False,,0,0,False,abci_query error: engramd is not ready; please wait for first block: invalid height
1786156515.206371,engram-node04,-1,,False,,0,0,False,abci_query error: engramd is not ready; please wait for first block: invalid height
1786156520.214182,engram-node01,-1,,False,,0,0,False,abci_query error: engramd is not ready; please wait for first block: invalid height
1786156520.2235641,engram-node02,-1,,False,,0,0,False,abci_query error: engramd is not ready; please wait for first block: invalid height
1786156520.2286248,engram-node03,-1,,False,,0,0,False,abci_query error: engramd is not ready; please wait for first block: invalid height
1786156520.234407,engram-node04,-1,,False,,0,0,False,abci_query error: engramd is not ready; please wait for first block: invalid height
1786156525.242387,engram-node01,-1,,False,,0,0,False,abci_query error: engramd is not ready; please wait for first block: invalid height
1786156525.251793,engram-node02,-1,,False,,0,0,False,abci_query error: engramd is not ready; please wait for first block: invalid height
1786156525.2578912,engram-node03,-1,,False,,0,0,False,abci_query error: engramd is not ready; please wait for first block: invalid height
1786156525.263535,engram-node04,-1,,False,,0,0,False,abci_query error: engramd is not ready; please wait for first block: invalid height
1786156530.269845,engram-node01,-1,,False,,0,0,False,abci_query error: engramd is not ready; please wait for first block: invalid height
1786156530.276866,engram-node02,-1,,False,,0,0,False,abci_query error: engramd is not ready; please wait for first block: invalid height
1786156530.282037,engram-node03,-1,,False,,0,0,False,abci_query error: engramd is not ready; please wait for first block: invalid height
1786156530.2881868,engram-node04,-1,,False,,0,0,False,abci_query error: engramd is not ready; please wait for first block: invalid height
1786156535.293909,engram-node01,-1,,False,,0,0,False,abci_query error: engramd is not ready; please wait for first block: invalid height
1786156535.301379,engram-node02,-1,,False,,0,0,False,abci_query error: engramd is not ready; please wait for first block: invalid height
1786156535.306171,engram-node03,-1,,False,,0,0,False,abci_query error: engramd is not ready; please wait for first block: invalid height
1786156535.312172,engram-node04,-1,,False,,0,0,False,abci_query error: engramd is not ready; please wait for first block: invalid height
1786156540.317379,engram-node01,3,8681631AD9B50168A445047367A065858A973E2FC98360E468D5BE56D91C2E19,False,SOVEREIGN,0,0,False,
1786156540.323711,engram-node02,3,8681631AD9B50168A445047367A065858A973E2FC98360E468D5BE56D91C2E19,False,SOVEREIGN,0,0,False,
1786156540.327935,engram-node03,3,8681631AD9B50168A445047367A065858A973E2FC98360E468D5BE56D91C2E19,False,SOVEREIGN,0,0,False,
1786156540.331933,engram-node04,3,8681631AD9B50168A445047367A065858A973E2FC98360E468D5BE56D91C2E19,False,SOVEREIGN,0,0,False,
1786156545.3420658,engram-node01,7,D584DC4E20791422FD3C695D84E3C783CC9DC11CBFA1C05C07530A8EBEA7FB49,False,SOVEREIGN,0,0,False,
1786156545.348178,engram-node02,7,D584DC4E20791422FD3C695D84E3C783CC9DC11CBFA1C05C07530A8EBEA7FB49,False,SOVEREIGN,0,0,False,
1786156545.352104,engram-node03,7,D584DC4E20791422FD3C695D84E3C783CC9DC11CBFA1C05C07530A8EBEA7FB49,False,SOVEREIGN,0,0,False,
1786156545.3550022,engram-node04,7,D584DC4E20791422FD3C695D84E3C783CC9DC11CBFA1C05C07530A8EBEA7FB49,False,SOVEREIGN,0,0,False,
1786156550.36257,engram-node01,10,D397D3279279208C77FB0FDD74ABAA9940839B85A7C9897D1FC2B944C8AB73D3,False,SOVEREIGN,0,0,False,
1786156550.371837,engram-node02,10,D397D3279279208C77FB0FDD74ABAA9940839B85A7C9897D1FC2B944C8AB73D3,False,SOVEREIGN,0,0,False,
1786156550.3774478,engram-node03,10,D397D3279279208C77FB0FDD74ABAA9940839B85A7C9897D1FC2B944C8AB73D3,False,SOVEREIGN,0,0,False,
1786156550.3823712,engram-node04,10,D397D3279279208C77FB0FDD74ABAA9940839B85A7C9897D1FC2B944C8AB73D3,False,SOVEREIGN,0,0,False,
1786156555.3934531,engram-node01,14,BA361544E38F4830D65EFF7B6E6E0A81B2E49D3E28A71A578E0BDC28D728E923,False,SOVEREIGN,0,0,False,
1786156555.401006,engram-node02,14,BA361544E38F4830D65EFF7B6E6E0A81B2E49D3E28A71A578E0BDC28D728E923,False,SOVEREIGN,0,0,False,
1786156555.405858,engram-node03,14,BA361544E38F4830D65EFF7B6E6E0A81B2E49D3E28A71A578E0BDC28D728E923,False,SOVEREIGN,0,0,False,
1786156555.410771,engram-node04,14,BA361544E38F4830D65EFF7B6E6E0A81B2E49D3E28A71A578E0BDC28D728E923,False,SOVEREIGN,0,0,False,
1786156560.418567,engram-node01,19,233D84980CA5FC45574328DB000EAB8607EE01713E79E216C2A97D2714452CBB,False,SOVEREIGN,0,0,False,
1786156560.42297,engram-node02,19,233D84980CA5FC45574328DB000EAB8607EE01713E79E216C2A97D2714452CBB,False,SOVEREIGN,0,0,False,
1786156560.426385,engram-node03,19,233D84980CA5FC45574328DB000EAB8607EE01713E79E216C2A97D2714452CBB,False,SOVEREIGN,0,0,False,
1786156560.4299562,engram-node04,19,233D84980CA5FC45574328DB000EAB8607EE01713E79E216C2A97D2714452CBB,False,SOVEREIGN,0,0,False,
1786156565.433752,engram-node01,22,18E4116DAA4955E8CEE5BA0A1FFA7A2D7EBEDB6C9A1DE02D3DE84A5F3E5FB7F2,False,SOVEREIGN,0,0,False,
1786156565.440278,engram-node02,22,18E4116DAA4955E8CEE5BA0A1FFA7A2D7EBEDB6C9A1DE02D3DE84A5F3E5FB7F2,False,SOVEREIGN,0,0,False,
1786156565.444824,engram-node03,22,18E4116DAA4955E8CEE5BA0A1FFA7A2D7EBEDB6C9A1DE02D3DE84A5F3E5FB7F2,False,SOVEREIGN,0,0,False,
1786156565.458047,engram-node04,23,2AA1D92B7A8FDC29767E5ABC072F08381E47D74C06A5D70B5C4941C84D75A454,False,SOVEREIGN,0,0,False,
1786156570.468748,engram-node01,27,B205CAAD9CAEC4DC6329D9DDD6C9FC818CDF911A58C82879CF4E51972836CA9B,False,SOVEREIGN,0,0,False,
1786156570.477299,engram-node02,27,B205CAAD9CAEC4DC6329D9DDD6C9FC818CDF911A58C82879CF4E51972836CA9B,False,SOVEREIGN,0,0,False,
1786156570.483278,engram-node03,27,B205CAAD9CAEC4DC6329D9DDD6C9FC818CDF911A58C82879CF4E51972836CA9B,False,SOVEREIGN,0,0,False,
1786156570.489463,engram-node04,27,B205CAAD9CAEC4DC6329D9DDD6C9FC818CDF911A58C82879CF4E51972836CA9B,False,SOVEREIGN,0,0,False,
1786156575.496413,engram-node01,31,1E946558B931AF1F1BE1F34AA6CB8305113AB419187BB4F0760C245048BC0312,False,SOVEREIGN,0,0,False,
1786156575.5012338,engram-node02,31,1E946558B931AF1F1BE1F34AA6CB8305113AB419187BB4F0760C245048BC0312,False,SOVEREIGN,0,0,False,
1786156575.5047,engram-node03,31,1E946558B931AF1F1BE1F34AA6CB8305113AB419187BB4F0760C245048BC0312,False,SOVEREIGN,0,0,False,
1786156575.508053,engram-node04,31,1E946558B931AF1F1BE1F34AA6CB8305113AB419187BB4F0760C245048BC0312,False,SOVEREIGN,0,0,False,
1786156580.5154428,engram-node01,35,F8E32635B0D654B8637C4219CC7218317EAC63648AFB07FF03F53BDC8A6C6E13,False,SOVEREIGN,0,0,False,
1786156580.521618,engram-node02,35,F8E32635B0D654B8637C4219CC7218317EAC63648AFB07FF03F53BDC8A6C6E13,False,SOVEREIGN,0,0,False,
1786156580.526741,engram-node03,35,F8E32635B0D654B8637C4219CC7218317EAC63648AFB07FF03F53BDC8A6C6E13,False,SOVEREIGN,0,0,False,
1786156580.5313191,engram-node04,35,F8E32635B0D654B8637C4219CC7218317EAC63648AFB07FF03F53BDC8A6C6E13,False,SOVEREIGN,0,0,False,
1786156585.53708,engram-node01,39,BC711D328B5E995BDFF1567FC30EC259DF22523EFD16D14DDB0EE862932484BE,False,SOVEREIGN,0,0,False,
1786156585.542393,engram-node02,39,BC711D328B5E995BDFF1567FC30EC259DF22523EFD16D14DDB0EE862932484BE,False,SOVEREIGN,0,0,False,
1786156585.546226,engram-node03,39,BC711D328B5E995BDFF1567FC30EC259DF22523EFD16D14DDB0EE862932484BE,False,SOVEREIGN,0,0,False,
1786156585.550262,engram-node04,39,BC711D328B5E995BDFF1567FC30EC259DF22523EFD16D14DDB0EE862932484BE,False,SOVEREIGN,0,0,False,
1786156590.559252,engram-node01,43,A466C05C333B0690FE4D7E0A987E1A1C67A82FC3E96D014281DB9B627F52A160,False,SOVEREIGN,0,0,False,
1786156590.564805,engram-node02,43,A466C05C333B0690FE4D7E0A987E1A1C67A82FC3E96D014281DB9B627F52A160,False,SOVEREIGN,0,0,False,
1786156590.569688,engram-node03,43,A466C05C333B0690FE4D7E0A987E1A1C67A82FC3E96D014281DB9B627F52A160,False,SOVEREIGN,0,0,False,
1786156590.575809,engram-node04,43,A466C05C333B0690FE4D7E0A987E1A1C67A82FC3E96D014281DB9B627F52A160,False,SOVEREIGN,0,0,False,
1786156595.584445,engram-node01,47,EF1966F3417ED419FD8DEC2F579EE6B8A070F71131C55E7A3FE849413E53EC95,False,SOVEREIGN,0,0,False,
1786156595.589461,engram-node02,47,EF1966F3417ED419FD8DEC2F579EE6B8A070F71131C55E7A3FE849413E53EC95,False,SOVEREIGN,0,0,False,
1786156595.592923,engram-node03,47,EF1966F3417ED419FD8DEC2F579EE6B8A070F71131C55E7A3FE849413E53EC95,False,SOVEREIGN,0,0,False,
1786156595.596072,engram-node04,47,EF1966F3417ED419FD8DEC2F579EE6B8A070F71131C55E7A3FE849413E53EC95,False,SOVEREIGN,0,0,False,
1786156600.599823,engram-node01,51,5DE66399057DA28C2222B97C4508B0C2D34B1A6561412735FA9CDECB48E3B2DD,False,SOVEREIGN,0,0,False,
1786156600.605021,engram-node02,51,5DE66399057DA28C2222B97C4508B0C2D34B1A6561412735FA9CDECB48E3B2DD,False,SOVEREIGN,0,0,False,
1786156600.608916,engram-node03,51,5DE66399057DA28C2222B97C4508B0C2D34B1A6561412735FA9CDECB48E3B2DD,False,SOVEREIGN,0,0,False,
1786156600.612521,engram-node04,51,5DE66399057DA28C2222B97C4508B0C2D34B1A6561412735FA9CDECB48E3B2DD,False,SOVEREIGN,0,0,False,
1786156605.621187,engram-node01,56,49A174456E05FAF82C42AAAE0C3C68F81562BB91BC749FEA1D65EF5F9272D28E,False,SOVEREIGN,0,0,False,
1786156605.625181,engram-node02,56,49A174456E05FAF82C42AAAE0C3C68F81562BB91BC749FEA1D65EF5F9272D28E,False,SOVEREIGN,0,0,False,
1786156605.6283,engram-node03,56,49A174456E05FAF82C42AAAE0C3C68F81562BB91BC749FEA1D65EF5F9272D28E,False,SOVEREIGN,0,0,False,
1786156605.631028,engram-node04,56,49A174456E05FAF82C42AAAE0C3C68F81562BB91BC749FEA1D65EF5F9272D28E,False,SOVEREIGN,0,0,False,
1786156610.64516,engram-node01,60,4A76876A8D8FD7D183F86DA7BC653F7954E34F808ACC751D2BDC3903E67067C0,False,SOVEREIGN,0,0,False,
1786156610.651857,engram-node02,60,4A76876A8D8FD7D183F86DA7BC653F7954E34F808ACC751D2BDC3903E67067C0,False,SOVEREIGN,0,0,False,
1786156610.666826,engram-node03,60,4A76876A8D8FD7D183F86DA7BC653F7954E34F808ACC751D2BDC3903E67067C0,False,SOVEREIGN,0,0,False,
1786156610.671338,engram-node04,60,4A76876A8D8FD7D183F86DA7BC653F7954E34F808ACC751D2BDC3903E67067C0,False,SOVEREIGN,0,0,False,
1786156615.678496,engram-node01,64,65587A0C033B6CD8692B3FCAA625D5FCFE7FE7E1DF0504F32D0998A13299D3E5,False,SOVEREIGN,0,0,False,
1786156615.682419,engram-node02,64,65587A0C033B6CD8692B3FCAA625D5FCFE7FE7E1DF0504F32D0998A13299D3E5,False,SOVEREIGN,0,0,False,
1786156615.686066,engram-node03,64,65587A0C033B6CD8692B3FCAA625D5FCFE7FE7E1DF0504F32D0998A13299D3E5,False,SOVEREIGN,0,0,False,
1786156615.688861,engram-node04,64,65587A0C033B6CD8692B3FCAA625D5FCFE7FE7E1DF0504F32D0998A13299D3E5,False,SOVEREIGN,0,0,False,
1786156620.695803,engram-node01,68,C2F9EECB2C1393B61FF9B5318D059CD52040DEE3710FFBE6EF4BB39FC7C0F713,False,SOVEREIGN,0,0,False,
1786156620.701953,engram-node02,68,C2F9EECB2C1393B61FF9B5318D059CD52040DEE3710FFBE6EF4BB39FC7C0F713,False,SOVEREIGN,0,0,False,
1786156620.706727,engram-node03,68,C2F9EECB2C1393B61FF9B5318D059CD52040DEE3710FFBE6EF4BB39FC7C0F713,False,SOVEREIGN,0,0,False,
1786156620.711073,engram-node04,68,C2F9EECB2C1393B61FF9B5318D059CD52040DEE3710FFBE6EF4BB39FC7C0F713,False,SOVEREIGN,0,0,False,
1786156625.716713,engram-node01,73,8FA20F24D9C1E1247E9A160876FBBDDD0F3E0B4F10962A9D65A876005FEEC48C,False,SOVEREIGN,0,0,False,
1786156625.720157,engram-node02,73,8FA20F24D9C1E1247E9A160876FBBDDD0F3E0B4F10962A9D65A876005FEEC48C,False,SOVEREIGN,0,0,False,
1786156625.723001,engram-node03,73,8FA20F24D9C1E1247E9A160876FBBDDD0F3E0B4F10962A9D65A876005FEEC48C,False,SOVEREIGN,0,0,False,
1786156625.726708,engram-node04,73,8FA20F24D9C1E1247E9A160876FBBDDD0F3E0B4F10962A9D65A876005FEEC48C,False,SOVEREIGN,0,0,False,
1786156630.730866,engram-node01,77,C1FB965C4DBCE097CA89993158CCD9C32B77E076837F78444E79C73EA6477C4E,False,SOVEREIGN,0,0,False,
1786156630.735033,engram-node02,77,C1FB965C4DBCE097CA89993158CCD9C32B77E076837F78444E79C73EA6477C4E,False,SOVEREIGN,0,0,False,
1786156630.737977,engram-node03,77,C1FB965C4DBCE097CA89993158CCD9C32B77E076837F78444E79C73EA6477C4E,False,SOVEREIGN,0,0,False,
1786156630.741003,engram-node04,77,C1FB965C4DBCE097CA89993158CCD9C32B77E076837F78444E79C73EA6477C4E,False,SOVEREIGN,0,0,False,
1786156635.7446458,engram-node01,81,A7DE243D9BEE8E62EE64BD8F66BC58A20D6EA8867C439CE4B30BDA8ECBC4DE08,False,SOVEREIGN,0,0,False,
1786156635.7532501,engram-node02,81,A7DE243D9BEE8E62EE64BD8F66BC58A20D6EA8867C439CE4B30BDA8ECBC4DE08,False,SOVEREIGN,0,0,False,
1786156635.758063,engram-node03,81,A7DE243D9BEE8E62EE64BD8F66BC58A20D6EA8867C439CE4B30BDA8ECBC4DE08,False,SOVEREIGN,0,0,False,
1786156635.7622771,engram-node04,81,A7DE243D9BEE8E62EE64BD8F66BC58A20D6EA8867C439CE4B30BDA8ECBC4DE08,False,SOVEREIGN,0,0,False,
1786156640.766352,engram-node01,85,6522D505C17C7F5DB997572B8D615D4F0F3EE749D99CFD5F24FAD28C699C38D5,False,SOVEREIGN,0,0,False,
1786156640.772753,engram-node02,85,6522D505C17C7F5DB997572B8D615D4F0F3EE749D99CFD5F24FAD28C699C38D5,False,SOVEREIGN,0,0,False,
1786156640.7770538,engram-node03,85,6522D505C17C7F5DB997572B8D615D4F0F3EE749D99CFD5F24FAD28C699C38D5,False,SOVEREIGN,0,0,False,
1786156640.781035,engram-node04,85,6522D505C17C7F5DB997572B8D615D4F0F3EE749D99CFD5F24FAD28C699C38D5,False,SOVEREIGN,0,0,False,
1786156645.789452,engram-node01,89,DA0879B07BDB26CA0D7C3EEFF783A1DF078246843597F01E66E2085377948B35,False,SOVEREIGN,0,0,False,
1786156645.796418,engram-node02,89,DA0879B07BDB26CA0D7C3EEFF783A1DF078246843597F01E66E2085377948B35,False,SOVEREIGN,0,0,False,
1786156645.801873,engram-node03,89,DA0879B07BDB26CA0D7C3EEFF783A1DF078246843597F01E66E2085377948B35,False,SOVEREIGN,0,0,False,
1786156645.8062348,engram-node04,89,DA0879B07BDB26CA0D7C3EEFF783A1DF078246843597F01E66E2085377948B35,False,SOVEREIGN,0,0,False,
1786156650.815088,engram-node01,93,796CF0A9BB127DB4ED66A9E5AAAF81A76D28CA908CD9DF2B5415931EB8EF08C4,False,SOVEREIGN,0,0,False,
1786156650.822359,engram-node02,93,796CF0A9BB127DB4ED66A9E5AAAF81A76D28CA908CD9DF2B5415931EB8EF08C4,False,SOVEREIGN,0,0,False,
1786156650.8275409,engram-node03,93,796CF0A9BB127DB4ED66A9E5AAAF81A76D28CA908CD9DF2B5415931EB8EF08C4,False,SOVEREIGN,0,0,False,
1786156650.832145,engram-node04,93,796CF0A9BB127DB4ED66A9E5AAAF81A76D28CA908CD9DF2B5415931EB8EF08C4,False,SOVEREIGN,0,0,False,
1786156655.840275,engram-node01,96,5229177D5F5CE488ADBADD5FE4346652D5CD50AFB1FBD4D143A9F9E340EE2F0A,False,SOVEREIGN,0,0,False,
1786156655.846741,engram-node02,96,5229177D5F5CE488ADBADD5FE4346652D5CD50AFB1FBD4D143A9F9E340EE2F0A,False,SOVEREIGN,0,0,False,
1786156655.8512561,engram-node03,96,5229177D5F5CE488ADBADD5FE4346652D5CD50AFB1FBD4D143A9F9E340EE2F0A,False,SOVEREIGN,0,0,False,
1786156655.855464,engram-node04,96,5229177D5F5CE488ADBADD5FE4346652D5CD50AFB1FBD4D143A9F9E340EE2F0A,False,SOVEREIGN,0,0,False,
1786156660.8641,engram-node01,100,F4AA84C30835E7CA05456DC530CD45CBB79B60D529684188A16B93564E1310FE,False,SOVEREIGN,0,0,False,
1786156660.870333,engram-node02,100,F4AA84C30835E7CA05456DC530CD45CBB79B60D529684188A16B93564E1310FE,False,SOVEREIGN,0,0,False,
1786156660.874609,engram-node03,100,F4AA84C30835E7CA05456DC530CD45CBB79B60D529684188A16B93564E1310FE,False,SOVEREIGN,0,0,False,
1786156660.8788412,engram-node04,100,F4AA84C30835E7CA05456DC530CD45CBB79B60D529684188A16B93564E1310FE,False,SOVEREIGN,0,0,False,
1786156665.883544,engram-node01,104,6738E8DF520835896EA4B04ABF13F3F89EAC61BD1FF1037D5566C8F0936C89F7,False,SOVEREIGN,0,0,False,
1786156665.889477,engram-node02,104,6738E8DF520835896EA4B04ABF13F3F89EAC61BD1FF1037D5566C8F0936C89F7,False,SOVEREIGN,0,0,False,
1786156665.8942301,engram-node03,104,6738E8DF520835896EA4B04ABF13F3F89EAC61BD1FF1037D5566C8F0936C89F7,False,SOVEREIGN,0,0,False,
1786156665.898512,engram-node04,104,6738E8DF520835896EA4B04ABF13F3F89EAC61BD1FF1037D5566C8F0936C89F7,False,SOVEREIGN,0,0,False,
1786156670.9070349,engram-node01,108,5EB68EBC922E96FB9AC6E07A70605A54F9E1134AD107D42125A66B5CC12D98C6,False,SOVEREIGN,0,0,False,
1786156670.9136078,engram-node02,108,5EB68EBC922E96FB9AC6E07A70605A54F9E1134AD107D42125A66B5CC12D98C6,False,SOVEREIGN,0,0,False,
1786156670.917632,engram-node03,108,5EB68EBC922E96FB9AC6E07A70605A54F9E1134AD107D42125A66B5CC12D98C6,False,SOVEREIGN,0,0,False,
1786156670.9212642,engram-node04,108,5EB68EBC922E96FB9AC6E07A70605A54F9E1134AD107D42125A66B5CC12D98C6,False,SOVEREIGN,0,0,False,
1786156675.929497,engram-node01,113,DA06597B988562B4DB60FA814DCECBBB8710F1E707320006A7280BF767247AA8,False,SOVEREIGN,0,0,False,
1786156675.937739,engram-node02,113,DA06597B988562B4DB60FA814DCECBBB8710F1E707320006A7280BF767247AA8,False,SOVEREIGN,0,0,False,
1786156675.942091,engram-node03,113,DA06597B988562B4DB60FA814DCECBBB8710F1E707320006A7280BF767247AA8,False,SOVEREIGN,0,0,False,
1786156675.946285,engram-node04,113,DA06597B988562B4DB60FA814DCECBBB8710F1E707320006A7280BF767247AA8,False,SOVEREIGN,0,0,False,
1786156680.951177,engram-node01,117,52544BFB72781062EF7F2D363365EE4BDAF4DC90C2FF6234CB7F8BA239A72854,False,SOVEREIGN,0,0,False,
1786156680.961317,engram-node02,117,52544BFB72781062EF7F2D363365EE4BDAF4DC90C2FF6234CB7F8BA239A72854,False,SOVEREIGN,0,0,False,
1786156680.9684532,engram-node03,117,52544BFB72781062EF7F2D363365EE4BDAF4DC90C2FF6234CB7F8BA239A72854,False,SOVEREIGN,0,0,False,
1786156680.974012,engram-node04,117,52544BFB72781062EF7F2D363365EE4BDAF4DC90C2FF6234CB7F8BA239A72854,False,SOVEREIGN,0,0,False,
1786156685.9791229,engram-node01,121,0DFA162AEC99ED0D970B517D7F29B30E24231E8A1A3342BCAA41E2F3020EF4B9,False,SOVEREIGN,0,0,False,
1786156685.984923,engram-node02,121,0DFA162AEC99ED0D970B517D7F29B30E24231E8A1A3342BCAA41E2F3020EF4B9,False,SOVEREIGN,0,0,False,
1786156685.989364,engram-node03,121,0DFA162AEC99ED0D970B517D7F29B30E24231E8A1A3342BCAA41E2F3020EF4B9,False,SOVEREIGN,0,0,False,
1786156685.993338,engram-node04,121,0DFA162AEC99ED0D970B517D7F29B30E24231E8A1A3342BCAA41E2F3020EF4B9,False,SOVEREIGN,0,0,False,
1786156691.00142,engram-node01,125,2C365D4A523F91E34F0B6EEFAF6AEDE518F9C83DA4EBD81254C0395EC703837E,False,SOVEREIGN,0,0,False,
1786156691.008544,engram-node02,125,2C365D4A523F91E34F0B6EEFAF6AEDE518F9C83DA4EBD81254C0395EC703837E,False,SOVEREIGN,0,0,False,
1786156691.015063,engram-node03,125,2C365D4A523F91E34F0B6EEFAF6AEDE518F9C83DA4EBD81254C0395EC703837E,False,SOVEREIGN,0,0,False,
1786156691.020312,engram-node04,125,2C365D4A523F91E34F0B6EEFAF6AEDE518F9C83DA4EBD81254C0395EC703837E,False,SOVEREIGN,0,0,False,
1786156696.031504,engram-node01,129,6A485F4665BC710305D4DE10A3E32802E91CA565FD0B2749C0BF2FAF7FC4AA4A,False,SOVEREIGN,0,0,False,
1786156696.040492,engram-node02,129,6A485F4665BC710305D4DE10A3E32802E91CA565FD0B2749C0BF2FAF7FC4AA4A,False,SOVEREIGN,0,0,False,
1786156696.0463638,engram-node03,129,6A485F4665BC710305D4DE10A3E32802E91CA565FD0B2749C0BF2FAF7FC4AA4A,False,SOVEREIGN,0,0,False,
1786156696.0521688,engram-node04,129,6A485F4665BC710305D4DE10A3E32802E91CA565FD0B2749C0BF2FAF7FC4AA4A,False,SOVEREIGN,0,0,False,
1786156701.0594501,engram-node01,134,5179B4AE02ACB0D61165BD1DAE65C9D7DF04C80C48064A478AE3D97F12A9707D,False,SOVEREIGN,0,0,False,
1786156701.06415,engram-node02,134,5179B4AE02ACB0D61165BD1DAE65C9D7DF04C80C48064A478AE3D97F12A9707D,False,SOVEREIGN,0,0,False,
1786156701.0679302,engram-node03,134,5179B4AE02ACB0D61165BD1DAE65C9D7DF04C80C48064A478AE3D97F12A9707D,False,SOVEREIGN,0,0,False,
1786156701.070956,engram-node04,134,5179B4AE02ACB0D61165BD1DAE65C9D7DF04C80C48064A478AE3D97F12A9707D,False,SOVEREIGN,0,0,False,
1786156706.074311,engram-node01,138,49032BE2ECBF881B97D04B436322B3564DEB1383D9F7FDE562A935DDE4AAA4E5,False,SOVEREIGN,0,0,False,
1786156706.083307,engram-node02,138,49032BE2ECBF881B97D04B436322B3564DEB1383D9F7FDE562A935DDE4AAA4E5,False,SOVEREIGN,0,0,False,
1786156706.089025,engram-node03,138,49032BE2ECBF881B97D04B436322B3564DEB1383D9F7FDE562A935DDE4AAA4E5,False,SOVEREIGN,0,0,False,
1786156706.094919,engram-node04,138,49032BE2ECBF881B97D04B436322B3564DEB1383D9F7FDE562A935DDE4AAA4E5,False,SOVEREIGN,0,0,False,
1786156711.101249,engram-node01,142,B7E49763196D645A3B990AE984538961F9DA339D4FEC49121AA7A5FDE4393D0C,False,SOVEREIGN,0,0,False,
1786156711.106576,engram-node02,142,B7E49763196D645A3B990AE984538961F9DA339D4FEC49121AA7A5FDE4393D0C,False,SOVEREIGN,0,0,False,
1786156711.1101692,engram-node03,142,B7E49763196D645A3B990AE984538961F9DA339D4FEC49121AA7A5FDE4393D0C,False,SOVEREIGN,0,0,False,
1786156711.113183,engram-node04,142,B7E49763196D645A3B990AE984538961F9DA339D4FEC49121AA7A5FDE4393D0C,False,SOVEREIGN,0,0,False,
1786156716.121532,engram-node01,146,2C2CAF607BB52E4ADBB0413EE42DBDB7A46C81842C4A1BA6D64B3B1B3A2CADC4,False,SOVEREIGN,0,0,False,
1786156716.130785,engram-node02,146,2C2CAF607BB52E4ADBB0413EE42DBDB7A46C81842C4A1BA6D64B3B1B3A2CADC4,False,SOVEREIGN,0,0,False,
1786156716.137563,engram-node03,146,2C2CAF607BB52E4ADBB0413EE42DBDB7A46C81842C4A1BA6D64B3B1B3A2CADC4,False,SOVEREIGN,0,0,False,
1786156716.1422029,engram-node04,146,2C2CAF607BB52E4ADBB0413EE42DBDB7A46C81842C4A1BA6D64B3B1B3A2CADC4,False,SOVEREIGN,0,0,False,
1786156721.1487029,engram-node01,150,0C2AE7FAD31A7F542D70809BFD61BC1906E723363F7B342D29474C2300F4943A,False,SOVEREIGN,0,0,False,
1786156721.154712,engram-node02,150,0C2AE7FAD31A7F542D70809BFD61BC1906E723363F7B342D29474C2300F4943A,False,SOVEREIGN,0,0,False,
1786156721.159317,engram-node03,150,0C2AE7FAD31A7F542D70809BFD61BC1906E723363F7B342D29474C2300F4943A,False,SOVEREIGN,0,0,False,
1786156721.162305,engram-node04,150,0C2AE7FAD31A7F542D70809BFD61BC1906E723363F7B342D29474C2300F4943A,False,SOVEREIGN,0,0,False,
1786156726.1660979,engram-node01,155,A4264C6B8FA5A26632902F2C44A963A4F412E68D69D8C36284125D290D71629E,False,SOVEREIGN,0,0,False,
1786156726.174597,engram-node02,155,A4264C6B8FA5A26632902F2C44A963A4F412E68D69D8C36284125D290D71629E,False,SOVEREIGN,0,0,False,
1786156726.181692,engram-node03,155,A4264C6B8FA5A26632902F2C44A963A4F412E68D69D8C36284125D290D71629E,False,SOVEREIGN,0,0,False,
1786156726.186576,engram-node04,155,A4264C6B8FA5A26632902F2C44A963A4F412E68D69D8C36284125D290D71629E,False,SOVEREIGN,0,0,False,
1786156731.197641,engram-node01,159,B55282ED17164CDBC65B912B7B6AEF9EE684DCEFBF52B1C6BF0EECB8C5885A00,False,SOVEREIGN,0,0,False,
1786156731.2043571,engram-node02,159,B55282ED17164CDBC65B912B7B6AEF9EE684DCEFBF52B1C6BF0EECB8C5885A00,False,SOVEREIGN,0,0,False,
1786156731.209653,engram-node03,159,B55282ED17164CDBC65B912B7B6AEF9EE684DCEFBF52B1C6BF0EECB8C5885A00,False,SOVEREIGN,0,0,False,
1786156731.215041,engram-node04,159,B55282ED17164CDBC65B912B7B6AEF9EE684DCEFBF52B1C6BF0EECB8C5885A00,False,SOVEREIGN,0,0,False,
1786156736.22506,engram-node01,163,AB10BA755BFF100BF58A85018609D197D1437088260A20B1CD703642D8AE6D40,False,SOVEREIGN,0,0,False,
1786156736.2348402,engram-node02,163,AB10BA755BFF100BF58A85018609D197D1437088260A20B1CD703642D8AE6D40,False,SOVEREIGN,0,0,False,
1786156736.240789,engram-node03,163,AB10BA755BFF100BF58A85018609D197D1437088260A20B1CD703642D8AE6D40,False,SOVEREIGN,0,0,False,
1786156736.246016,engram-node04,163,AB10BA755BFF100BF58A85018609D197D1437088260A20B1CD703642D8AE6D40,False,SOVEREIGN,0,0,False,
1786156741.254081,engram-node01,167,21618EB8BD39968CD55C62DC6C6A0F38306CA8BED411942F2B82E4EB5DCA486C,False,SOVEREIGN,0,0,False,
1786156741.262672,engram-node02,167,21618EB8BD39968CD55C62DC6C6A0F38306CA8BED411942F2B82E4EB5DCA486C,False,SOVEREIGN,0,0,False,
1786156741.267194,engram-node03,167,21618EB8BD39968CD55C62DC6C6A0F38306CA8BED411942F2B82E4EB5DCA486C,False,SOVEREIGN,0,0,False,
1786156741.271978,engram-node04,167,21618EB8BD39968CD55C62DC6C6A0F38306CA8BED411942F2B82E4EB5DCA486C,False,SOVEREIGN,0,0,False,
1786156746.278603,engram-node01,172,7B55A81ED7888DC2A14A467128BBF0380A696B9C331F7F69F67E67A30724E112,False,SOVEREIGN,0,0,False,
1786156746.2856178,engram-node02,172,7B55A81ED7888DC2A14A467128BBF0380A696B9C331F7F69F67E67A30724E112,False,SOVEREIGN,0,0,False,
1786156746.2923121,engram-node03,172,7B55A81ED7888DC2A14A467128BBF0380A696B9C331F7F69F67E67A30724E112,False,SOVEREIGN,0,0,False,
1786156746.296504,engram-node04,172,7B55A81ED7888DC2A14A467128BBF0380A696B9C331F7F69F67E67A30724E112,False,SOVEREIGN,0,0,False,
1786156751.303117,engram-node01,176,056B461800D248E9E2A7A99A94E83F2B4B97F66F0737583F7BE59801DA68F380,False,SOVEREIGN,0,0,False,
1786156751.318663,engram-node02,176,056B461800D248E9E2A7A99A94E83F2B4B97F66F0737583F7BE59801DA68F380,False,SOVEREIGN,0,0,False,
1786156751.330213,engram-node03,176,056B461800D248E9E2A7A99A94E83F2B4B97F66F0737583F7BE59801DA68F380,False,SOVEREIGN,0,0,False,
1786156751.340619,engram-node04,176,056B461800D248E9E2A7A99A94E83F2B4B97F66F0737583F7BE59801DA68F380,False,SOVEREIGN,0,0,False,
1786156756.356216,engram-node01,180,DE28743AD12457D219FAC434E463123FB960AA2A974309F2467A91DD8EB1738F,False,SOVEREIGN,0,0,False,
1786156756.3623538,engram-node02,180,DE28743AD12457D219FAC434E463123FB960AA2A974309F2467A91DD8EB1738F,False,SOVEREIGN,0,0,False,
1786156756.366156,engram-node03,180,DE28743AD12457D219FAC434E463123FB960AA2A974309F2467A91DD8EB1738F,False,SOVEREIGN,0,0,False,
1786156756.3689039,engram-node04,180,DE28743AD12457D219FAC434E463123FB960AA2A974309F2467A91DD8EB1738F,False,SOVEREIGN,0,0,False,
1786156761.3767622,engram-node01,184,26484DF4B1B24060D67D980A493C4969950CD86B807B6FB1B7A3AC56EB44B9A6,False,SOVEREIGN,0,0,False,
1786156761.389877,engram-node02,184,26484DF4B1B24060D67D980A493C4969950CD86B807B6FB1B7A3AC56EB44B9A6,False,SOVEREIGN,0,0,False,
1786156761.415555,engram-node03,184,26484DF4B1B24060D67D980A493C4969950CD86B807B6FB1B7A3AC56EB44B9A6,False,SOVEREIGN,0,0,False,
1786156761.423975,engram-node04,184,26484DF4B1B24060D67D980A493C4969950CD86B807B6FB1B7A3AC56EB44B9A6,False,SOVEREIGN,0,0,False,
1786156766.434154,engram-node01,189,3C3A1C56AA98AC1E6572447B080D30E63EF39AB89060AC5283AB2C1E2A38A613,False,SOVEREIGN,0,0,False,
1786156766.4419708,engram-node02,189,3C3A1C56AA98AC1E6572447B080D30E63EF39AB89060AC5283AB2C1E2A38A613,False,SOVEREIGN,0,0,False,
1786156766.446601,engram-node03,189,3C3A1C56AA98AC1E6572447B080D30E63EF39AB89060AC5283AB2C1E2A38A613,False,SOVEREIGN,0,0,False,
1786156766.450794,engram-node04,189,3C3A1C56AA98AC1E6572447B080D30E63EF39AB89060AC5283AB2C1E2A38A613,False,SOVEREIGN,0,0,False,
1786156771.460394,engram-node01,193,4BE8491853F0FB3B9EC6E038A79589D674E0FE706FD0C10B31B70F322347DF53,False,SOVEREIGN,0,0,False,
1786156771.466913,engram-node02,193,4BE8491853F0FB3B9EC6E038A79589D674E0FE706FD0C10B31B70F322347DF53,False,SOVEREIGN,0,0,False,
1786156771.4718552,engram-node03,193,4BE8491853F0FB3B9EC6E038A79589D674E0FE706FD0C10B31B70F322347DF53,False,SOVEREIGN,0,0,False,
1786156771.475957,engram-node04,193,4BE8491853F0FB3B9EC6E038A79589D674E0FE706FD0C10B31B70F322347DF53,False,SOVEREIGN,0,0,False,
1786156776.4813719,engram-node01,197,BDDA412FA97EA0580AAE84FDA5F5B09A98E1E54EC09EA2079D74FE302FD1E3CE,False,SOVEREIGN,0,0,False,
1786156776.488847,engram-node02,197,BDDA412FA97EA0580AAE84FDA5F5B09A98E1E54EC09EA2079D74FE302FD1E3CE,False,SOVEREIGN,0,0,False,
1786156776.495971,engram-node03,197,BDDA412FA97EA0580AAE84FDA5F5B09A98E1E54EC09EA2079D74FE302FD1E3CE,False,SOVEREIGN,0,0,False,
1786156776.501539,engram-node04,197,BDDA412FA97EA0580AAE84FDA5F5B09A98E1E54EC09EA2079D74FE302FD1E3CE,False,SOVEREIGN,0,0,False,
1786156781.508832,engram-node01,200,CAB70910340C2B8FF3768BF401979CFE42D9109619FE9400C601628F9C9870FE,False,RECOVERING,2,0,False,
1786156781.517853,engram-node02,200,CAB70910340C2B8FF3768BF401979CFE42D9109619FE9400C601628F9C9870FE,False,RECOVERING,2,0,False,
1786156781.523335,engram-node03,200,CAB70910340C2B8FF3768BF401979CFE42D9109619FE9400C601628F9C9870FE,False,RECOVERING,2,0,False,
1786156781.528329,engram-node04,200,CAB70910340C2B8FF3768BF401979CFE42D9109619FE9400C601628F9C9870FE,False,RECOVERING,2,0,False,
1786156786.5349739,engram-node01,200,CAB70910340C2B8FF3768BF401979CFE42D9109619FE9400C601628F9C9870FE,False,RECOVERING,2,0,False,
1786156786.5434382,engram-node02,200,CAB70910340C2B8FF3768BF401979CFE42D9109619FE9400C601628F9C9870FE,False,RECOVERING,2,0,False,
1786156786.547477,engram-node03,200,CAB70910340C2B8FF3768BF401979CFE42D9109619FE9400C601628F9C9870FE,False,RECOVERING,2,0,False,
1786156786.551038,engram-node04,200,CAB70910340C2B8FF3768BF401979CFE42D9109619FE9400C601628F9C9870FE,False,RECOVERING,2,0,False,
1786156791.555862,engram-node01,200,CAB70910340C2B8FF3768BF401979CFE42D9109619FE9400C601628F9C9870FE,False,RECOVERING,2,0,False,
1786156791.5632691,engram-node02,200,CAB70910340C2B8FF3768BF401979CFE42D9109619FE9400C601628F9C9870FE,False,RECOVERING,2,0,False,
1786156791.5742521,engram-node03,200,CAB70910340C2B8FF3768BF401979CFE42D9109619FE9400C601628F9C9870FE,False,RECOVERING,2,0,False,
1786156791.5814452,engram-node04,200,CAB70910340C2B8FF3768BF401979CFE42D9109619FE9400C601628F9C9870FE,False,RECOVERING,2,0,False,
1786156796.591979,engram-node01,200,CAB70910340C2B8FF3768BF401979CFE42D9109619FE9400C601628F9C9870FE,False,RECOVERING,2,0,False,
1786156796.597249,engram-node02,200,CAB70910340C2B8FF3768BF401979CFE42D9109619FE9400C601628F9C9870FE,False,RECOVERING,2,0,False,
1786156796.6013591,engram-node03,200,CAB70910340C2B8FF3768BF401979CFE42D9109619FE9400C601628F9C9870FE,False,RECOVERING,2,0,False,
1786156796.6044421,engram-node04,200,CAB70910340C2B8FF3768BF401979CFE42D9109619FE9400C601628F9C9870FE,False,RECOVERING,2,0,False,
1786156801.607337,engram-node01,200,CAB70910340C2B8FF3768BF401979CFE42D9109619FE9400C601628F9C9870FE,False,RECOVERING,2,0,False,
1786156801.613141,engram-node02,200,CAB70910340C2B8FF3768BF401979CFE42D9109619FE9400C601628F9C9870FE,False,RECOVERING,2,0,False,
1786156801.621096,engram-node03,200,CAB70910340C2B8FF3768BF401979CFE42D9109619FE9400C601628F9C9870FE,False,RECOVERING,2,0,False,
1786156801.624428,engram-node04,200,CAB70910340C2B8FF3768BF401979CFE42D9109619FE9400C601628F9C9870FE,False,RECOVERING,2,0,False,
1786156806.632203,engram-node01,200,CAB70910340C2B8FF3768BF401979CFE42D9109619FE9400C601628F9C9870FE,False,RECOVERING,2,0,False,
1786156806.641119,engram-node02,200,CAB70910340C2B8FF3768BF401979CFE42D9109619FE9400C601628F9C9870FE,False,RECOVERING,2,0,False,
1786156806.6480918,engram-node03,200,CAB70910340C2B8FF3768BF401979CFE42D9109619FE9400C601628F9C9870FE,False,RECOVERING,2,0,False,
1786156806.652992,engram-node04,200,CAB70910340C2B8FF3768BF401979CFE42D9109619FE9400C601628F9C9870FE,False,RECOVERING,2,0,False,
1786156811.662501,engram-node01,200,CAB70910340C2B8FF3768BF401979CFE42D9109619FE9400C601628F9C9870FE,False,RECOVERING,2,0,False,
1786156811.666496,engram-node02,200,CAB70910340C2B8FF3768BF401979CFE42D9109619FE9400C601628F9C9870FE,False,RECOVERING,2,0,False,
1786156811.669364,engram-node03,200,CAB70910340C2B8FF3768BF401979CFE42D9109619FE9400C601628F9C9870FE,False,RECOVERING,2,0,False,
1786156811.6719549,engram-node04,200,CAB70910340C2B8FF3768BF401979CFE42D9109619FE9400C601628F9C9870FE,False,RECOVERING,2,0,False,
1786156816.67929,engram-node01,200,CAB70910340C2B8FF3768BF401979CFE42D9109619FE9400C601628F9C9870FE,False,RECOVERING,2,0,False,
1786156816.688252,engram-node02,200,CAB70910340C2B8FF3768BF401979CFE42D9109619FE9400C601628F9C9870FE,False,RECOVERING,2,0,False,
1786156816.6936588,engram-node03,200,CAB70910340C2B8FF3768BF401979CFE42D9109619FE9400C601628F9C9870FE,False,RECOVERING,2,0,False,
1786156816.698356,engram-node04,200,CAB70910340C2B8FF3768BF401979CFE42D9109619FE9400C601628F9C9870FE,False,RECOVERING,2,0,False,
1786156821.7036989,engram-node01,200,CAB70910340C2B8FF3768BF401979CFE42D9109619FE9400C601628F9C9870FE,False,RECOVERING,2,0,False,
1786156821.708034,engram-node02,200,CAB70910340C2B8FF3768BF401979CFE42D9109619FE9400C601628F9C9870FE,False,RECOVERING,2,0,False,
1786156821.71062,engram-node03,200,CAB70910340C2B8FF3768BF401979CFE42D9109619FE9400C601628F9C9870FE,False,RECOVERING,2,0,False,
1786156821.712994,engram-node04,200,CAB70910340C2B8FF3768BF401979CFE42D9109619FE9400C601628F9C9870FE,False,RECOVERING,2,0,False,
1786156826.7206998,engram-node01,200,CAB70910340C2B8FF3768BF401979CFE42D9109619FE9400C601628F9C9870FE,False,RECOVERING,2,0,False,
1786156826.728322,engram-node02,200,CAB70910340C2B8FF3768BF401979CFE42D9109619FE9400C601628F9C9870FE,False,RECOVERING,2,0,False,
1786156826.733597,engram-node03,200,CAB70910340C2B8FF3768BF401979CFE42D9109619FE9400C601628F9C9870FE,False,RECOVERING,2,0,False,
1786156826.73688,engram-node04,200,CAB70910340C2B8FF3768BF401979CFE42D9109619FE9400C601628F9C9870FE,False,RECOVERING,2,0,False,
1786156831.743433,engram-node01,200,CAB70910340C2B8FF3768BF401979CFE42D9109619FE9400C601628F9C9870FE,False,RECOVERING,2,0,False,
1786156831.747742,engram-node02,200,CAB70910340C2B8FF3768BF401979CFE42D9109619FE9400C601628F9C9870FE,False,RECOVERING,2,0,False,
1786156831.750326,engram-node03,200,CAB70910340C2B8FF3768BF401979CFE42D9109619FE9400C601628F9C9870FE,False,RECOVERING,2,0,False,
1786156831.7532248,engram-node04,200,CAB70910340C2B8FF3768BF401979CFE42D9109619FE9400C601628F9C9870FE,False,RECOVERING,2,0,False,
1786156836.758192,engram-node01,201,78B22F261F1268AAA679D813C08F3880105C253D7A9EB8A951A3B0CB83DE1743,False,SOVEREIGN,0,0,False,
1786156836.764231,engram-node02,201,78B22F261F1268AAA679D813C08F3880105C253D7A9EB8A951A3B0CB83DE1743,False,SOVEREIGN,0,0,False,
1786156836.768534,engram-node03,201,78B22F261F1268AAA679D813C08F3880105C253D7A9EB8A951A3B0CB83DE1743,False,SOVEREIGN,0,0,False,
1786156836.772734,engram-node04,201,78B22F261F1268AAA679D813C08F3880105C253D7A9EB8A951A3B0CB83DE1743,False,SOVEREIGN,0,0,False,
1786156841.7831109,engram-node01,204,82DCEA9123D207552E6E019C50E1546F6D191577CD0D2675FE77AEE259CDF083,False,RECOVERING,2,0,False,
1786156841.786879,engram-node02,204,82DCEA9123D207552E6E019C50E1546F6D191577CD0D2675FE77AEE259CDF083,False,RECOVERING,2,0,False,
1786156841.789742,engram-node03,204,82DCEA9123D207552E6E019C50E1546F6D191577CD0D2675FE77AEE259CDF083,False,RECOVERING,2,0,False,
1786156841.793035,engram-node04,204,82DCEA9123D207552E6E019C50E1546F6D191577CD0D2675FE77AEE259CDF083,False,RECOVERING,2,0,False,
1786156846.800731,engram-node01,204,82DCEA9123D207552E6E019C50E1546F6D191577CD0D2675FE77AEE259CDF083,False,RECOVERING,2,0,False,
1786156846.806738,engram-node02,204,82DCEA9123D207552E6E019C50E1546F6D191577CD0D2675FE77AEE259CDF083,False,RECOVERING,2,0,False,
1786156846.8117068,engram-node03,204,82DCEA9123D207552E6E019C50E1546F6D191577CD0D2675FE77AEE259CDF083,False,RECOVERING,2,0,False,
1786156846.81703,engram-node04,204,82DCEA9123D207552E6E019C50E1546F6D191577CD0D2675FE77AEE259CDF083,False,RECOVERING,2,0,False,
1786156851.8218381,engram-node01,204,82DCEA9123D207552E6E019C50E1546F6D191577CD0D2675FE77AEE259CDF083,False,RECOVERING,2,0,False,
1786156851.825493,engram-node02,204,82DCEA9123D207552E6E019C50E1546F6D191577CD0D2675FE77AEE259CDF083,False,RECOVERING,2,0,False,
1786156851.828314,engram-node03,204,82DCEA9123D207552E6E019C50E1546F6D191577CD0D2675FE77AEE259CDF083,False,RECOVERING,2,0,False,
1786156851.83132,engram-node04,204,82DCEA9123D207552E6E019C50E1546F6D191577CD0D2675FE77AEE259CDF083,False,RECOVERING,2,0,False,
1786156856.839024,engram-node01,204,82DCEA9123D207552E6E019C50E1546F6D191577CD0D2675FE77AEE259CDF083,False,RECOVERING,2,0,False,
1786156856.849188,engram-node02,204,82DCEA9123D207552E6E019C50E1546F6D191577CD0D2675FE77AEE259CDF083,False,RECOVERING,2,0,False,
1786156856.855384,engram-node03,204,82DCEA9123D207552E6E019C50E1546F6D191577CD0D2675FE77AEE259CDF083,False,RECOVERING,2,0,False,
1786156856.86045,engram-node04,204,82DCEA9123D207552E6E019C50E1546F6D191577CD0D2675FE77AEE259CDF083,False,RECOVERING,2,0,False,
1786156861.8704,engram-node01,204,82DCEA9123D207552E6E019C50E1546F6D191577CD0D2675FE77AEE259CDF083,False,RECOVERING,2,0,False,
1786156861.87971,engram-node02,204,82DCEA9123D207552E6E019C50E1546F6D191577CD0D2675FE77AEE259CDF083,False,RECOVERING,2,0,False,
1786156861.885062,engram-node03,204,82DCEA9123D207552E6E019C50E1546F6D191577CD0D2675FE77AEE259CDF083,False,RECOVERING,2,0,False,
1786156861.889927,engram-node04,204,82DCEA9123D207552E6E019C50E1546F6D191577CD0D2675FE77AEE259CDF083,False,RECOVERING,2,0,False,
1786156866.899759,engram-node01,204,82DCEA9123D207552E6E019C50E1546F6D191577CD0D2675FE77AEE259CDF083,False,RECOVERING,2,0,False,
1786156866.909816,engram-node02,204,82DCEA9123D207552E6E019C50E1546F6D191577CD0D2675FE77AEE259CDF083,False,RECOVERING,2,0,False,
1786156866.915831,engram-node03,204,82DCEA9123D207552E6E019C50E1546F6D191577CD0D2675FE77AEE259CDF083,False,RECOVERING,2,0,False,
1786156866.9220538,engram-node04,204,82DCEA9123D207552E6E019C50E1546F6D191577CD0D2675FE77AEE259CDF083,False,RECOVERING,2,0,False,
1786156871.9283469,engram-node01,204,82DCEA9123D207552E6E019C50E1546F6D191577CD0D2675FE77AEE259CDF083,False,RECOVERING,2,0,False,
1786156871.933464,engram-node02,204,82DCEA9123D207552E6E019C50E1546F6D191577CD0D2675FE77AEE259CDF083,False,RECOVERING,2,0,False,
1786156871.938396,engram-node03,204,82DCEA9123D207552E6E019C50E1546F6D191577CD0D2675FE77AEE259CDF083,False,RECOVERING,2,0,False,
1786156871.942902,engram-node04,204,82DCEA9123D207552E6E019C50E1546F6D191577CD0D2675FE77AEE259CDF083,False,RECOVERING,2,0,False,
1786156876.9521852,engram-node01,204,82DCEA9123D207552E6E019C50E1546F6D191577CD0D2675FE77AEE259CDF083,False,RECOVERING,2,0,False,
1786156876.9626188,engram-node02,204,82DCEA9123D207552E6E019C50E1546F6D191577CD0D2675FE77AEE259CDF083,False,RECOVERING,2,0,False,
1786156876.969135,engram-node03,204,82DCEA9123D207552E6E019C50E1546F6D191577CD0D2675FE77AEE259CDF083,False,RECOVERING,2,0,False,
1786156876.9755452,engram-node04,204,82DCEA9123D207552E6E019C50E1546F6D191577CD0D2675FE77AEE259CDF083,False,RECOVERING,2,0,False,
1786156881.9849,engram-node01,204,82DCEA9123D207552E6E019C50E1546F6D191577CD0D2675FE77AEE259CDF083,False,RECOVERING,2,0,False,
1786156881.992797,engram-node02,204,82DCEA9123D207552E6E019C50E1546F6D191577CD0D2675FE77AEE259CDF083,False,RECOVERING,2,0,False,
1786156882.004054,engram-node03,204,82DCEA9123D207552E6E019C50E1546F6D191577CD0D2675FE77AEE259CDF083,False,RECOVERING,2,0,False,
1786156882.0070841,engram-node04,204,82DCEA9123D207552E6E019C50E1546F6D191577CD0D2675FE77AEE259CDF083,False,RECOVERING,2,0,False,
1786156887.015114,engram-node01,204,82DCEA9123D207552E6E019C50E1546F6D191577CD0D2675FE77AEE259CDF083,False,RECOVERING,2,0,False,
1786156887.02382,engram-node02,204,82DCEA9123D207552E6E019C50E1546F6D191577CD0D2675FE77AEE259CDF083,False,RECOVERING,2,0,False,
1786156887.029354,engram-node03,204,82DCEA9123D207552E6E019C50E1546F6D191577CD0D2675FE77AEE259CDF083,False,RECOVERING,2,0,False,
1786156887.0351648,engram-node04,204,82DCEA9123D207552E6E019C50E1546F6D191577CD0D2675FE77AEE259CDF083,False,RECOVERING,2,0,False,
1786156892.041472,engram-node01,204,82DCEA9123D207552E6E019C50E1546F6D191577CD0D2675FE77AEE259CDF083,False,RECOVERING,2,0,False,
1786156892.048138,engram-node02,204,82DCEA9123D207552E6E019C50E1546F6D191577CD0D2675FE77AEE259CDF083,False,RECOVERING,2,0,False,
1786156892.0548842,engram-node03,204,82DCEA9123D207552E6E019C50E1546F6D191577CD0D2675FE77AEE259CDF083,False,RECOVERING,2,0,False,
1786156892.062776,engram-node04,204,82DCEA9123D207552E6E019C50E1546F6D191577CD0D2675FE77AEE259CDF083,False,RECOVERING,2,0,False,
1786156897.071019,engram-node01,206,2A4DB5539ABC3FCAF798E7E9E66F785866CE1FF36AE4F2F3FFC92375DE60D8E7,False,RECOVERING,0,0,False,
1786156897.116711,engram-node02,206,2A4DB5539ABC3FCAF798E7E9E66F785866CE1FF36AE4F2F3FFC92375DE60D8E7,False,RECOVERING,0,0,False,
1786156897.1375308,engram-node03,206,2A4DB5539ABC3FCAF798E7E9E66F785866CE1FF36AE4F2F3FFC92375DE60D8E7,False,RECOVERING,0,0,False,
1786156897.153079,engram-node04,206,2A4DB5539ABC3FCAF798E7E9E66F785866CE1FF36AE4F2F3FFC92375DE60D8E7,False,RECOVERING,0,0,False,
1786156902.16512,engram-node01,208,95EAF287ED94AD235E05C098281202951CA51412AF427FBDF254762AA868C239,False,RECOVERING,2,0,False,
1786156902.1690052,engram-node02,208,95EAF287ED94AD235E05C098281202951CA51412AF427FBDF254762AA868C239,False,RECOVERING,2,0,False,
1786156902.1721852,engram-node03,208,95EAF287ED94AD235E05C098281202951CA51412AF427FBDF254762AA868C239,False,RECOVERING,2,0,False,
1786156902.1752262,engram-node04,208,95EAF287ED94AD235E05C098281202951CA51412AF427FBDF254762AA868C239,False,RECOVERING,2,0,False,
1786156907.180587,engram-node01,208,95EAF287ED94AD235E05C098281202951CA51412AF427FBDF254762AA868C239,False,RECOVERING,2,0,False,
1786156907.186466,engram-node02,208,95EAF287ED94AD235E05C098281202951CA51412AF427FBDF254762AA868C239,False,RECOVERING,2,0,False,
1786156907.190881,engram-node03,208,95EAF287ED94AD235E05C098281202951CA51412AF427FBDF254762AA868C239,False,RECOVERING,2,0,False,
1786156907.198852,engram-node04,208,95EAF287ED94AD235E05C098281202951CA51412AF427FBDF254762AA868C239,False,RECOVERING,2,0,False,
1786156912.2040699,engram-node01,208,95EAF287ED94AD235E05C098281202951CA51412AF427FBDF254762AA868C239,False,RECOVERING,2,0,False,
1786156912.2081778,engram-node02,208,95EAF287ED94AD235E05C098281202951CA51412AF427FBDF254762AA868C239,False,RECOVERING,2,0,False,
1786156912.21103,engram-node03,208,95EAF287ED94AD235E05C098281202951CA51412AF427FBDF254762AA868C239,False,RECOVERING,2,0,False,
1786156912.21454,engram-node04,208,95EAF287ED94AD235E05C098281202951CA51412AF427FBDF254762AA868C239,False,RECOVERING,2,0,False,
1786156917.217561,engram-node01,-1,,False,,0,0,False,timed out
1786156920.2187362,engram-node02,-1,,False,,0,0,False,abci_query error: engramd is not ready; please wait for first block: invalid height
1786156920.222806,engram-node03,-1,,False,,0,0,False,abci_query error: engramd is not ready; please wait for first block: invalid height
1786156920.2256289,engram-node04,-1,,False,,0,0,False,abci_query error: engramd is not ready; please wait for first block: invalid height
1786156925.233441,engram-node01,-1,,False,,0,0,False,abci_query error: engramd is not ready; please wait for first block: invalid height
1786156925.241657,engram-node02,-1,,False,,0,0,False,abci_query error: engramd is not ready; please wait for first block: invalid height
1786156925.247298,engram-node03,-1,,False,,0,0,False,abci_query error: engramd is not ready; please wait for first block: invalid height
1786156925.253862,engram-node04,-1,,False,,0,0,False,abci_query error: engramd is not ready; please wait for first block: invalid height
1786156930.2613409,engram-node01,-1,,False,,0,0,False,abci_query error: engramd is not ready; please wait for first block: invalid height
1786156930.269674,engram-node02,-1,,False,,0,0,False,abci_query error: engramd is not ready; please wait for first block: invalid height
1786156930.274391,engram-node03,-1,,False,,0,0,False,abci_query error: engramd is not ready; please wait for first block: invalid height
1786156930.279426,engram-node04,-1,,False,,0,0,False,abci_query error: engramd is not ready; please wait for first block: invalid height
1786156935.2877362,engram-node01,-1,,False,,0,0,False,abci_query error: engramd is not ready; please wait for first block: invalid height
1786156935.2968478,engram-node02,-1,,False,,0,0,False,abci_query error: engramd is not ready; please wait for first block: invalid height
1786156935.3034618,engram-node03,-1,,False,,0,0,False,abci_query error: engramd is not ready; please wait for first block: invalid height
1786156935.308564,engram-node04,-1,,False,,0,0,False,abci_query error: engramd is not ready; please wait for first block: invalid height
1786156940.3177679,engram-node01,-1,,False,,0,0,False,abci_query error: engramd is not ready; please wait for first block: invalid height
1786156940.323601,engram-node02,-1,,False,,0,0,False,abci_query error: engramd is not ready; please wait for first block: invalid height
1786156940.327436,engram-node03,-1,,False,,0,0,False,abci_query error: engramd is not ready; please wait for first block: invalid height
1786156940.330432,engram-node04,-1,,False,,0,0,False,abci_query error: engramd is not ready; please wait for first block: invalid height
1786156945.337897,engram-node01,-1,,False,,0,0,False,abci_query error: engramd is not ready; please wait for first block: invalid height
1786156945.3475251,engram-node02,-1,,False,,0,0,False,abci_query error: engramd is not ready; please wait for first block: invalid height
1786156945.3547258,engram-node03,-1,,False,,0,0,False,abci_query error: engramd is not ready; please wait for first block: invalid height
1786156945.35933,engram-node04,-1,,False,,0,0,False,abci_query error: engramd is not ready; please wait for first block: invalid height
1786156950.365246,engram-node01,-1,,False,,0,0,False,abci_query error: engramd is not ready; please wait for first block: invalid height
1786156950.3739588,engram-node02,-1,,False,,0,0,False,abci_query error: engramd is not ready; please wait for first block: invalid height
1786156950.381393,engram-node03,-1,,False,,0,0,False,abci_query error: engramd is not ready; please wait for first block: invalid height
1786156950.386486,engram-node04,-1,,False,,0,0,False,abci_query error: engramd is not ready; please wait for first block: invalid height
1786156955.3916118,engram-node01,-1,,False,,0,0,False,abci_query error: engramd is not ready; please wait for first block: invalid height
1786156955.394374,engram-node02,-1,,False,,0,0,False,abci_query error: engramd is not ready; please wait for first block: invalid height
1786156955.3969622,engram-node03,-1,,False,,0,0,False,abci_query error: engramd is not ready; please wait for first block: invalid height
1786156955.399504,engram-node04,-1,,False,,0,0,False,abci_query error: engramd is not ready; please wait for first block: invalid height
1786156960.405348,engram-node01,-1,,False,,0,0,False,abci_query error: engramd is not ready; please wait for first block: invalid height
1786156960.4111848,engram-node02,-1,,False,,0,0,False,abci_query error: engramd is not ready; please wait for first block: invalid height
1786156960.4155269,engram-node03,-1,,False,,0,0,False,abci_query error: engramd is not ready; please wait for first block: invalid height
1786156960.419629,engram-node04,-1,,False,,0,0,False,abci_query error: engramd is not ready; please wait for first block: invalid height
1786156965.427354,engram-node01,-1,,False,,0,0,False,abci_query error: engramd is not ready; please wait for first block: invalid height
1786156965.4348311,engram-node02,-1,,False,,0,0,False,abci_query error: engramd is not ready; please wait for first block: invalid height
1786156965.442833,engram-node03,-1,,False,,0,0,False,abci_query error: engramd is not ready; please wait for first block: invalid height
1786156965.448087,engram-node04,-1,,False,,0,0,False,abci_query error: engramd is not ready; please wait for first block: invalid height
1786156970.454956,engram-node01,-1,,False,,0,0,False,abci_query error: engramd is not ready; please wait for first block: invalid height
1786156970.462976,engram-node02,-1,,False,,0,0,False,abci_query error: engramd is not ready; please wait for first block: invalid height
1786156970.4694881,engram-node03,-1,,False,,0,0,False,abci_query error: engramd is not ready; please wait for first block: invalid height
1786156970.4737868,engram-node04,-1,,False,,0,0,False,abci_query error: engramd is not ready; please wait for first block: invalid height
1786156975.481128,engram-node01,-1,,False,,0,0,False,abci_query error: engramd is not ready; please wait for first block: invalid height
1786156975.485949,engram-node02,-1,,False,,0,0,False,abci_query error: engramd is not ready; please wait for first block: invalid height
1786156975.4891362,engram-node03,-1,,False,,0,0,False,abci_query error: engramd is not ready; please wait for first block: invalid height
1786156975.4921029,engram-node04,-1,,False,,0,0,False,abci_query error: engramd is not ready; please wait for first block: invalid height
1786156980.497935,engram-node01,-1,,False,,0,0,False,abci_query error: engramd is not ready; please wait for first block: invalid height
1786156980.505972,engram-node02,-1,,False,,0,0,False,abci_query error: engramd is not ready; please wait for first block: invalid height
1786156980.5109801,engram-node03,-1,,False,,0,0,False,abci_query error: engramd is not ready; please wait for first block: invalid height
1786156980.514818,engram-node04,-1,,False,,0,0,False,abci_query error: engramd is not ready; please wait for first block: invalid height
1786156985.522493,engram-node01,2,1C9B9D7928BD68CCCDC15B75484F39FAB8C85FAB7374BD248C2B5446E379A7F6,False,SOVEREIGN,0,0,False,
1786156985.5286841,engram-node02,2,1C9B9D7928BD68CCCDC15B75484F39FAB8C85FAB7374BD248C2B5446E379A7F6,False,SOVEREIGN,0,0,False,
1786156985.532118,engram-node03,2,1C9B9D7928BD68CCCDC15B75484F39FAB8C85FAB7374BD248C2B5446E379A7F6,False,SOVEREIGN,0,0,False,
1786156985.5372748,engram-node04,2,1C9B9D7928BD68CCCDC15B75484F39FAB8C85FAB7374BD248C2B5446E379A7F6,False,SOVEREIGN,0,0,False,
1786156990.542778,engram-node01,6,3EAD6A1E025C72BE643A3B586B4A80A14A00D5F51EA0C470FDBB745811A54E29,False,SOVEREIGN,0,0,False,
1786156990.5492039,engram-node02,6,3EAD6A1E025C72BE643A3B586B4A80A14A00D5F51EA0C470FDBB745811A54E29,False,SOVEREIGN,0,0,False,
1786156990.5537229,engram-node03,6,3EAD6A1E025C72BE643A3B586B4A80A14A00D5F51EA0C470FDBB745811A54E29,False,SOVEREIGN,0,0,False,
1786156990.5617,engram-node04,6,3EAD6A1E025C72BE643A3B586B4A80A14A00D5F51EA0C470FDBB745811A54E29,False,SOVEREIGN,0,0,False,
1786156995.5675368,engram-node01,10,7B98F0EFE9EB37F484233A305D304565774521F4DB6FB01B27A3EF54EE113B80,False,SOVEREIGN,0,0,False,
1786156995.576193,engram-node02,10,7B98F0EFE9EB37F484233A305D304565774521F4DB6FB01B27A3EF54EE113B80,False,SOVEREIGN,0,0,False,
1786156995.5821419,engram-node03,10,7B98F0EFE9EB37F484233A305D304565774521F4DB6FB01B27A3EF54EE113B80,False,SOVEREIGN,0,0,False,
1786156995.588321,engram-node04,10,7B98F0EFE9EB37F484233A305D304565774521F4DB6FB01B27A3EF54EE113B80,False,SOVEREIGN,0,0,False,
1786157000.595374,engram-node01,14,A01078457267099AA9835FFDE9454E44E82B5271D680A0824A43F2B20690CC58,False,SOVEREIGN,0,0,False,
1786157000.601303,engram-node02,14,A01078457267099AA9835FFDE9454E44E82B5271D680A0824A43F2B20690CC58,False,SOVEREIGN,0,0,False,
1786157000.605181,engram-node03,14,A01078457267099AA9835FFDE9454E44E82B5271D680A0824A43F2B20690CC58,False,SOVEREIGN,0,0,False,
1786157000.608327,engram-node04,14,A01078457267099AA9835FFDE9454E44E82B5271D680A0824A43F2B20690CC58,False,SOVEREIGN,0,0,False,
1786157005.614934,engram-node01,18,C27AB9FA53B32377617BDF1021E6DD265882716314CF443684415731F1ECB354,False,SOVEREIGN,0,0,False,
1786157005.622744,engram-node02,18,C27AB9FA53B32377617BDF1021E6DD265882716314CF443684415731F1ECB354,False,SOVEREIGN,0,0,False,
1786157005.627294,engram-node03,18,C27AB9FA53B32377617BDF1021E6DD265882716314CF443684415731F1ECB354,False,SOVEREIGN,0,0,False,
1786157005.631114,engram-node04,18,C27AB9FA53B32377617BDF1021E6DD265882716314CF443684415731F1ECB354,False,SOVEREIGN,0,0,False,
1786157010.637046,engram-node01,22,B45B12AA94177FA82E39CD6A2864DC0C95D2B195909870C919DE4AFE86503C7E,False,SOVEREIGN,0,0,False,
1786157010.645319,engram-node02,22,B45B12AA94177FA82E39CD6A2864DC0C95D2B195909870C919DE4AFE86503C7E,False,SOVEREIGN,0,0,False,
1786157010.651297,engram-node03,22,B45B12AA94177FA82E39CD6A2864DC0C95D2B195909870C919DE4AFE86503C7E,False,SOVEREIGN,0,0,False,
1786157010.656501,engram-node04,22,B45B12AA94177FA82E39CD6A2864DC0C95D2B195909870C919DE4AFE86503C7E,False,SOVEREIGN,0,0,False,
1786157015.662411,engram-node01,26,CEA8EEAB07B8B60A095EA8709A23DBCA2B9E8CE53B44CBBCC12A80D17CA6A0FD,False,SOVEREIGN,0,0,False,
1786157015.683821,engram-node02,26,CEA8EEAB07B8B60A095EA8709A23DBCA2B9E8CE53B44CBBCC12A80D17CA6A0FD,False,SOVEREIGN,0,0,False,
1786157015.6978319,engram-node03,26,CEA8EEAB07B8B60A095EA8709A23DBCA2B9E8CE53B44CBBCC12A80D17CA6A0FD,False,SOVEREIGN,0,0,False,
1786157015.7084239,engram-node04,26,CEA8EEAB07B8B60A095EA8709A23DBCA2B9E8CE53B44CBBCC12A80D17CA6A0FD,False,SOVEREIGN,0,0,False,
1786157020.724992,engram-node01,30,6FBEB5BFEEBFA6C4F23FA11679AE581D7B51F3856FE07023661257BB35896104,False,SOVEREIGN,0,0,False,
1786157020.7605498,engram-node02,30,6FBEB5BFEEBFA6C4F23FA11679AE581D7B51F3856FE07023661257BB35896104,False,SOVEREIGN,0,0,False,
1786157020.7824,engram-node03,30,6FBEB5BFEEBFA6C4F23FA11679AE581D7B51F3856FE07023661257BB35896104,False,SOVEREIGN,0,0,False,
1786157020.800598,engram-node04,30,6FBEB5BFEEBFA6C4F23FA11679AE581D7B51F3856FE07023661257BB35896104,False,SOVEREIGN,0,0,False,
1786157025.835946,engram-node01,34,5ABC8C321D669C9F0369FBAA404254D6536F218F71E6D48F21E8A556384571BB,False,SOVEREIGN,0,0,False,
1786157025.841654,engram-node02,34,5ABC8C321D669C9F0369FBAA404254D6536F218F71E6D48F21E8A556384571BB,False,SOVEREIGN,0,0,False,
1786157025.84613,engram-node03,34,5ABC8C321D669C9F0369FBAA404254D6536F218F71E6D48F21E8A556384571BB,False,SOVEREIGN,0,0,False,
1786157025.850316,engram-node04,34,5ABC8C321D669C9F0369FBAA404254D6536F218F71E6D48F21E8A556384571BB,False,SOVEREIGN,0,0,False,
1786157030.85436,engram-node01,38,255D6A78D832551F0130E9EB0E15F96BCF796397DBB82E1120F6C7631834464D,False,SOVEREIGN,0,0,False,
1786157030.861813,engram-node02,38,255D6A78D832551F0130E9EB0E15F96BCF796397DBB82E1120F6C7631834464D,False,SOVEREIGN,0,0,False,
1786157030.871268,engram-node03,38,255D6A78D832551F0130E9EB0E15F96BCF796397DBB82E1120F6C7631834464D,False,SOVEREIGN,0,0,False,
1786157030.875137,engram-node04,38,255D6A78D832551F0130E9EB0E15F96BCF796397DBB82E1120F6C7631834464D,False,SOVEREIGN,0,0,False,
1786157035.8817558,engram-node01,43,B060D3E9F94D3B1A812AAC5189C5F5F6FD45AC70A41532ADD7C45C253B1782EB,False,SOVEREIGN,0,0,False,
1786157035.8889542,engram-node02,43,B060D3E9F94D3B1A812AAC5189C5F5F6FD45AC70A41532ADD7C45C253B1782EB,False,SOVEREIGN,0,0,False,
1786157035.894432,engram-node03,43,B060D3E9F94D3B1A812AAC5189C5F5F6FD45AC70A41532ADD7C45C253B1782EB,False,SOVEREIGN,0,0,False,
1786157035.899464,engram-node04,43,B060D3E9F94D3B1A812AAC5189C5F5F6FD45AC70A41532ADD7C45C253B1782EB,False,SOVEREIGN,0,0,False,
1786157040.9081721,engram-node01,47,691D311B0B797396F88270F97C188994EE63DBD5219DF03908A0B7222CF1C657,False,SOVEREIGN,0,0,False,
1786157040.9142551,engram-node02,47,691D311B0B797396F88270F97C188994EE63DBD5219DF03908A0B7222CF1C657,False,SOVEREIGN,0,0,False,
1786157040.919886,engram-node03,47,691D311B0B797396F88270F97C188994EE63DBD5219DF03908A0B7222CF1C657,False,SOVEREIGN,0,0,False,
1786157040.924992,engram-node04,47,691D311B0B797396F88270F97C188994EE63DBD5219DF03908A0B7222CF1C657,False,SOVEREIGN,0,0,False,
1786157045.93427,engram-node01,51,5E25189D8B25747BDFD7FEBF1BB79E7811862A44A6CC77EE622D9A4017342716,False,SOVEREIGN,0,0,False,
1786157045.940309,engram-node02,51,5E25189D8B25747BDFD7FEBF1BB79E7811862A44A6CC77EE622D9A4017342716,False,SOVEREIGN,0,0,False,
1786157045.944899,engram-node03,51,5E25189D8B25747BDFD7FEBF1BB79E7811862A44A6CC77EE622D9A4017342716,False,SOVEREIGN,0,0,False,
1786157045.9478002,engram-node04,51,5E25189D8B25747BDFD7FEBF1BB79E7811862A44A6CC77EE622D9A4017342716,False,SOVEREIGN,0,0,False,
1786157050.950717,engram-node01,55,C92D108F0D06686C324386A7F54E77203AB3337D71765380A6103405BC8728DE,False,SOVEREIGN,0,0,False,
1786157050.9568698,engram-node02,55,C92D108F0D06686C324386A7F54E77203AB3337D71765380A6103405BC8728DE,False,SOVEREIGN,0,0,False,
1786157050.960217,engram-node03,55,C92D108F0D06686C324386A7F54E77203AB3337D71765380A6103405BC8728DE,False,SOVEREIGN,0,0,False,
1786157050.965413,engram-node04,55,C92D108F0D06686C324386A7F54E77203AB3337D71765380A6103405BC8728DE,False,SOVEREIGN,0,0,False,
1786157055.9685,engram-node01,59,80212C523EB7C1246C3D6AC62292ED4C85F565B36E684F47D42C860896A2802C,False,SOVEREIGN,0,0,False,
1786157055.9748201,engram-node02,59,80212C523EB7C1246C3D6AC62292ED4C85F565B36E684F47D42C860896A2802C,False,SOVEREIGN,0,0,False,
1786157055.979591,engram-node03,59,80212C523EB7C1246C3D6AC62292ED4C85F565B36E684F47D42C860896A2802C,False,SOVEREIGN,0,0,False,
1786157055.982612,engram-node04,59,80212C523EB7C1246C3D6AC62292ED4C85F565B36E684F47D42C860896A2802C,False,SOVEREIGN,0,0,False,
1786157060.991169,engram-node01,63,7DFDF3CDBB56F7FCFC085D67067657A0122E32D5A9FE5188EA58E5547B883E85,False,SOVEREIGN,0,0,False,
1786157060.994713,engram-node02,63,7DFDF3CDBB56F7FCFC085D67067657A0122E32D5A9FE5188EA58E5547B883E85,False,SOVEREIGN,0,0,False,
1786157060.9988558,engram-node03,63,7DFDF3CDBB56F7FCFC085D67067657A0122E32D5A9FE5188EA58E5547B883E85,False,SOVEREIGN,0,0,False,
1786157061.045575,engram-node04,63,7DFDF3CDBB56F7FCFC085D67067657A0122E32D5A9FE5188EA58E5547B883E85,False,SOVEREIGN,0,0,False,
1786157066.051959,engram-node01,67,304191F55CA555D93C13F92D74A3AA1FD35FDBFB7ED0F38BD45DC1A9A6B559D7,False,SOVEREIGN,0,0,False,
1786157066.0573518,engram-node02,67,304191F55CA555D93C13F92D74A3AA1FD35FDBFB7ED0F38BD45DC1A9A6B559D7,False,SOVEREIGN,0,0,False,
1786157066.061734,engram-node03,67,304191F55CA555D93C13F92D74A3AA1FD35FDBFB7ED0F38BD45DC1A9A6B559D7,False,SOVEREIGN,0,0,False,
1786157066.06686,engram-node04,67,304191F55CA555D93C13F92D74A3AA1FD35FDBFB7ED0F38BD45DC1A9A6B559D7,False,SOVEREIGN,0,0,False,
1786157071.073938,engram-node01,71,D000767A1F4EF15A15EC68BEB4CE0A7034B90E6948489C3D68883A5F7888AEB2,False,SOVEREIGN,0,0,False,
1786157071.081435,engram-node02,71,D000767A1F4EF15A15EC68BEB4CE0A7034B90E6948489C3D68883A5F7888AEB2,False,SOVEREIGN,0,0,False,
1786157071.087355,engram-node03,71,D000767A1F4EF15A15EC68BEB4CE0A7034B90E6948489C3D68883A5F7888AEB2,False,SOVEREIGN,0,0,False,
1786157071.09187,engram-node04,71,D000767A1F4EF15A15EC68BEB4CE0A7034B90E6948489C3D68883A5F7888AEB2,False,SOVEREIGN,0,0,False,
1786157076.099966,engram-node01,74,BE80EF305601DC363233B53F115C74CCC9E9E217681AF7A65F0CF8CAD1A1790D,False,SOVEREIGN,0,0,False,
1786157076.1062531,engram-node02,74,BE80EF305601DC363233B53F115C74CCC9E9E217681AF7A65F0CF8CAD1A1790D,False,SOVEREIGN,0,0,False,
1786157076.1110568,engram-node03,74,BE80EF305601DC363233B53F115C74CCC9E9E217681AF7A65F0CF8CAD1A1790D,False,SOVEREIGN,0,0,False,
1786157076.115597,engram-node04,74,BE80EF305601DC363233B53F115C74CCC9E9E217681AF7A65F0CF8CAD1A1790D,False,SOVEREIGN,0,0,False,
1786157081.124592,engram-node01,78,3CAA8826ECB6EF1175E29DBB52380DBEBE1E6B10D75103B9485389D67145E66F,False,SOVEREIGN,0,0,False,
1786157081.1319969,engram-node02,78,3CAA8826ECB6EF1175E29DBB52380DBEBE1E6B10D75103B9485389D67145E66F,False,SOVEREIGN,0,0,False,
1786157081.136703,engram-node03,78,3CAA8826ECB6EF1175E29DBB52380DBEBE1E6B10D75103B9485389D67145E66F,False,SOVEREIGN,0,0,False,
1786157081.1410902,engram-node04,78,3CAA8826ECB6EF1175E29DBB52380DBEBE1E6B10D75103B9485389D67145E66F,False,SOVEREIGN,0,0,False,
1786157086.145947,engram-node01,82,DA65A1CD1138743EA6BDE6514D3A61A5C836657EDF207DBB166E1B5025D8264E,False,SOVEREIGN,0,0,False,
1786157086.1553202,engram-node02,82,DA65A1CD1138743EA6BDE6514D3A61A5C836657EDF207DBB166E1B5025D8264E,False,SOVEREIGN,0,0,False,
1786157086.162109,engram-node03,82,DA65A1CD1138743EA6BDE6514D3A61A5C836657EDF207DBB166E1B5025D8264E,False,SOVEREIGN,0,0,False,
1786157086.16741,engram-node04,82,DA65A1CD1138743EA6BDE6514D3A61A5C836657EDF207DBB166E1B5025D8264E,False,SOVEREIGN,0,0,False,
1786157091.175009,engram-node01,86,D31F06F36D0278BA5173847842743928BB14D6B4CC8A96C221037EA8FE6874D0,False,SOVEREIGN,0,0,False,
1786157091.182061,engram-node02,86,D31F06F36D0278BA5173847842743928BB14D6B4CC8A96C221037EA8FE6874D0,False,SOVEREIGN,0,0,False,
1786157091.188498,engram-node03,86,D31F06F36D0278BA5173847842743928BB14D6B4CC8A96C221037EA8FE6874D0,False,SOVEREIGN,0,0,False,
1786157091.194058,engram-node04,86,D31F06F36D0278BA5173847842743928BB14D6B4CC8A96C221037EA8FE6874D0,False,SOVEREIGN,0,0,False,
1786157096.203539,engram-node01,90,B513BE087B8CDED9864657EE1EBC0FE94787612EAB93D9D49A110F504D56EF87,False,SOVEREIGN,0,0,False,
1786157096.208679,engram-node02,90,B513BE087B8CDED9864657EE1EBC0FE94787612EAB93D9D49A110F504D56EF87,False,SOVEREIGN,0,0,False,
1786157096.214375,engram-node03,90,B513BE087B8CDED9864657EE1EBC0FE94787612EAB93D9D49A110F504D56EF87,False,SOVEREIGN,0,0,False,
1786157096.218538,engram-node04,90,B513BE087B8CDED9864657EE1EBC0FE94787612EAB93D9D49A110F504D56EF87,False,SOVEREIGN,0,0,False,
1786157101.2260852,engram-node01,94,38C9624F4CF28198F7CECFD83B6E10FAB00BF66C1A8AC309B8D8FB707D07F862,False,SOVEREIGN,0,0,False,
1786157101.2322292,engram-node02,94,38C9624F4CF28198F7CECFD83B6E10FAB00BF66C1A8AC309B8D8FB707D07F862,False,SOVEREIGN,0,0,False,
1786157101.2356539,engram-node03,94,38C9624F4CF28198F7CECFD83B6E10FAB00BF66C1A8AC309B8D8FB707D07F862,False,SOVEREIGN,0,0,False,
1786157101.242072,engram-node04,94,38C9624F4CF28198F7CECFD83B6E10FAB00BF66C1A8AC309B8D8FB707D07F862,False,SOVEREIGN,0,0,False,
1786157106.2478359,engram-node01,97,42FECF28AF413C7E0275152D2AF13AF2EF024BBA19C75A331406A2BC7811B28A,False,SOVEREIGN,0,0,False,
1786157106.2540002,engram-node02,98,744F269C236D2EACE811549EB8337AE1ED90CABC91206675DFCFE797C824DE0F,False,SOVEREIGN,0,0,False,
1786157106.285011,engram-node03,98,744F269C236D2EACE811549EB8337AE1ED90CABC91206675DFCFE797C824DE0F,False,SOVEREIGN,0,0,False,
1786157106.2920692,engram-node04,98,744F269C236D2EACE811549EB8337AE1ED90CABC91206675DFCFE797C824DE0F,False,SOVEREIGN,0,0,False,
1786157111.2965162,engram-node01,101,F2EAA270271044151E57FBD18814475BD0A365CA37BA40AD6CED49A45DA54A3D,False,SOVEREIGN,0,0,False,
1786157111.304553,engram-node02,101,F2EAA270271044151E57FBD18814475BD0A365CA37BA40AD6CED49A45DA54A3D,False,SOVEREIGN,0,0,False,
1786157111.313233,engram-node03,101,F2EAA270271044151E57FBD18814475BD0A365CA37BA40AD6CED49A45DA54A3D,False,SOVEREIGN,0,0,False,
1786157111.317266,engram-node04,101,F2EAA270271044151E57FBD18814475BD0A365CA37BA40AD6CED49A45DA54A3D,False,SOVEREIGN,0,0,False,
1786157116.32388,engram-node01,105,711DE3EA38C7FA0F3DC358D5E1BCFAED3F50D8D6B33EFDA50312B2A483A305BB,False,SOVEREIGN,0,0,False,
1786157116.329077,engram-node02,105,711DE3EA38C7FA0F3DC358D5E1BCFAED3F50D8D6B33EFDA50312B2A483A305BB,False,SOVEREIGN,0,0,False,
1786157116.333538,engram-node03,105,711DE3EA38C7FA0F3DC358D5E1BCFAED3F50D8D6B33EFDA50312B2A483A305BB,False,SOVEREIGN,0,0,False,
1786157116.3377259,engram-node04,105,711DE3EA38C7FA0F3DC358D5E1BCFAED3F50D8D6B33EFDA50312B2A483A305BB,False,SOVEREIGN,0,0,False,
1786157121.346482,engram-node01,109,01FBDB6C9B372A083EF19970D626245F313AEDFD1050AD9EFE8F8BD67EF6E879,False,SOVEREIGN,0,0,False,
1786157121.351789,engram-node02,109,01FBDB6C9B372A083EF19970D626245F313AEDFD1050AD9EFE8F8BD67EF6E879,False,SOVEREIGN,0,0,False,
1786157121.356975,engram-node03,109,01FBDB6C9B372A083EF19970D626245F313AEDFD1050AD9EFE8F8BD67EF6E879,False,SOVEREIGN,0,0,False,
1786157121.361323,engram-node04,109,01FBDB6C9B372A083EF19970D626245F313AEDFD1050AD9EFE8F8BD67EF6E879,False,SOVEREIGN,0,0,False,
1786157126.370184,engram-node01,113,49C0202EF30AA5FC948535F2AE12D6F21DA9A9E083E499837889D448371CC896,False,SOVEREIGN,0,0,False,
1786157126.3794172,engram-node02,113,49C0202EF30AA5FC948535F2AE12D6F21DA9A9E083E499837889D448371CC896,False,SOVEREIGN,0,0,False,
1786157126.3883688,engram-node03,113,49C0202EF30AA5FC948535F2AE12D6F21DA9A9E083E499837889D448371CC896,False,SOVEREIGN,0,0,False,
1786157126.3946218,engram-node04,113,49C0202EF30AA5FC948535F2AE12D6F21DA9A9E083E499837889D448371CC896,False,SOVEREIGN,0,0,False,
1786157131.401998,engram-node01,117,9F1D6782C91550752AE8A83AFE6BB5C95A6304ADFFCFCCE49BAFF917BE980516,False,SOVEREIGN,0,0,False,
1786157131.411938,engram-node02,117,9F1D6782C91550752AE8A83AFE6BB5C95A6304ADFFCFCCE49BAFF917BE980516,False,SOVEREIGN,0,0,False,
1786157131.417855,engram-node03,117,9F1D6782C91550752AE8A83AFE6BB5C95A6304ADFFCFCCE49BAFF917BE980516,False,SOVEREIGN,0,0,False,
1786157131.4230962,engram-node04,117,9F1D6782C91550752AE8A83AFE6BB5C95A6304ADFFCFCCE49BAFF917BE980516,False,SOVEREIGN,0,0,False,
1786157136.428087,engram-node01,122,080826E8FC09767A5B01B5043AECB007C41703E177DC75E993EA9B3066DEBD9F,False,SOVEREIGN,0,0,False,
1786157136.4320781,engram-node02,122,080826E8FC09767A5B01B5043AECB007C41703E177DC75E993EA9B3066DEBD9F,False,SOVEREIGN,0,0,False,
1786157136.435518,engram-node03,122,080826E8FC09767A5B01B5043AECB007C41703E177DC75E993EA9B3066DEBD9F,False,SOVEREIGN,0,0,False,
1786157136.4390469,engram-node04,122,080826E8FC09767A5B01B5043AECB007C41703E177DC75E993EA9B3066DEBD9F,False,SOVEREIGN,0,0,False,
1786157141.4467578,engram-node01,126,EF9033A165C2BE22D57B86B4423DF976E51E25C1680D5F752BDC23A88344DE29,False,SOVEREIGN,0,0,False,
1786157141.454217,engram-node02,126,EF9033A165C2BE22D57B86B4423DF976E51E25C1680D5F752BDC23A88344DE29,False,SOVEREIGN,0,0,False,
1786157141.4609,engram-node03,126,EF9033A165C2BE22D57B86B4423DF976E51E25C1680D5F752BDC23A88344DE29,False,SOVEREIGN,0,0,False,
1786157141.467277,engram-node04,126,EF9033A165C2BE22D57B86B4423DF976E51E25C1680D5F752BDC23A88344DE29,False,SOVEREIGN,0,0,False,
1786157146.476513,engram-node01,130,4A060BFF1326C7DE15848FF77106A0C449BFD1D1D7DDC153906B0CBFD7E9EA8A,False,SOVEREIGN,0,0,False,
1786157146.48042,engram-node02,130,4A060BFF1326C7DE15848FF77106A0C449BFD1D1D7DDC153906B0CBFD7E9EA8A,False,SOVEREIGN,0,0,False,
1786157146.483859,engram-node03,130,4A060BFF1326C7DE15848FF77106A0C449BFD1D1D7DDC153906B0CBFD7E9EA8A,False,SOVEREIGN,0,0,False,
1786157146.486702,engram-node04,130,4A060BFF1326C7DE15848FF77106A0C449BFD1D1D7DDC153906B0CBFD7E9EA8A,False,SOVEREIGN,0,0,False,
1786157151.493359,engram-node01,134,EDD40E7212165801B8C4FDBE0AF408FCE773D7FDAECAB0C0C160DD4298CF806B,False,SOVEREIGN,0,0,False,
1786157151.500354,engram-node02,134,EDD40E7212165801B8C4FDBE0AF408FCE773D7FDAECAB0C0C160DD4298CF806B,False,SOVEREIGN,0,0,False,
1786157151.507019,engram-node03,134,EDD40E7212165801B8C4FDBE0AF408FCE773D7FDAECAB0C0C160DD4298CF806B,False,SOVEREIGN,0,0,False,
1786157151.512026,engram-node04,134,EDD40E7212165801B8C4FDBE0AF408FCE773D7FDAECAB0C0C160DD4298CF806B,False,SOVEREIGN,0,0,False,
1786157156.522971,engram-node01,138,75234FF00ECB6AEF4D879B593DE30CA9BE9AC88F5D730508452C316B81C0D337,False,SOVEREIGN,0,0,False,
1786157156.533663,engram-node02,138,75234FF00ECB6AEF4D879B593DE30CA9BE9AC88F5D730508452C316B81C0D337,False,SOVEREIGN,0,0,False,
1786157156.5400221,engram-node03,138,75234FF00ECB6AEF4D879B593DE30CA9BE9AC88F5D730508452C316B81C0D337,False,SOVEREIGN,0,0,False,
1786157156.544595,engram-node04,138,75234FF00ECB6AEF4D879B593DE30CA9BE9AC88F5D730508452C316B81C0D337,False,SOVEREIGN,0,0,False,
1786157161.553567,engram-node01,142,BB8D7984B76C108C55621FAC858833FB0FE98AC11008DF7D7912ECA355DDC556,False,SOVEREIGN,0,0,False,
1786157161.557086,engram-node02,142,BB8D7984B76C108C55621FAC858833FB0FE98AC11008DF7D7912ECA355DDC556,False,SOVEREIGN,0,0,False,
1786157161.560447,engram-node03,142,BB8D7984B76C108C55621FAC858833FB0FE98AC11008DF7D7912ECA355DDC556,False,SOVEREIGN,0,0,False,
1786157161.563384,engram-node04,142,BB8D7984B76C108C55621FAC858833FB0FE98AC11008DF7D7912ECA355DDC556,False,SOVEREIGN,0,0,False,
1786157166.571606,engram-node01,145,1FE7151C3AAB9A8B7DD9ED226C9B520F914651FBEB87BC5165D651F7620A5115,False,SOVEREIGN,0,0,False,
1786157166.5779,engram-node02,145,1FE7151C3AAB9A8B7DD9ED226C9B520F914651FBEB87BC5165D651F7620A5115,False,SOVEREIGN,0,0,False,
1786157166.58223,engram-node03,145,1FE7151C3AAB9A8B7DD9ED226C9B520F914651FBEB87BC5165D651F7620A5115,False,SOVEREIGN,0,0,False,
1786157166.586536,engram-node04,145,1FE7151C3AAB9A8B7DD9ED226C9B520F914651FBEB87BC5165D651F7620A5115,False,SOVEREIGN,0,0,False,
1786157171.594246,engram-node01,149,233511E52870101E68E3A22B20CDBC060063A38AD578BC16196DAFDA14C0F01B,False,SOVEREIGN,0,0,False,
1786157171.601613,engram-node02,149,233511E52870101E68E3A22B20CDBC060063A38AD578BC16196DAFDA14C0F01B,False,SOVEREIGN,0,0,False,
1786157171.605927,engram-node03,149,233511E52870101E68E3A22B20CDBC060063A38AD578BC16196DAFDA14C0F01B,False,SOVEREIGN,0,0,False,
1786157171.6094751,engram-node04,149,233511E52870101E68E3A22B20CDBC060063A38AD578BC16196DAFDA14C0F01B,False,SOVEREIGN,0,0,False,
1786157176.6200802,engram-node01,153,734706B200787B22EFC477210B06E28F6BC6FB8E0AD4CC5705BAEBE8CF318CA3,False,SOVEREIGN,0,0,False,
1786157176.625681,engram-node02,153,734706B200787B22EFC477210B06E28F6BC6FB8E0AD4CC5705BAEBE8CF318CA3,False,SOVEREIGN,0,0,False,
1786157176.633784,engram-node03,153,734706B200787B22EFC477210B06E28F6BC6FB8E0AD4CC5705BAEBE8CF318CA3,False,SOVEREIGN,0,0,False,
1786157176.6379552,engram-node04,153,734706B200787B22EFC477210B06E28F6BC6FB8E0AD4CC5705BAEBE8CF318CA3,False,SOVEREIGN,0,0,False,
1786157181.6463099,engram-node01,157,0AF2EDA121B6AE859F1E4AD32FEF9E2EE72D8BB04B2D92A8E585CFCC52FDA6A9,False,SOVEREIGN,0,0,False,
1786157181.6518059,engram-node02,157,0AF2EDA121B6AE859F1E4AD32FEF9E2EE72D8BB04B2D92A8E585CFCC52FDA6A9,False,SOVEREIGN,0,0,False,
1786157181.656435,engram-node03,157,0AF2EDA121B6AE859F1E4AD32FEF9E2EE72D8BB04B2D92A8E585CFCC52FDA6A9,False,SOVEREIGN,0,0,False,
1786157181.660387,engram-node04,157,0AF2EDA121B6AE859F1E4AD32FEF9E2EE72D8BB04B2D92A8E585CFCC52FDA6A9,False,SOVEREIGN,0,0,False,
1786157186.668865,engram-node01,161,E1C96740EB35EFC45C92BC2C10F17ECD3CBF4CC0333D37DAD55B9EBDFD700BB7,False,SOVEREIGN,0,0,False,
1786157186.675862,engram-node02,161,E1C96740EB35EFC45C92BC2C10F17ECD3CBF4CC0333D37DAD55B9EBDFD700BB7,False,SOVEREIGN,0,0,False,
1786157186.681406,engram-node03,161,E1C96740EB35EFC45C92BC2C10F17ECD3CBF4CC0333D37DAD55B9EBDFD700BB7,False,SOVEREIGN,0,0,False,
1786157186.686054,engram-node04,161,E1C96740EB35EFC45C92BC2C10F17ECD3CBF4CC0333D37DAD55B9EBDFD700BB7,False,SOVEREIGN,0,0,False,
1786157191.690948,engram-node01,165,47B91529190D7ECA257323B1943F66B1F9B29C00E4EA2C49323D5B76F6A31275,False,SOVEREIGN,0,0,False,
1786157191.69647,engram-node02,165,47B91529190D7ECA257323B1943F66B1F9B29C00E4EA2C49323D5B76F6A31275,False,SOVEREIGN,0,0,False,
1786157191.699646,engram-node03,165,47B91529190D7ECA257323B1943F66B1F9B29C00E4EA2C49323D5B76F6A31275,False,SOVEREIGN,0,0,False,
1786157191.7041721,engram-node04,165,47B91529190D7ECA257323B1943F66B1F9B29C00E4EA2C49323D5B76F6A31275,False,SOVEREIGN,0,0,False,
1786157196.711918,engram-node01,170,88A8AB9061C18A6BA0F305316BD638C4BEB9A73E82DCC9E9A18F6AF2C0AF4BD3,False,SOVEREIGN,0,0,False,
1786157196.716981,engram-node02,170,88A8AB9061C18A6BA0F305316BD638C4BEB9A73E82DCC9E9A18F6AF2C0AF4BD3,False,SOVEREIGN,0,0,False,
1786157196.7201338,engram-node03,170,88A8AB9061C18A6BA0F305316BD638C4BEB9A73E82DCC9E9A18F6AF2C0AF4BD3,False,SOVEREIGN,0,0,False,
1786157196.722892,engram-node04,170,88A8AB9061C18A6BA0F305316BD638C4BEB9A73E82DCC9E9A18F6AF2C0AF4BD3,False,SOVEREIGN,0,0,False,
1786157201.730782,engram-node01,174,0B032ECC3B7915449743CC9FF78238B902F76FC1B49BAB3326210BCB3F3DDD3D,False,SOVEREIGN,0,0,False,
1786157201.7372422,engram-node02,174,0B032ECC3B7915449743CC9FF78238B902F76FC1B49BAB3326210BCB3F3DDD3D,False,SOVEREIGN,0,0,False,
1786157201.74382,engram-node03,174,0B032ECC3B7915449743CC9FF78238B902F76FC1B49BAB3326210BCB3F3DDD3D,False,SOVEREIGN,0,0,False,
1786157201.7484841,engram-node04,174,0B032ECC3B7915449743CC9FF78238B902F76FC1B49BAB3326210BCB3F3DDD3D,False,SOVEREIGN,0,0,False,
1786157206.75664,engram-node01,178,EC34A3FCABB9DE22D830C102A511B45CD2C08803FB15A9B02E501DDDDDA7B4CB,False,SOVEREIGN,0,0,False,
1786157206.767046,engram-node02,178,EC34A3FCABB9DE22D830C102A511B45CD2C08803FB15A9B02E501DDDDDA7B4CB,False,SOVEREIGN,0,0,False,
1786157206.7725282,engram-node03,178,EC34A3FCABB9DE22D830C102A511B45CD2C08803FB15A9B02E501DDDDDA7B4CB,False,SOVEREIGN,0,0,False,
1786157206.777248,engram-node04,178,EC34A3FCABB9DE22D830C102A511B45CD2C08803FB15A9B02E501DDDDDA7B4CB,False,SOVEREIGN,0,0,False,
1786157211.7832818,engram-node01,182,BEA5AAB0999D2C8D862DE5BB4C4E246F92C4F0C61D3ACF9FACFDB730BA2450F5,False,SOVEREIGN,0,0,False,
1786157211.790384,engram-node02,182,BEA5AAB0999D2C8D862DE5BB4C4E246F92C4F0C61D3ACF9FACFDB730BA2450F5,False,SOVEREIGN,0,0,False,
1786157211.793501,engram-node03,182,BEA5AAB0999D2C8D862DE5BB4C4E246F92C4F0C61D3ACF9FACFDB730BA2450F5,False,SOVEREIGN,0,0,False,
1786157211.796479,engram-node04,182,BEA5AAB0999D2C8D862DE5BB4C4E246F92C4F0C61D3ACF9FACFDB730BA2450F5,False,SOVEREIGN,0,0,False,
1786157216.800608,engram-node01,186,F1C940B60F8F4974ECF9547C27AC782192F5A42D11963760C5519647AE18B68B,False,SOVEREIGN,0,0,False,
1786157216.811334,engram-node02,186,F1C940B60F8F4974ECF9547C27AC782192F5A42D11963760C5519647AE18B68B,False,SOVEREIGN,0,0,False,
1786157216.8162482,engram-node03,186,F1C940B60F8F4974ECF9547C27AC782192F5A42D11963760C5519647AE18B68B,False,SOVEREIGN,0,0,False,
1786157216.821047,engram-node04,186,F1C940B60F8F4974ECF9547C27AC782192F5A42D11963760C5519647AE18B68B,False,SOVEREIGN,0,0,False,
1786157221.827641,engram-node01,190,402EA5B9CFC335C35856478410E5288422A87E4AE7AE283BCB9FBF2AFC14FE54,False,SOVEREIGN,0,0,False,
1786157221.831528,engram-node02,190,402EA5B9CFC335C35856478410E5288422A87E4AE7AE283BCB9FBF2AFC14FE54,False,SOVEREIGN,0,0,False,
1786157221.834214,engram-node03,190,402EA5B9CFC335C35856478410E5288422A87E4AE7AE283BCB9FBF2AFC14FE54,False,SOVEREIGN,0,0,False,
1786157221.837315,engram-node04,190,402EA5B9CFC335C35856478410E5288422A87E4AE7AE283BCB9FBF2AFC14FE54,False,SOVEREIGN,0,0,False,
1786157226.841463,engram-node01,193,D5A559A65A30D2B98ABE551FD3718B150F171C08AD871587B5A11DBCBB45F50F,False,RECOVERING,2,0,False,
1786157226.845899,engram-node02,193,D5A559A65A30D2B98ABE551FD3718B150F171C08AD871587B5A11DBCBB45F50F,False,RECOVERING,2,0,False,
1786157226.850086,engram-node03,193,D5A559A65A30D2B98ABE551FD3718B150F171C08AD871587B5A11DBCBB45F50F,False,RECOVERING,2,0,False,
1786157226.8532631,engram-node04,193,D5A559A65A30D2B98ABE551FD3718B150F171C08AD871587B5A11DBCBB45F50F,False,RECOVERING,2,0,False,
1786157231.859623,engram-node01,193,D5A559A65A30D2B98ABE551FD3718B150F171C08AD871587B5A11DBCBB45F50F,False,RECOVERING,2,0,False,
1786157231.8645482,engram-node02,193,D5A559A65A30D2B98ABE551FD3718B150F171C08AD871587B5A11DBCBB45F50F,False,RECOVERING,2,0,False,
1786157231.867746,engram-node03,193,D5A559A65A30D2B98ABE551FD3718B150F171C08AD871587B5A11DBCBB45F50F,False,RECOVERING,2,0,False,
1786157231.870626,engram-node04,193,D5A559A65A30D2B98ABE551FD3718B150F171C08AD871587B5A11DBCBB45F50F,False,RECOVERING,2,0,False,
1786157236.879376,engram-node01,193,D5A559A65A30D2B98ABE551FD3718B150F171C08AD871587B5A11DBCBB45F50F,False,RECOVERING,2,0,False,
1786157236.883629,engram-node02,193,D5A559A65A30D2B98ABE551FD3718B150F171C08AD871587B5A11DBCBB45F50F,False,RECOVERING,2,0,False,
1786157236.887906,engram-node03,193,D5A559A65A30D2B98ABE551FD3718B150F171C08AD871587B5A11DBCBB45F50F,False,RECOVERING,2,0,False,
1786157236.8914099,engram-node04,193,D5A559A65A30D2B98ABE551FD3718B150F171C08AD871587B5A11DBCBB45F50F,False,RECOVERING,2,0,False,
1786157241.895275,engram-node01,193,D5A559A65A30D2B98ABE551FD3718B150F171C08AD871587B5A11DBCBB45F50F,False,RECOVERING,2,0,False,
1786157241.9002318,engram-node02,193,D5A559A65A30D2B98ABE551FD3718B150F171C08AD871587B5A11DBCBB45F50F,False,RECOVERING,2,0,False,
1786157241.903944,engram-node03,193,D5A559A65A30D2B98ABE551FD3718B150F171C08AD871587B5A11DBCBB45F50F,False,RECOVERING,2,0,False,
1786157241.9068549,engram-node04,193,D5A559A65A30D2B98ABE551FD3718B150F171C08AD871587B5A11DBCBB45F50F,False,RECOVERING,2,0,False,
1786157246.911925,engram-node01,193,D5A559A65A30D2B98ABE551FD3718B150F171C08AD871587B5A11DBCBB45F50F,False,RECOVERING,2,0,False,
1786157246.920992,engram-node02,193,D5A559A65A30D2B98ABE551FD3718B150F171C08AD871587B5A11DBCBB45F50F,False,RECOVERING,2,0,False,
1786157246.926412,engram-node03,193,D5A559A65A30D2B98ABE551FD3718B150F171C08AD871587B5A11DBCBB45F50F,False,RECOVERING,2,0,False,
1786157246.9323468,engram-node04,193,D5A559A65A30D2B98ABE551FD3718B150F171C08AD871587B5A11DBCBB45F50F,False,RECOVERING,2,0,False,
1786157251.942671,engram-node01,193,D5A559A65A30D2B98ABE551FD3718B150F171C08AD871587B5A11DBCBB45F50F,False,RECOVERING,2,0,False,
1786157251.9479198,engram-node02,193,D5A559A65A30D2B98ABE551FD3718B150F171C08AD871587B5A11DBCBB45F50F,False,RECOVERING,2,0,False,
1786157251.9521852,engram-node03,193,D5A559A65A30D2B98ABE551FD3718B150F171C08AD871587B5A11DBCBB45F50F,False,RECOVERING,2,0,False,
1786157251.9564679,engram-node04,193,D5A559A65A30D2B98ABE551FD3718B150F171C08AD871587B5A11DBCBB45F50F,False,RECOVERING,2,0,False,
1786157256.9646158,engram-node01,193,D5A559A65A30D2B98ABE551FD3718B150F171C08AD871587B5A11DBCBB45F50F,False,RECOVERING,2,0,False,
1786157256.974057,engram-node02,193,D5A559A65A30D2B98ABE551FD3718B150F171C08AD871587B5A11DBCBB45F50F,False,RECOVERING,2,0,False,
1786157256.979893,engram-node03,193,D5A559A65A30D2B98ABE551FD3718B150F171C08AD871587B5A11DBCBB45F50F,False,RECOVERING,2,0,False,
1786157256.9847229,engram-node04,193,D5A559A65A30D2B98ABE551FD3718B150F171C08AD871587B5A11DBCBB45F50F,False,RECOVERING,2,0,False,
1786157261.994229,engram-node01,193,D5A559A65A30D2B98ABE551FD3718B150F171C08AD871587B5A11DBCBB45F50F,False,RECOVERING,2,0,False,
1786157262.000148,engram-node02,193,D5A559A65A30D2B98ABE551FD3718B150F171C08AD871587B5A11DBCBB45F50F,False,RECOVERING,2,0,False,
1786157262.004958,engram-node03,193,D5A559A65A30D2B98ABE551FD3718B150F171C08AD871587B5A11DBCBB45F50F,False,RECOVERING,2,0,False,
1786157262.011413,engram-node04,193,D5A559A65A30D2B98ABE551FD3718B150F171C08AD871587B5A11DBCBB45F50F,False,RECOVERING,2,0,False,
1786157267.018707,engram-node01,193,D5A559A65A30D2B98ABE551FD3718B150F171C08AD871587B5A11DBCBB45F50F,False,RECOVERING,2,0,False,
1786157267.024595,engram-node02,193,D5A559A65A30D2B98ABE551FD3718B150F171C08AD871587B5A11DBCBB45F50F,False,RECOVERING,2,0,False,
1786157267.031334,engram-node03,193,D5A559A65A30D2B98ABE551FD3718B150F171C08AD871587B5A11DBCBB45F50F,False,RECOVERING,2,0,False,
1786157267.037146,engram-node04,193,D5A559A65A30D2B98ABE551FD3718B150F171C08AD871587B5A11DBCBB45F50F,False,RECOVERING,2,0,False,
1786157272.0494132,engram-node01,193,D5A559A65A30D2B98ABE551FD3718B150F171C08AD871587B5A11DBCBB45F50F,False,RECOVERING,2,0,False,
1786157272.056969,engram-node02,193,D5A559A65A30D2B98ABE551FD3718B150F171C08AD871587B5A11DBCBB45F50F,False,RECOVERING,2,0,False,
1786157272.062572,engram-node03,193,D5A559A65A30D2B98ABE551FD3718B150F171C08AD871587B5A11DBCBB45F50F,False,RECOVERING,2,0,False,
1786157272.068605,engram-node04,193,D5A559A65A30D2B98ABE551FD3718B150F171C08AD871587B5A11DBCBB45F50F,False,RECOVERING,2,0,False,
1786157277.078484,engram-node01,193,D5A559A65A30D2B98ABE551FD3718B150F171C08AD871587B5A11DBCBB45F50F,False,RECOVERING,2,0,False,
1786157277.0841112,engram-node02,193,D5A559A65A30D2B98ABE551FD3718B150F171C08AD871587B5A11DBCBB45F50F,False,RECOVERING,2,0,False,
1786157277.089354,engram-node03,193,D5A559A65A30D2B98ABE551FD3718B150F171C08AD871587B5A11DBCBB45F50F,False,RECOVERING,2,0,False,
1786157277.0924249,engram-node04,193,D5A559A65A30D2B98ABE551FD3718B150F171C08AD871587B5A11DBCBB45F50F,False,RECOVERING,2,0,False,
1786157282.096129,engram-node01,195,DC96310A9969CB1E38A8EEF5F439248BA05998AF27BA09D7E711F922D634D12B,False,RECOVERING,0,0,False,
1786157282.1009998,engram-node02,195,DC96310A9969CB1E38A8EEF5F439248BA05998AF27BA09D7E711F922D634D12B,False,RECOVERING,0,0,False,
1786157282.105015,engram-node03,195,DC96310A9969CB1E38A8EEF5F439248BA05998AF27BA09D7E711F922D634D12B,False,RECOVERING,0,0,False,
1786157282.1090932,engram-node04,195,DC96310A9969CB1E38A8EEF5F439248BA05998AF27BA09D7E711F922D634D12B,False,RECOVERING,0,0,False,
1786157287.117905,engram-node01,197,771D968CBFC950CC9D17B07D6D291E55D842340A2D86CA13A5921EB74F2831A0,False,RECOVERING,2,0,False,
1786157287.122615,engram-node02,197,771D968CBFC950CC9D17B07D6D291E55D842340A2D86CA13A5921EB74F2831A0,False,RECOVERING,2,0,False,
1786157287.128577,engram-node03,197,771D968CBFC950CC9D17B07D6D291E55D842340A2D86CA13A5921EB74F2831A0,False,RECOVERING,2,0,False,
1786157287.132612,engram-node04,197,771D968CBFC950CC9D17B07D6D291E55D842340A2D86CA13A5921EB74F2831A0,False,RECOVERING,2,0,False,
1786157292.14096,engram-node01,197,771D968CBFC950CC9D17B07D6D291E55D842340A2D86CA13A5921EB74F2831A0,False,RECOVERING,2,0,False,
1786157292.147106,engram-node02,197,771D968CBFC950CC9D17B07D6D291E55D842340A2D86CA13A5921EB74F2831A0,False,RECOVERING,2,0,False,
1786157292.152222,engram-node03,197,771D968CBFC950CC9D17B07D6D291E55D842340A2D86CA13A5921EB74F2831A0,False,RECOVERING,2,0,False,
1786157292.156186,engram-node04,197,771D968CBFC950CC9D17B07D6D291E55D842340A2D86CA13A5921EB74F2831A0,False,RECOVERING,2,0,False,
1786157297.164814,engram-node01,197,771D968CBFC950CC9D17B07D6D291E55D842340A2D86CA13A5921EB74F2831A0,False,RECOVERING,2,0,False,
1786157297.174239,engram-node02,197,771D968CBFC950CC9D17B07D6D291E55D842340A2D86CA13A5921EB74F2831A0,False,RECOVERING,2,0,False,
1786157297.1810932,engram-node03,197,771D968CBFC950CC9D17B07D6D291E55D842340A2D86CA13A5921EB74F2831A0,False,RECOVERING,2,0,False,
1786157297.186388,engram-node04,197,771D968CBFC950CC9D17B07D6D291E55D842340A2D86CA13A5921EB74F2831A0,False,RECOVERING,2,0,False,
1786157302.195783,engram-node01,197,771D968CBFC950CC9D17B07D6D291E55D842340A2D86CA13A5921EB74F2831A0,False,RECOVERING,2,0,False,
1786157302.20019,engram-node02,197,771D968CBFC950CC9D17B07D6D291E55D842340A2D86CA13A5921EB74F2831A0,False,RECOVERING,2,0,False,
1786157302.2034738,engram-node03,197,771D968CBFC950CC9D17B07D6D291E55D842340A2D86CA13A5921EB74F2831A0,False,RECOVERING,2,0,False,
1786157302.207407,engram-node04,197,771D968CBFC950CC9D17B07D6D291E55D842340A2D86CA13A5921EB74F2831A0,False,RECOVERING,2,0,False,
1786157307.2164521,engram-node01,197,771D968CBFC950CC9D17B07D6D291E55D842340A2D86CA13A5921EB74F2831A0,False,RECOVERING,2,0,False,
1786157307.226751,engram-node02,197,771D968CBFC950CC9D17B07D6D291E55D842340A2D86CA13A5921EB74F2831A0,False,RECOVERING,2,0,False,
1786157307.2331798,engram-node03,197,771D968CBFC950CC9D17B07D6D291E55D842340A2D86CA13A5921EB74F2831A0,False,RECOVERING,2,0,False,
1786157307.238401,engram-node04,197,771D968CBFC950CC9D17B07D6D291E55D842340A2D86CA13A5921EB74F2831A0,False,RECOVERING,2,0,False,
1786157312.248488,engram-node01,197,771D968CBFC950CC9D17B07D6D291E55D842340A2D86CA13A5921EB74F2831A0,False,RECOVERING,2,0,False,
1786157312.2597702,engram-node02,197,771D968CBFC950CC9D17B07D6D291E55D842340A2D86CA13A5921EB74F2831A0,False,RECOVERING,2,0,False,
1786157312.264708,engram-node03,197,771D968CBFC950CC9D17B07D6D291E55D842340A2D86CA13A5921EB74F2831A0,False,RECOVERING,2,0,False,
1786157312.2695339,engram-node04,197,771D968CBFC950CC9D17B07D6D291E55D842340A2D86CA13A5921EB74F2831A0,False,RECOVERING,2,0,False,
1786157317.275807,engram-node01,197,771D968CBFC950CC9D17B07D6D291E55D842340A2D86CA13A5921EB74F2831A0,False,RECOVERING,2,0,False,
1786157317.283196,engram-node02,197,771D968CBFC950CC9D17B07D6D291E55D842340A2D86CA13A5921EB74F2831A0,False,RECOVERING,2,0,False,
1786157317.287733,engram-node03,197,771D968CBFC950CC9D17B07D6D291E55D842340A2D86CA13A5921EB74F2831A0,False,RECOVERING,2,0,False,
1786157317.291279,engram-node04,197,771D968CBFC950CC9D17B07D6D291E55D842340A2D86CA13A5921EB74F2831A0,False,RECOVERING,2,0,False,
1786157322.299788,engram-node01,197,771D968CBFC950CC9D17B07D6D291E55D842340A2D86CA13A5921EB74F2831A0,False,RECOVERING,2,0,False,
1786157322.309346,engram-node02,197,771D968CBFC950CC9D17B07D6D291E55D842340A2D86CA13A5921EB74F2831A0,False,RECOVERING,2,0,False,
1786157322.314732,engram-node03,197,771D968CBFC950CC9D17B07D6D291E55D842340A2D86CA13A5921EB74F2831A0,False,RECOVERING,2,0,False,
1786157322.319786,engram-node04,197,771D968CBFC950CC9D17B07D6D291E55D842340A2D86CA13A5921EB74F2831A0,False,RECOVERING,2,0,False,
1786157327.3276448,engram-node01,197,771D968CBFC950CC9D17B07D6D291E55D842340A2D86CA13A5921EB74F2831A0,False,RECOVERING,2,0,False,
1786157327.33482,engram-node02,197,771D968CBFC950CC9D17B07D6D291E55D842340A2D86CA13A5921EB74F2831A0,False,RECOVERING,2,0,False,
1786157327.340311,engram-node03,197,771D968CBFC950CC9D17B07D6D291E55D842340A2D86CA13A5921EB74F2831A0,False,RECOVERING,2,0,False,
1786157327.3459442,engram-node04,197,771D968CBFC950CC9D17B07D6D291E55D842340A2D86CA13A5921EB74F2831A0,False,RECOVERING,2,0,False,
1786157332.353442,engram-node01,197,771D968CBFC950CC9D17B07D6D291E55D842340A2D86CA13A5921EB74F2831A0,False,RECOVERING,2,0,False,
1786157332.3582652,engram-node02,197,771D968CBFC950CC9D17B07D6D291E55D842340A2D86CA13A5921EB74F2831A0,False,RECOVERING,2,0,False,
1786157332.362518,engram-node03,197,771D968CBFC950CC9D17B07D6D291E55D842340A2D86CA13A5921EB74F2831A0,False,RECOVERING,2,0,False,
1786157332.366966,engram-node04,197,771D968CBFC950CC9D17B07D6D291E55D842340A2D86CA13A5921EB74F2831A0,False,RECOVERING,2,0,False,
1786157337.37401,engram-node01,197,771D968CBFC950CC9D17B07D6D291E55D842340A2D86CA13A5921EB74F2831A0,False,RECOVERING,2,0,False,
1786157337.3825102,engram-node02,197,771D968CBFC950CC9D17B07D6D291E55D842340A2D86CA13A5921EB74F2831A0,False,RECOVERING,2,0,False,
1786157337.388149,engram-node03,197,771D968CBFC950CC9D17B07D6D291E55D842340A2D86CA13A5921EB74F2831A0,False,RECOVERING,2,0,False,
1786157337.3939772,engram-node04,197,771D968CBFC950CC9D17B07D6D291E55D842340A2D86CA13A5921EB74F2831A0,False,RECOVERING,2,0,False,
1786157342.4053051,engram-node01,200,B62564CE50EF909725BB9044E2EB9F4A1BF25CA3D5CEE8D72296107B20BDECB3,False,RECOVERING,1,0,False,
1786157342.4151092,engram-node02,200,B62564CE50EF909725BB9044E2EB9F4A1BF25CA3D5CEE8D72296107B20BDECB3,False,RECOVERING,1,0,False,
1786157342.422333,engram-node03,200,B62564CE50EF909725BB9044E2EB9F4A1BF25CA3D5CEE8D72296107B20BDECB3,False,RECOVERING,1,0,False,
1786157342.427718,engram-node04,200,B62564CE50EF909725BB9044E2EB9F4A1BF25CA3D5CEE8D72296107B20BDECB3,False,RECOVERING,1,0,False,
1786157347.4346519,engram-node01,201,2E18AA28035B035F0C6963AFC7D7E857801F1C6440795FD8F1913AC682946DAC,False,RECOVERING,2,0,False,
1786157347.439301,engram-node02,201,2E18AA28035B035F0C6963AFC7D7E857801F1C6440795FD8F1913AC682946DAC,False,RECOVERING,2,0,False,
1786157347.445214,engram-node03,201,2E18AA28035B035F0C6963AFC7D7E857801F1C6440795FD8F1913AC682946DAC,False,RECOVERING,2,0,False,
1786157347.448582,engram-node04,201,2E18AA28035B035F0C6963AFC7D7E857801F1C6440795FD8F1913AC682946DAC,False,RECOVERING,2,0,False,
1786157352.453799,engram-node01,201,2E18AA28035B035F0C6963AFC7D7E857801F1C6440795FD8F1913AC682946DAC,False,RECOVERING,2,0,False,
1786157352.4591491,engram-node02,201,2E18AA28035B035F0C6963AFC7D7E857801F1C6440795FD8F1913AC682946DAC,False,RECOVERING,2,0,False,
1786157352.4630442,engram-node03,201,2E18AA28035B035F0C6963AFC7D7E857801F1C6440795FD8F1913AC682946DAC,False,RECOVERING,2,0,False,
1786157352.466398,engram-node04,201,2E18AA28035B035F0C6963AFC7D7E857801F1C6440795FD8F1913AC682946DAC,False,RECOVERING,2,0,False,
1786157357.471904,engram-node01,201,2E18AA28035B035F0C6963AFC7D7E857801F1C6440795FD8F1913AC682946DAC,False,RECOVERING,2,0,False,
1786157357.476813,engram-node02,201,2E18AA28035B035F0C6963AFC7D7E857801F1C6440795FD8F1913AC682946DAC,False,RECOVERING,2,0,False,
1786157357.481768,engram-node03,201,2E18AA28035B035F0C6963AFC7D7E857801F1C6440795FD8F1913AC682946DAC,False,RECOVERING,2,0,False,
1786157357.486292,engram-node04,201,2E18AA28035B035F0C6963AFC7D7E857801F1C6440795FD8F1913AC682946DAC,False,RECOVERING,2,0,False,
1786157362.494837,engram-node01,201,2E18AA28035B035F0C6963AFC7D7E857801F1C6440795FD8F1913AC682946DAC,False,RECOVERING,2,0,False,
1786157362.5031722,engram-node02,201,2E18AA28035B035F0C6963AFC7D7E857801F1C6440795FD8F1913AC682946DAC,False,RECOVERING,2,0,False,
1786157362.5096772,engram-node03,201,2E18AA28035B035F0C6963AFC7D7E857801F1C6440795FD8F1913AC682946DAC,False,RECOVERING,2,0,False,
1786157362.515358,engram-node04,201,2E18AA28035B035F0C6963AFC7D7E857801F1C6440795FD8F1913AC682946DAC,False,RECOVERING,2,0,False,
1786157367.5258229,engram-node01,201,2E18AA28035B035F0C6963AFC7D7E857801F1C6440795FD8F1913AC682946DAC,False,RECOVERING,2,0,False,
1786157367.5366411,engram-node02,201,2E18AA28035B035F0C6963AFC7D7E857801F1C6440795FD8F1913AC682946DAC,False,RECOVERING,2,0,False,
1786157367.543623,engram-node03,201,2E18AA28035B035F0C6963AFC7D7E857801F1C6440795FD8F1913AC682946DAC,False,RECOVERING,2,0,False,
1786157367.549166,engram-node04,201,2E18AA28035B035F0C6963AFC7D7E857801F1C6440795FD8F1913AC682946DAC,False,RECOVERING,2,0,False,
1786157372.556129,engram-node01,201,2E18AA28035B035F0C6963AFC7D7E857801F1C6440795FD8F1913AC682946DAC,False,RECOVERING,2,0,False,
1786157372.561858,engram-node02,201,2E18AA28035B035F0C6963AFC7D7E857801F1C6440795FD8F1913AC682946DAC,False,RECOVERING,2,0,False,
1786157372.566046,engram-node03,201,2E18AA28035B035F0C6963AFC7D7E857801F1C6440795FD8F1913AC682946DAC,False,RECOVERING,2,0,False,
1786157372.570508,engram-node04,201,2E18AA28035B035F0C6963AFC7D7E857801F1C6440795FD8F1913AC682946DAC,False,RECOVERING,2,0,False,
1786157377.575544,engram-node01,201,2E18AA28035B035F0C6963AFC7D7E857801F1C6440795FD8F1913AC682946DAC,False,RECOVERING,2,0,False,
1786157377.586368,engram-node02,201,2E18AA28035B035F0C6963AFC7D7E857801F1C6440795FD8F1913AC682946DAC,False,RECOVERING,2,0,False,
1786157377.591572,engram-node03,201,2E18AA28035B035F0C6963AFC7D7E857801F1C6440795FD8F1913AC682946DAC,False,RECOVERING,2,0,False,
1786157377.5970292,engram-node04,201,2E18AA28035B035F0C6963AFC7D7E857801F1C6440795FD8F1913AC682946DAC,False,RECOVERING,2,0,False,
1786157382.604977,engram-node01,201,2E18AA28035B035F0C6963AFC7D7E857801F1C6440795FD8F1913AC682946DAC,False,RECOVERING,2,0,False,
1786157382.614211,engram-node02,201,2E18AA28035B035F0C6963AFC7D7E857801F1C6440795FD8F1913AC682946DAC,False,RECOVERING,2,0,False,
1786157382.6218681,engram-node03,201,2E18AA28035B035F0C6963AFC7D7E857801F1C6440795FD8F1913AC682946DAC,False,RECOVERING,2,0,False,
1786157382.627467,engram-node04,201,2E18AA28035B035F0C6963AFC7D7E857801F1C6440795FD8F1913AC682946DAC,False,RECOVERING,2,0,False,
1786157387.637842,engram-node01,201,2E18AA28035B035F0C6963AFC7D7E857801F1C6440795FD8F1913AC682946DAC,False,RECOVERING,2,0,False,
1786157387.646946,engram-node02,201,2E18AA28035B035F0C6963AFC7D7E857801F1C6440795FD8F1913AC682946DAC,False,RECOVERING,2,0,False,
1786157387.653718,engram-node03,201,2E18AA28035B035F0C6963AFC7D7E857801F1C6440795FD8F1913AC682946DAC,False,RECOVERING,2,0,False,
1786157387.659018,engram-node04,201,2E18AA28035B035F0C6963AFC7D7E857801F1C6440795FD8F1913AC682946DAC,False,RECOVERING,2,0,False,
1786157392.669627,engram-node01,201,2E18AA28035B035F0C6963AFC7D7E857801F1C6440795FD8F1913AC682946DAC,False,RECOVERING,2,0,False,
1786157392.67854,engram-node02,201,2E18AA28035B035F0C6963AFC7D7E857801F1C6440795FD8F1913AC682946DAC,False,RECOVERING,2,0,False,
1786157392.684478,engram-node03,201,2E18AA28035B035F0C6963AFC7D7E857801F1C6440795FD8F1913AC682946DAC,False,RECOVERING,2,0,False,
1786157392.6881762,engram-node04,201,2E18AA28035B035F0C6963AFC7D7E857801F1C6440795FD8F1913AC682946DAC,False,RECOVERING,2,0,False,
1786157397.696894,engram-node01,201,2E18AA28035B035F0C6963AFC7D7E857801F1C6440795FD8F1913AC682946DAC,False,RECOVERING,2,0,False,
1786157397.702857,engram-node02,201,2E18AA28035B035F0C6963AFC7D7E857801F1C6440795FD8F1913AC682946DAC,False,RECOVERING,2,0,False,
1786157397.708077,engram-node03,201,2E18AA28035B035F0C6963AFC7D7E857801F1C6440795FD8F1913AC682946DAC,False,RECOVERING,2,0,False,
1786157397.7112372,engram-node04,201,2E18AA28035B035F0C6963AFC7D7E857801F1C6440795FD8F1913AC682946DAC,False,RECOVERING,2,0,False,
1786157402.719569,engram-node01,204,85A1B4743E3CE526D34921D92B2A3B81C7F076DB601362D63304037B8912FF43,False,RECOVERING,1,0,False,
1786157402.72542,engram-node02,204,85A1B4743E3CE526D34921D92B2A3B81C7F076DB601362D63304037B8912FF43,False,RECOVERING,1,0,False,
1786157402.728989,engram-node03,204,85A1B4743E3CE526D34921D92B2A3B81C7F076DB601362D63304037B8912FF43,False,RECOVERING,1,0,False,
1786157402.732426,engram-node04,204,85A1B4743E3CE526D34921D92B2A3B81C7F076DB601362D63304037B8912FF43,False,RECOVERING,1,0,False,
1786157407.740316,engram-node01,205,EF25143973F1284CBDEBCE71EF7627F39C4ADFBA5197553E52BA08F6869607D0,False,RECOVERING,2,0,False,
1786157407.747551,engram-node02,205,EF25143973F1284CBDEBCE71EF7627F39C4ADFBA5197553E52BA08F6869607D0,False,RECOVERING,2,0,False,
1786157407.7532449,engram-node03,205,EF25143973F1284CBDEBCE71EF7627F39C4ADFBA5197553E52BA08F6869607D0,False,RECOVERING,2,0,False,
1786157407.75948,engram-node04,205,EF25143973F1284CBDEBCE71EF7627F39C4ADFBA5197553E52BA08F6869607D0,False,RECOVERING,2,0,False,
1786157412.7671108,engram-node01,205,EF25143973F1284CBDEBCE71EF7627F39C4ADFBA5197553E52BA08F6869607D0,False,RECOVERING,2,0,False,
1786157412.775302,engram-node02,205,EF25143973F1284CBDEBCE71EF7627F39C4ADFBA5197553E52BA08F6869607D0,False,RECOVERING,2,0,False,
1786157412.780745,engram-node03,205,EF25143973F1284CBDEBCE71EF7627F39C4ADFBA5197553E52BA08F6869607D0,False,RECOVERING,2,0,False,
1786157412.7860422,engram-node04,205,EF25143973F1284CBDEBCE71EF7627F39C4ADFBA5197553E52BA08F6869607D0,False,RECOVERING,2,0,False,
1786157417.793665,engram-node01,205,EF25143973F1284CBDEBCE71EF7627F39C4ADFBA5197553E52BA08F6869607D0,False,RECOVERING,2,0,False,
1786157417.799244,engram-node02,205,EF25143973F1284CBDEBCE71EF7627F39C4ADFBA5197553E52BA08F6869607D0,False,RECOVERING,2,0,False,
1786157417.8025448,engram-node03,205,EF25143973F1284CBDEBCE71EF7627F39C4ADFBA5197553E52BA08F6869607D0,False,RECOVERING,2,0,False,
1786157417.805662,engram-node04,205,EF25143973F1284CBDEBCE71EF7627F39C4ADFBA5197553E52BA08F6869607D0,False,RECOVERING,2,0,False,
1786157422.81384,engram-node01,205,EF25143973F1284CBDEBCE71EF7627F39C4ADFBA5197553E52BA08F6869607D0,False,RECOVERING,2,0,False,
1786157422.823621,engram-node02,205,EF25143973F1284CBDEBCE71EF7627F39C4ADFBA5197553E52BA08F6869607D0,False,RECOVERING,2,0,False,
1786157422.829791,engram-node03,205,EF25143973F1284CBDEBCE71EF7627F39C4ADFBA5197553E52BA08F6869607D0,False,RECOVERING,2,0,False,
1786157422.836364,engram-node04,205,EF25143973F1284CBDEBCE71EF7627F39C4ADFBA5197553E52BA08F6869607D0,False,RECOVERING,2,0,False,
1786157427.84582,engram-node01,205,EF25143973F1284CBDEBCE71EF7627F39C4ADFBA5197553E52BA08F6869607D0,False,RECOVERING,2,0,False,
1786157427.8552341,engram-node02,205,EF25143973F1284CBDEBCE71EF7627F39C4ADFBA5197553E52BA08F6869607D0,False,RECOVERING,2,0,False,
1786157427.861551,engram-node03,205,EF25143973F1284CBDEBCE71EF7627F39C4ADFBA5197553E52BA08F6869607D0,False,RECOVERING,2,0,False,
1786157427.867275,engram-node04,205,EF25143973F1284CBDEBCE71EF7627F39C4ADFBA5197553E52BA08F6869607D0,False,RECOVERING,2,0,False,
1786157432.875812,engram-node01,205,EF25143973F1284CBDEBCE71EF7627F39C4ADFBA5197553E52BA08F6869607D0,False,RECOVERING,2,0,False,
1786157432.886698,engram-node02,205,EF25143973F1284CBDEBCE71EF7627F39C4ADFBA5197553E52BA08F6869607D0,False,RECOVERING,2,0,False,
1786157432.893482,engram-node03,205,EF25143973F1284CBDEBCE71EF7627F39C4ADFBA5197553E52BA08F6869607D0,False,RECOVERING,2,0,False,
1786157432.898805,engram-node04,205,EF25143973F1284CBDEBCE71EF7627F39C4ADFBA5197553E52BA08F6869607D0,False,RECOVERING,2,0,False,
1786157437.9077718,engram-node01,205,EF25143973F1284CBDEBCE71EF7627F39C4ADFBA5197553E52BA08F6869607D0,False,RECOVERING,2,0,False,
1786157437.9154701,engram-node02,205,EF25143973F1284CBDEBCE71EF7627F39C4ADFBA5197553E52BA08F6869607D0,False,RECOVERING,2,0,False,
1786157437.9195242,engram-node03,205,EF25143973F1284CBDEBCE71EF7627F39C4ADFBA5197553E52BA08F6869607D0,False,RECOVERING,2,0,False,
1786157437.9240901,engram-node04,205,EF25143973F1284CBDEBCE71EF7627F39C4ADFBA5197553E52BA08F6869607D0,False,RECOVERING,2,0,False,
1786157442.9317288,engram-node01,205,EF25143973F1284CBDEBCE71EF7627F39C4ADFBA5197553E52BA08F6869607D0,False,RECOVERING,2,0,False,
1786157442.938522,engram-node02,205,EF25143973F1284CBDEBCE71EF7627F39C4ADFBA5197553E52BA08F6869607D0,False,RECOVERING,2,0,False,
1786157442.9424782,engram-node03,205,EF25143973F1284CBDEBCE71EF7627F39C4ADFBA5197553E52BA08F6869607D0,False,RECOVERING,2,0,False,
1786157442.945617,engram-node04,205,EF25143973F1284CBDEBCE71EF7627F39C4ADFBA5197553E52BA08F6869607D0,False,RECOVERING,2,0,False,
1786157447.948998,engram-node01,205,EF25143973F1284CBDEBCE71EF7627F39C4ADFBA5197553E52BA08F6869607D0,False,RECOVERING,2,0,False,
1786157447.956299,engram-node02,205,EF25143973F1284CBDEBCE71EF7627F39C4ADFBA5197553E52BA08F6869607D0,False,RECOVERING,2,0,False,
1786157447.9628952,engram-node03,205,EF25143973F1284CBDEBCE71EF7627F39C4ADFBA5197553E52BA08F6869607D0,False,RECOVERING,2,0,False,
1786157447.968044,engram-node04,205,EF25143973F1284CBDEBCE71EF7627F39C4ADFBA5197553E52BA08F6869607D0,False,RECOVERING,2,0,False,
1786157452.977112,engram-node01,205,EF25143973F1284CBDEBCE71EF7627F39C4ADFBA5197553E52BA08F6869607D0,False,RECOVERING,2,0,False,
1786157452.9813912,engram-node02,205,EF25143973F1284CBDEBCE71EF7627F39C4ADFBA5197553E52BA08F6869607D0,False,RECOVERING,2,0,False,
1786157452.985098,engram-node03,205,EF25143973F1284CBDEBCE71EF7627F39C4ADFBA5197553E52BA08F6869607D0,False,RECOVERING,2,0,False,
1786157452.989602,engram-node04,205,EF25143973F1284CBDEBCE71EF7627F39C4ADFBA5197553E52BA08F6869607D0,False,RECOVERING,2,0,False,
1786157457.9975512,engram-node01,205,EF25143973F1284CBDEBCE71EF7627F39C4ADFBA5197553E52BA08F6869607D0,False,RECOVERING,2,0,False,
1786157458.0064929,engram-node02,205,EF25143973F1284CBDEBCE71EF7627F39C4ADFBA5197553E52BA08F6869607D0,False,RECOVERING,2,0,False,
1786157458.013087,engram-node03,205,EF25143973F1284CBDEBCE71EF7627F39C4ADFBA5197553E52BA08F6869607D0,False,RECOVERING,2,0,False,
1786157458.018649,engram-node04,205,EF25143973F1284CBDEBCE71EF7627F39C4ADFBA5197553E52BA08F6869607D0,False,RECOVERING,2,0,False,
1786157463.023531,engram-node01,208,4AF9DF2AF864E88D18373F30DC9A94CD79584AE2BC866C450D43CA134AE67EA9,False,RECOVERING,1,0,False,
1786157463.0299242,engram-node02,208,4AF9DF2AF864E88D18373F30DC9A94CD79584AE2BC866C450D43CA134AE67EA9,False,RECOVERING,1,0,False,
1786157463.0349162,engram-node03,208,4AF9DF2AF864E88D18373F30DC9A94CD79584AE2BC866C450D43CA134AE67EA9,False,RECOVERING,1,0,False,
1786157463.038992,engram-node04,208,4AF9DF2AF864E88D18373F30DC9A94CD79584AE2BC866C450D43CA134AE67EA9,False,RECOVERING,1,0,False,
1786157468.049769,engram-node01,209,A3D41A5E33B091364F93A5EFA6F7E04F6DD6B741F13AC1BEA896F0CB6F65E8D6,False,RECOVERING,2,0,False,
1786157468.060683,engram-node02,209,A3D41A5E33B091364F93A5EFA6F7E04F6DD6B741F13AC1BEA896F0CB6F65E8D6,False,RECOVERING,2,0,False,
1786157468.067281,engram-node03,209,A3D41A5E33B091364F93A5EFA6F7E04F6DD6B741F13AC1BEA896F0CB6F65E8D6,False,RECOVERING,2,0,False,
1786157468.072714,engram-node04,209,A3D41A5E33B091364F93A5EFA6F7E04F6DD6B741F13AC1BEA896F0CB6F65E8D6,False,RECOVERING,2,0,False,
1786157473.079799,engram-node01,209,A3D41A5E33B091364F93A5EFA6F7E04F6DD6B741F13AC1BEA896F0CB6F65E8D6,False,RECOVERING,2,0,False,
1786157473.085933,engram-node02,209,A3D41A5E33B091364F93A5EFA6F7E04F6DD6B741F13AC1BEA896F0CB6F65E8D6,False,RECOVERING,2,0,False,
1786157473.0893261,engram-node03,209,A3D41A5E33B091364F93A5EFA6F7E04F6DD6B741F13AC1BEA896F0CB6F65E8D6,False,RECOVERING,2,0,False,
1786157473.091893,engram-node04,209,A3D41A5E33B091364F93A5EFA6F7E04F6DD6B741F13AC1BEA896F0CB6F65E8D6,False,RECOVERING,2,0,False,
1786157478.099628,engram-node01,209,A3D41A5E33B091364F93A5EFA6F7E04F6DD6B741F13AC1BEA896F0CB6F65E8D6,False,RECOVERING,2,0,False,
1786157478.1082501,engram-node02,209,A3D41A5E33B091364F93A5EFA6F7E04F6DD6B741F13AC1BEA896F0CB6F65E8D6,False,RECOVERING,2,0,False,
1786157478.113495,engram-node03,209,A3D41A5E33B091364F93A5EFA6F7E04F6DD6B741F13AC1BEA896F0CB6F65E8D6,False,RECOVERING,2,0,False,
1786157478.11805,engram-node04,209,A3D41A5E33B091364F93A5EFA6F7E04F6DD6B741F13AC1BEA896F0CB6F65E8D6,False,RECOVERING,2,0,False,
1786157483.125073,engram-node01,209,A3D41A5E33B091364F93A5EFA6F7E04F6DD6B741F13AC1BEA896F0CB6F65E8D6,False,RECOVERING,2,0,False,
1786157483.1337101,engram-node02,209,A3D41A5E33B091364F93A5EFA6F7E04F6DD6B741F13AC1BEA896F0CB6F65E8D6,False,RECOVERING,2,0,False,
1786157483.138649,engram-node03,209,A3D41A5E33B091364F93A5EFA6F7E04F6DD6B741F13AC1BEA896F0CB6F65E8D6,False,RECOVERING,2,0,False,
1786157483.143093,engram-node04,209,A3D41A5E33B091364F93A5EFA6F7E04F6DD6B741F13AC1BEA896F0CB6F65E8D6,False,RECOVERING,2,0,False,
1786157488.1491258,engram-node01,209,A3D41A5E33B091364F93A5EFA6F7E04F6DD6B741F13AC1BEA896F0CB6F65E8D6,False,RECOVERING,2,0,False,
1786157488.156569,engram-node02,209,A3D41A5E33B091364F93A5EFA6F7E04F6DD6B741F13AC1BEA896F0CB6F65E8D6,False,RECOVERING,2,0,False,
1786157488.160768,engram-node03,209,A3D41A5E33B091364F93A5EFA6F7E04F6DD6B741F13AC1BEA896F0CB6F65E8D6,False,RECOVERING,2,0,False,
1786157488.165455,engram-node04,209,A3D41A5E33B091364F93A5EFA6F7E04F6DD6B741F13AC1BEA896F0CB6F65E8D6,False,RECOVERING,2,0,False,
1786157493.169635,engram-node01,209,A3D41A5E33B091364F93A5EFA6F7E04F6DD6B741F13AC1BEA896F0CB6F65E8D6,False,RECOVERING,2,0,False,
1786157493.178058,engram-node02,209,A3D41A5E33B091364F93A5EFA6F7E04F6DD6B741F13AC1BEA896F0CB6F65E8D6,False,RECOVERING,2,0,False,
1786157493.182834,engram-node03,209,A3D41A5E33B091364F93A5EFA6F7E04F6DD6B741F13AC1BEA896F0CB6F65E8D6,False,RECOVERING,2,0,False,
1786157493.187457,engram-node04,209,A3D41A5E33B091364F93A5EFA6F7E04F6DD6B741F13AC1BEA896F0CB6F65E8D6,False,RECOVERING,2,0,False,
1786157498.196235,engram-node01,209,A3D41A5E33B091364F93A5EFA6F7E04F6DD6B741F13AC1BEA896F0CB6F65E8D6,False,RECOVERING,2,0,False,
1786157498.2076359,engram-node02,209,A3D41A5E33B091364F93A5EFA6F7E04F6DD6B741F13AC1BEA896F0CB6F65E8D6,False,RECOVERING,2,0,False,
1786157498.213394,engram-node03,209,A3D41A5E33B091364F93A5EFA6F7E04F6DD6B741F13AC1BEA896F0CB6F65E8D6,False,RECOVERING,2,0,False,
1786157498.218257,engram-node04,209,A3D41A5E33B091364F93A5EFA6F7E04F6DD6B741F13AC1BEA896F0CB6F65E8D6,False,RECOVERING,2,0,False,
1786157503.223383,engram-node01,209,A3D41A5E33B091364F93A5EFA6F7E04F6DD6B741F13AC1BEA896F0CB6F65E8D6,False,RECOVERING,2,0,False,
1786157503.233279,engram-node02,209,A3D41A5E33B091364F93A5EFA6F7E04F6DD6B741F13AC1BEA896F0CB6F65E8D6,False,RECOVERING,2,0,False,
1786157503.238422,engram-node03,209,A3D41A5E33B091364F93A5EFA6F7E04F6DD6B741F13AC1BEA896F0CB6F65E8D6,False,RECOVERING,2,0,False,
1786157503.242928,engram-node04,209,A3D41A5E33B091364F93A5EFA6F7E04F6DD6B741F13AC1BEA896F0CB6F65E8D6,False,RECOVERING,2,0,False,
1786157508.249729,engram-node01,209,A3D41A5E33B091364F93A5EFA6F7E04F6DD6B741F13AC1BEA896F0CB6F65E8D6,False,RECOVERING,2,0,False,
1786157508.261518,engram-node02,209,A3D41A5E33B091364F93A5EFA6F7E04F6DD6B741F13AC1BEA896F0CB6F65E8D6,False,RECOVERING,2,0,False,
1786157508.2694101,engram-node03,209,A3D41A5E33B091364F93A5EFA6F7E04F6DD6B741F13AC1BEA896F0CB6F65E8D6,False,RECOVERING,2,0,False,
1786157508.27668,engram-node04,209,A3D41A5E33B091364F93A5EFA6F7E04F6DD6B741F13AC1BEA896F0CB6F65E8D6,False,RECOVERING,2,0,False,
1786157513.286977,engram-node01,209,A3D41A5E33B091364F93A5EFA6F7E04F6DD6B741F13AC1BEA896F0CB6F65E8D6,False,RECOVERING,2,0,False,
1786157513.325359,engram-node02,209,A3D41A5E33B091364F93A5EFA6F7E04F6DD6B741F13AC1BEA896F0CB6F65E8D6,False,RECOVERING,2,0,False,
1786157513.337746,engram-node03,209,A3D41A5E33B091364F93A5EFA6F7E04F6DD6B741F13AC1BEA896F0CB6F65E8D6,False,RECOVERING,2,0,False,
1786157513.342226,engram-node04,209,A3D41A5E33B091364F93A5EFA6F7E04F6DD6B741F13AC1BEA896F0CB6F65E8D6,False,RECOVERING,2,0,False,
1786157518.349072,engram-node01,209,A3D41A5E33B091364F93A5EFA6F7E04F6DD6B741F13AC1BEA896F0CB6F65E8D6,False,RECOVERING,2,0,False,
1786157518.3593988,engram-node02,209,A3D41A5E33B091364F93A5EFA6F7E04F6DD6B741F13AC1BEA896F0CB6F65E8D6,False,RECOVERING,2,0,False,
1786157518.365342,engram-node03,209,A3D41A5E33B091364F93A5EFA6F7E04F6DD6B741F13AC1BEA896F0CB6F65E8D6,False,RECOVERING,2,0,False,
1786157518.36989,engram-node04,209,A3D41A5E33B091364F93A5EFA6F7E04F6DD6B741F13AC1BEA896F0CB6F65E8D6,False,RECOVERING,2,0,False,
1786157523.374062,engram-node01,213,A9B54941D005A3B1D482D1859C9B2CE9C4C18C24ADCEB2BA4718798D0D04C6FA,False,RECOVERING,2,0,False,
1786157523.381492,engram-node02,213,A9B54941D005A3B1D482D1859C9B2CE9C4C18C24ADCEB2BA4718798D0D04C6FA,False,RECOVERING,2,0,False,
1786157523.386307,engram-node03,213,A9B54941D005A3B1D482D1859C9B2CE9C4C18C24ADCEB2BA4718798D0D04C6FA,False,RECOVERING,2,0,False,
1786157523.3898082,engram-node04,213,A9B54941D005A3B1D482D1859C9B2CE9C4C18C24ADCEB2BA4718798D0D04C6FA,False,RECOVERING,2,0,False,
1786157528.398001,engram-node01,213,A9B54941D005A3B1D482D1859C9B2CE9C4C18C24ADCEB2BA4718798D0D04C6FA,False,RECOVERING,2,0,False,
1786157528.409655,engram-node02,213,A9B54941D005A3B1D482D1859C9B2CE9C4C18C24ADCEB2BA4718798D0D04C6FA,False,RECOVERING,2,0,False,
1786157528.414347,engram-node03,213,A9B54941D005A3B1D482D1859C9B2CE9C4C18C24ADCEB2BA4718798D0D04C6FA,False,RECOVERING,2,0,False,
1786157528.4194481,engram-node04,213,A9B54941D005A3B1D482D1859C9B2CE9C4C18C24ADCEB2BA4718798D0D04C6FA,False,RECOVERING,2,0,False,
1786157533.4243982,engram-node01,213,A9B54941D005A3B1D482D1859C9B2CE9C4C18C24ADCEB2BA4718798D0D04C6FA,False,RECOVERING,2,0,False,
1786157533.434761,engram-node02,213,A9B54941D005A3B1D482D1859C9B2CE9C4C18C24ADCEB2BA4718798D0D04C6FA,False,RECOVERING,2,0,False,
1786157533.4401002,engram-node03,213,A9B54941D005A3B1D482D1859C9B2CE9C4C18C24ADCEB2BA4718798D0D04C6FA,False,RECOVERING,2,0,False,
1786157533.444972,engram-node04,213,A9B54941D005A3B1D482D1859C9B2CE9C4C18C24ADCEB2BA4718798D0D04C6FA,False,RECOVERING,2,0,False,
1786157538.449363,engram-node01,213,A9B54941D005A3B1D482D1859C9B2CE9C4C18C24ADCEB2BA4718798D0D04C6FA,False,RECOVERING,2,0,False,
1786157538.4546309,engram-node02,213,A9B54941D005A3B1D482D1859C9B2CE9C4C18C24ADCEB2BA4718798D0D04C6FA,False,RECOVERING,2,0,False,
1786157538.459352,engram-node03,213,A9B54941D005A3B1D482D1859C9B2CE9C4C18C24ADCEB2BA4718798D0D04C6FA,False,RECOVERING,2,0,False,
1786157538.463414,engram-node04,213,A9B54941D005A3B1D482D1859C9B2CE9C4C18C24ADCEB2BA4718798D0D04C6FA,False,RECOVERING,2,0,False,
1786157543.467202,engram-node01,213,A9B54941D005A3B1D482D1859C9B2CE9C4C18C24ADCEB2BA4718798D0D04C6FA,False,RECOVERING,2,0,False,
1786157543.472836,engram-node02,213,A9B54941D005A3B1D482D1859C9B2CE9C4C18C24ADCEB2BA4718798D0D04C6FA,False,RECOVERING,2,0,False,
1786157543.478473,engram-node03,213,A9B54941D005A3B1D482D1859C9B2CE9C4C18C24ADCEB2BA4718798D0D04C6FA,False,RECOVERING,2,0,False,
1786157543.483724,engram-node04,213,A9B54941D005A3B1D482D1859C9B2CE9C4C18C24ADCEB2BA4718798D0D04C6FA,False,RECOVERING,2,0,False,
1786157548.492413,engram-node01,213,A9B54941D005A3B1D482D1859C9B2CE9C4C18C24ADCEB2BA4718798D0D04C6FA,False,RECOVERING,2,0,False,
1786157548.500534,engram-node02,213,A9B54941D005A3B1D482D1859C9B2CE9C4C18C24ADCEB2BA4718798D0D04C6FA,False,RECOVERING,2,0,False,
1786157548.506253,engram-node03,213,A9B54941D005A3B1D482D1859C9B2CE9C4C18C24ADCEB2BA4718798D0D04C6FA,False,RECOVERING,2,0,False,
1786157548.5130272,engram-node04,213,A9B54941D005A3B1D482D1859C9B2CE9C4C18C24ADCEB2BA4718798D0D04C6FA,False,RECOVERING,2,0,False,
1786157553.518048,engram-node01,213,A9B54941D005A3B1D482D1859C9B2CE9C4C18C24ADCEB2BA4718798D0D04C6FA,False,RECOVERING,2,0,False,
1786157553.524907,engram-node02,213,A9B54941D005A3B1D482D1859C9B2CE9C4C18C24ADCEB2BA4718798D0D04C6FA,False,RECOVERING,2,0,False,
1786157553.530067,engram-node03,213,A9B54941D005A3B1D482D1859C9B2CE9C4C18C24ADCEB2BA4718798D0D04C6FA,False,RECOVERING,2,0,False,
1786157553.535327,engram-node04,213,A9B54941D005A3B1D482D1859C9B2CE9C4C18C24ADCEB2BA4718798D0D04C6FA,False,RECOVERING,2,0,False,
1786157558.545598,engram-node01,213,A9B54941D005A3B1D482D1859C9B2CE9C4C18C24ADCEB2BA4718798D0D04C6FA,False,RECOVERING,2,0,False,
1786157558.554833,engram-node02,213,A9B54941D005A3B1D482D1859C9B2CE9C4C18C24ADCEB2BA4718798D0D04C6FA,False,RECOVERING,2,0,False,
1786157558.561182,engram-node03,213,A9B54941D005A3B1D482D1859C9B2CE9C4C18C24ADCEB2BA4718798D0D04C6FA,False,RECOVERING,2,0,False,
1786157558.5663118,engram-node04,213,A9B54941D005A3B1D482D1859C9B2CE9C4C18C24ADCEB2BA4718798D0D04C6FA,False,RECOVERING,2,0,False,
1786157563.573856,engram-node01,213,A9B54941D005A3B1D482D1859C9B2CE9C4C18C24ADCEB2BA4718798D0D04C6FA,False,RECOVERING,2,0,False,
1786157563.583134,engram-node02,213,A9B54941D005A3B1D482D1859C9B2CE9C4C18C24ADCEB2BA4718798D0D04C6FA,False,RECOVERING,2,0,False,
1786157563.5891771,engram-node03,213,A9B54941D005A3B1D482D1859C9B2CE9C4C18C24ADCEB2BA4718798D0D04C6FA,False,RECOVERING,2,0,False,
1786157563.595326,engram-node04,213,A9B54941D005A3B1D482D1859C9B2CE9C4C18C24ADCEB2BA4718798D0D04C6FA,False,RECOVERING,2,0,False,
1786157568.6059918,engram-node01,213,A9B54941D005A3B1D482D1859C9B2CE9C4C18C24ADCEB2BA4718798D0D04C6FA,False,RECOVERING,2,0,False,
1786157568.61509,engram-node02,213,A9B54941D005A3B1D482D1859C9B2CE9C4C18C24ADCEB2BA4718798D0D04C6FA,False,RECOVERING,2,0,False,
1786157568.62315,engram-node03,213,A9B54941D005A3B1D482D1859C9B2CE9C4C18C24ADCEB2BA4718798D0D04C6FA,False,RECOVERING,2,0,False,
1786157568.6293602,engram-node04,213,A9B54941D005A3B1D482D1859C9B2CE9C4C18C24ADCEB2BA4718798D0D04C6FA,False,RECOVERING,2,0,False,
1786157573.639742,engram-node01,213,A9B54941D005A3B1D482D1859C9B2CE9C4C18C24ADCEB2BA4718798D0D04C6FA,False,RECOVERING,2,0,False,
1786157573.644709,engram-node02,213,A9B54941D005A3B1D482D1859C9B2CE9C4C18C24ADCEB2BA4718798D0D04C6FA,False,RECOVERING,2,0,False,
1786157573.6488068,engram-node03,213,A9B54941D005A3B1D482D1859C9B2CE9C4C18C24ADCEB2BA4718798D0D04C6FA,False,RECOVERING,2,0,False,
1786157573.652213,engram-node04,213,A9B54941D005A3B1D482D1859C9B2CE9C4C18C24ADCEB2BA4718798D0D04C6FA,False,RECOVERING,2,0,False,
1786157578.658005,engram-node01,213,A9B54941D005A3B1D482D1859C9B2CE9C4C18C24ADCEB2BA4718798D0D04C6FA,False,RECOVERING,2,0,False,
1786157578.662034,engram-node02,213,A9B54941D005A3B1D482D1859C9B2CE9C4C18C24ADCEB2BA4718798D0D04C6FA,False,RECOVERING,2,0,False,
1786157578.664855,engram-node03,213,A9B54941D005A3B1D482D1859C9B2CE9C4C18C24ADCEB2BA4718798D0D04C6FA,False,RECOVERING,2,0,False,
1786157578.668017,engram-node04,213,A9B54941D005A3B1D482D1859C9B2CE9C4C18C24ADCEB2BA4718798D0D04C6FA,False,RECOVERING,2,0,False,
1786157583.675694,engram-node01,217,02DF998AA4052663861DFD7CA2D8663971F33C91668CD727F18377B5977FF063,False,RECOVERING,2,0,False,
1786157583.68194,engram-node02,217,02DF998AA4052663861DFD7CA2D8663971F33C91668CD727F18377B5977FF063,False,RECOVERING,2,0,False,
1786157583.687575,engram-node03,217,02DF998AA4052663861DFD7CA2D8663971F33C91668CD727F18377B5977FF063,False,RECOVERING,2,0,False,
1786157583.692472,engram-node04,217,02DF998AA4052663861DFD7CA2D8663971F33C91668CD727F18377B5977FF063,False,RECOVERING,2,0,False,
1786157588.7001421,engram-node01,217,02DF998AA4052663861DFD7CA2D8663971F33C91668CD727F18377B5977FF063,False,RECOVERING,2,0,False,
1786157588.707826,engram-node02,217,02DF998AA4052663861DFD7CA2D8663971F33C91668CD727F18377B5977FF063,False,RECOVERING,2,0,False,
1786157588.711976,engram-node03,217,02DF998AA4052663861DFD7CA2D8663971F33C91668CD727F18377B5977FF063,False,RECOVERING,2,0,False,
1786157588.7165911,engram-node04,217,02DF998AA4052663861DFD7CA2D8663971F33C91668CD727F18377B5977FF063,False,RECOVERING,2,0,False,
1786157593.722816,engram-node01,217,02DF998AA4052663861DFD7CA2D8663971F33C91668CD727F18377B5977FF063,False,RECOVERING,2,0,False,
1786157593.7322009,engram-node02,217,02DF998AA4052663861DFD7CA2D8663971F33C91668CD727F18377B5977FF063,False,RECOVERING,2,0,False,
1786157593.738663,engram-node03,217,02DF998AA4052663861DFD7CA2D8663971F33C91668CD727F18377B5977FF063,False,RECOVERING,2,0,False,
1786157593.743213,engram-node04,217,02DF998AA4052663861DFD7CA2D8663971F33C91668CD727F18377B5977FF063,False,RECOVERING,2,0,False,
1786157598.748883,engram-node01,217,02DF998AA4052663861DFD7CA2D8663971F33C91668CD727F18377B5977FF063,False,RECOVERING,2,0,False,
1786157598.7574232,engram-node02,217,02DF998AA4052663861DFD7CA2D8663971F33C91668CD727F18377B5977FF063,False,RECOVERING,2,0,False,
1786157598.76486,engram-node03,217,02DF998AA4052663861DFD7CA2D8663971F33C91668CD727F18377B5977FF063,False,RECOVERING,2,0,False,
1786157598.770335,engram-node04,217,02DF998AA4052663861DFD7CA2D8663971F33C91668CD727F18377B5977FF063,False,RECOVERING,2,0,False,
1786157603.780438,engram-node01,217,02DF998AA4052663861DFD7CA2D8663971F33C91668CD727F18377B5977FF063,False,RECOVERING,2,0,False,
1786157603.790747,engram-node02,217,02DF998AA4052663861DFD7CA2D8663971F33C91668CD727F18377B5977FF063,False,RECOVERING,2,0,False,
1786157603.7972841,engram-node03,217,02DF998AA4052663861DFD7CA2D8663971F33C91668CD727F18377B5977FF063,False,RECOVERING,2,0,False,
1786157603.802958,engram-node04,217,02DF998AA4052663861DFD7CA2D8663971F33C91668CD727F18377B5977FF063,False,RECOVERING,2,0,False,
1786157608.807459,engram-node01,217,02DF998AA4052663861DFD7CA2D8663971F33C91668CD727F18377B5977FF063,False,RECOVERING,2,0,False,
1786157608.814087,engram-node02,217,02DF998AA4052663861DFD7CA2D8663971F33C91668CD727F18377B5977FF063,False,RECOVERING,2,0,False,
1786157608.821312,engram-node03,217,02DF998AA4052663861DFD7CA2D8663971F33C91668CD727F18377B5977FF063,False,RECOVERING,2,0,False,
1786157608.827175,engram-node04,217,02DF998AA4052663861DFD7CA2D8663971F33C91668CD727F18377B5977FF063,False,RECOVERING,2,0,False,
1786157613.839242,engram-node01,217,02DF998AA4052663861DFD7CA2D8663971F33C91668CD727F18377B5977FF063,False,RECOVERING,2,0,False,
1786157613.850558,engram-node02,217,02DF998AA4052663861DFD7CA2D8663971F33C91668CD727F18377B5977FF063,False,RECOVERING,2,0,False,
1786157613.855671,engram-node03,217,02DF998AA4052663861DFD7CA2D8663971F33C91668CD727F18377B5977FF063,False,RECOVERING,2,0,False,
1786157613.8608818,engram-node04,217,02DF998AA4052663861DFD7CA2D8663971F33C91668CD727F18377B5977FF063,False,RECOVERING,2,0,False,
1786157618.86943,engram-node01,217,02DF998AA4052663861DFD7CA2D8663971F33C91668CD727F18377B5977FF063,False,RECOVERING,2,0,False,
1786157618.87379,engram-node02,217,02DF998AA4052663861DFD7CA2D8663971F33C91668CD727F18377B5977FF063,False,RECOVERING,2,0,False,
1786157618.878586,engram-node03,217,02DF998AA4052663861DFD7CA2D8663971F33C91668CD727F18377B5977FF063,False,RECOVERING,2,0,False,
1786157618.8816798,engram-node04,217,02DF998AA4052663861DFD7CA2D8663971F33C91668CD727F18377B5977FF063,False,RECOVERING,2,0,False,
1786157623.885241,engram-node01,217,02DF998AA4052663861DFD7CA2D8663971F33C91668CD727F18377B5977FF063,False,RECOVERING,2,0,False,
1786157623.8965151,engram-node02,217,02DF998AA4052663861DFD7CA2D8663971F33C91668CD727F18377B5977FF063,False,RECOVERING,2,0,False,
1786157623.9013782,engram-node03,217,02DF998AA4052663861DFD7CA2D8663971F33C91668CD727F18377B5977FF063,False,RECOVERING,2,0,False,
1786157623.9062421,engram-node04,217,02DF998AA4052663861DFD7CA2D8663971F33C91668CD727F18377B5977FF063,False,RECOVERING,2,0,False,
1786157628.914465,engram-node01,217,02DF998AA4052663861DFD7CA2D8663971F33C91668CD727F18377B5977FF063,False,RECOVERING,2,0,False,
1786157628.918029,engram-node02,217,02DF998AA4052663861DFD7CA2D8663971F33C91668CD727F18377B5977FF063,False,RECOVERING,2,0,False,
1786157628.920864,engram-node03,217,02DF998AA4052663861DFD7CA2D8663971F33C91668CD727F18377B5977FF063,False,RECOVERING,2,0,False,
1786157628.92399,engram-node04,217,02DF998AA4052663861DFD7CA2D8663971F33C91668CD727F18377B5977FF063,False,RECOVERING,2,0,False,
1786157633.9277859,engram-node01,217,02DF998AA4052663861DFD7CA2D8663971F33C91668CD727F18377B5977FF063,False,RECOVERING,2,0,False,
1786157633.937438,engram-node02,217,02DF998AA4052663861DFD7CA2D8663971F33C91668CD727F18377B5977FF063,False,RECOVERING,2,0,False,
1786157633.943328,engram-node03,217,02DF998AA4052663861DFD7CA2D8663971F33C91668CD727F18377B5977FF063,False,RECOVERING,2,0,False,
1786157633.948094,engram-node04,217,02DF998AA4052663861DFD7CA2D8663971F33C91668CD727F18377B5977FF063,False,RECOVERING,2,0,False,
1786157638.9572039,engram-node01,217,02DF998AA4052663861DFD7CA2D8663971F33C91668CD727F18377B5977FF063,False,RECOVERING,2,0,False,
1786157638.9609358,engram-node02,217,02DF998AA4052663861DFD7CA2D8663971F33C91668CD727F18377B5977FF063,False,RECOVERING,2,0,False,
1786157638.963757,engram-node03,217,02DF998AA4052663861DFD7CA2D8663971F33C91668CD727F18377B5977FF063,False,RECOVERING,2,0,False,
1786157638.966634,engram-node04,217,02DF998AA4052663861DFD7CA2D8663971F33C91668CD727F18377B5977FF063,False,RECOVERING,2,0,False,
1786157643.9700532,engram-node01,221,6775ACF4224A1AE716B4DA070E76BAE7E354E9FDB3E1C63316FC56D4A678B324,False,RECOVERING,2,0,False,
1786157643.975453,engram-node02,221,6775ACF4224A1AE716B4DA070E76BAE7E354E9FDB3E1C63316FC56D4A678B324,False,RECOVERING,2,0,False,
1786157643.98208,engram-node03,221,6775ACF4224A1AE716B4DA070E76BAE7E354E9FDB3E1C63316FC56D4A678B324,False,RECOVERING,2,0,False,
1786157643.9909198,engram-node04,221,6775ACF4224A1AE716B4DA070E76BAE7E354E9FDB3E1C63316FC56D4A678B324,False,RECOVERING,2,0,False,
1786157649.001569,engram-node01,221,6775ACF4224A1AE716B4DA070E76BAE7E354E9FDB3E1C63316FC56D4A678B324,False,RECOVERING,2,0,False,
1786157649.006461,engram-node02,221,6775ACF4224A1AE716B4DA070E76BAE7E354E9FDB3E1C63316FC56D4A678B324,False,RECOVERING,2,0,False,
1786157649.011528,engram-node03,221,6775ACF4224A1AE716B4DA070E76BAE7E354E9FDB3E1C63316FC56D4A678B324,False,RECOVERING,2,0,False,
1786157649.0153759,engram-node04,221,6775ACF4224A1AE716B4DA070E76BAE7E354E9FDB3E1C63316FC56D4A678B324,False,RECOVERING,2,0,False,
1786157654.019797,engram-node01,221,6775ACF4224A1AE716B4DA070E76BAE7E354E9FDB3E1C63316FC56D4A678B324,False,RECOVERING,2,0,False,
1786157654.028974,engram-node02,221,6775ACF4224A1AE716B4DA070E76BAE7E354E9FDB3E1C63316FC56D4A678B324,False,RECOVERING,2,0,False,
1786157654.036223,engram-node03,221,6775ACF4224A1AE716B4DA070E76BAE7E354E9FDB3E1C63316FC56D4A678B324,False,RECOVERING,2,0,False,
1786157654.042238,engram-node04,221,6775ACF4224A1AE716B4DA070E76BAE7E354E9FDB3E1C63316FC56D4A678B324,False,RECOVERING,2,0,False,
1786157659.046168,engram-node01,221,6775ACF4224A1AE716B4DA070E76BAE7E354E9FDB3E1C63316FC56D4A678B324,False,RECOVERING,2,0,False,
1786157659.052782,engram-node02,221,6775ACF4224A1AE716B4DA070E76BAE7E354E9FDB3E1C63316FC56D4A678B324,False,RECOVERING,2,0,False,
1786157659.058669,engram-node03,221,6775ACF4224A1AE716B4DA070E76BAE7E354E9FDB3E1C63316FC56D4A678B324,False,RECOVERING,2,0,False,
1786157659.066227,engram-node04,221,6775ACF4224A1AE716B4DA070E76BAE7E354E9FDB3E1C63316FC56D4A678B324,False,RECOVERING,2,0,False,
1786157664.080659,engram-node01,221,6775ACF4224A1AE716B4DA070E76BAE7E354E9FDB3E1C63316FC56D4A678B324,False,RECOVERING,2,0,False,
1786157664.0863109,engram-node02,221,6775ACF4224A1AE716B4DA070E76BAE7E354E9FDB3E1C63316FC56D4A678B324,False,RECOVERING,2,0,False,
1786157664.090532,engram-node03,221,6775ACF4224A1AE716B4DA070E76BAE7E354E9FDB3E1C63316FC56D4A678B324,False,RECOVERING,2,0,False,
1786157664.094795,engram-node04,221,6775ACF4224A1AE716B4DA070E76BAE7E354E9FDB3E1C63316FC56D4A678B324,False,RECOVERING,2,0,False,
1786157669.1032388,engram-node01,221,6775ACF4224A1AE716B4DA070E76BAE7E354E9FDB3E1C63316FC56D4A678B324,False,RECOVERING,2,0,False,
1786157669.110326,engram-node02,221,6775ACF4224A1AE716B4DA070E76BAE7E354E9FDB3E1C63316FC56D4A678B324,False,RECOVERING,2,0,False,
1786157669.115577,engram-node03,221,6775ACF4224A1AE716B4DA070E76BAE7E354E9FDB3E1C63316FC56D4A678B324,False,RECOVERING,2,0,False,
1786157669.119978,engram-node04,221,6775ACF4224A1AE716B4DA070E76BAE7E354E9FDB3E1C63316FC56D4A678B324,False,RECOVERING,2,0,False,
1786157674.1289852,engram-node01,221,6775ACF4224A1AE716B4DA070E76BAE7E354E9FDB3E1C63316FC56D4A678B324,False,RECOVERING,2,0,False,
1786157674.13595,engram-node02,221,6775ACF4224A1AE716B4DA070E76BAE7E354E9FDB3E1C63316FC56D4A678B324,False,RECOVERING,2,0,False,
1786157674.149587,engram-node03,221,6775ACF4224A1AE716B4DA070E76BAE7E354E9FDB3E1C63316FC56D4A678B324,False,RECOVERING,2,0,False,
1786157674.153079,engram-node04,221,6775ACF4224A1AE716B4DA070E76BAE7E354E9FDB3E1C63316FC56D4A678B324,False,RECOVERING,2,0,False,
1786157679.160835,engram-node01,221,6775ACF4224A1AE716B4DA070E76BAE7E354E9FDB3E1C63316FC56D4A678B324,False,RECOVERING,2,0,False,
1786157679.170154,engram-node02,221,6775ACF4224A1AE716B4DA070E76BAE7E354E9FDB3E1C63316FC56D4A678B324,False,RECOVERING,2,0,False,
1786157679.17662,engram-node03,221,6775ACF4224A1AE716B4DA070E76BAE7E354E9FDB3E1C63316FC56D4A678B324,False,RECOVERING,2,0,False,
1786157679.181133,engram-node04,221,6775ACF4224A1AE716B4DA070E76BAE7E354E9FDB3E1C63316FC56D4A678B324,False,RECOVERING,2,0,False,
1786157684.189674,engram-node01,221,6775ACF4224A1AE716B4DA070E76BAE7E354E9FDB3E1C63316FC56D4A678B324,False,RECOVERING,2,0,False,
1786157684.1960561,engram-node02,221,6775ACF4224A1AE716B4DA070E76BAE7E354E9FDB3E1C63316FC56D4A678B324,False,RECOVERING,2,0,False,
1786157684.201938,engram-node03,221,6775ACF4224A1AE716B4DA070E76BAE7E354E9FDB3E1C63316FC56D4A678B324,False,RECOVERING,2,0,False,
1786157684.2066839,engram-node04,221,6775ACF4224A1AE716B4DA070E76BAE7E354E9FDB3E1C63316FC56D4A678B324,False,RECOVERING,2,0,False,
1786157689.215392,engram-node01,221,6775ACF4224A1AE716B4DA070E76BAE7E354E9FDB3E1C63316FC56D4A678B324,False,RECOVERING,2,0,False,
1786157689.2221398,engram-node02,221,6775ACF4224A1AE716B4DA070E76BAE7E354E9FDB3E1C63316FC56D4A678B324,False,RECOVERING,2,0,False,
1786157689.2266629,engram-node03,221,6775ACF4224A1AE716B4DA070E76BAE7E354E9FDB3E1C63316FC56D4A678B324,False,RECOVERING,2,0,False,
1786157689.230151,engram-node04,221,6775ACF4224A1AE716B4DA070E76BAE7E354E9FDB3E1C63316FC56D4A678B324,False,RECOVERING,2,0,False,
1786157694.238213,engram-node01,221,6775ACF4224A1AE716B4DA070E76BAE7E354E9FDB3E1C63316FC56D4A678B324,False,RECOVERING,2,0,False,
1786157694.2475011,engram-node02,221,6775ACF4224A1AE716B4DA070E76BAE7E354E9FDB3E1C63316FC56D4A678B324,False,RECOVERING,2,0,False,
1786157694.252832,engram-node03,221,6775ACF4224A1AE716B4DA070E76BAE7E354E9FDB3E1C63316FC56D4A678B324,False,RECOVERING,2,0,False,
1786157694.257289,engram-node04,221,6775ACF4224A1AE716B4DA070E76BAE7E354E9FDB3E1C63316FC56D4A678B324,False,RECOVERING,2,0,False,
1786157699.2637498,engram-node01,221,6775ACF4224A1AE716B4DA070E76BAE7E354E9FDB3E1C63316FC56D4A678B324,False,RECOVERING,2,0,False,
1786157699.2729018,engram-node02,221,6775ACF4224A1AE716B4DA070E76BAE7E354E9FDB3E1C63316FC56D4A678B324,False,RECOVERING,2,0,False,
1786157699.2796092,engram-node03,221,6775ACF4224A1AE716B4DA070E76BAE7E354E9FDB3E1C63316FC56D4A678B324,False,RECOVERING,2,0,False,
1786157699.284387,engram-node04,221,6775ACF4224A1AE716B4DA070E76BAE7E354E9FDB3E1C63316FC56D4A678B324,False,RECOVERING,2,0,False,
1786157704.290103,engram-node01,225,1B9FF3501801887C4B8952E223C1B76A3BC17D57074206BE0A26E2124F0D019D,False,RECOVERING,2,0,False,
1786157704.300638,engram-node02,225,1B9FF3501801887C4B8952E223C1B76A3BC17D57074206BE0A26E2124F0D019D,False,RECOVERING,2,0,False,
1786157704.30784,engram-node03,225,1B9FF3501801887C4B8952E223C1B76A3BC17D57074206BE0A26E2124F0D019D,False,RECOVERING,2,0,False,
1786157704.315236,engram-node04,225,1B9FF3501801887C4B8952E223C1B76A3BC17D57074206BE0A26E2124F0D019D,False,RECOVERING,2,0,False,
1786157709.322774,engram-node01,225,1B9FF3501801887C4B8952E223C1B76A3BC17D57074206BE0A26E2124F0D019D,False,RECOVERING,2,0,False,
1786157709.332851,engram-node02,225,1B9FF3501801887C4B8952E223C1B76A3BC17D57074206BE0A26E2124F0D019D,False,RECOVERING,2,0,False,
1786157709.337873,engram-node03,225,1B9FF3501801887C4B8952E223C1B76A3BC17D57074206BE0A26E2124F0D019D,False,RECOVERING,2,0,False,
1786157709.342828,engram-node04,225,1B9FF3501801887C4B8952E223C1B76A3BC17D57074206BE0A26E2124F0D019D,False,RECOVERING,2,0,False,
1786157714.3492281,engram-node01,225,1B9FF3501801887C4B8952E223C1B76A3BC17D57074206BE0A26E2124F0D019D,False,RECOVERING,2,0,False,
1786157714.354722,engram-node02,225,1B9FF3501801887C4B8952E223C1B76A3BC17D57074206BE0A26E2124F0D019D,False,RECOVERING,2,0,False,
1786157714.357697,engram-node03,225,1B9FF3501801887C4B8952E223C1B76A3BC17D57074206BE0A26E2124F0D019D,False,RECOVERING,2,0,False,
1786157714.360547,engram-node04,225,1B9FF3501801887C4B8952E223C1B76A3BC17D57074206BE0A26E2124F0D019D,False,RECOVERING,2,0,False,
1786157719.368153,engram-node01,225,1B9FF3501801887C4B8952E223C1B76A3BC17D57074206BE0A26E2124F0D019D,False,RECOVERING,2,0,False,
1786157719.376367,engram-node02,225,1B9FF3501801887C4B8952E223C1B76A3BC17D57074206BE0A26E2124F0D019D,False,RECOVERING,2,0,False,
1786157719.381624,engram-node03,225,1B9FF3501801887C4B8952E223C1B76A3BC17D57074206BE0A26E2124F0D019D,False,RECOVERING,2,0,False,
1786157719.386627,engram-node04,225,1B9FF3501801887C4B8952E223C1B76A3BC17D57074206BE0A26E2124F0D019D,False,RECOVERING,2,0,False,
1786157724.391235,engram-node01,225,1B9FF3501801887C4B8952E223C1B76A3BC17D57074206BE0A26E2124F0D019D,False,RECOVERING,2,0,False,
1786157724.40127,engram-node02,225,1B9FF3501801887C4B8952E223C1B76A3BC17D57074206BE0A26E2124F0D019D,False,RECOVERING,2,0,False,
1786157724.409842,engram-node03,225,1B9FF3501801887C4B8952E223C1B76A3BC17D57074206BE0A26E2124F0D019D,False,RECOVERING,2,0,False,
1786157724.4186969,engram-node04,225,1B9FF3501801887C4B8952E223C1B76A3BC17D57074206BE0A26E2124F0D019D,False,RECOVERING,2,0,False,
1786157729.4311628,engram-node01,225,1B9FF3501801887C4B8952E223C1B76A3BC17D57074206BE0A26E2124F0D019D,False,RECOVERING,2,0,False,
1786157729.4421701,engram-node02,225,1B9FF3501801887C4B8952E223C1B76A3BC17D57074206BE0A26E2124F0D019D,False,RECOVERING,2,0,False,
1786157729.4490292,engram-node03,225,1B9FF3501801887C4B8952E223C1B76A3BC17D57074206BE0A26E2124F0D019D,False,RECOVERING,2,0,False,
1786157729.455934,engram-node04,225,1B9FF3501801887C4B8952E223C1B76A3BC17D57074206BE0A26E2124F0D019D,False,RECOVERING,2,0,False,
1786157734.464491,engram-node01,225,1B9FF3501801887C4B8952E223C1B76A3BC17D57074206BE0A26E2124F0D019D,False,RECOVERING,2,0,False,
1786157734.4683971,engram-node02,225,1B9FF3501801887C4B8952E223C1B76A3BC17D57074206BE0A26E2124F0D019D,False,RECOVERING,2,0,False,
1786157734.471321,engram-node03,225,1B9FF3501801887C4B8952E223C1B76A3BC17D57074206BE0A26E2124F0D019D,False,RECOVERING,2,0,False,
1786157734.474726,engram-node04,225,1B9FF3501801887C4B8952E223C1B76A3BC17D57074206BE0A26E2124F0D019D,False,RECOVERING,2,0,False,
1786157739.478357,engram-node01,225,1B9FF3501801887C4B8952E223C1B76A3BC17D57074206BE0A26E2124F0D019D,False,RECOVERING,2,0,False,
1786157739.4862459,engram-node02,225,1B9FF3501801887C4B8952E223C1B76A3BC17D57074206BE0A26E2124F0D019D,False,RECOVERING,2,0,False,
1786157739.4930198,engram-node03,225,1B9FF3501801887C4B8952E223C1B76A3BC17D57074206BE0A26E2124F0D019D,False,RECOVERING,2,0,False,
1786157739.499882,engram-node04,225,1B9FF3501801887C4B8952E223C1B76A3BC17D57074206BE0A26E2124F0D019D,False,RECOVERING,2,0,False,
1786157744.507215,engram-node01,225,1B9FF3501801887C4B8952E223C1B76A3BC17D57074206BE0A26E2124F0D019D,False,RECOVERING,2,0,False,
1786157744.5136619,engram-node02,225,1B9FF3501801887C4B8952E223C1B76A3BC17D57074206BE0A26E2124F0D019D,False,RECOVERING,2,0,False,
1786157744.518656,engram-node03,225,1B9FF3501801887C4B8952E223C1B76A3BC17D57074206BE0A26E2124F0D019D,False,RECOVERING,2,0,False,
1786157744.523154,engram-node04,225,1B9FF3501801887C4B8952E223C1B76A3BC17D57074206BE0A26E2124F0D019D,False,RECOVERING,2,0,False,
1786157749.531996,engram-node01,225,1B9FF3501801887C4B8952E223C1B76A3BC17D57074206BE0A26E2124F0D019D,False,RECOVERING,2,0,False,
1786157749.542686,engram-node02,225,1B9FF3501801887C4B8952E223C1B76A3BC17D57074206BE0A26E2124F0D019D,False,RECOVERING,2,0,False,
1786157749.548901,engram-node03,225,1B9FF3501801887C4B8952E223C1B76A3BC17D57074206BE0A26E2124F0D019D,False,RECOVERING,2,0,False,
1786157749.553752,engram-node04,225,1B9FF3501801887C4B8952E223C1B76A3BC17D57074206BE0A26E2124F0D019D,False,RECOVERING,2,0,False,
1786157754.560173,engram-node01,225,1B9FF3501801887C4B8952E223C1B76A3BC17D57074206BE0A26E2124F0D019D,False,RECOVERING,2,0,False,
1786157754.56646,engram-node02,225,1B9FF3501801887C4B8952E223C1B76A3BC17D57074206BE0A26E2124F0D019D,False,RECOVERING,2,0,False,
1786157754.571376,engram-node03,225,1B9FF3501801887C4B8952E223C1B76A3BC17D57074206BE0A26E2124F0D019D,False,RECOVERING,2,0,False,
1786157754.57641,engram-node04,225,1B9FF3501801887C4B8952E223C1B76A3BC17D57074206BE0A26E2124F0D019D,False,RECOVERING,2,0,False,
1786157759.586726,engram-node01,225,1B9FF3501801887C4B8952E223C1B76A3BC17D57074206BE0A26E2124F0D019D,False,RECOVERING,2,0,False,
1786157759.594641,engram-node02,225,1B9FF3501801887C4B8952E223C1B76A3BC17D57074206BE0A26E2124F0D019D,False,RECOVERING,2,0,False,
1786157759.599152,engram-node03,225,1B9FF3501801887C4B8952E223C1B76A3BC17D57074206BE0A26E2124F0D019D,False,RECOVERING,2,0,False,
1786157759.604022,engram-node04,225,1B9FF3501801887C4B8952E223C1B76A3BC17D57074206BE0A26E2124F0D019D,False,RECOVERING,2,0,False,
1786157764.613132,engram-node01,229,EA3151B505DE2FC8AD6482806EC5A6A9BE8687D2B55791600C230321690C5436,False,RECOVERING,2,0,False,
1786157764.6195068,engram-node02,229,EA3151B505DE2FC8AD6482806EC5A6A9BE8687D2B55791600C230321690C5436,False,RECOVERING,2,0,False,
1786157764.62362,engram-node03,229,EA3151B505DE2FC8AD6482806EC5A6A9BE8687D2B55791600C230321690C5436,False,RECOVERING,2,0,False,
1786157764.627829,engram-node04,229,EA3151B505DE2FC8AD6482806EC5A6A9BE8687D2B55791600C230321690C5436,False,RECOVERING,2,0,False,
1786157769.6359,engram-node01,229,EA3151B505DE2FC8AD6482806EC5A6A9BE8687D2B55791600C230321690C5436,False,RECOVERING,2,0,False,
1786157769.645076,engram-node02,229,EA3151B505DE2FC8AD6482806EC5A6A9BE8687D2B55791600C230321690C5436,False,RECOVERING,2,0,False,
1786157769.649902,engram-node03,229,EA3151B505DE2FC8AD6482806EC5A6A9BE8687D2B55791600C230321690C5436,False,RECOVERING,2,0,False,
1786157769.653999,engram-node04,229,EA3151B505DE2FC8AD6482806EC5A6A9BE8687D2B55791600C230321690C5436,False,RECOVERING,2,0,False,
1786157774.663487,engram-node01,229,EA3151B505DE2FC8AD6482806EC5A6A9BE8687D2B55791600C230321690C5436,False,RECOVERING,2,0,False,
1786157774.6740139,engram-node02,229,EA3151B505DE2FC8AD6482806EC5A6A9BE8687D2B55791600C230321690C5436,False,RECOVERING,2,0,False,
1786157774.680114,engram-node03,229,EA3151B505DE2FC8AD6482806EC5A6A9BE8687D2B55791600C230321690C5436,False,RECOVERING,2,0,False,
1786157774.684633,engram-node04,229,EA3151B505DE2FC8AD6482806EC5A6A9BE8687D2B55791600C230321690C5436,False,RECOVERING,2,0,False,
1786157779.691923,engram-node01,229,EA3151B505DE2FC8AD6482806EC5A6A9BE8687D2B55791600C230321690C5436,False,RECOVERING,2,0,False,
1786157779.699137,engram-node02,229,EA3151B505DE2FC8AD6482806EC5A6A9BE8687D2B55791600C230321690C5436,False,RECOVERING,2,0,False,
1786157779.7051048,engram-node03,229,EA3151B505DE2FC8AD6482806EC5A6A9BE8687D2B55791600C230321690C5436,False,RECOVERING,2,0,False,
1786157779.709836,engram-node04,229,EA3151B505DE2FC8AD6482806EC5A6A9BE8687D2B55791600C230321690C5436,False,RECOVERING,2,0,False,
1786157784.715047,engram-node01,229,EA3151B505DE2FC8AD6482806EC5A6A9BE8687D2B55791600C230321690C5436,False,RECOVERING,2,0,False,
1786157784.721292,engram-node02,229,EA3151B505DE2FC8AD6482806EC5A6A9BE8687D2B55791600C230321690C5436,False,RECOVERING,2,0,False,
1786157784.7252638,engram-node03,229,EA3151B505DE2FC8AD6482806EC5A6A9BE8687D2B55791600C230321690C5436,False,RECOVERING,2,0,False,
1786157784.729492,engram-node04,229,EA3151B505DE2FC8AD6482806EC5A6A9BE8687D2B55791600C230321690C5436,False,RECOVERING,2,0,False,
1786157789.736257,engram-node01,229,EA3151B505DE2FC8AD6482806EC5A6A9BE8687D2B55791600C230321690C5436,False,RECOVERING,2,0,False,
1786157789.7417989,engram-node02,229,EA3151B505DE2FC8AD6482806EC5A6A9BE8687D2B55791600C230321690C5436,False,RECOVERING,2,0,False,
1786157789.747977,engram-node03,229,EA3151B505DE2FC8AD6482806EC5A6A9BE8687D2B55791600C230321690C5436,False,RECOVERING,2,0,False,
1786157789.75372,engram-node04,229,EA3151B505DE2FC8AD6482806EC5A6A9BE8687D2B55791600C230321690C5436,False,RECOVERING,2,0,False,
1786157794.761641,engram-node01,229,EA3151B505DE2FC8AD6482806EC5A6A9BE8687D2B55791600C230321690C5436,False,RECOVERING,2,0,False,
1786157794.76763,engram-node02,229,EA3151B505DE2FC8AD6482806EC5A6A9BE8687D2B55791600C230321690C5436,False,RECOVERING,2,0,False,
1786157794.7736928,engram-node03,229,EA3151B505DE2FC8AD6482806EC5A6A9BE8687D2B55791600C230321690C5436,False,RECOVERING,2,0,False,
1786157794.778214,engram-node04,229,EA3151B505DE2FC8AD6482806EC5A6A9BE8687D2B55791600C230321690C5436,False,RECOVERING,2,0,False,
1786157799.784109,engram-node01,229,EA3151B505DE2FC8AD6482806EC5A6A9BE8687D2B55791600C230321690C5436,False,RECOVERING,2,0,False,
1786157799.788089,engram-node02,229,EA3151B505DE2FC8AD6482806EC5A6A9BE8687D2B55791600C230321690C5436,False,RECOVERING,2,0,False,
1786157799.7907999,engram-node03,229,EA3151B505DE2FC8AD6482806EC5A6A9BE8687D2B55791600C230321690C5436,False,RECOVERING,2,0,False,
1786157799.7943301,engram-node04,229,EA3151B505DE2FC8AD6482806EC5A6A9BE8687D2B55791600C230321690C5436,False,RECOVERING,2,0,False,
1786157804.802967,engram-node01,229,EA3151B505DE2FC8AD6482806EC5A6A9BE8687D2B55791600C230321690C5436,False,RECOVERING,2,0,False,
1786157804.808973,engram-node02,229,EA3151B505DE2FC8AD6482806EC5A6A9BE8687D2B55791600C230321690C5436,False,RECOVERING,2,0,False,
1786157804.815458,engram-node03,229,EA3151B505DE2FC8AD6482806EC5A6A9BE8687D2B55791600C230321690C5436,False,RECOVERING,2,0,False,
1786157804.819859,engram-node04,229,EA3151B505DE2FC8AD6482806EC5A6A9BE8687D2B55791600C230321690C5436,False,RECOVERING,2,0,False,
1786157809.830266,engram-node01,229,EA3151B505DE2FC8AD6482806EC5A6A9BE8687D2B55791600C230321690C5436,False,RECOVERING,2,0,False,
1786157809.8361459,engram-node02,229,EA3151B505DE2FC8AD6482806EC5A6A9BE8687D2B55791600C230321690C5436,False,RECOVERING,2,0,False,
1786157809.841696,engram-node03,229,EA3151B505DE2FC8AD6482806EC5A6A9BE8687D2B55791600C230321690C5436,False,RECOVERING,2,0,False,
1786157809.850234,engram-node04,229,EA3151B505DE2FC8AD6482806EC5A6A9BE8687D2B55791600C230321690C5436,False,RECOVERING,2,0,False,
1786157814.858897,engram-node01,229,EA3151B505DE2FC8AD6482806EC5A6A9BE8687D2B55791600C230321690C5436,False,RECOVERING,2,0,False,
1786157814.8687649,engram-node02,229,EA3151B505DE2FC8AD6482806EC5A6A9BE8687D2B55791600C230321690C5436,False,RECOVERING,2,0,False,
1786157814.875873,engram-node03,229,EA3151B505DE2FC8AD6482806EC5A6A9BE8687D2B55791600C230321690C5436,False,RECOVERING,2,0,False,
1786157814.881463,engram-node04,229,EA3151B505DE2FC8AD6482806EC5A6A9BE8687D2B55791600C230321690C5436,False,RECOVERING,2,0,False,
1786157819.88818,engram-node01,229,EA3151B505DE2FC8AD6482806EC5A6A9BE8687D2B55791600C230321690C5436,False,RECOVERING,2,0,False,
1786157819.89746,engram-node02,229,EA3151B505DE2FC8AD6482806EC5A6A9BE8687D2B55791600C230321690C5436,False,RECOVERING,2,0,False,
1786157819.905322,engram-node03,229,EA3151B505DE2FC8AD6482806EC5A6A9BE8687D2B55791600C230321690C5436,False,RECOVERING,2,0,False,
1786157819.9107032,engram-node04,229,EA3151B505DE2FC8AD6482806EC5A6A9BE8687D2B55791600C230321690C5436,False,RECOVERING,2,0,False,
1786157824.924763,engram-node01,233,2DC0BE4FCFCB533BAB52E289377032BA2D43B91D61EE2AEE39BC1B6863944410,False,RECOVERING,2,0,False,
1786157824.936351,engram-node02,233,2DC0BE4FCFCB533BAB52E289377032BA2D43B91D61EE2AEE39BC1B6863944410,False,RECOVERING,2,0,False,
1786157824.941931,engram-node03,233,2DC0BE4FCFCB533BAB52E289377032BA2D43B91D61EE2AEE39BC1B6863944410,False,RECOVERING,2,0,False,
1786157824.948392,engram-node04,233,2DC0BE4FCFCB533BAB52E289377032BA2D43B91D61EE2AEE39BC1B6863944410,False,RECOVERING,2,0,False,
1786157829.95778,engram-node01,233,2DC0BE4FCFCB533BAB52E289377032BA2D43B91D61EE2AEE39BC1B6863944410,False,RECOVERING,2,0,False,
1786157829.960955,engram-node02,233,2DC0BE4FCFCB533BAB52E289377032BA2D43B91D61EE2AEE39BC1B6863944410,False,RECOVERING,2,0,False,
1786157829.9646,engram-node03,233,2DC0BE4FCFCB533BAB52E289377032BA2D43B91D61EE2AEE39BC1B6863944410,False,RECOVERING,2,0,False,
1786157829.968117,engram-node04,233,2DC0BE4FCFCB533BAB52E289377032BA2D43B91D61EE2AEE39BC1B6863944410,False,RECOVERING,2,0,False,
1786157834.976118,engram-node01,233,2DC0BE4FCFCB533BAB52E289377032BA2D43B91D61EE2AEE39BC1B6863944410,False,RECOVERING,2,0,False,
1786157834.983444,engram-node02,233,2DC0BE4FCFCB533BAB52E289377032BA2D43B91D61EE2AEE39BC1B6863944410,False,RECOVERING,2,0,False,
1786157834.990054,engram-node03,233,2DC0BE4FCFCB533BAB52E289377032BA2D43B91D61EE2AEE39BC1B6863944410,False,RECOVERING,2,0,False,
1786157834.996149,engram-node04,233,2DC0BE4FCFCB533BAB52E289377032BA2D43B91D61EE2AEE39BC1B6863944410,False,RECOVERING,2,0,False,
1786157840.0013068,engram-node01,233,2DC0BE4FCFCB533BAB52E289377032BA2D43B91D61EE2AEE39BC1B6863944410,False,RECOVERING,2,0,False,
1786157840.005445,engram-node02,233,2DC0BE4FCFCB533BAB52E289377032BA2D43B91D61EE2AEE39BC1B6863944410,False,RECOVERING,2,0,False,
1786157840.009258,engram-node03,233,2DC0BE4FCFCB533BAB52E289377032BA2D43B91D61EE2AEE39BC1B6863944410,False,RECOVERING,2,0,False,
1786157840.013382,engram-node04,233,2DC0BE4FCFCB533BAB52E289377032BA2D43B91D61EE2AEE39BC1B6863944410,False,RECOVERING,2,0,False,
1786157845.0202591,engram-node01,233,2DC0BE4FCFCB533BAB52E289377032BA2D43B91D61EE2AEE39BC1B6863944410,False,RECOVERING,2,0,False,
1786157845.027652,engram-node02,233,2DC0BE4FCFCB533BAB52E289377032BA2D43B91D61EE2AEE39BC1B6863944410,False,RECOVERING,2,0,False,
1786157845.033256,engram-node03,233,2DC0BE4FCFCB533BAB52E289377032BA2D43B91D61EE2AEE39BC1B6863944410,False,RECOVERING,2,0,False,
1786157845.039707,engram-node04,233,2DC0BE4FCFCB533BAB52E289377032BA2D43B91D61EE2AEE39BC1B6863944410,False,RECOVERING,2,0,False,
1786157850.050111,engram-node01,233,2DC0BE4FCFCB533BAB52E289377032BA2D43B91D61EE2AEE39BC1B6863944410,False,RECOVERING,2,0,False,
1786157850.059935,engram-node02,233,2DC0BE4FCFCB533BAB52E289377032BA2D43B91D61EE2AEE39BC1B6863944410,False,RECOVERING,2,0,False,
1786157850.067851,engram-node03,233,2DC0BE4FCFCB533BAB52E289377032BA2D43B91D61EE2AEE39BC1B6863944410,False,RECOVERING,2,0,False,
1786157850.072603,engram-node04,233,2DC0BE4FCFCB533BAB52E289377032BA2D43B91D61EE2AEE39BC1B6863944410,False,RECOVERING,2,0,False,
1786157855.082399,engram-node01,233,2DC0BE4FCFCB533BAB52E289377032BA2D43B91D61EE2AEE39BC1B6863944410,False,RECOVERING,2,0,False,
1786157855.092132,engram-node02,233,2DC0BE4FCFCB533BAB52E289377032BA2D43B91D61EE2AEE39BC1B6863944410,False,RECOVERING,2,0,False,
1786157855.099854,engram-node03,233,2DC0BE4FCFCB533BAB52E289377032BA2D43B91D61EE2AEE39BC1B6863944410,False,RECOVERING,2,0,False,
1786157855.10513,engram-node04,233,2DC0BE4FCFCB533BAB52E289377032BA2D43B91D61EE2AEE39BC1B6863944410,False,RECOVERING,2,0,False,
1786157860.1115031,engram-node01,233,2DC0BE4FCFCB533BAB52E289377032BA2D43B91D61EE2AEE39BC1B6863944410,False,RECOVERING,2,0,False,
1786157860.1183202,engram-node02,233,2DC0BE4FCFCB533BAB52E289377032BA2D43B91D61EE2AEE39BC1B6863944410,False,RECOVERING,2,0,False,
1786157860.123602,engram-node03,233,2DC0BE4FCFCB533BAB52E289377032BA2D43B91D61EE2AEE39BC1B6863944410,False,RECOVERING,2,0,False,
1786157860.128271,engram-node04,233,2DC0BE4FCFCB533BAB52E289377032BA2D43B91D61EE2AEE39BC1B6863944410,False,RECOVERING,2,0,False,
1786157865.132886,engram-node01,233,2DC0BE4FCFCB533BAB52E289377032BA2D43B91D61EE2AEE39BC1B6863944410,False,RECOVERING,2,0,False,
1786157865.1402082,engram-node02,233,2DC0BE4FCFCB533BAB52E289377032BA2D43B91D61EE2AEE39BC1B6863944410,False,RECOVERING,2,0,False,
1786157865.147315,engram-node03,233,2DC0BE4FCFCB533BAB52E289377032BA2D43B91D61EE2AEE39BC1B6863944410,False,RECOVERING,2,0,False,
1786157865.1542552,engram-node04,233,2DC0BE4FCFCB533BAB52E289377032BA2D43B91D61EE2AEE39BC1B6863944410,False,RECOVERING,2,0,False,
1786157870.1617641,engram-node01,233,2DC0BE4FCFCB533BAB52E289377032BA2D43B91D61EE2AEE39BC1B6863944410,False,RECOVERING,2,0,False,
1786157870.168567,engram-node02,233,2DC0BE4FCFCB533BAB52E289377032BA2D43B91D61EE2AEE39BC1B6863944410,False,RECOVERING,2,0,False,
1786157870.174558,engram-node03,233,2DC0BE4FCFCB533BAB52E289377032BA2D43B91D61EE2AEE39BC1B6863944410,False,RECOVERING,2,0,False,
1786157870.1801002,engram-node04,233,2DC0BE4FCFCB533BAB52E289377032BA2D43B91D61EE2AEE39BC1B6863944410,False,RECOVERING,2,0,False,
1786157875.1891918,engram-node01,233,2DC0BE4FCFCB533BAB52E289377032BA2D43B91D61EE2AEE39BC1B6863944410,False,RECOVERING,2,0,False,
1786157875.1933079,engram-node02,233,2DC0BE4FCFCB533BAB52E289377032BA2D43B91D61EE2AEE39BC1B6863944410,False,RECOVERING,2,0,False,
1786157875.196933,engram-node03,233,2DC0BE4FCFCB533BAB52E289377032BA2D43B91D61EE2AEE39BC1B6863944410,False,RECOVERING,2,0,False,
1786157875.200566,engram-node04,233,2DC0BE4FCFCB533BAB52E289377032BA2D43B91D61EE2AEE39BC1B6863944410,False,RECOVERING,2,0,False,
1786157880.208257,engram-node01,233,2DC0BE4FCFCB533BAB52E289377032BA2D43B91D61EE2AEE39BC1B6863944410,False,RECOVERING,2,0,False,
1786157880.214176,engram-node02,233,2DC0BE4FCFCB533BAB52E289377032BA2D43B91D61EE2AEE39BC1B6863944410,False,RECOVERING,2,0,False,
1786157880.2188318,engram-node03,233,2DC0BE4FCFCB533BAB52E289377032BA2D43B91D61EE2AEE39BC1B6863944410,False,RECOVERING,2,0,False,
1786157880.222788,engram-node04,233,2DC0BE4FCFCB533BAB52E289377032BA2D43B91D61EE2AEE39BC1B6863944410,False,RECOVERING,2,0,False,
1786157885.230915,engram-node01,233,2DC0BE4FCFCB533BAB52E289377032BA2D43B91D61EE2AEE39BC1B6863944410,False,RECOVERING,2,0,False,
1786157885.2388968,engram-node02,233,2DC0BE4FCFCB533BAB52E289377032BA2D43B91D61EE2AEE39BC1B6863944410,False,RECOVERING,2,0,False,
1786157885.2455192,engram-node03,233,2DC0BE4FCFCB533BAB52E289377032BA2D43B91D61EE2AEE39BC1B6863944410,False,RECOVERING,2,0,False,
1786157885.25181,engram-node04,233,2DC0BE4FCFCB533BAB52E289377032BA2D43B91D61EE2AEE39BC1B6863944410,False,RECOVERING,2,0,False,
1786157890.257886,engram-node01,236,59724FDC522DF31EDCBFC6FC0A72B7C0DD651109792CC4FFA0D16EBD49A7EA42,False,RECOVERING,1,0,False,
1786157890.263191,engram-node02,236,59724FDC522DF31EDCBFC6FC0A72B7C0DD651109792CC4FFA0D16EBD49A7EA42,False,RECOVERING,1,0,False,
1786157890.267664,engram-node03,236,59724FDC522DF31EDCBFC6FC0A72B7C0DD651109792CC4FFA0D16EBD49A7EA42,False,RECOVERING,1,0,False,
1786157890.2753038,engram-node04,236,59724FDC522DF31EDCBFC6FC0A72B7C0DD651109792CC4FFA0D16EBD49A7EA42,False,RECOVERING,1,0,False,
1786157895.2805529,engram-node01,237,6399534F9CB2880AC93AFDCFD114FAE4447A2D7216096B7782C8943B947F885F,False,RECOVERING,2,0,False,
1786157895.2863748,engram-node02,237,6399534F9CB2880AC93AFDCFD114FAE4447A2D7216096B7782C8943B947F885F,False,RECOVERING,2,0,False,
1786157895.2902179,engram-node03,237,6399534F9CB2880AC93AFDCFD114FAE4447A2D7216096B7782C8943B947F885F,False,RECOVERING,2,0,False,
1786157895.2954628,engram-node04,237,6399534F9CB2880AC93AFDCFD114FAE4447A2D7216096B7782C8943B947F885F,False,RECOVERING,2,0,False,
1786157900.303602,engram-node01,237,6399534F9CB2880AC93AFDCFD114FAE4447A2D7216096B7782C8943B947F885F,False,RECOVERING,2,0,False,
1786157900.30713,engram-node02,237,6399534F9CB2880AC93AFDCFD114FAE4447A2D7216096B7782C8943B947F885F,False,RECOVERING,2,0,False,
1786157900.311553,engram-node03,237,6399534F9CB2880AC93AFDCFD114FAE4447A2D7216096B7782C8943B947F885F,False,RECOVERING,2,0,False,
1786157900.3154619,engram-node04,237,6399534F9CB2880AC93AFDCFD114FAE4447A2D7216096B7782C8943B947F885F,False,RECOVERING,2,0,False,
1786157905.3232121,engram-node01,237,6399534F9CB2880AC93AFDCFD114FAE4447A2D7216096B7782C8943B947F885F,False,RECOVERING,2,0,False,
1786157905.3287601,engram-node02,237,6399534F9CB2880AC93AFDCFD114FAE4447A2D7216096B7782C8943B947F885F,False,RECOVERING,2,0,False,
1786157905.334151,engram-node03,237,6399534F9CB2880AC93AFDCFD114FAE4447A2D7216096B7782C8943B947F885F,False,RECOVERING,2,0,False,
1786157905.3385038,engram-node04,237,6399534F9CB2880AC93AFDCFD114FAE4447A2D7216096B7782C8943B947F885F,False,RECOVERING,2,0,False,
1786157910.3437471,engram-node01,237,6399534F9CB2880AC93AFDCFD114FAE4447A2D7216096B7782C8943B947F885F,False,RECOVERING,2,0,False,
1786157910.351459,engram-node02,237,6399534F9CB2880AC93AFDCFD114FAE4447A2D7216096B7782C8943B947F885F,False,RECOVERING,2,0,False,
1786157910.357929,engram-node03,237,6399534F9CB2880AC93AFDCFD114FAE4447A2D7216096B7782C8943B947F885F,False,RECOVERING,2,0,False,
1786157910.36223,engram-node04,237,6399534F9CB2880AC93AFDCFD114FAE4447A2D7216096B7782C8943B947F885F,False,RECOVERING,2,0,False,
1786157915.371068,engram-node01,237,6399534F9CB2880AC93AFDCFD114FAE4447A2D7216096B7782C8943B947F885F,False,RECOVERING,2,0,False,
1786157915.377933,engram-node02,237,6399534F9CB2880AC93AFDCFD114FAE4447A2D7216096B7782C8943B947F885F,False,RECOVERING,2,0,False,
1786157915.384948,engram-node03,237,6399534F9CB2880AC93AFDCFD114FAE4447A2D7216096B7782C8943B947F885F,False,RECOVERING,2,0,False,
1786157915.390517,engram-node04,237,6399534F9CB2880AC93AFDCFD114FAE4447A2D7216096B7782C8943B947F885F,False,RECOVERING,2,0,False,
1786157920.400345,engram-node01,237,6399534F9CB2880AC93AFDCFD114FAE4447A2D7216096B7782C8943B947F885F,False,RECOVERING,2,0,False,
1786157920.414695,engram-node02,237,6399534F9CB2880AC93AFDCFD114FAE4447A2D7216096B7782C8943B947F885F,False,RECOVERING,2,0,False,
1786157920.436016,engram-node03,237,6399534F9CB2880AC93AFDCFD114FAE4447A2D7216096B7782C8943B947F885F,False,RECOVERING,2,0,False,
1786157920.443137,engram-node04,237,6399534F9CB2880AC93AFDCFD114FAE4447A2D7216096B7782C8943B947F885F,False,RECOVERING,2,0,False,
1786157925.462021,engram-node01,237,6399534F9CB2880AC93AFDCFD114FAE4447A2D7216096B7782C8943B947F885F,False,RECOVERING,2,0,False,
1786157925.472078,engram-node02,237,6399534F9CB2880AC93AFDCFD114FAE4447A2D7216096B7782C8943B947F885F,False,RECOVERING,2,0,False,
1786157925.4782028,engram-node03,237,6399534F9CB2880AC93AFDCFD114FAE4447A2D7216096B7782C8943B947F885F,False,RECOVERING,2,0,False,
1786157925.483161,engram-node04,237,6399534F9CB2880AC93AFDCFD114FAE4447A2D7216096B7782C8943B947F885F,False,RECOVERING,2,0,False,
1786157930.489892,engram-node01,237,6399534F9CB2880AC93AFDCFD114FAE4447A2D7216096B7782C8943B947F885F,False,RECOVERING,2,0,False,
1786157930.500593,engram-node02,237,6399534F9CB2880AC93AFDCFD114FAE4447A2D7216096B7782C8943B947F885F,False,RECOVERING,2,0,False,
1786157930.506281,engram-node03,237,6399534F9CB2880AC93AFDCFD114FAE4447A2D7216096B7782C8943B947F885F,False,RECOVERING,2,0,False,
1786157930.511154,engram-node04,237,6399534F9CB2880AC93AFDCFD114FAE4447A2D7216096B7782C8943B947F885F,False,RECOVERING,2,0,False,
1786157935.520166,engram-node01,237,6399534F9CB2880AC93AFDCFD114FAE4447A2D7216096B7782C8943B947F885F,False,RECOVERING,2,0,False,
1786157935.527803,engram-node02,237,6399534F9CB2880AC93AFDCFD114FAE4447A2D7216096B7782C8943B947F885F,False,RECOVERING,2,0,False,
1786157935.5341902,engram-node03,237,6399534F9CB2880AC93AFDCFD114FAE4447A2D7216096B7782C8943B947F885F,False,RECOVERING,2,0,False,
1786157935.540339,engram-node04,237,6399534F9CB2880AC93AFDCFD114FAE4447A2D7216096B7782C8943B947F885F,False,RECOVERING,2,0,False,
1786157940.5492291,engram-node01,237,6399534F9CB2880AC93AFDCFD114FAE4447A2D7216096B7782C8943B947F885F,False,RECOVERING,2,0,False,
1786157940.552809,engram-node02,237,6399534F9CB2880AC93AFDCFD114FAE4447A2D7216096B7782C8943B947F885F,False,RECOVERING,2,0,False,
1786157940.5564108,engram-node03,237,6399534F9CB2880AC93AFDCFD114FAE4447A2D7216096B7782C8943B947F885F,False,RECOVERING,2,0,False,
1786157940.560095,engram-node04,237,6399534F9CB2880AC93AFDCFD114FAE4447A2D7216096B7782C8943B947F885F,False,RECOVERING,2,0,False,
1786157945.568253,engram-node01,237,6399534F9CB2880AC93AFDCFD114FAE4447A2D7216096B7782C8943B947F885F,False,RECOVERING,2,0,False,
1786157945.576234,engram-node02,237,6399534F9CB2880AC93AFDCFD114FAE4447A2D7216096B7782C8943B947F885F,False,RECOVERING,2,0,False,
1786157945.583423,engram-node03,237,6399534F9CB2880AC93AFDCFD114FAE4447A2D7216096B7782C8943B947F885F,False,RECOVERING,2,0,False,
1786157945.593887,engram-node04,237,6399534F9CB2880AC93AFDCFD114FAE4447A2D7216096B7782C8943B947F885F,False,RECOVERING,2,0,False,
1786157950.611264,engram-node01,240,86602C9CD6C713F5E4E0A8F83817686EAB0B449E1F50CC360348B0D8F67A1DB5,False,RECOVERING,1,0,False,
1786157950.6284,engram-node02,240,86602C9CD6C713F5E4E0A8F83817686EAB0B449E1F50CC360348B0D8F67A1DB5,False,RECOVERING,1,0,False,
1786157950.641671,engram-node03,240,86602C9CD6C713F5E4E0A8F83817686EAB0B449E1F50CC360348B0D8F67A1DB5,False,RECOVERING,1,0,False,
1786157950.6451972,engram-node04,240,86602C9CD6C713F5E4E0A8F83817686EAB0B449E1F50CC360348B0D8F67A1DB5,False,RECOVERING,1,0,False,
1786157955.654816,engram-node01,241,F62033A92E4F4F4D0F908DB67D3C098B1D49580084A5D5122F3B786BAAB91DF7,False,RECOVERING,2,0,False,
1786157955.6890152,engram-node02,241,F62033A92E4F4F4D0F908DB67D3C098B1D49580084A5D5122F3B786BAAB91DF7,False,RECOVERING,2,0,False,
1786157955.694467,engram-node03,241,F62033A92E4F4F4D0F908DB67D3C098B1D49580084A5D5122F3B786BAAB91DF7,False,RECOVERING,2,0,False,
1786157955.7054741,engram-node04,241,F62033A92E4F4F4D0F908DB67D3C098B1D49580084A5D5122F3B786BAAB91DF7,False,RECOVERING,2,0,False,
1786157960.7145321,engram-node01,241,F62033A92E4F4F4D0F908DB67D3C098B1D49580084A5D5122F3B786BAAB91DF7,False,RECOVERING,2,0,False,
1786157960.7235048,engram-node02,241,F62033A92E4F4F4D0F908DB67D3C098B1D49580084A5D5122F3B786BAAB91DF7,False,RECOVERING,2,0,False,
1786157960.7295418,engram-node03,241,F62033A92E4F4F4D0F908DB67D3C098B1D49580084A5D5122F3B786BAAB91DF7,False,RECOVERING,2,0,False,
1786157960.7355032,engram-node04,241,F62033A92E4F4F4D0F908DB67D3C098B1D49580084A5D5122F3B786BAAB91DF7,False,RECOVERING,2,0,False,
1786157965.745731,engram-node01,241,F62033A92E4F4F4D0F908DB67D3C098B1D49580084A5D5122F3B786BAAB91DF7,False,RECOVERING,2,0,False,
1786157965.7527418,engram-node02,241,F62033A92E4F4F4D0F908DB67D3C098B1D49580084A5D5122F3B786BAAB91DF7,False,RECOVERING,2,0,False,
1786157965.758453,engram-node03,241,F62033A92E4F4F4D0F908DB67D3C098B1D49580084A5D5122F3B786BAAB91DF7,False,RECOVERING,2,0,False,
1786157965.763019,engram-node04,241,F62033A92E4F4F4D0F908DB67D3C098B1D49580084A5D5122F3B786BAAB91DF7,False,RECOVERING,2,0,False,
1786157970.771883,engram-node01,241,F62033A92E4F4F4D0F908DB67D3C098B1D49580084A5D5122F3B786BAAB91DF7,False,RECOVERING,2,0,False,
1786157970.78269,engram-node02,241,F62033A92E4F4F4D0F908DB67D3C098B1D49580084A5D5122F3B786BAAB91DF7,False,RECOVERING,2,0,False,
1786157970.78867,engram-node03,241,F62033A92E4F4F4D0F908DB67D3C098B1D49580084A5D5122F3B786BAAB91DF7,False,RECOVERING,2,0,False,
1786157970.793889,engram-node04,241,F62033A92E4F4F4D0F908DB67D3C098B1D49580084A5D5122F3B786BAAB91DF7,False,RECOVERING,2,0,False,
1786157975.798723,engram-node01,241,F62033A92E4F4F4D0F908DB67D3C098B1D49580084A5D5122F3B786BAAB91DF7,False,RECOVERING,2,0,False,
1786157975.8073878,engram-node02,241,F62033A92E4F4F4D0F908DB67D3C098B1D49580084A5D5122F3B786BAAB91DF7,False,RECOVERING,2,0,False,
1786157975.812087,engram-node03,241,F62033A92E4F4F4D0F908DB67D3C098B1D49580084A5D5122F3B786BAAB91DF7,False,RECOVERING,2,0,False,
1786157975.8167439,engram-node04,241,F62033A92E4F4F4D0F908DB67D3C098B1D49580084A5D5122F3B786BAAB91DF7,False,RECOVERING,2,0,False,
1786157980.8299232,engram-node01,241,F62033A92E4F4F4D0F908DB67D3C098B1D49580084A5D5122F3B786BAAB91DF7,False,RECOVERING,2,0,False,
1786157980.845867,engram-node02,241,F62033A92E4F4F4D0F908DB67D3C098B1D49580084A5D5122F3B786BAAB91DF7,False,RECOVERING,2,0,False,
1786157980.86319,engram-node03,241,F62033A92E4F4F4D0F908DB67D3C098B1D49580084A5D5122F3B786BAAB91DF7,False,RECOVERING,2,0,False,
1786157980.868096,engram-node04,241,F62033A92E4F4F4D0F908DB67D3C098B1D49580084A5D5122F3B786BAAB91DF7,False,RECOVERING,2,0,False,
1786157985.878855,engram-node01,241,F62033A92E4F4F4D0F908DB67D3C098B1D49580084A5D5122F3B786BAAB91DF7,False,RECOVERING,2,0,False,
1786157985.8888571,engram-node02,241,F62033A92E4F4F4D0F908DB67D3C098B1D49580084A5D5122F3B786BAAB91DF7,False,RECOVERING,2,0,False,
1786157985.894888,engram-node03,241,F62033A92E4F4F4D0F908DB67D3C098B1D49580084A5D5122F3B786BAAB91DF7,False,RECOVERING,2,0,False,
1786157985.900109,engram-node04,241,F62033A92E4F4F4D0F908DB67D3C098B1D49580084A5D5122F3B786BAAB91DF7,False,RECOVERING,2,0,False,
1786157990.905104,engram-node01,241,F62033A92E4F4F4D0F908DB67D3C098B1D49580084A5D5122F3B786BAAB91DF7,False,RECOVERING,2,0,False,
1786157990.916338,engram-node02,241,F62033A92E4F4F4D0F908DB67D3C098B1D49580084A5D5122F3B786BAAB91DF7,False,RECOVERING,2,0,False,
1786157990.922733,engram-node03,241,F62033A92E4F4F4D0F908DB67D3C098B1D49580084A5D5122F3B786BAAB91DF7,False,RECOVERING,2,0,False,
1786157990.927478,engram-node04,241,F62033A92E4F4F4D0F908DB67D3C098B1D49580084A5D5122F3B786BAAB91DF7,False,RECOVERING,2,0,False,
1786157995.933671,engram-node01,241,F62033A92E4F4F4D0F908DB67D3C098B1D49580084A5D5122F3B786BAAB91DF7,False,RECOVERING,2,0,False,
1786157995.944696,engram-node02,241,F62033A92E4F4F4D0F908DB67D3C098B1D49580084A5D5122F3B786BAAB91DF7,False,RECOVERING,2,0,False,
1786157995.949708,engram-node03,241,F62033A92E4F4F4D0F908DB67D3C098B1D49580084A5D5122F3B786BAAB91DF7,False,RECOVERING,2,0,False,
1786157995.955006,engram-node04,241,F62033A92E4F4F4D0F908DB67D3C098B1D49580084A5D5122F3B786BAAB91DF7,False,RECOVERING,2,0,False,
1786158000.964334,engram-node01,241,F62033A92E4F4F4D0F908DB67D3C098B1D49580084A5D5122F3B786BAAB91DF7,False,RECOVERING,2,0,False,
1786158000.9729412,engram-node02,241,F62033A92E4F4F4D0F908DB67D3C098B1D49580084A5D5122F3B786BAAB91DF7,False,RECOVERING,2,0,False,
1786158000.978507,engram-node03,241,F62033A92E4F4F4D0F908DB67D3C098B1D49580084A5D5122F3B786BAAB91DF7,False,RECOVERING,2,0,False,
1786158000.983256,engram-node04,241,F62033A92E4F4F4D0F908DB67D3C098B1D49580084A5D5122F3B786BAAB91DF7,False,RECOVERING,2,0,False,
1786158005.9961028,engram-node01,241,F62033A92E4F4F4D0F908DB67D3C098B1D49580084A5D5122F3B786BAAB91DF7,False,RECOVERING,2,0,False,
1786158006.0071309,engram-node02,241,F62033A92E4F4F4D0F908DB67D3C098B1D49580084A5D5122F3B786BAAB91DF7,False,RECOVERING,2,0,False,
1786158006.01318,engram-node03,241,F62033A92E4F4F4D0F908DB67D3C098B1D49580084A5D5122F3B786BAAB91DF7,False,RECOVERING,2,0,False,
1786158006.018052,engram-node04,241,F62033A92E4F4F4D0F908DB67D3C098B1D49580084A5D5122F3B786BAAB91DF7,False,RECOVERING,2,0,False,
1786158011.0254269,engram-node01,245,1C58484D6B92F12DAC486FB74C4D6811A74C9FEEA785FCEAA07B471C1B009A76,False,RECOVERING,2,0,False,
1786158011.031348,engram-node02,245,1C58484D6B92F12DAC486FB74C4D6811A74C9FEEA785FCEAA07B471C1B009A76,False,RECOVERING,2,0,False,
1786158011.035923,engram-node03,245,1C58484D6B92F12DAC486FB74C4D6811A74C9FEEA785FCEAA07B471C1B009A76,False,RECOVERING,2,0,False,
1786158011.0407948,engram-node04,245,1C58484D6B92F12DAC486FB74C4D6811A74C9FEEA785FCEAA07B471C1B009A76,False,RECOVERING,2,0,False,
1786158016.048139,engram-node01,245,1C58484D6B92F12DAC486FB74C4D6811A74C9FEEA785FCEAA07B471C1B009A76,False,RECOVERING,2,0,False,
1786158016.0586162,engram-node02,245,1C58484D6B92F12DAC486FB74C4D6811A74C9FEEA785FCEAA07B471C1B009A76,False,RECOVERING,2,0,False,
1786158016.064693,engram-node03,245,1C58484D6B92F12DAC486FB74C4D6811A74C9FEEA785FCEAA07B471C1B009A76,False,RECOVERING,2,0,False,
1786158016.069365,engram-node04,245,1C58484D6B92F12DAC486FB74C4D6811A74C9FEEA785FCEAA07B471C1B009A76,False,RECOVERING,2,0,False,
1786158021.078433,engram-node01,245,1C58484D6B92F12DAC486FB74C4D6811A74C9FEEA785FCEAA07B471C1B009A76,False,RECOVERING,2,0,False,
1786158021.08548,engram-node02,245,1C58484D6B92F12DAC486FB74C4D6811A74C9FEEA785FCEAA07B471C1B009A76,False,RECOVERING,2,0,False,
1786158021.089397,engram-node03,245,1C58484D6B92F12DAC486FB74C4D6811A74C9FEEA785FCEAA07B471C1B009A76,False,RECOVERING,2,0,False,
1786158021.093444,engram-node04,245,1C58484D6B92F12DAC486FB74C4D6811A74C9FEEA785FCEAA07B471C1B009A76,False,RECOVERING,2,0,False,
1786158026.101847,engram-node01,245,1C58484D6B92F12DAC486FB74C4D6811A74C9FEEA785FCEAA07B471C1B009A76,False,RECOVERING,2,0,False,
1786158026.106045,engram-node02,245,1C58484D6B92F12DAC486FB74C4D6811A74C9FEEA785FCEAA07B471C1B009A76,False,RECOVERING,2,0,False,
1786158026.10971,engram-node03,245,1C58484D6B92F12DAC486FB74C4D6811A74C9FEEA785FCEAA07B471C1B009A76,False,RECOVERING,2,0,False,
1786158026.114346,engram-node04,245,1C58484D6B92F12DAC486FB74C4D6811A74C9FEEA785FCEAA07B471C1B009A76,False,RECOVERING,2,0,False,
1786158031.120901,engram-node01,245,1C58484D6B92F12DAC486FB74C4D6811A74C9FEEA785FCEAA07B471C1B009A76,False,RECOVERING,2,0,False,
1786158031.125294,engram-node02,245,1C58484D6B92F12DAC486FB74C4D6811A74C9FEEA785FCEAA07B471C1B009A76,False,RECOVERING,2,0,False,
1786158031.1282718,engram-node03,245,1C58484D6B92F12DAC486FB74C4D6811A74C9FEEA785FCEAA07B471C1B009A76,False,RECOVERING,2,0,False,
1786158031.131896,engram-node04,245,1C58484D6B92F12DAC486FB74C4D6811A74C9FEEA785FCEAA07B471C1B009A76,False,RECOVERING,2,0,False,
1786158036.140016,engram-node01,245,1C58484D6B92F12DAC486FB74C4D6811A74C9FEEA785FCEAA07B471C1B009A76,False,RECOVERING,2,0,False,
1786158036.1505668,engram-node02,245,1C58484D6B92F12DAC486FB74C4D6811A74C9FEEA785FCEAA07B471C1B009A76,False,RECOVERING,2,0,False,
1786158036.155414,engram-node03,245,1C58484D6B92F12DAC486FB74C4D6811A74C9FEEA785FCEAA07B471C1B009A76,False,RECOVERING,2,0,False,
1786158036.160455,engram-node04,245,1C58484D6B92F12DAC486FB74C4D6811A74C9FEEA785FCEAA07B471C1B009A76,False,RECOVERING,2,0,False,
1786158041.17434,engram-node01,245,1C58484D6B92F12DAC486FB74C4D6811A74C9FEEA785FCEAA07B471C1B009A76,False,RECOVERING,2,0,False,
1786158041.189258,engram-node02,245,1C58484D6B92F12DAC486FB74C4D6811A74C9FEEA785FCEAA07B471C1B009A76,False,RECOVERING,2,0,False,
1786158041.2012548,engram-node03,245,1C58484D6B92F12DAC486FB74C4D6811A74C9FEEA785FCEAA07B471C1B009A76,False,RECOVERING,2,0,False,
1786158041.213038,engram-node04,245,1C58484D6B92F12DAC486FB74C4D6811A74C9FEEA785FCEAA07B471C1B009A76,False,RECOVERING,2,0,False,
1786158046.227854,engram-node01,245,1C58484D6B92F12DAC486FB74C4D6811A74C9FEEA785FCEAA07B471C1B009A76,False,RECOVERING,2,0,False,
1786158046.236428,engram-node02,245,1C58484D6B92F12DAC486FB74C4D6811A74C9FEEA785FCEAA07B471C1B009A76,False,RECOVERING,2,0,False,
1786158046.2419698,engram-node03,245,1C58484D6B92F12DAC486FB74C4D6811A74C9FEEA785FCEAA07B471C1B009A76,False,RECOVERING,2,0,False,
1786158046.24663,engram-node04,245,1C58484D6B92F12DAC486FB74C4D6811A74C9FEEA785FCEAA07B471C1B009A76,False,RECOVERING,2,0,False,
1786158051.2557352,engram-node01,245,1C58484D6B92F12DAC486FB74C4D6811A74C9FEEA785FCEAA07B471C1B009A76,False,RECOVERING,2,0,False,
1786158051.267071,engram-node02,245,1C58484D6B92F12DAC486FB74C4D6811A74C9FEEA785FCEAA07B471C1B009A76,False,RECOVERING,2,0,False,
1786158051.2732038,engram-node03,245,1C58484D6B92F12DAC486FB74C4D6811A74C9FEEA785FCEAA07B471C1B009A76,False,RECOVERING,2,0,False,
1786158051.2786372,engram-node04,245,1C58484D6B92F12DAC486FB74C4D6811A74C9FEEA785FCEAA07B471C1B009A76,False,RECOVERING,2,0,False,
1786158056.2838788,engram-node01,245,1C58484D6B92F12DAC486FB74C4D6811A74C9FEEA785FCEAA07B471C1B009A76,False,RECOVERING,2,0,False,
1786158056.293922,engram-node02,245,1C58484D6B92F12DAC486FB74C4D6811A74C9FEEA785FCEAA07B471C1B009A76,False,RECOVERING,2,0,False,
1786158056.2993238,engram-node03,245,1C58484D6B92F12DAC486FB74C4D6811A74C9FEEA785FCEAA07B471C1B009A76,False,RECOVERING,2,0,False,
1786158056.30429,engram-node04,245,1C58484D6B92F12DAC486FB74C4D6811A74C9FEEA785FCEAA07B471C1B009A76,False,RECOVERING,2,0,False,
1786158061.3099608,engram-node01,245,1C58484D6B92F12DAC486FB74C4D6811A74C9FEEA785FCEAA07B471C1B009A76,False,RECOVERING,2,0,False,
1786158061.3199842,engram-node02,245,1C58484D6B92F12DAC486FB74C4D6811A74C9FEEA785FCEAA07B471C1B009A76,False,RECOVERING,2,0,False,
1786158061.3252192,engram-node03,245,1C58484D6B92F12DAC486FB74C4D6811A74C9FEEA785FCEAA07B471C1B009A76,False,RECOVERING,2,0,False,
1786158061.330088,engram-node04,245,1C58484D6B92F12DAC486FB74C4D6811A74C9FEEA785FCEAA07B471C1B009A76,False,RECOVERING,2,0,False,
1786158066.337099,engram-node01,246,97BC51ABBFAB562686E6EB0E3EA0620CEE7545711B48BB2B42248E81FD3C942B,False,SOVEREIGN,0,0,False,
1786158066.342624,engram-node02,246,97BC51ABBFAB562686E6EB0E3EA0620CEE7545711B48BB2B42248E81FD3C942B,False,SOVEREIGN,0,0,False,
1786158066.3467882,engram-node03,246,97BC51ABBFAB562686E6EB0E3EA0620CEE7545711B48BB2B42248E81FD3C942B,False,SOVEREIGN,0,0,False,
1786158066.350681,engram-node04,246,97BC51ABBFAB562686E6EB0E3EA0620CEE7545711B48BB2B42248E81FD3C942B,False,SOVEREIGN,0,0,False,
1786158071.356631,engram-node01,249,8F8A3E0210C3299928FB13B87AC3669DCEDA6AC412C84DBB8A44C1DEC961DEC8,False,RECOVERING,2,0,False,
1786158071.368242,engram-node02,249,8F8A3E0210C3299928FB13B87AC3669DCEDA6AC412C84DBB8A44C1DEC961DEC8,False,RECOVERING,2,0,False,
1786158071.373739,engram-node03,249,8F8A3E0210C3299928FB13B87AC3669DCEDA6AC412C84DBB8A44C1DEC961DEC8,False,RECOVERING,2,0,False,
1786158071.378731,engram-node04,249,8F8A3E0210C3299928FB13B87AC3669DCEDA6AC412C84DBB8A44C1DEC961DEC8,False,RECOVERING,2,0,False,
1786158076.3884,engram-node01,249,8F8A3E0210C3299928FB13B87AC3669DCEDA6AC412C84DBB8A44C1DEC961DEC8,False,RECOVERING,2,0,False,
1786158076.392683,engram-node02,249,8F8A3E0210C3299928FB13B87AC3669DCEDA6AC412C84DBB8A44C1DEC961DEC8,False,RECOVERING,2,0,False,
1786158076.395693,engram-node03,249,8F8A3E0210C3299928FB13B87AC3669DCEDA6AC412C84DBB8A44C1DEC961DEC8,False,RECOVERING,2,0,False,
1786158076.398296,engram-node04,249,8F8A3E0210C3299928FB13B87AC3669DCEDA6AC412C84DBB8A44C1DEC961DEC8,False,RECOVERING,2,0,False,
1786158081.4030862,engram-node01,249,8F8A3E0210C3299928FB13B87AC3669DCEDA6AC412C84DBB8A44C1DEC961DEC8,False,RECOVERING,2,0,False,
1786158081.413891,engram-node02,249,8F8A3E0210C3299928FB13B87AC3669DCEDA6AC412C84DBB8A44C1DEC961DEC8,False,RECOVERING,2,0,False,
1786158081.41997,engram-node03,249,8F8A3E0210C3299928FB13B87AC3669DCEDA6AC412C84DBB8A44C1DEC961DEC8,False,RECOVERING,2,0,False,
1786158081.424953,engram-node04,249,8F8A3E0210C3299928FB13B87AC3669DCEDA6AC412C84DBB8A44C1DEC961DEC8,False,RECOVERING,2,0,False,
1786158086.4333692,engram-node01,249,8F8A3E0210C3299928FB13B87AC3669DCEDA6AC412C84DBB8A44C1DEC961DEC8,False,RECOVERING,2,0,False,
1786158086.442114,engram-node02,249,8F8A3E0210C3299928FB13B87AC3669DCEDA6AC412C84DBB8A44C1DEC961DEC8,False,RECOVERING,2,0,False,
1786158086.447466,engram-node03,249,8F8A3E0210C3299928FB13B87AC3669DCEDA6AC412C84DBB8A44C1DEC961DEC8,False,RECOVERING,2,0,False,
1786158086.452023,engram-node04,249,8F8A3E0210C3299928FB13B87AC3669DCEDA6AC412C84DBB8A44C1DEC961DEC8,False,RECOVERING,2,0,False,
1786158091.459983,engram-node01,249,8F8A3E0210C3299928FB13B87AC3669DCEDA6AC412C84DBB8A44C1DEC961DEC8,False,RECOVERING,2,0,False,
1786158091.470747,engram-node02,249,8F8A3E0210C3299928FB13B87AC3669DCEDA6AC412C84DBB8A44C1DEC961DEC8,False,RECOVERING,2,0,False,
1786158091.476955,engram-node03,249,8F8A3E0210C3299928FB13B87AC3669DCEDA6AC412C84DBB8A44C1DEC961DEC8,False,RECOVERING,2,0,False,
1786158091.483644,engram-node04,249,8F8A3E0210C3299928FB13B87AC3669DCEDA6AC412C84DBB8A44C1DEC961DEC8,False,RECOVERING,2,0,False,
1786158096.493186,engram-node01,249,8F8A3E0210C3299928FB13B87AC3669DCEDA6AC412C84DBB8A44C1DEC961DEC8,False,RECOVERING,2,0,False,
1786158096.50796,engram-node02,249,8F8A3E0210C3299928FB13B87AC3669DCEDA6AC412C84DBB8A44C1DEC961DEC8,False,RECOVERING,2,0,False,
1786158096.514884,engram-node03,249,8F8A3E0210C3299928FB13B87AC3669DCEDA6AC412C84DBB8A44C1DEC961DEC8,False,RECOVERING,2,0,False,
1786158096.5208058,engram-node04,249,8F8A3E0210C3299928FB13B87AC3669DCEDA6AC412C84DBB8A44C1DEC961DEC8,False,RECOVERING,2,0,False,
1786158101.5310872,engram-node01,249,8F8A3E0210C3299928FB13B87AC3669DCEDA6AC412C84DBB8A44C1DEC961DEC8,False,RECOVERING,2,0,False,
1786158101.54428,engram-node02,249,8F8A3E0210C3299928FB13B87AC3669DCEDA6AC412C84DBB8A44C1DEC961DEC8,False,RECOVERING,2,0,False,
1786158101.55148,engram-node03,249,8F8A3E0210C3299928FB13B87AC3669DCEDA6AC412C84DBB8A44C1DEC961DEC8,False,RECOVERING,2,0,False,
1786158101.557941,engram-node04,249,8F8A3E0210C3299928FB13B87AC3669DCEDA6AC412C84DBB8A44C1DEC961DEC8,False,RECOVERING,2,0,False,
1786158106.5714612,engram-node01,249,8F8A3E0210C3299928FB13B87AC3669DCEDA6AC412C84DBB8A44C1DEC961DEC8,False,RECOVERING,2,0,False,
1786158106.58848,engram-node02,249,8F8A3E0210C3299928FB13B87AC3669DCEDA6AC412C84DBB8A44C1DEC961DEC8,False,RECOVERING,2,0,False,
1786158106.602438,engram-node03,249,8F8A3E0210C3299928FB13B87AC3669DCEDA6AC412C84DBB8A44C1DEC961DEC8,False,RECOVERING,2,0,False,
1786158106.608719,engram-node04,249,8F8A3E0210C3299928FB13B87AC3669DCEDA6AC412C84DBB8A44C1DEC961DEC8,False,RECOVERING,2,0,False,
1786158111.6223419,engram-node01,249,8F8A3E0210C3299928FB13B87AC3669DCEDA6AC412C84DBB8A44C1DEC961DEC8,False,RECOVERING,2,0,False,
1786158111.627965,engram-node02,249,8F8A3E0210C3299928FB13B87AC3669DCEDA6AC412C84DBB8A44C1DEC961DEC8,False,RECOVERING,2,0,False,
1786158111.6332412,engram-node03,249,8F8A3E0210C3299928FB13B87AC3669DCEDA6AC412C84DBB8A44C1DEC961DEC8,False,RECOVERING,2,0,False,
1786158111.636977,engram-node04,249,8F8A3E0210C3299928FB13B87AC3669DCEDA6AC412C84DBB8A44C1DEC961DEC8,False,RECOVERING,2,0,False,
1786158116.645733,engram-node01,249,8F8A3E0210C3299928FB13B87AC3669DCEDA6AC412C84DBB8A44C1DEC961DEC8,False,RECOVERING,2,0,False,
1786158116.653738,engram-node02,249,8F8A3E0210C3299928FB13B87AC3669DCEDA6AC412C84DBB8A44C1DEC961DEC8,False,RECOVERING,2,0,False,
1786158116.6623302,engram-node03,249,8F8A3E0210C3299928FB13B87AC3669DCEDA6AC412C84DBB8A44C1DEC961DEC8,False,RECOVERING,2,0,False,
1786158116.668582,engram-node04,249,8F8A3E0210C3299928FB13B87AC3669DCEDA6AC412C84DBB8A44C1DEC961DEC8,False,RECOVERING,2,0,False,
1786158121.6799622,engram-node01,249,8F8A3E0210C3299928FB13B87AC3669DCEDA6AC412C84DBB8A44C1DEC961DEC8,False,RECOVERING,2,0,False,
1786158121.686601,engram-node02,249,8F8A3E0210C3299928FB13B87AC3669DCEDA6AC412C84DBB8A44C1DEC961DEC8,False,RECOVERING,2,0,False,
1786158121.6907651,engram-node03,249,8F8A3E0210C3299928FB13B87AC3669DCEDA6AC412C84DBB8A44C1DEC961DEC8,False,RECOVERING,2,0,False,
1786158121.695028,engram-node04,249,8F8A3E0210C3299928FB13B87AC3669DCEDA6AC412C84DBB8A44C1DEC961DEC8,False,RECOVERING,2,0,False,
1786158126.705055,engram-node01,250,66EF3E76A3CBACBCFC5E3365DFD4A6843ABA1082AFFF9ADA38A48366B3FD7239,False,RECOVERING,2,0,False,
1786158126.744299,engram-node02,250,66EF3E76A3CBACBCFC5E3365DFD4A6843ABA1082AFFF9ADA38A48366B3FD7239,False,RECOVERING,2,0,False,
1786158126.7835488,engram-node03,250,66EF3E76A3CBACBCFC5E3365DFD4A6843ABA1082AFFF9ADA38A48366B3FD7239,False,SOVEREIGN,0,0,False,
1786158126.810998,engram-node04,250,66EF3E76A3CBACBCFC5E3365DFD4A6843ABA1082AFFF9ADA38A48366B3FD7239,False,SOVEREIGN,0,0,False,
1786158131.8278248,engram-node01,253,AF89E49A552889607F87BA380A12EF540B8BD8EA49E0C42E367935B1E2836D23,False,RECOVERING,2,0,False,
1786158131.836695,engram-node02,253,AF89E49A552889607F87BA380A12EF540B8BD8EA49E0C42E367935B1E2836D23,False,RECOVERING,2,0,False,
1786158131.842297,engram-node03,253,AF89E49A552889607F87BA380A12EF540B8BD8EA49E0C42E367935B1E2836D23,False,RECOVERING,2,0,False,
1786158131.846122,engram-node04,253,AF89E49A552889607F87BA380A12EF540B8BD8EA49E0C42E367935B1E2836D23,False,RECOVERING,2,0,False,
1786158136.855299,engram-node01,253,AF89E49A552889607F87BA380A12EF540B8BD8EA49E0C42E367935B1E2836D23,False,RECOVERING,2,0,False,
1786158136.861713,engram-node02,253,AF89E49A552889607F87BA380A12EF540B8BD8EA49E0C42E367935B1E2836D23,False,RECOVERING,2,0,False,
1786158136.866983,engram-node03,253,AF89E49A552889607F87BA380A12EF540B8BD8EA49E0C42E367935B1E2836D23,False,RECOVERING,2,0,False,
1786158136.872745,engram-node04,253,AF89E49A552889607F87BA380A12EF540B8BD8EA49E0C42E367935B1E2836D23,False,RECOVERING,2,0,False,
1786158141.8795981,engram-node01,253,AF89E49A552889607F87BA380A12EF540B8BD8EA49E0C42E367935B1E2836D23,False,RECOVERING,2,0,False,
1786158141.885217,engram-node02,253,AF89E49A552889607F87BA380A12EF540B8BD8EA49E0C42E367935B1E2836D23,False,RECOVERING,2,0,False,
1786158141.888913,engram-node03,253,AF89E49A552889607F87BA380A12EF540B8BD8EA49E0C42E367935B1E2836D23,False,RECOVERING,2,0,False,
1786158141.8928058,engram-node04,253,AF89E49A552889607F87BA380A12EF540B8BD8EA49E0C42E367935B1E2836D23,False,RECOVERING,2,0,False,
1786158146.901999,engram-node01,253,AF89E49A552889607F87BA380A12EF540B8BD8EA49E0C42E367935B1E2836D23,False,RECOVERING,2,0,False,
1786158146.908837,engram-node02,253,AF89E49A552889607F87BA380A12EF540B8BD8EA49E0C42E367935B1E2836D23,False,RECOVERING,2,0,False,
1786158146.914464,engram-node03,253,AF89E49A552889607F87BA380A12EF540B8BD8EA49E0C42E367935B1E2836D23,False,RECOVERING,2,0,False,
1786158146.9198909,engram-node04,253,AF89E49A552889607F87BA380A12EF540B8BD8EA49E0C42E367935B1E2836D23,False,RECOVERING,2,0,False,
1786158151.929684,engram-node01,253,AF89E49A552889607F87BA380A12EF540B8BD8EA49E0C42E367935B1E2836D23,False,RECOVERING,2,0,False,
1786158151.938657,engram-node02,253,AF89E49A552889607F87BA380A12EF540B8BD8EA49E0C42E367935B1E2836D23,False,RECOVERING,2,0,False,
1786158151.9454331,engram-node03,253,AF89E49A552889607F87BA380A12EF540B8BD8EA49E0C42E367935B1E2836D23,False,RECOVERING,2,0,False,
1786158151.950217,engram-node04,253,AF89E49A552889607F87BA380A12EF540B8BD8EA49E0C42E367935B1E2836D23,False,RECOVERING,2,0,False,
1786158156.958464,engram-node01,253,AF89E49A552889607F87BA380A12EF540B8BD8EA49E0C42E367935B1E2836D23,False,RECOVERING,2,0,False,
1786158156.9622889,engram-node02,253,AF89E49A552889607F87BA380A12EF540B8BD8EA49E0C42E367935B1E2836D23,False,RECOVERING,2,0,False,
1786158156.9657788,engram-node03,253,AF89E49A552889607F87BA380A12EF540B8BD8EA49E0C42E367935B1E2836D23,False,RECOVERING,2,0,False,
1786158156.9688709,engram-node04,253,AF89E49A552889607F87BA380A12EF540B8BD8EA49E0C42E367935B1E2836D23,False,RECOVERING,2,0,False,
1786158161.977694,engram-node01,253,AF89E49A552889607F87BA380A12EF540B8BD8EA49E0C42E367935B1E2836D23,False,RECOVERING,2,0,False,
1786158161.983117,engram-node02,253,AF89E49A552889607F87BA380A12EF540B8BD8EA49E0C42E367935B1E2836D23,False,RECOVERING,2,0,False,
1786158161.987823,engram-node03,253,AF89E49A552889607F87BA380A12EF540B8BD8EA49E0C42E367935B1E2836D23,False,RECOVERING,2,0,False,
1786158161.998684,engram-node04,253,AF89E49A552889607F87BA380A12EF540B8BD8EA49E0C42E367935B1E2836D23,False,RECOVERING,2,0,False,
1786158167.0033338,engram-node01,253,AF89E49A552889607F87BA380A12EF540B8BD8EA49E0C42E367935B1E2836D23,False,RECOVERING,2,0,False,
1786158167.0095518,engram-node02,253,AF89E49A552889607F87BA380A12EF540B8BD8EA49E0C42E367935B1E2836D23,False,RECOVERING,2,0,False,
1786158167.0154161,engram-node03,253,AF89E49A552889607F87BA380A12EF540B8BD8EA49E0C42E367935B1E2836D23,False,RECOVERING,2,0,False,
1786158167.020393,engram-node04,253,AF89E49A552889607F87BA380A12EF540B8BD8EA49E0C42E367935B1E2836D23,False,RECOVERING,2,0,False,
1786158172.025677,engram-node01,253,AF89E49A552889607F87BA380A12EF540B8BD8EA49E0C42E367935B1E2836D23,False,RECOVERING,2,0,False,
1786158172.0344698,engram-node02,253,AF89E49A552889607F87BA380A12EF540B8BD8EA49E0C42E367935B1E2836D23,False,RECOVERING,2,0,False,
1786158172.041101,engram-node03,253,AF89E49A552889607F87BA380A12EF540B8BD8EA49E0C42E367935B1E2836D23,False,RECOVERING,2,0,False,
1786158172.04629,engram-node04,253,AF89E49A552889607F87BA380A12EF540B8BD8EA49E0C42E367935B1E2836D23,False,RECOVERING,2,0,False,
1786158177.056448,engram-node01,253,AF89E49A552889607F87BA380A12EF540B8BD8EA49E0C42E367935B1E2836D23,False,RECOVERING,2,0,False,
1786158177.062967,engram-node02,253,AF89E49A552889607F87BA380A12EF540B8BD8EA49E0C42E367935B1E2836D23,False,RECOVERING,2,0,False,
1786158177.069099,engram-node03,253,AF89E49A552889607F87BA380A12EF540B8BD8EA49E0C42E367935B1E2836D23,False,RECOVERING,2,0,False,
1786158177.0835352,engram-node04,253,AF89E49A552889607F87BA380A12EF540B8BD8EA49E0C42E367935B1E2836D23,False,RECOVERING,2,0,False,
1786158182.088564,engram-node01,253,AF89E49A552889607F87BA380A12EF540B8BD8EA49E0C42E367935B1E2836D23,False,RECOVERING,2,0,False,
1786158182.0941062,engram-node02,253,AF89E49A552889607F87BA380A12EF540B8BD8EA49E0C42E367935B1E2836D23,False,RECOVERING,2,0,False,
1786158182.101008,engram-node03,253,AF89E49A552889607F87BA380A12EF540B8BD8EA49E0C42E367935B1E2836D23,False,RECOVERING,2,0,False,
1786158182.106244,engram-node04,253,AF89E49A552889607F87BA380A12EF540B8BD8EA49E0C42E367935B1E2836D23,False,RECOVERING,2,0,False,
1786158187.115006,engram-node01,253,AF89E49A552889607F87BA380A12EF540B8BD8EA49E0C42E367935B1E2836D23,False,RECOVERING,2,0,False,
1786158187.1190379,engram-node02,253,AF89E49A552889607F87BA380A12EF540B8BD8EA49E0C42E367935B1E2836D23,False,RECOVERING,2,0,False,
1786158187.1230662,engram-node03,253,AF89E49A552889607F87BA380A12EF540B8BD8EA49E0C42E367935B1E2836D23,False,RECOVERING,2,0,False,
1786158187.127358,engram-node04,253,AF89E49A552889607F87BA380A12EF540B8BD8EA49E0C42E367935B1E2836D23,False,RECOVERING,2,0,False,
1786158192.135202,engram-node01,257,AB237EFEE7AACCF97A1200B22DC6F8B251FBABA34DE83CA976B90C22922698F4,False,RECOVERING,2,0,False,
1786158192.171583,engram-node02,257,AB237EFEE7AACCF97A1200B22DC6F8B251FBABA34DE83CA976B90C22922698F4,False,RECOVERING,2,0,False,
1786158192.177836,engram-node03,257,AB237EFEE7AACCF97A1200B22DC6F8B251FBABA34DE83CA976B90C22922698F4,False,RECOVERING,2,0,False,
1786158192.183813,engram-node04,257,AB237EFEE7AACCF97A1200B22DC6F8B251FBABA34DE83CA976B90C22922698F4,False,RECOVERING,2,0,False,
1786158197.2112849,engram-node01,257,AB237EFEE7AACCF97A1200B22DC6F8B251FBABA34DE83CA976B90C22922698F4,False,RECOVERING,2,0,False,
1786158197.217925,engram-node02,257,AB237EFEE7AACCF97A1200B22DC6F8B251FBABA34DE83CA976B90C22922698F4,False,RECOVERING,2,0,False,
1786158197.2225752,engram-node03,257,AB237EFEE7AACCF97A1200B22DC6F8B251FBABA34DE83CA976B90C22922698F4,False,RECOVERING,2,0,False,
1786158197.2275908,engram-node04,257,AB237EFEE7AACCF97A1200B22DC6F8B251FBABA34DE83CA976B90C22922698F4,False,RECOVERING,2,0,False,
1786158202.23539,engram-node01,257,AB237EFEE7AACCF97A1200B22DC6F8B251FBABA34DE83CA976B90C22922698F4,False,RECOVERING,2,0,False,
1786158202.2396128,engram-node02,257,AB237EFEE7AACCF97A1200B22DC6F8B251FBABA34DE83CA976B90C22922698F4,False,RECOVERING,2,0,False,
1786158202.2435908,engram-node03,257,AB237EFEE7AACCF97A1200B22DC6F8B251FBABA34DE83CA976B90C22922698F4,False,RECOVERING,2,0,False,
1786158202.2508721,engram-node04,257,AB237EFEE7AACCF97A1200B22DC6F8B251FBABA34DE83CA976B90C22922698F4,False,RECOVERING,2,0,False,
1786158207.26144,engram-node01,257,AB237EFEE7AACCF97A1200B22DC6F8B251FBABA34DE83CA976B90C22922698F4,False,RECOVERING,2,0,False,
1786158207.267307,engram-node02,257,AB237EFEE7AACCF97A1200B22DC6F8B251FBABA34DE83CA976B90C22922698F4,False,RECOVERING,2,0,False,
1786158207.270614,engram-node03,257,AB237EFEE7AACCF97A1200B22DC6F8B251FBABA34DE83CA976B90C22922698F4,False,RECOVERING,2,0,False,
1786158207.2734451,engram-node04,257,AB237EFEE7AACCF97A1200B22DC6F8B251FBABA34DE83CA976B90C22922698F4,False,RECOVERING,2,0,False,
1786158212.278645,engram-node01,257,AB237EFEE7AACCF97A1200B22DC6F8B251FBABA34DE83CA976B90C22922698F4,False,RECOVERING,2,0,False,
1786158212.283385,engram-node02,257,AB237EFEE7AACCF97A1200B22DC6F8B251FBABA34DE83CA976B90C22922698F4,False,RECOVERING,2,0,False,
1786158212.286398,engram-node03,257,AB237EFEE7AACCF97A1200B22DC6F8B251FBABA34DE83CA976B90C22922698F4,False,RECOVERING,2,0,False,
1786158212.289793,engram-node04,257,AB237EFEE7AACCF97A1200B22DC6F8B251FBABA34DE83CA976B90C22922698F4,False,RECOVERING,2,0,False,
1786158217.293582,engram-node01,257,AB237EFEE7AACCF97A1200B22DC6F8B251FBABA34DE83CA976B90C22922698F4,False,RECOVERING,2,0,False,
1786158217.298903,engram-node02,257,AB237EFEE7AACCF97A1200B22DC6F8B251FBABA34DE83CA976B90C22922698F4,False,RECOVERING,2,0,False,
1786158217.3019788,engram-node03,257,AB237EFEE7AACCF97A1200B22DC6F8B251FBABA34DE83CA976B90C22922698F4,False,RECOVERING,2,0,False,
1786158217.3054552,engram-node04,257,AB237EFEE7AACCF97A1200B22DC6F8B251FBABA34DE83CA976B90C22922698F4,False,RECOVERING,2,0,False,
1786158222.312316,engram-node01,257,AB237EFEE7AACCF97A1200B22DC6F8B251FBABA34DE83CA976B90C22922698F4,False,RECOVERING,2,0,False,
1786158222.320537,engram-node02,257,AB237EFEE7AACCF97A1200B22DC6F8B251FBABA34DE83CA976B90C22922698F4,False,RECOVERING,2,0,False,
1786158222.324196,engram-node03,257,AB237EFEE7AACCF97A1200B22DC6F8B251FBABA34DE83CA976B90C22922698F4,False,RECOVERING,2,0,False,
1786158222.32844,engram-node04,257,AB237EFEE7AACCF97A1200B22DC6F8B251FBABA34DE83CA976B90C22922698F4,False,RECOVERING,2,0,False,
1786158227.336598,engram-node01,257,AB237EFEE7AACCF97A1200B22DC6F8B251FBABA34DE83CA976B90C22922698F4,False,RECOVERING,2,0,False,
1786158227.347044,engram-node02,257,AB237EFEE7AACCF97A1200B22DC6F8B251FBABA34DE83CA976B90C22922698F4,False,RECOVERING,2,0,False,
1786158227.355382,engram-node03,257,AB237EFEE7AACCF97A1200B22DC6F8B251FBABA34DE83CA976B90C22922698F4,False,RECOVERING,2,0,False,
1786158227.3635352,engram-node04,257,AB237EFEE7AACCF97A1200B22DC6F8B251FBABA34DE83CA976B90C22922698F4,False,RECOVERING,2,0,False,
1786158232.374787,engram-node01,257,AB237EFEE7AACCF97A1200B22DC6F8B251FBABA34DE83CA976B90C22922698F4,False,RECOVERING,2,0,False,
1786158232.385772,engram-node02,257,AB237EFEE7AACCF97A1200B22DC6F8B251FBABA34DE83CA976B90C22922698F4,False,RECOVERING,2,0,False,
1786158232.391134,engram-node03,257,AB237EFEE7AACCF97A1200B22DC6F8B251FBABA34DE83CA976B90C22922698F4,False,RECOVERING,2,0,False,
1786158232.3958359,engram-node04,257,AB237EFEE7AACCF97A1200B22DC6F8B251FBABA34DE83CA976B90C22922698F4,False,RECOVERING,2,0,False,
1786158237.402406,engram-node01,257,AB237EFEE7AACCF97A1200B22DC6F8B251FBABA34DE83CA976B90C22922698F4,False,RECOVERING,2,0,False,
1786158237.416055,engram-node02,257,AB237EFEE7AACCF97A1200B22DC6F8B251FBABA34DE83CA976B90C22922698F4,False,RECOVERING,2,0,False,
1786158237.422231,engram-node03,257,AB237EFEE7AACCF97A1200B22DC6F8B251FBABA34DE83CA976B90C22922698F4,False,RECOVERING,2,0,False,
1786158237.4307148,engram-node04,257,AB237EFEE7AACCF97A1200B22DC6F8B251FBABA34DE83CA976B90C22922698F4,False,RECOVERING,2,0,False,
1786158242.438803,engram-node01,257,AB237EFEE7AACCF97A1200B22DC6F8B251FBABA34DE83CA976B90C22922698F4,False,RECOVERING,2,0,False,
1786158242.451026,engram-node02,257,AB237EFEE7AACCF97A1200B22DC6F8B251FBABA34DE83CA976B90C22922698F4,False,RECOVERING,2,0,False,
1786158242.459827,engram-node03,257,AB237EFEE7AACCF97A1200B22DC6F8B251FBABA34DE83CA976B90C22922698F4,False,RECOVERING,2,0,False,
1786158242.47199,engram-node04,257,AB237EFEE7AACCF97A1200B22DC6F8B251FBABA34DE83CA976B90C22922698F4,False,RECOVERING,2,0,False,
1786158247.504286,engram-node01,257,AB237EFEE7AACCF97A1200B22DC6F8B251FBABA34DE83CA976B90C22922698F4,False,RECOVERING,2,0,False,
1786158247.575026,engram-node02,257,AB237EFEE7AACCF97A1200B22DC6F8B251FBABA34DE83CA976B90C22922698F4,False,RECOVERING,2,0,False,
1786158247.584905,engram-node03,257,AB237EFEE7AACCF97A1200B22DC6F8B251FBABA34DE83CA976B90C22922698F4,False,RECOVERING,2,0,False,
1786158247.5919812,engram-node04,257,AB237EFEE7AACCF97A1200B22DC6F8B251FBABA34DE83CA976B90C22922698F4,False,RECOVERING,2,0,False,
1786158252.604914,engram-node01,261,B254C36B565012AB02A261F91BADFA6BB4137F7285CAE3D82A81F97C21A1C032,False,RECOVERING,2,0,False,
1786158252.613,engram-node02,261,B254C36B565012AB02A261F91BADFA6BB4137F7285CAE3D82A81F97C21A1C032,False,RECOVERING,2,0,False,
1786158252.619589,engram-node03,261,B254C36B565012AB02A261F91BADFA6BB4137F7285CAE3D82A81F97C21A1C032,False,RECOVERING,2,0,False,
1786158252.62546,engram-node04,261,B254C36B565012AB02A261F91BADFA6BB4137F7285CAE3D82A81F97C21A1C032,False,RECOVERING,2,0,False,
1786158257.634101,engram-node01,261,B254C36B565012AB02A261F91BADFA6BB4137F7285CAE3D82A81F97C21A1C032,False,RECOVERING,2,0,False,
1786158257.641841,engram-node02,261,B254C36B565012AB02A261F91BADFA6BB4137F7285CAE3D82A81F97C21A1C032,False,RECOVERING,2,0,False,
1786158257.64732,engram-node03,261,B254C36B565012AB02A261F91BADFA6BB4137F7285CAE3D82A81F97C21A1C032,False,RECOVERING,2,0,False,
1786158257.653126,engram-node04,261,B254C36B565012AB02A261F91BADFA6BB4137F7285CAE3D82A81F97C21A1C032,False,RECOVERING,2,0,False,
1786158262.661281,engram-node01,261,B254C36B565012AB02A261F91BADFA6BB4137F7285CAE3D82A81F97C21A1C032,False,RECOVERING,2,0,False,
1786158262.6674318,engram-node02,261,B254C36B565012AB02A261F91BADFA6BB4137F7285CAE3D82A81F97C21A1C032,False,RECOVERING,2,0,False,
1786158262.671629,engram-node03,261,B254C36B565012AB02A261F91BADFA6BB4137F7285CAE3D82A81F97C21A1C032,False,RECOVERING,2,0,False,
1786158262.674572,engram-node04,261,B254C36B565012AB02A261F91BADFA6BB4137F7285CAE3D82A81F97C21A1C032,False,RECOVERING,2,0,False,
1786158267.678071,engram-node01,261,B254C36B565012AB02A261F91BADFA6BB4137F7285CAE3D82A81F97C21A1C032,False,RECOVERING,2,0,False,
1786158267.6901839,engram-node02,261,B254C36B565012AB02A261F91BADFA6BB4137F7285CAE3D82A81F97C21A1C032,False,RECOVERING,2,0,False,
1786158267.6981602,engram-node03,261,B254C36B565012AB02A261F91BADFA6BB4137F7285CAE3D82A81F97C21A1C032,False,RECOVERING,2,0,False,
1786158267.7054899,engram-node04,261,B254C36B565012AB02A261F91BADFA6BB4137F7285CAE3D82A81F97C21A1C032,False,RECOVERING,2,0,False,
1786158272.717241,engram-node01,261,B254C36B565012AB02A261F91BADFA6BB4137F7285CAE3D82A81F97C21A1C032,False,RECOVERING,2,0,False,
1786158272.727082,engram-node02,261,B254C36B565012AB02A261F91BADFA6BB4137F7285CAE3D82A81F97C21A1C032,False,RECOVERING,2,0,False,
1786158272.733048,engram-node03,261,B254C36B565012AB02A261F91BADFA6BB4137F7285CAE3D82A81F97C21A1C032,False,RECOVERING,2,0,False,
1786158272.737474,engram-node04,261,B254C36B565012AB02A261F91BADFA6BB4137F7285CAE3D82A81F97C21A1C032,False,RECOVERING,2,0,False,
1786158277.7467232,engram-node01,261,B254C36B565012AB02A261F91BADFA6BB4137F7285CAE3D82A81F97C21A1C032,False,RECOVERING,2,0,False,
1786158277.782208,engram-node02,261,B254C36B565012AB02A261F91BADFA6BB4137F7285CAE3D82A81F97C21A1C032,False,RECOVERING,2,0,False,
1786158277.804076,engram-node03,261,B254C36B565012AB02A261F91BADFA6BB4137F7285CAE3D82A81F97C21A1C032,False,RECOVERING,2,0,False,
1786158277.835072,engram-node04,261,B254C36B565012AB02A261F91BADFA6BB4137F7285CAE3D82A81F97C21A1C032,False,RECOVERING,2,0,False,
1786158282.870919,engram-node01,261,B254C36B565012AB02A261F91BADFA6BB4137F7285CAE3D82A81F97C21A1C032,False,RECOVERING,2,0,False,
1786158282.8794482,engram-node02,261,B254C36B565012AB02A261F91BADFA6BB4137F7285CAE3D82A81F97C21A1C032,False,RECOVERING,2,0,False,
1786158282.884348,engram-node03,261,B254C36B565012AB02A261F91BADFA6BB4137F7285CAE3D82A81F97C21A1C032,False,RECOVERING,2,0,False,
1786158282.888343,engram-node04,261,B254C36B565012AB02A261F91BADFA6BB4137F7285CAE3D82A81F97C21A1C032,False,RECOVERING,2,0,False,
1786158287.89346,engram-node01,261,B254C36B565012AB02A261F91BADFA6BB4137F7285CAE3D82A81F97C21A1C032,False,RECOVERING,2,0,False,
1786158287.8983119,engram-node02,261,B254C36B565012AB02A261F91BADFA6BB4137F7285CAE3D82A81F97C21A1C032,False,RECOVERING,2,0,False,
1786158287.902169,engram-node03,261,B254C36B565012AB02A261F91BADFA6BB4137F7285CAE3D82A81F97C21A1C032,False,RECOVERING,2,0,False,
1786158287.9053051,engram-node04,261,B254C36B565012AB02A261F91BADFA6BB4137F7285CAE3D82A81F97C21A1C032,False,RECOVERING,2,0,False,
1786158292.90852,engram-node01,261,B254C36B565012AB02A261F91BADFA6BB4137F7285CAE3D82A81F97C21A1C032,False,RECOVERING,2,0,False,
1786158292.917355,engram-node02,261,B254C36B565012AB02A261F91BADFA6BB4137F7285CAE3D82A81F97C21A1C032,False,RECOVERING,2,0,False,
1786158292.923521,engram-node03,261,B254C36B565012AB02A261F91BADFA6BB4137F7285CAE3D82A81F97C21A1C032,False,RECOVERING,2,0,False,
1786158292.929516,engram-node04,261,B254C36B565012AB02A261F91BADFA6BB4137F7285CAE3D82A81F97C21A1C032,False,RECOVERING,2,0,False,
1786158297.9377348,engram-node01,261,B254C36B565012AB02A261F91BADFA6BB4137F7285CAE3D82A81F97C21A1C032,False,RECOVERING,2,0,False,
1786158297.942006,engram-node02,261,B254C36B565012AB02A261F91BADFA6BB4137F7285CAE3D82A81F97C21A1C032,False,RECOVERING,2,0,False,
1786158297.9469209,engram-node03,261,B254C36B565012AB02A261F91BADFA6BB4137F7285CAE3D82A81F97C21A1C032,False,RECOVERING,2,0,False,
1786158297.951787,engram-node04,261,B254C36B565012AB02A261F91BADFA6BB4137F7285CAE3D82A81F97C21A1C032,False,RECOVERING,2,0,False,
1786158302.954881,engram-node01,261,B254C36B565012AB02A261F91BADFA6BB4137F7285CAE3D82A81F97C21A1C032,False,RECOVERING,2,0,False,
1786158302.9607198,engram-node02,261,B254C36B565012AB02A261F91BADFA6BB4137F7285CAE3D82A81F97C21A1C032,False,RECOVERING,2,0,False,
1786158302.964052,engram-node03,261,B254C36B565012AB02A261F91BADFA6BB4137F7285CAE3D82A81F97C21A1C032,False,RECOVERING,2,0,False,
1786158302.966882,engram-node04,261,B254C36B565012AB02A261F91BADFA6BB4137F7285CAE3D82A81F97C21A1C032,False,RECOVERING,2,0,False,
1786158307.972758,engram-node01,261,B254C36B565012AB02A261F91BADFA6BB4137F7285CAE3D82A81F97C21A1C032,False,RECOVERING,2,0,False,
1786158307.980889,engram-node02,261,B254C36B565012AB02A261F91BADFA6BB4137F7285CAE3D82A81F97C21A1C032,False,RECOVERING,2,0,False,
1786158308.0029812,engram-node03,261,B254C36B565012AB02A261F91BADFA6BB4137F7285CAE3D82A81F97C21A1C032,False,RECOVERING,2,0,False,
1786158308.011311,engram-node04,261,B254C36B565012AB02A261F91BADFA6BB4137F7285CAE3D82A81F97C21A1C032,False,RECOVERING,2,0,False,
1786158313.0190349,engram-node01,265,E5A3C2EA5B1DDD19349A6C539C8EA855DF4B96EE0162E6798176A5E7624247EE,False,RECOVERING,2,0,False,
1786158313.029068,engram-node02,265,E5A3C2EA5B1DDD19349A6C539C8EA855DF4B96EE0162E6798176A5E7624247EE,False,RECOVERING,2,0,False,
1786158313.033188,engram-node03,265,E5A3C2EA5B1DDD19349A6C539C8EA855DF4B96EE0162E6798176A5E7624247EE,False,RECOVERING,2,0,False,
1786158313.036294,engram-node04,265,E5A3C2EA5B1DDD19349A6C539C8EA855DF4B96EE0162E6798176A5E7624247EE,False,RECOVERING,2,0,False,
1786158318.041709,engram-node01,265,E5A3C2EA5B1DDD19349A6C539C8EA855DF4B96EE0162E6798176A5E7624247EE,False,RECOVERING,2,0,False,
1786158318.045856,engram-node02,265,E5A3C2EA5B1DDD19349A6C539C8EA855DF4B96EE0162E6798176A5E7624247EE,False,RECOVERING,2,0,False,
1786158318.0498922,engram-node03,265,E5A3C2EA5B1DDD19349A6C539C8EA855DF4B96EE0162E6798176A5E7624247EE,False,RECOVERING,2,0,False,
1786158318.053798,engram-node04,265,E5A3C2EA5B1DDD19349A6C539C8EA855DF4B96EE0162E6798176A5E7624247EE,False,RECOVERING,2,0,False,
1786158323.057697,engram-node01,265,E5A3C2EA5B1DDD19349A6C539C8EA855DF4B96EE0162E6798176A5E7624247EE,False,RECOVERING,2,0,False,
1786158323.06389,engram-node02,265,E5A3C2EA5B1DDD19349A6C539C8EA855DF4B96EE0162E6798176A5E7624247EE,False,RECOVERING,2,0,False,
1786158323.068635,engram-node03,265,E5A3C2EA5B1DDD19349A6C539C8EA855DF4B96EE0162E6798176A5E7624247EE,False,RECOVERING,2,0,False,
1786158323.072402,engram-node04,265,E5A3C2EA5B1DDD19349A6C539C8EA855DF4B96EE0162E6798176A5E7624247EE,False,RECOVERING,2,0,False,
1786158328.081401,engram-node01,265,E5A3C2EA5B1DDD19349A6C539C8EA855DF4B96EE0162E6798176A5E7624247EE,False,RECOVERING,2,0,False,
1786158328.087728,engram-node02,265,E5A3C2EA5B1DDD19349A6C539C8EA855DF4B96EE0162E6798176A5E7624247EE,False,RECOVERING,2,0,False,
1786158328.091507,engram-node03,265,E5A3C2EA5B1DDD19349A6C539C8EA855DF4B96EE0162E6798176A5E7624247EE,False,RECOVERING,2,0,False,
1786158328.094732,engram-node04,265,E5A3C2EA5B1DDD19349A6C539C8EA855DF4B96EE0162E6798176A5E7624247EE,False,RECOVERING,2,0,False,
1786158333.098698,engram-node01,265,E5A3C2EA5B1DDD19349A6C539C8EA855DF4B96EE0162E6798176A5E7624247EE,False,RECOVERING,2,0,False,
1786158333.11149,engram-node02,265,E5A3C2EA5B1DDD19349A6C539C8EA855DF4B96EE0162E6798176A5E7624247EE,False,RECOVERING,2,0,False,
1786158333.122158,engram-node03,265,E5A3C2EA5B1DDD19349A6C539C8EA855DF4B96EE0162E6798176A5E7624247EE,False,RECOVERING,2,0,False,
1786158333.1303198,engram-node04,265,E5A3C2EA5B1DDD19349A6C539C8EA855DF4B96EE0162E6798176A5E7624247EE,False,RECOVERING,2,0,False,
1786158338.1431942,engram-node01,265,E5A3C2EA5B1DDD19349A6C539C8EA855DF4B96EE0162E6798176A5E7624247EE,False,RECOVERING,2,0,False,
1786158338.1556711,engram-node02,265,E5A3C2EA5B1DDD19349A6C539C8EA855DF4B96EE0162E6798176A5E7624247EE,False,RECOVERING,2,0,False,
1786158338.1636322,engram-node03,265,E5A3C2EA5B1DDD19349A6C539C8EA855DF4B96EE0162E6798176A5E7624247EE,False,RECOVERING,2,0,False,
1786158338.173481,engram-node04,265,E5A3C2EA5B1DDD19349A6C539C8EA855DF4B96EE0162E6798176A5E7624247EE,False,RECOVERING,2,0,False,
1786158343.185003,engram-node01,265,E5A3C2EA5B1DDD19349A6C539C8EA855DF4B96EE0162E6798176A5E7624247EE,False,RECOVERING,2,0,False,
1786158343.19354,engram-node02,265,E5A3C2EA5B1DDD19349A6C539C8EA855DF4B96EE0162E6798176A5E7624247EE,False,RECOVERING,2,0,False,
1786158343.209118,engram-node03,265,E5A3C2EA5B1DDD19349A6C539C8EA855DF4B96EE0162E6798176A5E7624247EE,False,RECOVERING,2,0,False,
1786158343.218687,engram-node04,265,E5A3C2EA5B1DDD19349A6C539C8EA855DF4B96EE0162E6798176A5E7624247EE,False,RECOVERING,2,0,False,
1786158348.229393,engram-node01,265,E5A3C2EA5B1DDD19349A6C539C8EA855DF4B96EE0162E6798176A5E7624247EE,False,RECOVERING,2,0,False,
1786158348.2385669,engram-node02,265,E5A3C2EA5B1DDD19349A6C539C8EA855DF4B96EE0162E6798176A5E7624247EE,False,RECOVERING,2,0,False,
1786158348.2478259,engram-node03,265,E5A3C2EA5B1DDD19349A6C539C8EA855DF4B96EE0162E6798176A5E7624247EE,False,RECOVERING,2,0,False,
1786158348.254904,engram-node04,265,E5A3C2EA5B1DDD19349A6C539C8EA855DF4B96EE0162E6798176A5E7624247EE,False,RECOVERING,2,0,False,
1786158353.2678468,engram-node01,265,E5A3C2EA5B1DDD19349A6C539C8EA855DF4B96EE0162E6798176A5E7624247EE,False,RECOVERING,2,0,False,
1786158353.278317,engram-node02,265,E5A3C2EA5B1DDD19349A6C539C8EA855DF4B96EE0162E6798176A5E7624247EE,False,RECOVERING,2,0,False,
1786158353.290381,engram-node03,265,E5A3C2EA5B1DDD19349A6C539C8EA855DF4B96EE0162E6798176A5E7624247EE,False,RECOVERING,2,0,False,
1786158353.3031528,engram-node04,265,E5A3C2EA5B1DDD19349A6C539C8EA855DF4B96EE0162E6798176A5E7624247EE,False,RECOVERING,2,0,False,
1786158358.317739,engram-node01,265,E5A3C2EA5B1DDD19349A6C539C8EA855DF4B96EE0162E6798176A5E7624247EE,False,RECOVERING,2,0,False,
1786158358.3252501,engram-node02,265,E5A3C2EA5B1DDD19349A6C539C8EA855DF4B96EE0162E6798176A5E7624247EE,False,RECOVERING,2,0,False,
1786158358.33317,engram-node03,265,E5A3C2EA5B1DDD19349A6C539C8EA855DF4B96EE0162E6798176A5E7624247EE,False,RECOVERING,2,0,False,
1786158358.3397582,engram-node04,265,E5A3C2EA5B1DDD19349A6C539C8EA855DF4B96EE0162E6798176A5E7624247EE,False,RECOVERING,2,0,False,
1786158363.348255,engram-node01,265,E5A3C2EA5B1DDD19349A6C539C8EA855DF4B96EE0162E6798176A5E7624247EE,False,RECOVERING,2,0,False,
1786158363.355329,engram-node02,265,E5A3C2EA5B1DDD19349A6C539C8EA855DF4B96EE0162E6798176A5E7624247EE,False,RECOVERING,2,0,False,
1786158363.3628612,engram-node03,265,E5A3C2EA5B1DDD19349A6C539C8EA855DF4B96EE0162E6798176A5E7624247EE,False,RECOVERING,2,0,False,
1786158363.371684,engram-node04,265,E5A3C2EA5B1DDD19349A6C539C8EA855DF4B96EE0162E6798176A5E7624247EE,False,RECOVERING,2,0,False,
1786158368.3919559,engram-node01,266,F36312E9554482A573DA044AF0EB9FCEC89326AEE5C10FA78E27635167A64448,False,SOVEREIGN,0,0,False,
1786158368.4095418,engram-node02,266,F36312E9554482A573DA044AF0EB9FCEC89326AEE5C10FA78E27635167A64448,False,SOVEREIGN,0,0,False,
1786158368.4188852,engram-node03,266,F36312E9554482A573DA044AF0EB9FCEC89326AEE5C10FA78E27635167A64448,False,SOVEREIGN,0,0,False,
1786158368.4274292,engram-node04,266,F36312E9554482A573DA044AF0EB9FCEC89326AEE5C10FA78E27635167A64448,False,SOVEREIGN,0,0,False,
1786158373.438286,engram-node01,269,12520048F47C3EA6965E1BE27AA9FDFE2D47E11CF6162B8737FD3F09F9B6C100,False,RECOVERING,2,0,False,
1786158373.4428182,engram-node02,269,12520048F47C3EA6965E1BE27AA9FDFE2D47E11CF6162B8737FD3F09F9B6C100,False,RECOVERING,2,0,False,
1786158373.4461172,engram-node03,269,12520048F47C3EA6965E1BE27AA9FDFE2D47E11CF6162B8737FD3F09F9B6C100,False,RECOVERING,2,0,False,
1786158373.448938,engram-node04,269,12520048F47C3EA6965E1BE27AA9FDFE2D47E11CF6162B8737FD3F09F9B6C100,False,RECOVERING,2,0,False,
1786158378.453453,engram-node01,269,12520048F47C3EA6965E1BE27AA9FDFE2D47E11CF6162B8737FD3F09F9B6C100,False,RECOVERING,2,0,False,
1786158378.46276,engram-node02,269,12520048F47C3EA6965E1BE27AA9FDFE2D47E11CF6162B8737FD3F09F9B6C100,False,RECOVERING,2,0,False,
1786158378.468014,engram-node03,269,12520048F47C3EA6965E1BE27AA9FDFE2D47E11CF6162B8737FD3F09F9B6C100,False,RECOVERING,2,0,False,
1786158378.473286,engram-node04,269,12520048F47C3EA6965E1BE27AA9FDFE2D47E11CF6162B8737FD3F09F9B6C100,False,RECOVERING,2,0,False,
1786158383.478395,engram-node01,269,12520048F47C3EA6965E1BE27AA9FDFE2D47E11CF6162B8737FD3F09F9B6C100,False,RECOVERING,2,0,False,
1786158383.483632,engram-node02,269,12520048F47C3EA6965E1BE27AA9FDFE2D47E11CF6162B8737FD3F09F9B6C100,False,RECOVERING,2,0,False,
1786158383.4879029,engram-node03,269,12520048F47C3EA6965E1BE27AA9FDFE2D47E11CF6162B8737FD3F09F9B6C100,False,RECOVERING,2,0,False,
1786158383.492791,engram-node04,269,12520048F47C3EA6965E1BE27AA9FDFE2D47E11CF6162B8737FD3F09F9B6C100,False,RECOVERING,2,0,False,
1786158388.5006201,engram-node01,269,12520048F47C3EA6965E1BE27AA9FDFE2D47E11CF6162B8737FD3F09F9B6C100,False,RECOVERING,2,0,False,
1786158388.5108721,engram-node02,269,12520048F47C3EA6965E1BE27AA9FDFE2D47E11CF6162B8737FD3F09F9B6C100,False,RECOVERING,2,0,False,
1786158388.516767,engram-node03,269,12520048F47C3EA6965E1BE27AA9FDFE2D47E11CF6162B8737FD3F09F9B6C100,False,RECOVERING,2,0,False,
1786158388.522326,engram-node04,269,12520048F47C3EA6965E1BE27AA9FDFE2D47E11CF6162B8737FD3F09F9B6C100,False,RECOVERING,2,0,False,
1786158393.5280519,engram-node01,269,12520048F47C3EA6965E1BE27AA9FDFE2D47E11CF6162B8737FD3F09F9B6C100,False,RECOVERING,2,0,False,
1786158393.534355,engram-node02,269,12520048F47C3EA6965E1BE27AA9FDFE2D47E11CF6162B8737FD3F09F9B6C100,False,RECOVERING,2,0,False,
1786158393.538997,engram-node03,269,12520048F47C3EA6965E1BE27AA9FDFE2D47E11CF6162B8737FD3F09F9B6C100,False,RECOVERING,2,0,False,
1786158393.543106,engram-node04,269,12520048F47C3EA6965E1BE27AA9FDFE2D47E11CF6162B8737FD3F09F9B6C100,False,RECOVERING,2,0,False,
1786158398.552279,engram-node01,269,12520048F47C3EA6965E1BE27AA9FDFE2D47E11CF6162B8737FD3F09F9B6C100,False,RECOVERING,2,0,False,
1786158398.56318,engram-node02,269,12520048F47C3EA6965E1BE27AA9FDFE2D47E11CF6162B8737FD3F09F9B6C100,False,RECOVERING,2,0,False,
1786158398.5688288,engram-node03,269,12520048F47C3EA6965E1BE27AA9FDFE2D47E11CF6162B8737FD3F09F9B6C100,False,RECOVERING,2,0,False,
1786158398.573789,engram-node04,269,12520048F47C3EA6965E1BE27AA9FDFE2D47E11CF6162B8737FD3F09F9B6C100,False,RECOVERING,2,0,False,
1786158403.580346,engram-node01,269,12520048F47C3EA6965E1BE27AA9FDFE2D47E11CF6162B8737FD3F09F9B6C100,False,RECOVERING,2,0,False,
1786158403.5846379,engram-node02,269,12520048F47C3EA6965E1BE27AA9FDFE2D47E11CF6162B8737FD3F09F9B6C100,False,RECOVERING,2,0,False,
1786158403.588035,engram-node03,269,12520048F47C3EA6965E1BE27AA9FDFE2D47E11CF6162B8737FD3F09F9B6C100,False,RECOVERING,2,0,False,
1786158403.5911648,engram-node04,269,12520048F47C3EA6965E1BE27AA9FDFE2D47E11CF6162B8737FD3F09F9B6C100,False,RECOVERING,2,0,False,
1786158408.5991511,engram-node01,269,12520048F47C3EA6965E1BE27AA9FDFE2D47E11CF6162B8737FD3F09F9B6C100,False,RECOVERING,2,0,False,
1786158408.607567,engram-node02,269,12520048F47C3EA6965E1BE27AA9FDFE2D47E11CF6162B8737FD3F09F9B6C100,False,RECOVERING,2,0,False,
1786158408.6143901,engram-node03,269,12520048F47C3EA6965E1BE27AA9FDFE2D47E11CF6162B8737FD3F09F9B6C100,False,RECOVERING,2,0,False,
1786158408.620511,engram-node04,269,12520048F47C3EA6965E1BE27AA9FDFE2D47E11CF6162B8737FD3F09F9B6C100,False,RECOVERING,2,0,False,
1786158413.630854,engram-node01,269,12520048F47C3EA6965E1BE27AA9FDFE2D47E11CF6162B8737FD3F09F9B6C100,False,RECOVERING,2,0,False,
1786158413.638943,engram-node02,269,12520048F47C3EA6965E1BE27AA9FDFE2D47E11CF6162B8737FD3F09F9B6C100,False,RECOVERING,2,0,False,
1786158413.646013,engram-node03,269,12520048F47C3EA6965E1BE27AA9FDFE2D47E11CF6162B8737FD3F09F9B6C100,False,RECOVERING,2,0,False,
1786158413.650877,engram-node04,269,12520048F47C3EA6965E1BE27AA9FDFE2D47E11CF6162B8737FD3F09F9B6C100,False,RECOVERING,2,0,False,
1786158418.658746,engram-node01,269,12520048F47C3EA6965E1BE27AA9FDFE2D47E11CF6162B8737FD3F09F9B6C100,False,RECOVERING,2,0,False,
1786158418.67037,engram-node02,269,12520048F47C3EA6965E1BE27AA9FDFE2D47E11CF6162B8737FD3F09F9B6C100,False,RECOVERING,2,0,False,
1786158418.677989,engram-node03,269,12520048F47C3EA6965E1BE27AA9FDFE2D47E11CF6162B8737FD3F09F9B6C100,False,RECOVERING,2,0,False,
1786158418.687372,engram-node04,269,12520048F47C3EA6965E1BE27AA9FDFE2D47E11CF6162B8737FD3F09F9B6C100,False,RECOVERING,2,0,False,
1786158423.693748,engram-node01,269,12520048F47C3EA6965E1BE27AA9FDFE2D47E11CF6162B8737FD3F09F9B6C100,False,RECOVERING,2,0,False,
1786158423.6980102,engram-node02,269,12520048F47C3EA6965E1BE27AA9FDFE2D47E11CF6162B8737FD3F09F9B6C100,False,RECOVERING,2,0,False,
1786158423.7029812,engram-node03,269,12520048F47C3EA6965E1BE27AA9FDFE2D47E11CF6162B8737FD3F09F9B6C100,False,RECOVERING,2,0,False,
1786158423.7073479,engram-node04,269,12520048F47C3EA6965E1BE27AA9FDFE2D47E11CF6162B8737FD3F09F9B6C100,False,RECOVERING,2,0,False,
1786158428.714873,engram-node01,271,1C2F0560A7CBBB213BE85DAF99478ADC65F9D5D4CCC517AE758EFABEA77B11DB,False,RECOVERING,0,0,False,
1786158428.722124,engram-node02,271,1C2F0560A7CBBB213BE85DAF99478ADC65F9D5D4CCC517AE758EFABEA77B11DB,False,RECOVERING,0,0,False,
1786158428.72711,engram-node03,271,1C2F0560A7CBBB213BE85DAF99478ADC65F9D5D4CCC517AE758EFABEA77B11DB,False,RECOVERING,0,0,False,
1786158428.7311518,engram-node04,271,1C2F0560A7CBBB213BE85DAF99478ADC65F9D5D4CCC517AE758EFABEA77B11DB,False,RECOVERING,0,0,False,
1786158433.7399979,engram-node01,273,B7B7A40B76E6C5E01CF8DD2D052DD040BBF1E040AA937518C336BA8A81BF0063,False,RECOVERING,2,0,False,
1786158433.746496,engram-node02,273,B7B7A40B76E6C5E01CF8DD2D052DD040BBF1E040AA937518C336BA8A81BF0063,False,RECOVERING,2,0,False,
1786158433.752047,engram-node03,273,B7B7A40B76E6C5E01CF8DD2D052DD040BBF1E040AA937518C336BA8A81BF0063,False,RECOVERING,2,0,False,
1786158433.7572732,engram-node04,273,B7B7A40B76E6C5E01CF8DD2D052DD040BBF1E040AA937518C336BA8A81BF0063,False,RECOVERING,2,0,False,
1786158438.766588,engram-node01,273,B7B7A40B76E6C5E01CF8DD2D052DD040BBF1E040AA937518C336BA8A81BF0063,False,RECOVERING,2,0,False,
1786158438.776287,engram-node02,273,B7B7A40B76E6C5E01CF8DD2D052DD040BBF1E040AA937518C336BA8A81BF0063,False,RECOVERING,2,0,False,
1786158438.781507,engram-node03,273,B7B7A40B76E6C5E01CF8DD2D052DD040BBF1E040AA937518C336BA8A81BF0063,False,RECOVERING,2,0,False,
1786158438.788043,engram-node04,273,B7B7A40B76E6C5E01CF8DD2D052DD040BBF1E040AA937518C336BA8A81BF0063,False,RECOVERING,2,0,False,
1786158443.796113,engram-node01,273,B7B7A40B76E6C5E01CF8DD2D052DD040BBF1E040AA937518C336BA8A81BF0063,False,RECOVERING,2,0,False,
1786158443.799384,engram-node02,273,B7B7A40B76E6C5E01CF8DD2D052DD040BBF1E040AA937518C336BA8A81BF0063,False,RECOVERING,2,0,False,
1786158443.802986,engram-node03,273,B7B7A40B76E6C5E01CF8DD2D052DD040BBF1E040AA937518C336BA8A81BF0063,False,RECOVERING,2,0,False,
1786158443.814371,engram-node04,273,B7B7A40B76E6C5E01CF8DD2D052DD040BBF1E040AA937518C336BA8A81BF0063,False,RECOVERING,2,0,False,
1786158448.821525,engram-node01,273,B7B7A40B76E6C5E01CF8DD2D052DD040BBF1E040AA937518C336BA8A81BF0063,False,RECOVERING,2,0,False,
1786158448.829153,engram-node02,273,B7B7A40B76E6C5E01CF8DD2D052DD040BBF1E040AA937518C336BA8A81BF0063,False,RECOVERING,2,0,False,
1786158448.837424,engram-node03,273,B7B7A40B76E6C5E01CF8DD2D052DD040BBF1E040AA937518C336BA8A81BF0063,False,RECOVERING,2,0,False,
1786158448.84781,engram-node04,273,B7B7A40B76E6C5E01CF8DD2D052DD040BBF1E040AA937518C336BA8A81BF0063,False,RECOVERING,2,0,False,
1786158453.85605,engram-node01,273,B7B7A40B76E6C5E01CF8DD2D052DD040BBF1E040AA937518C336BA8A81BF0063,False,RECOVERING,2,0,False,
1786158453.861237,engram-node02,273,B7B7A40B76E6C5E01CF8DD2D052DD040BBF1E040AA937518C336BA8A81BF0063,False,RECOVERING,2,0,False,
1786158453.86498,engram-node03,273,B7B7A40B76E6C5E01CF8DD2D052DD040BBF1E040AA937518C336BA8A81BF0063,False,RECOVERING,2,0,False,
1786158453.8688781,engram-node04,273,B7B7A40B76E6C5E01CF8DD2D052DD040BBF1E040AA937518C336BA8A81BF0063,False,RECOVERING,2,0,False,
1786158458.872807,engram-node01,273,B7B7A40B76E6C5E01CF8DD2D052DD040BBF1E040AA937518C336BA8A81BF0063,False,RECOVERING,2,0,False,
1786158458.8779762,engram-node02,273,B7B7A40B76E6C5E01CF8DD2D052DD040BBF1E040AA937518C336BA8A81BF0063,False,RECOVERING,2,0,False,
1786158458.882262,engram-node03,273,B7B7A40B76E6C5E01CF8DD2D052DD040BBF1E040AA937518C336BA8A81BF0063,False,RECOVERING,2,0,False,
1786158458.886365,engram-node04,273,B7B7A40B76E6C5E01CF8DD2D052DD040BBF1E040AA937518C336BA8A81BF0063,False,RECOVERING,2,0,False,
1786158463.893261,engram-node01,273,B7B7A40B76E6C5E01CF8DD2D052DD040BBF1E040AA937518C336BA8A81BF0063,False,RECOVERING,2,0,False,
1786158463.8965418,engram-node02,273,B7B7A40B76E6C5E01CF8DD2D052DD040BBF1E040AA937518C336BA8A81BF0063,False,RECOVERING,2,0,False,
1786158463.8997781,engram-node03,273,B7B7A40B76E6C5E01CF8DD2D052DD040BBF1E040AA937518C336BA8A81BF0063,False,RECOVERING,2,0,False,
1786158463.905038,engram-node04,273,B7B7A40B76E6C5E01CF8DD2D052DD040BBF1E040AA937518C336BA8A81BF0063,False,RECOVERING,2,0,False,
1786158468.914861,engram-node01,273,B7B7A40B76E6C5E01CF8DD2D052DD040BBF1E040AA937518C336BA8A81BF0063,False,RECOVERING,2,0,False,
1786158468.921064,engram-node02,273,B7B7A40B76E6C5E01CF8DD2D052DD040BBF1E040AA937518C336BA8A81BF0063,False,RECOVERING,2,0,False,
1786158468.925214,engram-node03,273,B7B7A40B76E6C5E01CF8DD2D052DD040BBF1E040AA937518C336BA8A81BF0063,False,RECOVERING,2,0,False,
1786158468.9286258,engram-node04,273,B7B7A40B76E6C5E01CF8DD2D052DD040BBF1E040AA937518C336BA8A81BF0063,False,RECOVERING,2,0,False,
1786158473.934719,engram-node01,273,B7B7A40B76E6C5E01CF8DD2D052DD040BBF1E040AA937518C336BA8A81BF0063,False,RECOVERING,2,0,False,
1786158473.941538,engram-node02,273,B7B7A40B76E6C5E01CF8DD2D052DD040BBF1E040AA937518C336BA8A81BF0063,False,RECOVERING,2,0,False,
1786158473.94625,engram-node03,273,B7B7A40B76E6C5E01CF8DD2D052DD040BBF1E040AA937518C336BA8A81BF0063,False,RECOVERING,2,0,False,
1786158473.9508538,engram-node04,273,B7B7A40B76E6C5E01CF8DD2D052DD040BBF1E040AA937518C336BA8A81BF0063,False,RECOVERING,2,0,False,
1786158478.959231,engram-node01,273,B7B7A40B76E6C5E01CF8DD2D052DD040BBF1E040AA937518C336BA8A81BF0063,False,RECOVERING,2,0,False,
1786158478.963258,engram-node02,273,B7B7A40B76E6C5E01CF8DD2D052DD040BBF1E040AA937518C336BA8A81BF0063,False,RECOVERING,2,0,False,
1786158478.9664268,engram-node03,273,B7B7A40B76E6C5E01CF8DD2D052DD040BBF1E040AA937518C336BA8A81BF0063,False,RECOVERING,2,0,False,
1786158478.969326,engram-node04,273,B7B7A40B76E6C5E01CF8DD2D052DD040BBF1E040AA937518C336BA8A81BF0063,False,RECOVERING,2,0,False,
1786158483.976866,engram-node01,273,B7B7A40B76E6C5E01CF8DD2D052DD040BBF1E040AA937518C336BA8A81BF0063,False,RECOVERING,2,0,False,
1786158483.980392,engram-node02,273,B7B7A40B76E6C5E01CF8DD2D052DD040BBF1E040AA937518C336BA8A81BF0063,False,RECOVERING,2,0,False,
1786158483.983275,engram-node03,273,B7B7A40B76E6C5E01CF8DD2D052DD040BBF1E040AA937518C336BA8A81BF0063,False,RECOVERING,2,0,False,
1786158483.9858198,engram-node04,273,B7B7A40B76E6C5E01CF8DD2D052DD040BBF1E040AA937518C336BA8A81BF0063,False,RECOVERING,2,0,False,
1786158488.9910688,engram-node01,275,357235FDE9E76D646E7912FB3D599FD026B878524513AFCA1CEF4BBE574A1DB7,False,RECOVERING,0,0,False,
1786158489.0010822,engram-node02,275,357235FDE9E76D646E7912FB3D599FD026B878524513AFCA1CEF4BBE574A1DB7,False,RECOVERING,0,0,False,
1786158489.008039,engram-node03,275,357235FDE9E76D646E7912FB3D599FD026B878524513AFCA1CEF4BBE574A1DB7,False,RECOVERING,0,0,False,
1786158489.014179,engram-node04,275,357235FDE9E76D646E7912FB3D599FD026B878524513AFCA1CEF4BBE574A1DB7,False,RECOVERING,0,0,False,
1786158494.0251179,engram-node01,277,ACD5980F1F6E82117AD4673273A61B78A8AC16F2416589E3631713140A40E87B,False,RECOVERING,2,0,False,
1786158494.041257,engram-node02,277,ACD5980F1F6E82117AD4673273A61B78A8AC16F2416589E3631713140A40E87B,False,RECOVERING,2,0,False,
1786158494.0487602,engram-node03,277,ACD5980F1F6E82117AD4673273A61B78A8AC16F2416589E3631713140A40E87B,False,RECOVERING,2,0,False,
1786158494.054199,engram-node04,277,ACD5980F1F6E82117AD4673273A61B78A8AC16F2416589E3631713140A40E87B,False,RECOVERING,2,0,False,
1786158499.05825,engram-node01,277,ACD5980F1F6E82117AD4673273A61B78A8AC16F2416589E3631713140A40E87B,False,RECOVERING,2,0,False,
1786158499.063553,engram-node02,277,ACD5980F1F6E82117AD4673273A61B78A8AC16F2416589E3631713140A40E87B,False,RECOVERING,2,0,False,
1786158499.0680919,engram-node03,277,ACD5980F1F6E82117AD4673273A61B78A8AC16F2416589E3631713140A40E87B,False,RECOVERING,2,0,False,
1786158499.071727,engram-node04,277,ACD5980F1F6E82117AD4673273A61B78A8AC16F2416589E3631713140A40E87B,False,RECOVERING,2,0,False,
1786158504.07626,engram-node01,277,ACD5980F1F6E82117AD4673273A61B78A8AC16F2416589E3631713140A40E87B,False,RECOVERING,2,0,False,
1786158504.0795982,engram-node02,277,ACD5980F1F6E82117AD4673273A61B78A8AC16F2416589E3631713140A40E87B,False,RECOVERING,2,0,False,
1786158504.083688,engram-node03,277,ACD5980F1F6E82117AD4673273A61B78A8AC16F2416589E3631713140A40E87B,False,RECOVERING,2,0,False,
1786158504.086676,engram-node04,277,ACD5980F1F6E82117AD4673273A61B78A8AC16F2416589E3631713140A40E87B,False,RECOVERING,2,0,False,
1786158509.094399,engram-node01,277,ACD5980F1F6E82117AD4673273A61B78A8AC16F2416589E3631713140A40E87B,False,RECOVERING,2,0,False,
1786158509.1001768,engram-node02,277,ACD5980F1F6E82117AD4673273A61B78A8AC16F2416589E3631713140A40E87B,False,RECOVERING,2,0,False,
1786158509.104537,engram-node03,277,ACD5980F1F6E82117AD4673273A61B78A8AC16F2416589E3631713140A40E87B,False,RECOVERING,2,0,False,
1786158509.108746,engram-node04,277,ACD5980F1F6E82117AD4673273A61B78A8AC16F2416589E3631713140A40E87B,False,RECOVERING,2,0,False,
1786158514.118444,engram-node01,277,ACD5980F1F6E82117AD4673273A61B78A8AC16F2416589E3631713140A40E87B,False,RECOVERING,2,0,False,
1786158514.129351,engram-node02,277,ACD5980F1F6E82117AD4673273A61B78A8AC16F2416589E3631713140A40E87B,False,RECOVERING,2,0,False,
1786158514.1344068,engram-node03,277,ACD5980F1F6E82117AD4673273A61B78A8AC16F2416589E3631713140A40E87B,False,RECOVERING,2,0,False,
1786158514.139159,engram-node04,277,ACD5980F1F6E82117AD4673273A61B78A8AC16F2416589E3631713140A40E87B,False,RECOVERING,2,0,False,
1786158519.144856,engram-node01,277,ACD5980F1F6E82117AD4673273A61B78A8AC16F2416589E3631713140A40E87B,False,RECOVERING,2,0,False,
1786158519.153583,engram-node02,277,ACD5980F1F6E82117AD4673273A61B78A8AC16F2416589E3631713140A40E87B,False,RECOVERING,2,0,False,
1786158519.157253,engram-node03,277,ACD5980F1F6E82117AD4673273A61B78A8AC16F2416589E3631713140A40E87B,False,RECOVERING,2,0,False,
1786158519.161757,engram-node04,277,ACD5980F1F6E82117AD4673273A61B78A8AC16F2416589E3631713140A40E87B,False,RECOVERING,2,0,False,
1786158524.168897,engram-node01,277,ACD5980F1F6E82117AD4673273A61B78A8AC16F2416589E3631713140A40E87B,False,RECOVERING,2,0,False,
1786158524.1724648,engram-node02,277,ACD5980F1F6E82117AD4673273A61B78A8AC16F2416589E3631713140A40E87B,False,RECOVERING,2,0,False,
1786158524.177359,engram-node03,277,ACD5980F1F6E82117AD4673273A61B78A8AC16F2416589E3631713140A40E87B,False,RECOVERING,2,0,False,
1786158524.181451,engram-node04,277,ACD5980F1F6E82117AD4673273A61B78A8AC16F2416589E3631713140A40E87B,False,RECOVERING,2,0,False,
1786158529.1848252,engram-node01,277,ACD5980F1F6E82117AD4673273A61B78A8AC16F2416589E3631713140A40E87B,False,RECOVERING,2,0,False,
1786158529.189389,engram-node02,277,ACD5980F1F6E82117AD4673273A61B78A8AC16F2416589E3631713140A40E87B,False,RECOVERING,2,0,False,
1786158529.192178,engram-node03,277,ACD5980F1F6E82117AD4673273A61B78A8AC16F2416589E3631713140A40E87B,False,RECOVERING,2,0,False,
1786158529.195016,engram-node04,277,ACD5980F1F6E82117AD4673273A61B78A8AC16F2416589E3631713140A40E87B,False,RECOVERING,2,0,False,
1786158534.1996539,engram-node01,277,ACD5980F1F6E82117AD4673273A61B78A8AC16F2416589E3631713140A40E87B,False,RECOVERING,2,0,False,
1786158534.207862,engram-node02,277,ACD5980F1F6E82117AD4673273A61B78A8AC16F2416589E3631713140A40E87B,False,RECOVERING,2,0,False,
1786158534.2128088,engram-node03,277,ACD5980F1F6E82117AD4673273A61B78A8AC16F2416589E3631713140A40E87B,False,RECOVERING,2,0,False,
1786158534.216958,engram-node04,277,ACD5980F1F6E82117AD4673273A61B78A8AC16F2416589E3631713140A40E87B,False,RECOVERING,2,0,False,
1786158539.221344,engram-node01,277,ACD5980F1F6E82117AD4673273A61B78A8AC16F2416589E3631713140A40E87B,False,RECOVERING,2,0,False,
1786158539.225837,engram-node02,277,ACD5980F1F6E82117AD4673273A61B78A8AC16F2416589E3631713140A40E87B,False,RECOVERING,2,0,False,
1786158539.229373,engram-node03,277,ACD5980F1F6E82117AD4673273A61B78A8AC16F2416589E3631713140A40E87B,False,RECOVERING,2,0,False,
1786158539.235852,engram-node04,277,ACD5980F1F6E82117AD4673273A61B78A8AC16F2416589E3631713140A40E87B,False,RECOVERING,2,0,False,
1786158544.2438982,engram-node01,277,ACD5980F1F6E82117AD4673273A61B78A8AC16F2416589E3631713140A40E87B,False,RECOVERING,2,0,False,
1786158544.250783,engram-node02,277,ACD5980F1F6E82117AD4673273A61B78A8AC16F2416589E3631713140A40E87B,False,RECOVERING,2,0,False,
1786158544.2547069,engram-node03,277,ACD5980F1F6E82117AD4673273A61B78A8AC16F2416589E3631713140A40E87B,False,RECOVERING,2,0,False,
1786158544.2588842,engram-node04,277,ACD5980F1F6E82117AD4673273A61B78A8AC16F2416589E3631713140A40E87B,False,RECOVERING,2,0,False,
1786158549.2665448,engram-node01,280,BF19934796385F77DA734D089D7A97D03856ACCBB92C8F58EF6DC35116C96186,False,RECOVERING,1,0,False,
1786158549.2756019,engram-node02,280,BF19934796385F77DA734D089D7A97D03856ACCBB92C8F58EF6DC35116C96186,False,RECOVERING,1,0,False,
1786158549.280072,engram-node03,280,BF19934796385F77DA734D089D7A97D03856ACCBB92C8F58EF6DC35116C96186,False,RECOVERING,1,0,False,
1786158549.283424,engram-node04,280,BF19934796385F77DA734D089D7A97D03856ACCBB92C8F58EF6DC35116C96186,False,RECOVERING,1,0,False,
1786158554.286805,engram-node01,281,80D6459C52257188CC11EF04129E7622D78FD8E7DC61E2CC9C603D6E0D23B61C,False,RECOVERING,2,0,False,
1786158554.29682,engram-node02,281,80D6459C52257188CC11EF04129E7622D78FD8E7DC61E2CC9C603D6E0D23B61C,False,RECOVERING,2,0,False,
1786158554.301763,engram-node03,281,80D6459C52257188CC11EF04129E7622D78FD8E7DC61E2CC9C603D6E0D23B61C,False,RECOVERING,2,0,False,
1786158554.308012,engram-node04,281,80D6459C52257188CC11EF04129E7622D78FD8E7DC61E2CC9C603D6E0D23B61C,False,RECOVERING,2,0,False,
1786158559.315657,engram-node01,281,80D6459C52257188CC11EF04129E7622D78FD8E7DC61E2CC9C603D6E0D23B61C,False,RECOVERING,2,0,False,
1786158559.321307,engram-node02,281,80D6459C52257188CC11EF04129E7622D78FD8E7DC61E2CC9C603D6E0D23B61C,False,RECOVERING,2,0,False,
1786158559.325069,engram-node03,281,80D6459C52257188CC11EF04129E7622D78FD8E7DC61E2CC9C603D6E0D23B61C,False,RECOVERING,2,0,False,
1786158559.328226,engram-node04,281,80D6459C52257188CC11EF04129E7622D78FD8E7DC61E2CC9C603D6E0D23B61C,False,RECOVERING,2,0,False,
1786158564.331397,engram-node01,281,80D6459C52257188CC11EF04129E7622D78FD8E7DC61E2CC9C603D6E0D23B61C,False,RECOVERING,2,0,False,
1786158564.336619,engram-node02,281,80D6459C52257188CC11EF04129E7622D78FD8E7DC61E2CC9C603D6E0D23B61C,False,RECOVERING,2,0,False,
1786158564.3410912,engram-node03,281,80D6459C52257188CC11EF04129E7622D78FD8E7DC61E2CC9C603D6E0D23B61C,False,RECOVERING,2,0,False,
1786158564.344095,engram-node04,281,80D6459C52257188CC11EF04129E7622D78FD8E7DC61E2CC9C603D6E0D23B61C,False,RECOVERING,2,0,False,
1786158569.3532422,engram-node01,281,80D6459C52257188CC11EF04129E7622D78FD8E7DC61E2CC9C603D6E0D23B61C,False,RECOVERING,2,0,False,
1786158569.3627489,engram-node02,281,80D6459C52257188CC11EF04129E7622D78FD8E7DC61E2CC9C603D6E0D23B61C,False,RECOVERING,2,0,False,
1786158569.368595,engram-node03,281,80D6459C52257188CC11EF04129E7622D78FD8E7DC61E2CC9C603D6E0D23B61C,False,RECOVERING,2,0,False,
1786158569.374326,engram-node04,281,80D6459C52257188CC11EF04129E7622D78FD8E7DC61E2CC9C603D6E0D23B61C,False,RECOVERING,2,0,False,
1786158574.37954,engram-node01,281,80D6459C52257188CC11EF04129E7622D78FD8E7DC61E2CC9C603D6E0D23B61C,False,RECOVERING,2,0,False,
1786158574.38349,engram-node02,281,80D6459C52257188CC11EF04129E7622D78FD8E7DC61E2CC9C603D6E0D23B61C,False,RECOVERING,2,0,False,
1786158574.387069,engram-node03,281,80D6459C52257188CC11EF04129E7622D78FD8E7DC61E2CC9C603D6E0D23B61C,False,RECOVERING,2,0,False,
1786158574.39073,engram-node04,281,80D6459C52257188CC11EF04129E7622D78FD8E7DC61E2CC9C603D6E0D23B61C,False,RECOVERING,2,0,False,
1786158579.4039402,engram-node01,281,80D6459C52257188CC11EF04129E7622D78FD8E7DC61E2CC9C603D6E0D23B61C,False,RECOVERING,2,0,False,
1786158579.410644,engram-node02,281,80D6459C52257188CC11EF04129E7622D78FD8E7DC61E2CC9C603D6E0D23B61C,False,RECOVERING,2,0,False,
1786158579.4209752,engram-node03,281,80D6459C52257188CC11EF04129E7622D78FD8E7DC61E2CC9C603D6E0D23B61C,False,RECOVERING,2,0,False,
1786158579.426558,engram-node04,281,80D6459C52257188CC11EF04129E7622D78FD8E7DC61E2CC9C603D6E0D23B61C,False,RECOVERING,2,0,False,
1786158584.430923,engram-node01,281,80D6459C52257188CC11EF04129E7622D78FD8E7DC61E2CC9C603D6E0D23B61C,False,RECOVERING,2,0,False,
1786158584.435035,engram-node02,281,80D6459C52257188CC11EF04129E7622D78FD8E7DC61E2CC9C603D6E0D23B61C,False,RECOVERING,2,0,False,
1786158584.438188,engram-node03,281,80D6459C52257188CC11EF04129E7622D78FD8E7DC61E2CC9C603D6E0D23B61C,False,RECOVERING,2,0,False,
1786158584.441813,engram-node04,281,80D6459C52257188CC11EF04129E7622D78FD8E7DC61E2CC9C603D6E0D23B61C,False,RECOVERING,2,0,False,
1786158589.450181,engram-node01,281,80D6459C52257188CC11EF04129E7622D78FD8E7DC61E2CC9C603D6E0D23B61C,False,RECOVERING,2,0,False,
1786158589.458008,engram-node02,281,80D6459C52257188CC11EF04129E7622D78FD8E7DC61E2CC9C603D6E0D23B61C,False,RECOVERING,2,0,False,
1786158589.463539,engram-node03,281,80D6459C52257188CC11EF04129E7622D78FD8E7DC61E2CC9C603D6E0D23B61C,False,RECOVERING,2,0,False,
1786158589.467823,engram-node04,281,80D6459C52257188CC11EF04129E7622D78FD8E7DC61E2CC9C603D6E0D23B61C,False,RECOVERING,2,0,False,
1786158594.476694,engram-node01,281,80D6459C52257188CC11EF04129E7622D78FD8E7DC61E2CC9C603D6E0D23B61C,False,RECOVERING,2,0,False,
1786158594.483296,engram-node02,281,80D6459C52257188CC11EF04129E7622D78FD8E7DC61E2CC9C603D6E0D23B61C,False,RECOVERING,2,0,False,
1786158594.487766,engram-node03,281,80D6459C52257188CC11EF04129E7622D78FD8E7DC61E2CC9C603D6E0D23B61C,False,RECOVERING,2,0,False,
1786158594.491536,engram-node04,281,80D6459C52257188CC11EF04129E7622D78FD8E7DC61E2CC9C603D6E0D23B61C,False,RECOVERING,2,0,False,
1786158599.500045,engram-node01,281,80D6459C52257188CC11EF04129E7622D78FD8E7DC61E2CC9C603D6E0D23B61C,False,RECOVERING,2,0,False,
1786158599.512046,engram-node02,281,80D6459C52257188CC11EF04129E7622D78FD8E7DC61E2CC9C603D6E0D23B61C,False,RECOVERING,2,0,False,
1786158599.518414,engram-node03,281,80D6459C52257188CC11EF04129E7622D78FD8E7DC61E2CC9C603D6E0D23B61C,False,RECOVERING,2,0,False,
1786158599.523189,engram-node04,281,80D6459C52257188CC11EF04129E7622D78FD8E7DC61E2CC9C603D6E0D23B61C,False,RECOVERING,2,0,False,
1786158604.529956,engram-node01,281,80D6459C52257188CC11EF04129E7622D78FD8E7DC61E2CC9C603D6E0D23B61C,False,RECOVERING,2,0,False,
1786158604.533748,engram-node02,281,80D6459C52257188CC11EF04129E7622D78FD8E7DC61E2CC9C603D6E0D23B61C,False,RECOVERING,2,0,False,
1786158604.538016,engram-node03,281,80D6459C52257188CC11EF04129E7622D78FD8E7DC61E2CC9C603D6E0D23B61C,False,RECOVERING,2,0,False,
1786158604.541377,engram-node04,281,80D6459C52257188CC11EF04129E7622D78FD8E7DC61E2CC9C603D6E0D23B61C,False,RECOVERING,2,0,False,
1786158609.545237,engram-node01,285,4744CBD005B86E19EBB80ABF1FA213663A8658A63D827D18D57FE673C1E91585,False,RECOVERING,2,0,False,
1786158609.551147,engram-node02,285,4744CBD005B86E19EBB80ABF1FA213663A8658A63D827D18D57FE673C1E91585,False,RECOVERING,2,0,False,
1786158609.55581,engram-node03,285,4744CBD005B86E19EBB80ABF1FA213663A8658A63D827D18D57FE673C1E91585,False,RECOVERING,2,0,False,
1786158609.560829,engram-node04,285,4744CBD005B86E19EBB80ABF1FA213663A8658A63D827D18D57FE673C1E91585,False,RECOVERING,2,0,False,
1786158614.5684202,engram-node01,285,4744CBD005B86E19EBB80ABF1FA213663A8658A63D827D18D57FE673C1E91585,False,RECOVERING,2,0,False,
1786158614.5763352,engram-node02,285,4744CBD005B86E19EBB80ABF1FA213663A8658A63D827D18D57FE673C1E91585,False,RECOVERING,2,0,False,
1786158614.582937,engram-node03,285,4744CBD005B86E19EBB80ABF1FA213663A8658A63D827D18D57FE673C1E91585,False,RECOVERING,2,0,False,
1786158614.5888698,engram-node04,285,4744CBD005B86E19EBB80ABF1FA213663A8658A63D827D18D57FE673C1E91585,False,RECOVERING,2,0,False,
1786158619.5988202,engram-node01,285,4744CBD005B86E19EBB80ABF1FA213663A8658A63D827D18D57FE673C1E91585,False,RECOVERING,2,0,False,
1786158619.609044,engram-node02,285,4744CBD005B86E19EBB80ABF1FA213663A8658A63D827D18D57FE673C1E91585,False,RECOVERING,2,0,False,
1786158619.6155589,engram-node03,285,4744CBD005B86E19EBB80ABF1FA213663A8658A63D827D18D57FE673C1E91585,False,RECOVERING,2,0,False,
1786158619.6209018,engram-node04,285,4744CBD005B86E19EBB80ABF1FA213663A8658A63D827D18D57FE673C1E91585,False,RECOVERING,2,0,False,
1786158624.630374,engram-node01,285,4744CBD005B86E19EBB80ABF1FA213663A8658A63D827D18D57FE673C1E91585,False,RECOVERING,2,0,False,
1786158624.636099,engram-node02,285,4744CBD005B86E19EBB80ABF1FA213663A8658A63D827D18D57FE673C1E91585,False,RECOVERING,2,0,False,
1786158624.641531,engram-node03,285,4744CBD005B86E19EBB80ABF1FA213663A8658A63D827D18D57FE673C1E91585,False,RECOVERING,2,0,False,
1786158624.648329,engram-node04,285,4744CBD005B86E19EBB80ABF1FA213663A8658A63D827D18D57FE673C1E91585,False,RECOVERING,2,0,False,
1786158629.6558468,engram-node01,285,4744CBD005B86E19EBB80ABF1FA213663A8658A63D827D18D57FE673C1E91585,False,RECOVERING,2,0,False,
1786158629.663372,engram-node02,285,4744CBD005B86E19EBB80ABF1FA213663A8658A63D827D18D57FE673C1E91585,False,RECOVERING,2,0,False,
1786158629.6677508,engram-node03,285,4744CBD005B86E19EBB80ABF1FA213663A8658A63D827D18D57FE673C1E91585,False,RECOVERING,2,0,False,
1786158629.6718311,engram-node04,285,4744CBD005B86E19EBB80ABF1FA213663A8658A63D827D18D57FE673C1E91585,False,RECOVERING,2,0,False,
1786158634.679809,engram-node01,285,4744CBD005B86E19EBB80ABF1FA213663A8658A63D827D18D57FE673C1E91585,False,RECOVERING,2,0,False,
1786158634.690634,engram-node02,285,4744CBD005B86E19EBB80ABF1FA213663A8658A63D827D18D57FE673C1E91585,False,RECOVERING,2,0,False,
1786158634.695912,engram-node03,285,4744CBD005B86E19EBB80ABF1FA213663A8658A63D827D18D57FE673C1E91585,False,RECOVERING,2,0,False,
1786158634.7010381,engram-node04,285,4744CBD005B86E19EBB80ABF1FA213663A8658A63D827D18D57FE673C1E91585,False,RECOVERING,2,0,False,
1786158639.707484,engram-node01,285,4744CBD005B86E19EBB80ABF1FA213663A8658A63D827D18D57FE673C1E91585,False,RECOVERING,2,0,False,
1786158639.711668,engram-node02,285,4744CBD005B86E19EBB80ABF1FA213663A8658A63D827D18D57FE673C1E91585,False,RECOVERING,2,0,False,
1786158639.722355,engram-node03,285,4744CBD005B86E19EBB80ABF1FA213663A8658A63D827D18D57FE673C1E91585,False,RECOVERING,2,0,False,
1786158639.7268028,engram-node04,285,4744CBD005B86E19EBB80ABF1FA213663A8658A63D827D18D57FE673C1E91585,False,RECOVERING,2,0,False,
1786158644.731443,engram-node01,285,4744CBD005B86E19EBB80ABF1FA213663A8658A63D827D18D57FE673C1E91585,False,RECOVERING,2,0,False,
1786158644.736956,engram-node02,285,4744CBD005B86E19EBB80ABF1FA213663A8658A63D827D18D57FE673C1E91585,False,RECOVERING,2,0,False,
1786158644.741166,engram-node03,285,4744CBD005B86E19EBB80ABF1FA213663A8658A63D827D18D57FE673C1E91585,False,RECOVERING,2,0,False,
1786158644.744687,engram-node04,285,4744CBD005B86E19EBB80ABF1FA213663A8658A63D827D18D57FE673C1E91585,False,RECOVERING,2,0,False,
1786158649.75341,engram-node01,285,4744CBD005B86E19EBB80ABF1FA213663A8658A63D827D18D57FE673C1E91585,False,RECOVERING,2,0,False,
1786158649.762675,engram-node02,285,4744CBD005B86E19EBB80ABF1FA213663A8658A63D827D18D57FE673C1E91585,False,RECOVERING,2,0,False,
1786158649.768076,engram-node03,285,4744CBD005B86E19EBB80ABF1FA213663A8658A63D827D18D57FE673C1E91585,False,RECOVERING,2,0,False,
1786158649.7733262,engram-node04,285,4744CBD005B86E19EBB80ABF1FA213663A8658A63D827D18D57FE673C1E91585,False,RECOVERING,2,0,False,
1786158654.782877,engram-node01,285,4744CBD005B86E19EBB80ABF1FA213663A8658A63D827D18D57FE673C1E91585,False,RECOVERING,2,0,False,
1786158654.793611,engram-node02,285,4744CBD005B86E19EBB80ABF1FA213663A8658A63D827D18D57FE673C1E91585,False,RECOVERING,2,0,False,
1786158654.79882,engram-node03,285,4744CBD005B86E19EBB80ABF1FA213663A8658A63D827D18D57FE673C1E91585,False,RECOVERING,2,0,False,
1786158654.804054,engram-node04,285,4744CBD005B86E19EBB80ABF1FA213663A8658A63D827D18D57FE673C1E91585,False,RECOVERING,2,0,False,
1786158659.810805,engram-node01,285,4744CBD005B86E19EBB80ABF1FA213663A8658A63D827D18D57FE673C1E91585,False,RECOVERING,2,0,False,
1786158659.817888,engram-node02,285,4744CBD005B86E19EBB80ABF1FA213663A8658A63D827D18D57FE673C1E91585,False,RECOVERING,2,0,False,
1786158659.824168,engram-node03,285,4744CBD005B86E19EBB80ABF1FA213663A8658A63D827D18D57FE673C1E91585,False,RECOVERING,2,0,False,
1786158659.828914,engram-node04,285,4744CBD005B86E19EBB80ABF1FA213663A8658A63D827D18D57FE673C1E91585,False,RECOVERING,2,0,False,
1786158664.835551,engram-node01,285,4744CBD005B86E19EBB80ABF1FA213663A8658A63D827D18D57FE673C1E91585,False,RECOVERING,2,0,False,
1786158664.840968,engram-node02,285,4744CBD005B86E19EBB80ABF1FA213663A8658A63D827D18D57FE673C1E91585,False,RECOVERING,2,0,False,
1786158664.847308,engram-node03,285,4744CBD005B86E19EBB80ABF1FA213663A8658A63D827D18D57FE673C1E91585,False,RECOVERING,2,0,False,
1786158664.852757,engram-node04,285,4744CBD005B86E19EBB80ABF1FA213663A8658A63D827D18D57FE673C1E91585,False,RECOVERING,2,0,False,
1786158669.860403,engram-node01,289,388E30414D29FB835DBF10CF05CE20D257D06BD0DA289442343AB0F20CEEF277,False,RECOVERING,2,0,False,
1786158669.868139,engram-node02,289,388E30414D29FB835DBF10CF05CE20D257D06BD0DA289442343AB0F20CEEF277,False,RECOVERING,2,0,False,
1786158669.8727858,engram-node03,289,388E30414D29FB835DBF10CF05CE20D257D06BD0DA289442343AB0F20CEEF277,False,RECOVERING,2,0,False,
1786158669.876011,engram-node04,289,388E30414D29FB835DBF10CF05CE20D257D06BD0DA289442343AB0F20CEEF277,False,RECOVERING,2,0,False,
1786158674.881941,engram-node01,289,388E30414D29FB835DBF10CF05CE20D257D06BD0DA289442343AB0F20CEEF277,False,RECOVERING,2,0,False,
1786158674.888833,engram-node02,289,388E30414D29FB835DBF10CF05CE20D257D06BD0DA289442343AB0F20CEEF277,False,RECOVERING,2,0,False,
1786158674.895691,engram-node03,289,388E30414D29FB835DBF10CF05CE20D257D06BD0DA289442343AB0F20CEEF277,False,RECOVERING,2,0,False,
1786158674.902058,engram-node04,289,388E30414D29FB835DBF10CF05CE20D257D06BD0DA289442343AB0F20CEEF277,False,RECOVERING,2,0,False,
1786158679.912043,engram-node01,289,388E30414D29FB835DBF10CF05CE20D257D06BD0DA289442343AB0F20CEEF277,False,RECOVERING,2,0,False,
1786158679.919193,engram-node02,289,388E30414D29FB835DBF10CF05CE20D257D06BD0DA289442343AB0F20CEEF277,False,RECOVERING,2,0,False,
1786158679.9257789,engram-node03,289,388E30414D29FB835DBF10CF05CE20D257D06BD0DA289442343AB0F20CEEF277,False,RECOVERING,2,0,False,
1786158679.932252,engram-node04,289,388E30414D29FB835DBF10CF05CE20D257D06BD0DA289442343AB0F20CEEF277,False,RECOVERING,2,0,False,
1786158684.9379892,engram-node01,289,388E30414D29FB835DBF10CF05CE20D257D06BD0DA289442343AB0F20CEEF277,False,RECOVERING,2,0,False,
1786158684.942229,engram-node02,289,388E30414D29FB835DBF10CF05CE20D257D06BD0DA289442343AB0F20CEEF277,False,RECOVERING,2,0,False,
1786158684.9474611,engram-node03,289,388E30414D29FB835DBF10CF05CE20D257D06BD0DA289442343AB0F20CEEF277,False,RECOVERING,2,0,False,
1786158684.95116,engram-node04,289,388E30414D29FB835DBF10CF05CE20D257D06BD0DA289442343AB0F20CEEF277,False,RECOVERING,2,0,False,
1786158689.960135,engram-node01,289,388E30414D29FB835DBF10CF05CE20D257D06BD0DA289442343AB0F20CEEF277,False,RECOVERING,2,0,False,
1786158689.973678,engram-node02,289,388E30414D29FB835DBF10CF05CE20D257D06BD0DA289442343AB0F20CEEF277,False,RECOVERING,2,0,False,
1786158689.978729,engram-node03,289,388E30414D29FB835DBF10CF05CE20D257D06BD0DA289442343AB0F20CEEF277,False,RECOVERING,2,0,False,
1786158689.983815,engram-node04,289,388E30414D29FB835DBF10CF05CE20D257D06BD0DA289442343AB0F20CEEF277,False,RECOVERING,2,0,False,
1786158694.99079,engram-node01,289,388E30414D29FB835DBF10CF05CE20D257D06BD0DA289442343AB0F20CEEF277,False,RECOVERING,2,0,False,
1786158695.0014699,engram-node02,289,388E30414D29FB835DBF10CF05CE20D257D06BD0DA289442343AB0F20CEEF277,False,RECOVERING,2,0,False,
1786158695.008071,engram-node03,289,388E30414D29FB835DBF10CF05CE20D257D06BD0DA289442343AB0F20CEEF277,False,RECOVERING,2,0,False,
1786158695.012604,engram-node04,289,388E30414D29FB835DBF10CF05CE20D257D06BD0DA289442343AB0F20CEEF277,False,RECOVERING,2,0,False,
1786158700.0513291,engram-node01,289,388E30414D29FB835DBF10CF05CE20D257D06BD0DA289442343AB0F20CEEF277,False,RECOVERING,2,0,False,
1786158700.06075,engram-node02,289,388E30414D29FB835DBF10CF05CE20D257D06BD0DA289442343AB0F20CEEF277,False,RECOVERING,2,0,False,
1786158700.0733209,engram-node03,289,388E30414D29FB835DBF10CF05CE20D257D06BD0DA289442343AB0F20CEEF277,False,RECOVERING,2,0,False,
1786158700.077724,engram-node04,289,388E30414D29FB835DBF10CF05CE20D257D06BD0DA289442343AB0F20CEEF277,False,RECOVERING,2,0,False,
1786158705.091579,engram-node01,289,388E30414D29FB835DBF10CF05CE20D257D06BD0DA289442343AB0F20CEEF277,False,RECOVERING,2,0,False,
1786158705.1120262,engram-node02,289,388E30414D29FB835DBF10CF05CE20D257D06BD0DA289442343AB0F20CEEF277,False,RECOVERING,2,0,False,
1786158705.121299,engram-node03,289,388E30414D29FB835DBF10CF05CE20D257D06BD0DA289442343AB0F20CEEF277,False,RECOVERING,2,0,False,
1786158705.1250079,engram-node04,289,388E30414D29FB835DBF10CF05CE20D257D06BD0DA289442343AB0F20CEEF277,False,RECOVERING,2,0,False,
1786158710.131357,engram-node01,289,388E30414D29FB835DBF10CF05CE20D257D06BD0DA289442343AB0F20CEEF277,False,RECOVERING,2,0,False,
1786158710.137239,engram-node02,289,388E30414D29FB835DBF10CF05CE20D257D06BD0DA289442343AB0F20CEEF277,False,RECOVERING,2,0,False,
1786158710.143112,engram-node03,289,388E30414D29FB835DBF10CF05CE20D257D06BD0DA289442343AB0F20CEEF277,False,RECOVERING,2,0,False,
1786158710.147725,engram-node04,289,388E30414D29FB835DBF10CF05CE20D257D06BD0DA289442343AB0F20CEEF277,False,RECOVERING,2,0,False,
1786158715.155974,engram-node01,289,388E30414D29FB835DBF10CF05CE20D257D06BD0DA289442343AB0F20CEEF277,False,RECOVERING,2,0,False,
1786158715.167615,engram-node02,289,388E30414D29FB835DBF10CF05CE20D257D06BD0DA289442343AB0F20CEEF277,False,RECOVERING,2,0,False,
1786158715.1729002,engram-node03,289,388E30414D29FB835DBF10CF05CE20D257D06BD0DA289442343AB0F20CEEF277,False,RECOVERING,2,0,False,
1786158715.1774669,engram-node04,289,388E30414D29FB835DBF10CF05CE20D257D06BD0DA289442343AB0F20CEEF277,False,RECOVERING,2,0,False,
1786158720.186461,engram-node01,289,388E30414D29FB835DBF10CF05CE20D257D06BD0DA289442343AB0F20CEEF277,False,RECOVERING,2,0,False,
1786158720.1953459,engram-node02,289,388E30414D29FB835DBF10CF05CE20D257D06BD0DA289442343AB0F20CEEF277,False,RECOVERING,2,0,False,
1786158720.200821,engram-node03,289,388E30414D29FB835DBF10CF05CE20D257D06BD0DA289442343AB0F20CEEF277,False,RECOVERING,2,0,False,
1786158720.2056499,engram-node04,289,388E30414D29FB835DBF10CF05CE20D257D06BD0DA289442343AB0F20CEEF277,False,RECOVERING,2,0,False,
1786158725.214847,engram-node01,289,388E30414D29FB835DBF10CF05CE20D257D06BD0DA289442343AB0F20CEEF277,False,RECOVERING,2,0,False,
1786158725.220751,engram-node02,289,388E30414D29FB835DBF10CF05CE20D257D06BD0DA289442343AB0F20CEEF277,False,RECOVERING,2,0,False,
1786158725.224517,engram-node03,289,388E30414D29FB835DBF10CF05CE20D257D06BD0DA289442343AB0F20CEEF277,False,RECOVERING,2,0,False,
1786158725.227721,engram-node04,289,388E30414D29FB835DBF10CF05CE20D257D06BD0DA289442343AB0F20CEEF277,False,RECOVERING,2,0,False,
1786158730.2315352,engram-node01,289,388E30414D29FB835DBF10CF05CE20D257D06BD0DA289442343AB0F20CEEF277,False,RECOVERING,2,0,False,
1786158730.238546,engram-node02,289,388E30414D29FB835DBF10CF05CE20D257D06BD0DA289442343AB0F20CEEF277,False,RECOVERING,2,0,False,
1786158730.242485,engram-node03,289,388E30414D29FB835DBF10CF05CE20D257D06BD0DA289442343AB0F20CEEF277,False,RECOVERING,2,0,False,
1786158730.246256,engram-node04,289,388E30414D29FB835DBF10CF05CE20D257D06BD0DA289442343AB0F20CEEF277,False,RECOVERING,2,0,False,
1786158735.251046,engram-node01,292,0AE14A23B90E8A6759A75419F08D323D35C3E2818297B2CB4B5AA10ED6D245BE,False,RECOVERING,1,0,False,
1786158735.258413,engram-node02,292,0AE14A23B90E8A6759A75419F08D323D35C3E2818297B2CB4B5AA10ED6D245BE,False,RECOVERING,1,0,False,
1786158735.263294,engram-node03,292,0AE14A23B90E8A6759A75419F08D323D35C3E2818297B2CB4B5AA10ED6D245BE,False,RECOVERING,1,0,False,
1786158735.267987,engram-node04,292,0AE14A23B90E8A6759A75419F08D323D35C3E2818297B2CB4B5AA10ED6D245BE,False,RECOVERING,1,0,False,
1786158740.277869,engram-node01,293,3A36A1ADC124F4ACE63481AFA9CDA58393BD80CBCB59D530C3D26FF77BD756A8,False,RECOVERING,2,0,False,
1786158740.28943,engram-node02,293,3A36A1ADC124F4ACE63481AFA9CDA58393BD80CBCB59D530C3D26FF77BD756A8,False,RECOVERING,2,0,False,
1786158740.297312,engram-node03,293,3A36A1ADC124F4ACE63481AFA9CDA58393BD80CBCB59D530C3D26FF77BD756A8,False,RECOVERING,2,0,False,
1786158740.305184,engram-node04,293,3A36A1ADC124F4ACE63481AFA9CDA58393BD80CBCB59D530C3D26FF77BD756A8,False,RECOVERING,2,0,False,
1786158745.3141491,engram-node01,293,3A36A1ADC124F4ACE63481AFA9CDA58393BD80CBCB59D530C3D26FF77BD756A8,False,RECOVERING,2,0,False,
1786158745.319338,engram-node02,293,3A36A1ADC124F4ACE63481AFA9CDA58393BD80CBCB59D530C3D26FF77BD756A8,False,RECOVERING,2,0,False,
1786158745.322388,engram-node03,293,3A36A1ADC124F4ACE63481AFA9CDA58393BD80CBCB59D530C3D26FF77BD756A8,False,RECOVERING,2,0,False,
1786158745.326304,engram-node04,293,3A36A1ADC124F4ACE63481AFA9CDA58393BD80CBCB59D530C3D26FF77BD756A8,False,RECOVERING,2,0,False,
1786158750.3366919,engram-node01,293,3A36A1ADC124F4ACE63481AFA9CDA58393BD80CBCB59D530C3D26FF77BD756A8,False,RECOVERING,2,0,False,
1786158750.345323,engram-node02,293,3A36A1ADC124F4ACE63481AFA9CDA58393BD80CBCB59D530C3D26FF77BD756A8,False,RECOVERING,2,0,False,
1786158750.3513012,engram-node03,293,3A36A1ADC124F4ACE63481AFA9CDA58393BD80CBCB59D530C3D26FF77BD756A8,False,RECOVERING,2,0,False,
1786158750.3573272,engram-node04,293,3A36A1ADC124F4ACE63481AFA9CDA58393BD80CBCB59D530C3D26FF77BD756A8,False,RECOVERING,2,0,False,
1786158755.3674219,engram-node01,293,3A36A1ADC124F4ACE63481AFA9CDA58393BD80CBCB59D530C3D26FF77BD756A8,False,RECOVERING,2,0,False,
1786158755.3758562,engram-node02,293,3A36A1ADC124F4ACE63481AFA9CDA58393BD80CBCB59D530C3D26FF77BD756A8,False,RECOVERING,2,0,False,
1786158755.383557,engram-node03,293,3A36A1ADC124F4ACE63481AFA9CDA58393BD80CBCB59D530C3D26FF77BD756A8,False,RECOVERING,2,0,False,
1786158755.39209,engram-node04,293,3A36A1ADC124F4ACE63481AFA9CDA58393BD80CBCB59D530C3D26FF77BD756A8,False,RECOVERING,2,0,False,
1786158760.401828,engram-node01,293,3A36A1ADC124F4ACE63481AFA9CDA58393BD80CBCB59D530C3D26FF77BD756A8,False,RECOVERING,2,0,False,
1786158760.406867,engram-node02,293,3A36A1ADC124F4ACE63481AFA9CDA58393BD80CBCB59D530C3D26FF77BD756A8,False,RECOVERING,2,0,False,
1786158760.412388,engram-node03,293,3A36A1ADC124F4ACE63481AFA9CDA58393BD80CBCB59D530C3D26FF77BD756A8,False,RECOVERING,2,0,False,
1786158760.4174159,engram-node04,293,3A36A1ADC124F4ACE63481AFA9CDA58393BD80CBCB59D530C3D26FF77BD756A8,False,RECOVERING,2,0,False,
1786158765.42486,engram-node01,293,3A36A1ADC124F4ACE63481AFA9CDA58393BD80CBCB59D530C3D26FF77BD756A8,False,RECOVERING,2,0,False,
1786158765.430542,engram-node02,293,3A36A1ADC124F4ACE63481AFA9CDA58393BD80CBCB59D530C3D26FF77BD756A8,False,RECOVERING,2,0,False,
1786158765.4363132,engram-node03,293,3A36A1ADC124F4ACE63481AFA9CDA58393BD80CBCB59D530C3D26FF77BD756A8,False,RECOVERING,2,0,False,
1786158765.441391,engram-node04,293,3A36A1ADC124F4ACE63481AFA9CDA58393BD80CBCB59D530C3D26FF77BD756A8,False,RECOVERING,2,0,False,
1786158770.4475389,engram-node01,293,3A36A1ADC124F4ACE63481AFA9CDA58393BD80CBCB59D530C3D26FF77BD756A8,False,RECOVERING,2,0,False,
1786158770.461688,engram-node02,293,3A36A1ADC124F4ACE63481AFA9CDA58393BD80CBCB59D530C3D26FF77BD756A8,False,RECOVERING,2,0,False,
1786158770.465297,engram-node03,293,3A36A1ADC124F4ACE63481AFA9CDA58393BD80CBCB59D530C3D26FF77BD756A8,False,RECOVERING,2,0,False,
1786158770.468451,engram-node04,293,3A36A1ADC124F4ACE63481AFA9CDA58393BD80CBCB59D530C3D26FF77BD756A8,False,RECOVERING,2,0,False,
1786158775.4723861,engram-node01,293,3A36A1ADC124F4ACE63481AFA9CDA58393BD80CBCB59D530C3D26FF77BD756A8,False,RECOVERING,2,0,False,
1786158775.4780061,engram-node02,293,3A36A1ADC124F4ACE63481AFA9CDA58393BD80CBCB59D530C3D26FF77BD756A8,False,RECOVERING,2,0,False,
1786158775.4870899,engram-node03,293,3A36A1ADC124F4ACE63481AFA9CDA58393BD80CBCB59D530C3D26FF77BD756A8,False,RECOVERING,2,0,False,
1786158775.492936,engram-node04,293,3A36A1ADC124F4ACE63481AFA9CDA58393BD80CBCB59D530C3D26FF77BD756A8,False,RECOVERING,2,0,False,
1786158780.5032651,engram-node01,293,3A36A1ADC124F4ACE63481AFA9CDA58393BD80CBCB59D530C3D26FF77BD756A8,False,RECOVERING,2,0,False,
1786158780.513489,engram-node02,293,3A36A1ADC124F4ACE63481AFA9CDA58393BD80CBCB59D530C3D26FF77BD756A8,False,RECOVERING,2,0,False,
1786158780.5191581,engram-node03,293,3A36A1ADC124F4ACE63481AFA9CDA58393BD80CBCB59D530C3D26FF77BD756A8,False,RECOVERING,2,0,False,
1786158780.525119,engram-node04,293,3A36A1ADC124F4ACE63481AFA9CDA58393BD80CBCB59D530C3D26FF77BD756A8,False,RECOVERING,2,0,False,
1786158785.531132,engram-node01,293,3A36A1ADC124F4ACE63481AFA9CDA58393BD80CBCB59D530C3D26FF77BD756A8,False,RECOVERING,2,0,False,
1786158785.53615,engram-node02,293,3A36A1ADC124F4ACE63481AFA9CDA58393BD80CBCB59D530C3D26FF77BD756A8,False,RECOVERING,2,0,False,
1786158785.5397272,engram-node03,293,3A36A1ADC124F4ACE63481AFA9CDA58393BD80CBCB59D530C3D26FF77BD756A8,False,RECOVERING,2,0,False,
1786158785.543067,engram-node04,293,3A36A1ADC124F4ACE63481AFA9CDA58393BD80CBCB59D530C3D26FF77BD756A8,False,RECOVERING,2,0,False,
1786158790.5481431,engram-node01,293,3A36A1ADC124F4ACE63481AFA9CDA58393BD80CBCB59D530C3D26FF77BD756A8,False,RECOVERING,2,0,False,
1786158790.556235,engram-node02,293,3A36A1ADC124F4ACE63481AFA9CDA58393BD80CBCB59D530C3D26FF77BD756A8,False,RECOVERING,2,0,False,
1786158790.564388,engram-node03,293,3A36A1ADC124F4ACE63481AFA9CDA58393BD80CBCB59D530C3D26FF77BD756A8,False,RECOVERING,2,0,False,
1786158790.5725381,engram-node04,293,3A36A1ADC124F4ACE63481AFA9CDA58393BD80CBCB59D530C3D26FF77BD756A8,False,RECOVERING,2,0,False,
1786158795.583863,engram-node01,296,4916A31D52734FA7B4512DBDC230A7B07CB9429EED0FE4E5EA27F0FCF0A3B356,False,RECOVERING,1,0,False,
1786158795.592447,engram-node02,296,4916A31D52734FA7B4512DBDC230A7B07CB9429EED0FE4E5EA27F0FCF0A3B356,False,RECOVERING,1,0,False,
1786158795.5972888,engram-node03,296,4916A31D52734FA7B4512DBDC230A7B07CB9429EED0FE4E5EA27F0FCF0A3B356,False,RECOVERING,1,0,False,
1786158795.602596,engram-node04,296,4916A31D52734FA7B4512DBDC230A7B07CB9429EED0FE4E5EA27F0FCF0A3B356,False,RECOVERING,1,0,False,
1786158800.6096902,engram-node01,297,63E24B61A4E568A3804B0E4619EE3A0221337B547D9A129EAB63BA9A3C5AFA0C,False,RECOVERING,2,0,False,
1786158800.615545,engram-node02,297,63E24B61A4E568A3804B0E4619EE3A0221337B547D9A129EAB63BA9A3C5AFA0C,False,RECOVERING,2,0,False,
1786158800.619572,engram-node03,297,63E24B61A4E568A3804B0E4619EE3A0221337B547D9A129EAB63BA9A3C5AFA0C,False,RECOVERING,2,0,False,
1786158800.623927,engram-node04,297,63E24B61A4E568A3804B0E4619EE3A0221337B547D9A129EAB63BA9A3C5AFA0C,False,RECOVERING,2,0,False,
1786158805.630253,engram-node01,-1,,False,,0,0,False,<urlopen error [Errno 61] Connection refused>
1786158805.631928,engram-node02,-1,,False,,0,0,False,<urlopen error [Errno 61] Connection refused>
1786158805.632362,engram-node03,-1,,False,,0,0,False,<urlopen error [Errno 61] Connection refused>
1786158805.632826,engram-node04,-1,,False,,0,0,False,<urlopen error [Errno 61] Connection refused>
1786158810.6481469,engram-node01,-1,,False,,0,0,False,abci_query error: engramd is not ready; please wait for first block: invalid height
1786158810.659997,engram-node02,-1,,False,,0,0,False,abci_query error: engramd is not ready; please wait for first block: invalid height
1786158810.674485,engram-node03,-1,,False,,0,0,False,abci_query error: engramd is not ready; please wait for first block: invalid height
1786158810.6773582,engram-node04,-1,,False,,0,0,False,abci_query error: engramd is not ready; please wait for first block: invalid height
1786158815.684234,engram-node01,-1,,False,,0,0,False,abci_query error: engramd is not ready; please wait for first block: invalid height
1786158815.688291,engram-node02,-1,,False,,0,0,False,abci_query error: engramd is not ready; please wait for first block: invalid height
1786158815.691838,engram-node03,-1,,False,,0,0,False,abci_query error: engramd is not ready; please wait for first block: invalid height
1786158815.6948822,engram-node04,-1,,False,,0,0,False,abci_query error: engramd is not ready; please wait for first block: invalid height
1786158820.6992059,engram-node01,-1,,False,,0,0,False,abci_query error: engramd is not ready; please wait for first block: invalid height
1786158820.7111511,engram-node02,-1,,False,,0,0,False,abci_query error: engramd is not ready; please wait for first block: invalid height
1786158820.720614,engram-node03,-1,,False,,0,0,False,abci_query error: engramd is not ready; please wait for first block: invalid height
1786158820.733429,engram-node04,-1,,False,,0,0,False,abci_query error: engramd is not ready; please wait for first block: invalid height
1786158825.742514,engram-node01,-1,,False,,0,0,False,abci_query error: engramd is not ready; please wait for first block: invalid height
1786158825.745408,engram-node02,-1,,False,,0,0,False,abci_query error: engramd is not ready; please wait for first block: invalid height
1786158825.748675,engram-node03,-1,,False,,0,0,False,abci_query error: engramd is not ready; please wait for first block: invalid height
1786158825.75178,engram-node04,-1,,False,,0,0,False,abci_query error: engramd is not ready; please wait for first block: invalid height
1786158830.758346,engram-node01,-1,,False,,0,0,False,abci_query error: engramd is not ready; please wait for first block: invalid height
1786158830.76774,engram-node02,-1,,False,,0,0,False,abci_query error: engramd is not ready; please wait for first block: invalid height
1786158830.7748291,engram-node03,-1,,False,,0,0,False,abci_query error: engramd is not ready; please wait for first block: invalid height
1786158830.779221,engram-node04,-1,,False,,0,0,False,abci_query error: engramd is not ready; please wait for first block: invalid height
1786158835.785872,engram-node01,-1,,False,,0,0,False,abci_query error: engramd is not ready; please wait for first block: invalid height
1786158835.7937222,engram-node02,-1,,False,,0,0,False,abci_query error: engramd is not ready; please wait for first block: invalid height
1786158835.798271,engram-node03,-1,,False,,0,0,False,abci_query error: engramd is not ready; please wait for first block: invalid height
1786158835.8022048,engram-node04,-1,,False,,0,0,False,abci_query error: engramd is not ready; please wait for first block: invalid height
1786158840.806654,engram-node01,-1,,False,,0,0,False,abci_query error: engramd is not ready; please wait for first block: invalid height
1786158840.81553,engram-node02,-1,,False,,0,0,False,abci_query error: engramd is not ready; please wait for first block: invalid height
1786158840.82111,engram-node03,-1,,False,,0,0,False,abci_query error: engramd is not ready; please wait for first block: invalid height
1786158840.826607,engram-node04,-1,,False,,0,0,False,abci_query error: engramd is not ready; please wait for first block: invalid height
1786158845.833705,engram-node01,-1,,False,,0,0,False,abci_query error: engramd is not ready; please wait for first block: invalid height
1786158845.839123,engram-node02,-1,,False,,0,0,False,abci_query error: engramd is not ready; please wait for first block: invalid height
1786158845.843095,engram-node03,-1,,False,,0,0,False,abci_query error: engramd is not ready; please wait for first block: invalid height
1786158845.846503,engram-node04,-1,,False,,0,0,False,abci_query error: engramd is not ready; please wait for first block: invalid height
1786158850.855048,engram-node01,-1,,False,,0,0,False,abci_query error: engramd is not ready; please wait for first block: invalid height
1786158850.862633,engram-node02,-1,,False,,0,0,False,abci_query error: engramd is not ready; please wait for first block: invalid height
1786158850.869828,engram-node03,-1,,False,,0,0,False,abci_query error: engramd is not ready; please wait for first block: invalid height
1786158850.875891,engram-node04,-1,,False,,0,0,False,abci_query error: engramd is not ready; please wait for first block: invalid height
1786158855.882956,engram-node01,-1,,False,,0,0,False,abci_query error: engramd is not ready; please wait for first block: invalid height
1786158855.890357,engram-node02,-1,,False,,0,0,False,abci_query error: engramd is not ready; please wait for first block: invalid height
1786158855.89493,engram-node03,-1,,False,,0,0,False,abci_query error: engramd is not ready; please wait for first block: invalid height
1786158855.9005282,engram-node04,-1,,False,,0,0,False,abci_query error: engramd is not ready; please wait for first block: invalid height
1786158860.908278,engram-node01,-1,,False,,0,0,False,abci_query error: engramd is not ready; please wait for first block: invalid height
1786158860.916489,engram-node02,-1,,False,,0,0,False,abci_query error: engramd is not ready; please wait for first block: invalid height
1786158860.9227462,engram-node03,-1,,False,,0,0,False,abci_query error: engramd is not ready; please wait for first block: invalid height
1786158860.92673,engram-node04,-1,,False,,0,0,False,abci_query error: engramd is not ready; please wait for first block: invalid height
1786158865.9317288,engram-node01,-1,,False,,0,0,False,abci_query error: engramd is not ready; please wait for first block: invalid height
1786158865.936743,engram-node02,-1,,False,,0,0,False,abci_query error: engramd is not ready; please wait for first block: invalid height
1786158865.940991,engram-node03,-1,,False,,0,0,False,abci_query error: engramd is not ready; please wait for first block: invalid height
1786158865.944082,engram-node04,-1,,False,,0,0,False,abci_query error: engramd is not ready; please wait for first block: invalid height
1786158870.951875,engram-node01,1,E3B0C44298FC1C149AFBF4C8996FB92427AE41E4649B934CA495991B7852B855,False,SOVEREIGN,0,0,False,
1786158870.958803,engram-node02,1,E3B0C44298FC1C149AFBF4C8996FB92427AE41E4649B934CA495991B7852B855,False,SOVEREIGN,0,0,False,
1786158870.9636202,engram-node03,1,E3B0C44298FC1C149AFBF4C8996FB92427AE41E4649B934CA495991B7852B855,False,SOVEREIGN,0,0,False,
1786158870.970189,engram-node04,1,E3B0C44298FC1C149AFBF4C8996FB92427AE41E4649B934CA495991B7852B855,False,SOVEREIGN,0,0,False,
1786158875.9747021,engram-node01,5,59FD49F96757A6B150A5172DFEE5EE0B76DF3089B29088FA5CF4670D7F2F9076,False,SOVEREIGN,0,0,False,
1786158875.985436,engram-node02,5,59FD49F96757A6B150A5172DFEE5EE0B76DF3089B29088FA5CF4670D7F2F9076,False,SOVEREIGN,0,0,False,
1786158875.991741,engram-node03,5,59FD49F96757A6B150A5172DFEE5EE0B76DF3089B29088FA5CF4670D7F2F9076,False,SOVEREIGN,0,0,False,
1786158875.996486,engram-node04,5,59FD49F96757A6B150A5172DFEE5EE0B76DF3089B29088FA5CF4670D7F2F9076,False,SOVEREIGN,0,0,False,
1786158881.005523,engram-node01,8,C22D2606269EC952C1F24BC0E353F8E50654CF2028C50FE4059235D28C69AA43,False,SOVEREIGN,0,0,False,
1786158881.312629,engram-node02,9,594BA27D929EFCCC922AF3A59429A67899CD47C14AF2CE5636BC67EA0C1B8ABD,False,SOVEREIGN,0,0,False,
1786158881.3207512,engram-node03,9,594BA27D929EFCCC922AF3A59429A67899CD47C14AF2CE5636BC67EA0C1B8ABD,False,SOVEREIGN,0,0,False,
1786158881.325543,engram-node04,9,594BA27D929EFCCC922AF3A59429A67899CD47C14AF2CE5636BC67EA0C1B8ABD,False,SOVEREIGN,0,0,False,
1786158886.329227,engram-node01,13,4384162A4FD3A62C44BCFE4A8DB13F74B80F5AB9174B9774810E998BC2BCB196,False,SOVEREIGN,0,0,False,
1786158886.336925,engram-node02,13,4384162A4FD3A62C44BCFE4A8DB13F74B80F5AB9174B9774810E998BC2BCB196,False,SOVEREIGN,0,0,False,
1786158886.34303,engram-node03,13,4384162A4FD3A62C44BCFE4A8DB13F74B80F5AB9174B9774810E998BC2BCB196,False,SOVEREIGN,0,0,False,
1786158886.3528142,engram-node04,13,4384162A4FD3A62C44BCFE4A8DB13F74B80F5AB9174B9774810E998BC2BCB196,False,SOVEREIGN,0,0,False,
1786158891.361377,engram-node01,17,D2E47DD5FB123304B17D39803826BD812EBA805E590264110D386C43B5885FF6,False,SOVEREIGN,0,0,False,
1786158891.36995,engram-node02,17,D2E47DD5FB123304B17D39803826BD812EBA805E590264110D386C43B5885FF6,False,SOVEREIGN,0,0,False,
1786158891.3770921,engram-node03,17,D2E47DD5FB123304B17D39803826BD812EBA805E590264110D386C43B5885FF6,False,SOVEREIGN,0,0,False,
1786158891.382876,engram-node04,17,D2E47DD5FB123304B17D39803826BD812EBA805E590264110D386C43B5885FF6,False,SOVEREIGN,0,0,False,
1786158896.39058,engram-node01,21,63B7D850838C4CBC9BFCEE63D0B78F38FEF0CA88405DE95C7139E223D6877992,False,SOVEREIGN,0,0,False,
1786158896.397194,engram-node02,21,63B7D850838C4CBC9BFCEE63D0B78F38FEF0CA88405DE95C7139E223D6877992,False,SOVEREIGN,0,0,False,
1786158896.402505,engram-node03,21,63B7D850838C4CBC9BFCEE63D0B78F38FEF0CA88405DE95C7139E223D6877992,False,SOVEREIGN,0,0,False,
1786158896.406975,engram-node04,21,63B7D850838C4CBC9BFCEE63D0B78F38FEF0CA88405DE95C7139E223D6877992,False,SOVEREIGN,0,0,False,
1786158901.415091,engram-node01,25,4BC13210C24FDFF33EEA4171FFFB14ED67002FAD1CB53C819C8394D5911B35DD,False,SOVEREIGN,0,0,False,
1786158901.4231749,engram-node02,25,4BC13210C24FDFF33EEA4171FFFB14ED67002FAD1CB53C819C8394D5911B35DD,False,SOVEREIGN,0,0,False,
1786158901.429067,engram-node03,25,4BC13210C24FDFF33EEA4171FFFB14ED67002FAD1CB53C819C8394D5911B35DD,False,SOVEREIGN,0,0,False,
1786158901.4349592,engram-node04,25,4BC13210C24FDFF33EEA4171FFFB14ED67002FAD1CB53C819C8394D5911B35DD,False,SOVEREIGN,0,0,False,
1786158906.441171,engram-node01,29,234CC0FFAB588D3E437E418FA1FC8A86A7009180BE152BCEE912EE3CB97A6B11,False,SOVEREIGN,0,0,False,
1786158906.450923,engram-node02,29,234CC0FFAB588D3E437E418FA1FC8A86A7009180BE152BCEE912EE3CB97A6B11,False,SOVEREIGN,0,0,False,
1786158906.456751,engram-node03,29,234CC0FFAB588D3E437E418FA1FC8A86A7009180BE152BCEE912EE3CB97A6B11,False,SOVEREIGN,0,0,False,
1786158906.461882,engram-node04,29,234CC0FFAB588D3E437E418FA1FC8A86A7009180BE152BCEE912EE3CB97A6B11,False,SOVEREIGN,0,0,False,
1786158911.4724228,engram-node01,33,E8B28D6776EE5C64E8200990BEC04CB2819B67F8916DD8C406403ACA25520383,False,SOVEREIGN,0,0,False,
1786158911.481208,engram-node02,33,E8B28D6776EE5C64E8200990BEC04CB2819B67F8916DD8C406403ACA25520383,False,SOVEREIGN,0,0,False,
1786158911.487329,engram-node03,33,E8B28D6776EE5C64E8200990BEC04CB2819B67F8916DD8C406403ACA25520383,False,SOVEREIGN,0,0,False,
1786158911.492482,engram-node04,33,E8B28D6776EE5C64E8200990BEC04CB2819B67F8916DD8C406403ACA25520383,False,SOVEREIGN,0,0,False,
1786158916.4975739,engram-node01,37,2CDFF6CF53B90523F0ED80DCD7A6FCD3EB6449E550287EF6CACA7C7F76B52A71,False,SOVEREIGN,0,0,False,
1786158916.504853,engram-node02,37,2CDFF6CF53B90523F0ED80DCD7A6FCD3EB6449E550287EF6CACA7C7F76B52A71,False,SOVEREIGN,0,0,False,
1786158916.510352,engram-node03,37,2CDFF6CF53B90523F0ED80DCD7A6FCD3EB6449E550287EF6CACA7C7F76B52A71,False,SOVEREIGN,0,0,False,
1786158916.515512,engram-node04,37,2CDFF6CF53B90523F0ED80DCD7A6FCD3EB6449E550287EF6CACA7C7F76B52A71,False,SOVEREIGN,0,0,False,
1786158921.522632,engram-node01,41,CCE6D90C4BC61F5041265137579984763B8AC34C7217D8F706891D114376BA0D,False,SOVEREIGN,0,0,False,
1786158921.532344,engram-node02,41,CCE6D90C4BC61F5041265137579984763B8AC34C7217D8F706891D114376BA0D,False,SOVEREIGN,0,0,False,
1786158921.538513,engram-node03,41,CCE6D90C4BC61F5041265137579984763B8AC34C7217D8F706891D114376BA0D,False,SOVEREIGN,0,0,False,
1786158921.543812,engram-node04,41,CCE6D90C4BC61F5041265137579984763B8AC34C7217D8F706891D114376BA0D,False,SOVEREIGN,0,0,False,
1786158926.550724,engram-node01,45,B9FB957D650AEDA088A17612E85FAC1F9224CBB366D0FB3ACB77A791433E0C92,False,SOVEREIGN,0,0,False,
1786158926.561951,engram-node02,45,B9FB957D650AEDA088A17612E85FAC1F9224CBB366D0FB3ACB77A791433E0C92,False,SOVEREIGN,0,0,False,
1786158926.567903,engram-node03,45,B9FB957D650AEDA088A17612E85FAC1F9224CBB366D0FB3ACB77A791433E0C92,False,SOVEREIGN,0,0,False,
1786158926.572567,engram-node04,45,B9FB957D650AEDA088A17612E85FAC1F9224CBB366D0FB3ACB77A791433E0C92,False,SOVEREIGN,0,0,False,
1786158931.581076,engram-node01,49,ED58FC5EF6408FE61CF48684A03EE3D47C775EF05FF62BD2C30C9ACE9CEF524C,False,SOVEREIGN,0,0,False,
1786158931.59266,engram-node02,49,ED58FC5EF6408FE61CF48684A03EE3D47C775EF05FF62BD2C30C9ACE9CEF524C,False,SOVEREIGN,0,0,False,
1786158931.5968,engram-node03,49,ED58FC5EF6408FE61CF48684A03EE3D47C775EF05FF62BD2C30C9ACE9CEF524C,False,SOVEREIGN,0,0,False,
1786158931.6007612,engram-node04,49,ED58FC5EF6408FE61CF48684A03EE3D47C775EF05FF62BD2C30C9ACE9CEF524C,False,SOVEREIGN,0,0,False,
1786158936.611252,engram-node01,53,9CE8863910FAFC4E366E519EB92CDE4430FF8EBF119309B151786FF9B633CF7E,False,SOVEREIGN,0,0,False,
1786158936.6227891,engram-node02,53,9CE8863910FAFC4E366E519EB92CDE4430FF8EBF119309B151786FF9B633CF7E,False,SOVEREIGN,0,0,False,
1786158936.628139,engram-node03,53,9CE8863910FAFC4E366E519EB92CDE4430FF8EBF119309B151786FF9B633CF7E,False,SOVEREIGN,0,0,False,
1786158936.632711,engram-node04,53,9CE8863910FAFC4E366E519EB92CDE4430FF8EBF119309B151786FF9B633CF7E,False,SOVEREIGN,0,0,False,
1786158941.639731,engram-node01,57,C46DD60F0EEF1B5B0844DF61CD004CF124999B2AEA3787514437A362E41E31B6,False,SOVEREIGN,0,0,False,
1786158941.652163,engram-node02,57,C46DD60F0EEF1B5B0844DF61CD004CF124999B2AEA3787514437A362E41E31B6,False,SOVEREIGN,0,0,False,
1786158941.65944,engram-node03,57,C46DD60F0EEF1B5B0844DF61CD004CF124999B2AEA3787514437A362E41E31B6,False,SOVEREIGN,0,0,False,
1786158941.664348,engram-node04,57,C46DD60F0EEF1B5B0844DF61CD004CF124999B2AEA3787514437A362E41E31B6,False,SOVEREIGN,0,0,False,
1786158946.673915,engram-node01,61,B0213E44D35F91EC50E679C0BF533FB5AA3BC0577FBB92485B2BADE28111968F,False,SOVEREIGN,0,0,False,
1786158946.679455,engram-node02,61,B0213E44D35F91EC50E679C0BF533FB5AA3BC0577FBB92485B2BADE28111968F,False,SOVEREIGN,0,0,False,
1786158946.683095,engram-node03,61,B0213E44D35F91EC50E679C0BF533FB5AA3BC0577FBB92485B2BADE28111968F,False,SOVEREIGN,0,0,False,
1786158946.687595,engram-node04,61,B0213E44D35F91EC50E679C0BF533FB5AA3BC0577FBB92485B2BADE28111968F,False,SOVEREIGN,0,0,False,
1786158951.694766,engram-node01,65,B32C384A6E3AF9E4BCAE47C3F6712EBFC76E43C23ABBFD7E94B77C3339BEAF3D,False,SOVEREIGN,0,0,False,
1786158951.6986089,engram-node02,65,B32C384A6E3AF9E4BCAE47C3F6712EBFC76E43C23ABBFD7E94B77C3339BEAF3D,False,SOVEREIGN,0,0,False,
1786158951.70228,engram-node03,65,B32C384A6E3AF9E4BCAE47C3F6712EBFC76E43C23ABBFD7E94B77C3339BEAF3D,False,SOVEREIGN,0,0,False,
1786158951.70624,engram-node04,65,B32C384A6E3AF9E4BCAE47C3F6712EBFC76E43C23ABBFD7E94B77C3339BEAF3D,False,SOVEREIGN,0,0,False,
1786158956.7169359,engram-node01,70,ABCFD160E2BC6590C1097084422A3DD36B55E58D960D47C0D7CD2DC35DE4CCE5,False,SOVEREIGN,0,0,False,
1786158956.7230752,engram-node02,70,ABCFD160E2BC6590C1097084422A3DD36B55E58D960D47C0D7CD2DC35DE4CCE5,False,SOVEREIGN,0,0,False,
1786158956.726702,engram-node03,70,ABCFD160E2BC6590C1097084422A3DD36B55E58D960D47C0D7CD2DC35DE4CCE5,False,SOVEREIGN,0,0,False,
1786158956.7303529,engram-node04,70,ABCFD160E2BC6590C1097084422A3DD36B55E58D960D47C0D7CD2DC35DE4CCE5,False,SOVEREIGN,0,0,False,
1786158961.736438,engram-node01,74,E25351BDC76FBA9C8D821D1C574A04C2BBFDE9F1FDCEFE5BB7B85366B633D654,False,SOVEREIGN,0,0,False,
1786158961.73973,engram-node02,74,E25351BDC76FBA9C8D821D1C574A04C2BBFDE9F1FDCEFE5BB7B85366B633D654,False,SOVEREIGN,0,0,False,
1786158961.742382,engram-node03,74,E25351BDC76FBA9C8D821D1C574A04C2BBFDE9F1FDCEFE5BB7B85366B633D654,False,SOVEREIGN,0,0,False,
1786158961.745013,engram-node04,74,E25351BDC76FBA9C8D821D1C574A04C2BBFDE9F1FDCEFE5BB7B85366B633D654,False,SOVEREIGN,0,0,False,
1786158966.753025,engram-node01,78,24F8BCF258AA99BAD0AB4C55B81CF64637725C03559BDD1370A551D120E8CF59,False,SOVEREIGN,0,0,False,
1786158966.7600691,engram-node02,78,24F8BCF258AA99BAD0AB4C55B81CF64637725C03559BDD1370A551D120E8CF59,False,SOVEREIGN,0,0,False,
1786158966.766122,engram-node03,78,24F8BCF258AA99BAD0AB4C55B81CF64637725C03559BDD1370A551D120E8CF59,False,SOVEREIGN,0,0,False,
1786158966.7708108,engram-node04,78,24F8BCF258AA99BAD0AB4C55B81CF64637725C03559BDD1370A551D120E8CF59,False,SOVEREIGN,0,0,False,
1786158971.7762492,engram-node01,82,D1E00822014A8D7E116DA5C4ABEC2E477FFEEE41B7C1EE56C4B4388573BE2CC7,False,SOVEREIGN,0,0,False,
1786158971.7883,engram-node02,82,D1E00822014A8D7E116DA5C4ABEC2E477FFEEE41B7C1EE56C4B4388573BE2CC7,False,SOVEREIGN,0,0,False,
1786158971.796093,engram-node03,82,D1E00822014A8D7E116DA5C4ABEC2E477FFEEE41B7C1EE56C4B4388573BE2CC7,False,SOVEREIGN,0,0,False,
1786158971.8019998,engram-node04,82,D1E00822014A8D7E116DA5C4ABEC2E477FFEEE41B7C1EE56C4B4388573BE2CC7,False,SOVEREIGN,0,0,False,
1786158976.8117812,engram-node01,86,6F394D64EB03EC0E79161CE6855E3F996AD53416FA986551EB30237415353F98,False,SOVEREIGN,0,0,False,
1786158976.8208709,engram-node02,86,6F394D64EB03EC0E79161CE6855E3F996AD53416FA986551EB30237415353F98,False,SOVEREIGN,0,0,False,
1786158976.826784,engram-node03,86,6F394D64EB03EC0E79161CE6855E3F996AD53416FA986551EB30237415353F98,False,SOVEREIGN,0,0,False,
1786158976.831284,engram-node04,86,6F394D64EB03EC0E79161CE6855E3F996AD53416FA986551EB30237415353F98,False,SOVEREIGN,0,0,False,
1786158981.8377469,engram-node01,90,8627FDB4381E47ED16C418B3EFCDD3A3077B2ECF9F01BF7C7769BF91ADF3A350,False,SOVEREIGN,0,0,False,
1786158981.8456588,engram-node02,90,8627FDB4381E47ED16C418B3EFCDD3A3077B2ECF9F01BF7C7769BF91ADF3A350,False,SOVEREIGN,0,0,False,
1786158981.852694,engram-node03,90,8627FDB4381E47ED16C418B3EFCDD3A3077B2ECF9F01BF7C7769BF91ADF3A350,False,SOVEREIGN,0,0,False,
1786158981.8591099,engram-node04,90,8627FDB4381E47ED16C418B3EFCDD3A3077B2ECF9F01BF7C7769BF91ADF3A350,False,SOVEREIGN,0,0,False,
1786158986.869657,engram-node01,94,7D2A1A7F51E5E960B727A15D48E0547F4F55D63EEF7DB96A62B68D65236AF6A8,False,SOVEREIGN,0,0,False,
1786158986.880789,engram-node02,94,7D2A1A7F51E5E960B727A15D48E0547F4F55D63EEF7DB96A62B68D65236AF6A8,False,SOVEREIGN,0,0,False,
1786158986.8865201,engram-node03,94,7D2A1A7F51E5E960B727A15D48E0547F4F55D63EEF7DB96A62B68D65236AF6A8,False,SOVEREIGN,0,0,False,
1786158986.892617,engram-node04,94,7D2A1A7F51E5E960B727A15D48E0547F4F55D63EEF7DB96A62B68D65236AF6A8,False,SOVEREIGN,0,0,False,
1786158991.9008288,engram-node01,98,5BDA34574918FE8A1D2E2FD61033ABA7716A64EEE9E60C7A3D4E7E2B6FC3B336,False,SOVEREIGN,0,0,False,
1786158991.907542,engram-node02,98,5BDA34574918FE8A1D2E2FD61033ABA7716A64EEE9E60C7A3D4E7E2B6FC3B336,False,SOVEREIGN,0,0,False,
1786158991.911905,engram-node03,98,5BDA34574918FE8A1D2E2FD61033ABA7716A64EEE9E60C7A3D4E7E2B6FC3B336,False,SOVEREIGN,0,0,False,
1786158991.9158678,engram-node04,98,5BDA34574918FE8A1D2E2FD61033ABA7716A64EEE9E60C7A3D4E7E2B6FC3B336,False,SOVEREIGN,0,0,False,
1786158996.9221718,engram-node01,102,FF61256B543D743F862D7707C669D2F65CEDB50856429F1690ABC87DE23EFD39,False,SOVEREIGN,0,0,False,
1786158996.9304068,engram-node02,102,FF61256B543D743F862D7707C669D2F65CEDB50856429F1690ABC87DE23EFD39,False,SOVEREIGN,0,0,False,
1786158996.9351768,engram-node03,102,FF61256B543D743F862D7707C669D2F65CEDB50856429F1690ABC87DE23EFD39,False,SOVEREIGN,0,0,False,
1786158996.939869,engram-node04,102,FF61256B543D743F862D7707C669D2F65CEDB50856429F1690ABC87DE23EFD39,False,SOVEREIGN,0,0,False,
1786159001.949453,engram-node01,106,ECF1BAF15A552AF144A0F5E87C27563AAAB1CEFE29A6F6F0643A240810623973,False,SOVEREIGN,0,0,False,
1786159001.9599202,engram-node02,106,ECF1BAF15A552AF144A0F5E87C27563AAAB1CEFE29A6F6F0643A240810623973,False,SOVEREIGN,0,0,False,
1786159001.964965,engram-node03,106,ECF1BAF15A552AF144A0F5E87C27563AAAB1CEFE29A6F6F0643A240810623973,False,SOVEREIGN,0,0,False,
1786159001.9701471,engram-node04,106,ECF1BAF15A552AF144A0F5E87C27563AAAB1CEFE29A6F6F0643A240810623973,False,SOVEREIGN,0,0,False,
1786159006.978987,engram-node01,110,03826B485560EEA228421585F5C9249117646E261825E45E44E6AC3B06E04879,False,SOVEREIGN,0,0,False,
1786159006.987298,engram-node02,110,03826B485560EEA228421585F5C9249117646E261825E45E44E6AC3B06E04879,False,SOVEREIGN,0,0,False,
1786159006.9919748,engram-node03,110,03826B485560EEA228421585F5C9249117646E261825E45E44E6AC3B06E04879,False,SOVEREIGN,0,0,False,
1786159006.996199,engram-node04,110,03826B485560EEA228421585F5C9249117646E261825E45E44E6AC3B06E04879,False,SOVEREIGN,0,0,False,
1786159012.001023,engram-node01,114,44DDA128BF527387F3811F4F3A6589F2136292E17D60457839E313BFFE88B6C9,False,SOVEREIGN,0,0,False,
1786159012.010289,engram-node02,114,44DDA128BF527387F3811F4F3A6589F2136292E17D60457839E313BFFE88B6C9,False,SOVEREIGN,0,0,False,
1786159012.014783,engram-node03,114,44DDA128BF527387F3811F4F3A6589F2136292E17D60457839E313BFFE88B6C9,False,SOVEREIGN,0,0,False,
1786159012.019509,engram-node04,114,44DDA128BF527387F3811F4F3A6589F2136292E17D60457839E313BFFE88B6C9,False,SOVEREIGN,0,0,False,
1786159017.025794,engram-node01,118,568E1E164F08036A5255842297800D1B4E85B8B911986CBC0F77FF3C5BE30DDC,False,SOVEREIGN,0,0,False,
1786159017.034745,engram-node02,118,568E1E164F08036A5255842297800D1B4E85B8B911986CBC0F77FF3C5BE30DDC,False,SOVEREIGN,0,0,False,
1786159017.039668,engram-node03,118,568E1E164F08036A5255842297800D1B4E85B8B911986CBC0F77FF3C5BE30DDC,False,SOVEREIGN,0,0,False,
1786159017.044938,engram-node04,118,568E1E164F08036A5255842297800D1B4E85B8B911986CBC0F77FF3C5BE30DDC,False,SOVEREIGN,0,0,False,
1786159022.0515041,engram-node01,122,116C9E3F7B9E8C97A9939EB71DFF4081FC9F9A01BE957F1305E79771018186A1,False,SOVEREIGN,0,0,False,
1786159022.060655,engram-node02,122,116C9E3F7B9E8C97A9939EB71DFF4081FC9F9A01BE957F1305E79771018186A1,False,SOVEREIGN,0,0,False,
1786159022.066427,engram-node03,122,116C9E3F7B9E8C97A9939EB71DFF4081FC9F9A01BE957F1305E79771018186A1,False,SOVEREIGN,0,0,False,
1786159022.074377,engram-node04,122,116C9E3F7B9E8C97A9939EB71DFF4081FC9F9A01BE957F1305E79771018186A1,False,SOVEREIGN,0,0,False,
1786159027.084654,engram-node01,126,8550EC6072D29FC678EF51E17D186D62248D2EEB5706E557C1C6712F4C7A6AA5,False,SOVEREIGN,0,0,False,
1786159027.09392,engram-node02,126,8550EC6072D29FC678EF51E17D186D62248D2EEB5706E557C1C6712F4C7A6AA5,False,SOVEREIGN,0,0,False,
1786159027.098763,engram-node03,126,8550EC6072D29FC678EF51E17D186D62248D2EEB5706E557C1C6712F4C7A6AA5,False,SOVEREIGN,0,0,False,
1786159027.1035368,engram-node04,126,8550EC6072D29FC678EF51E17D186D62248D2EEB5706E557C1C6712F4C7A6AA5,False,SOVEREIGN,0,0,False,
1786159032.111253,engram-node01,130,C7B980AAC4DF4306499AA9C43D5E1AAC00E18AC03C70CE79F4BB0408DD55F042,False,SOVEREIGN,0,0,False,
1786159032.1213849,engram-node02,130,C7B980AAC4DF4306499AA9C43D5E1AAC00E18AC03C70CE79F4BB0408DD55F042,False,SOVEREIGN,0,0,False,
1786159032.127039,engram-node03,130,C7B980AAC4DF4306499AA9C43D5E1AAC00E18AC03C70CE79F4BB0408DD55F042,False,SOVEREIGN,0,0,False,
1786159032.131935,engram-node04,130,C7B980AAC4DF4306499AA9C43D5E1AAC00E18AC03C70CE79F4BB0408DD55F042,False,SOVEREIGN,0,0,False,
1786159037.141301,engram-node01,134,9D509158453724EC8196C5092A47A9350F2ACDED6B1FB1657684BB5FB97F4423,False,SOVEREIGN,0,0,False,
1786159037.1468632,engram-node02,134,9D509158453724EC8196C5092A47A9350F2ACDED6B1FB1657684BB5FB97F4423,False,SOVEREIGN,0,0,False,
1786159037.154043,engram-node03,134,9D509158453724EC8196C5092A47A9350F2ACDED6B1FB1657684BB5FB97F4423,False,SOVEREIGN,0,0,False,
1786159037.158871,engram-node04,134,9D509158453724EC8196C5092A47A9350F2ACDED6B1FB1657684BB5FB97F4423,False,SOVEREIGN,0,0,False,
1786159042.166969,engram-node01,139,558F0261359A7B505E92044432B6111B7CF3267769A8839A4ED4786EDD6CF077,False,SOVEREIGN,0,0,False,
1786159042.173801,engram-node02,139,558F0261359A7B505E92044432B6111B7CF3267769A8839A4ED4786EDD6CF077,False,SOVEREIGN,0,0,False,
1786159042.178048,engram-node03,139,558F0261359A7B505E92044432B6111B7CF3267769A8839A4ED4786EDD6CF077,False,SOVEREIGN,0,0,False,
1786159042.182335,engram-node04,139,558F0261359A7B505E92044432B6111B7CF3267769A8839A4ED4786EDD6CF077,False,SOVEREIGN,0,0,False,
1786159047.1917062,engram-node01,143,F1EA83BB5120C510B020757979D146E14044A1A047C9646BEA5861244273263D,False,SOVEREIGN,0,0,False,
1786159047.197338,engram-node02,143,F1EA83BB5120C510B020757979D146E14044A1A047C9646BEA5861244273263D,False,SOVEREIGN,0,0,False,
1786159047.200869,engram-node03,143,F1EA83BB5120C510B020757979D146E14044A1A047C9646BEA5861244273263D,False,SOVEREIGN,0,0,False,
1786159047.203528,engram-node04,143,F1EA83BB5120C510B020757979D146E14044A1A047C9646BEA5861244273263D,False,SOVEREIGN,0,0,False,
1786159052.211385,engram-node01,147,5201275D5C92CFB88CC2B72655C5611AA7E135B3298D84117C4B284E037B2E33,False,SOVEREIGN,0,0,False,
1786159052.2222002,engram-node02,147,5201275D5C92CFB88CC2B72655C5611AA7E135B3298D84117C4B284E037B2E33,False,SOVEREIGN,0,0,False,
1786159052.22887,engram-node03,147,5201275D5C92CFB88CC2B72655C5611AA7E135B3298D84117C4B284E037B2E33,False,SOVEREIGN,0,0,False,
1786159052.233763,engram-node04,147,5201275D5C92CFB88CC2B72655C5611AA7E135B3298D84117C4B284E037B2E33,False,SOVEREIGN,0,0,False,
1786159057.239914,engram-node01,151,F3DD229FDAA18ABE844E5BF6025248300F78C55A89EB505D8CC3F15A7C08DC87,False,SOVEREIGN,0,0,False,
1786159057.255154,engram-node02,151,F3DD229FDAA18ABE844E5BF6025248300F78C55A89EB505D8CC3F15A7C08DC87,False,SOVEREIGN,0,0,False,
1786159057.2617002,engram-node03,151,F3DD229FDAA18ABE844E5BF6025248300F78C55A89EB505D8CC3F15A7C08DC87,False,SOVEREIGN,0,0,False,
1786159057.268248,engram-node04,151,F3DD229FDAA18ABE844E5BF6025248300F78C55A89EB505D8CC3F15A7C08DC87,False,SOVEREIGN,0,0,False,
1786159062.276198,engram-node01,155,8E3E885A48B3252483314E17DAA57469471308C7370E934A819C3196541EF377,False,SOVEREIGN,0,0,False,
1786159062.284231,engram-node02,155,8E3E885A48B3252483314E17DAA57469471308C7370E934A819C3196541EF377,False,SOVEREIGN,0,0,False,
1786159062.288703,engram-node03,155,8E3E885A48B3252483314E17DAA57469471308C7370E934A819C3196541EF377,False,SOVEREIGN,0,0,False,
1786159062.2929568,engram-node04,155,8E3E885A48B3252483314E17DAA57469471308C7370E934A819C3196541EF377,False,SOVEREIGN,0,0,False,
1786159067.3079839,engram-node01,160,6260333FA2827E4E565074B96F3EF6B798BFDEB2A94841E34D36D65441FDF110,False,SOVEREIGN,0,0,False,
1786159067.314283,engram-node02,160,6260333FA2827E4E565074B96F3EF6B798BFDEB2A94841E34D36D65441FDF110,False,SOVEREIGN,0,0,False,
1786159067.318769,engram-node03,160,6260333FA2827E4E565074B96F3EF6B798BFDEB2A94841E34D36D65441FDF110,False,SOVEREIGN,0,0,False,
1786159067.3225942,engram-node04,160,6260333FA2827E4E565074B96F3EF6B798BFDEB2A94841E34D36D65441FDF110,False,SOVEREIGN,0,0,False,
1786159072.33174,engram-node01,164,2EA8734EA43BDD3483904A2E2AD064463C2B9CFCAB4EA9D39DB6710A5E4B7A94,False,SOVEREIGN,0,0,False,
1786159072.338478,engram-node02,164,2EA8734EA43BDD3483904A2E2AD064463C2B9CFCAB4EA9D39DB6710A5E4B7A94,False,SOVEREIGN,0,0,False,
1786159072.3431292,engram-node03,164,2EA8734EA43BDD3483904A2E2AD064463C2B9CFCAB4EA9D39DB6710A5E4B7A94,False,SOVEREIGN,0,0,False,
1786159072.348484,engram-node04,164,2EA8734EA43BDD3483904A2E2AD064463C2B9CFCAB4EA9D39DB6710A5E4B7A94,False,SOVEREIGN,0,0,False,
1786159077.356995,engram-node01,168,E2B62F54BD4114E46715E1D682AEAAAC0B08A4AF0AB900196D9A73D4B6AF1065,False,SOVEREIGN,0,0,False,
1786159077.363648,engram-node02,168,E2B62F54BD4114E46715E1D682AEAAAC0B08A4AF0AB900196D9A73D4B6AF1065,False,SOVEREIGN,0,0,False,
1786159077.3693461,engram-node03,168,E2B62F54BD4114E46715E1D682AEAAAC0B08A4AF0AB900196D9A73D4B6AF1065,False,SOVEREIGN,0,0,False,
1786159077.375357,engram-node04,168,E2B62F54BD4114E46715E1D682AEAAAC0B08A4AF0AB900196D9A73D4B6AF1065,False,SOVEREIGN,0,0,False,
1786159082.380796,engram-node01,173,1C6584309A5A99F966E7D8FD7B86ECCC68AACBCEF54BCDBE5CF7B2F79A59582D,False,SOVEREIGN,0,0,False,
1786159082.385281,engram-node02,173,1C6584309A5A99F966E7D8FD7B86ECCC68AACBCEF54BCDBE5CF7B2F79A59582D,False,SOVEREIGN,0,0,False,
1786159082.38908,engram-node03,173,1C6584309A5A99F966E7D8FD7B86ECCC68AACBCEF54BCDBE5CF7B2F79A59582D,False,SOVEREIGN,0,0,False,
1786159082.392097,engram-node04,173,1C6584309A5A99F966E7D8FD7B86ECCC68AACBCEF54BCDBE5CF7B2F79A59582D,False,SOVEREIGN,0,0,False,
1786159087.400226,engram-node01,177,9C9328B53A4CE91A35B70FE8162DA0FCE867D2CEE881FA56EA1AA0B1F77373D8,False,SOVEREIGN,0,0,False,
1786159087.407201,engram-node02,177,9C9328B53A4CE91A35B70FE8162DA0FCE867D2CEE881FA56EA1AA0B1F77373D8,False,SOVEREIGN,0,0,False,
1786159087.439685,engram-node03,177,9C9328B53A4CE91A35B70FE8162DA0FCE867D2CEE881FA56EA1AA0B1F77373D8,False,SOVEREIGN,0,0,False,
1786159087.456634,engram-node04,177,9C9328B53A4CE91A35B70FE8162DA0FCE867D2CEE881FA56EA1AA0B1F77373D8,False,SOVEREIGN,0,0,False,
1786159092.475307,engram-node01,181,D3E4B3F0B99393FF9B8BED99B29A3EA69A9BB941A195DCEF0AD3AEAC5380D2CD,False,SOVEREIGN,0,0,False,
1786159092.504025,engram-node02,181,D3E4B3F0B99393FF9B8BED99B29A3EA69A9BB941A195DCEF0AD3AEAC5380D2CD,False,SOVEREIGN,0,0,False,
1786159092.5186582,engram-node03,181,D3E4B3F0B99393FF9B8BED99B29A3EA69A9BB941A195DCEF0AD3AEAC5380D2CD,False,SOVEREIGN,0,0,False,
1786159092.5248268,engram-node04,181,D3E4B3F0B99393FF9B8BED99B29A3EA69A9BB941A195DCEF0AD3AEAC5380D2CD,False,SOVEREIGN,0,0,False,
1786159097.531399,engram-node01,185,4AEFD6914B55246852A3840AD17124BC21DA3AED649D866C371F8C06F60A5E08,False,SOVEREIGN,0,0,False,
1786159097.5363252,engram-node02,185,4AEFD6914B55246852A3840AD17124BC21DA3AED649D866C371F8C06F60A5E08,False,SOVEREIGN,0,0,False,
1786159097.5397718,engram-node03,185,4AEFD6914B55246852A3840AD17124BC21DA3AED649D866C371F8C06F60A5E08,False,SOVEREIGN,0,0,False,
1786159097.543138,engram-node04,185,4AEFD6914B55246852A3840AD17124BC21DA3AED649D866C371F8C06F60A5E08,False,SOVEREIGN,0,0,False,
1786159102.551689,engram-node01,189,38B20FCED6440AEF8AA28037F99F1AE9C981CA65525589025186AB3288F0454B,False,SOVEREIGN,0,0,False,
1786159102.559789,engram-node02,189,38B20FCED6440AEF8AA28037F99F1AE9C981CA65525589025186AB3288F0454B,False,SOVEREIGN,0,0,False,
1786159102.566261,engram-node03,189,38B20FCED6440AEF8AA28037F99F1AE9C981CA65525589025186AB3288F0454B,False,SOVEREIGN,0,0,False,
1786159102.571583,engram-node04,189,38B20FCED6440AEF8AA28037F99F1AE9C981CA65525589025186AB3288F0454B,False,SOVEREIGN,0,0,False,
1786159107.580411,engram-node01,193,0F0ABD41AA9A016756338D0A924E9F9465BEC89193857C340EFFD6001DE29039,False,SOVEREIGN,0,0,False,
1786159107.5877619,engram-node02,193,0F0ABD41AA9A016756338D0A924E9F9465BEC89193857C340EFFD6001DE29039,False,SOVEREIGN,0,0,False,
1786159107.5938041,engram-node03,193,0F0ABD41AA9A016756338D0A924E9F9465BEC89193857C340EFFD6001DE29039,False,SOVEREIGN,0,0,False,
1786159107.599993,engram-node04,193,0F0ABD41AA9A016756338D0A924E9F9465BEC89193857C340EFFD6001DE29039,False,SOVEREIGN,0,0,False,
1786159112.6091971,engram-node01,197,56449033C9D0AEDB7196BE09E664E8E0C7E245E0F6D0FEEAFF3177A442707E00,False,RECOVERING,2,0,False,
1786159112.616081,engram-node02,197,56449033C9D0AEDB7196BE09E664E8E0C7E245E0F6D0FEEAFF3177A442707E00,False,RECOVERING,2,0,False,
1786159112.621459,engram-node03,197,56449033C9D0AEDB7196BE09E664E8E0C7E245E0F6D0FEEAFF3177A442707E00,False,RECOVERING,2,0,False,
1786159112.626233,engram-node04,197,56449033C9D0AEDB7196BE09E664E8E0C7E245E0F6D0FEEAFF3177A442707E00,False,RECOVERING,2,0,False,
1786159117.63539,engram-node01,197,56449033C9D0AEDB7196BE09E664E8E0C7E245E0F6D0FEEAFF3177A442707E00,False,RECOVERING,2,0,False,
1786159117.6410592,engram-node02,197,56449033C9D0AEDB7196BE09E664E8E0C7E245E0F6D0FEEAFF3177A442707E00,False,RECOVERING,2,0,False,
1786159117.64616,engram-node03,197,56449033C9D0AEDB7196BE09E664E8E0C7E245E0F6D0FEEAFF3177A442707E00,False,RECOVERING,2,0,False,
1786159117.650553,engram-node04,197,56449033C9D0AEDB7196BE09E664E8E0C7E245E0F6D0FEEAFF3177A442707E00,False,RECOVERING,2,0,False,
1786159122.658598,engram-node01,197,56449033C9D0AEDB7196BE09E664E8E0C7E245E0F6D0FEEAFF3177A442707E00,False,RECOVERING,2,0,False,
1786159122.668331,engram-node02,197,56449033C9D0AEDB7196BE09E664E8E0C7E245E0F6D0FEEAFF3177A442707E00,False,RECOVERING,2,0,False,
1786159122.67462,engram-node03,197,56449033C9D0AEDB7196BE09E664E8E0C7E245E0F6D0FEEAFF3177A442707E00,False,RECOVERING,2,0,False,
1786159122.6871612,engram-node04,197,56449033C9D0AEDB7196BE09E664E8E0C7E245E0F6D0FEEAFF3177A442707E00,False,RECOVERING,2,0,False,
1786159127.692,engram-node01,197,56449033C9D0AEDB7196BE09E664E8E0C7E245E0F6D0FEEAFF3177A442707E00,False,RECOVERING,2,0,False,
1786159127.699031,engram-node02,197,56449033C9D0AEDB7196BE09E664E8E0C7E245E0F6D0FEEAFF3177A442707E00,False,RECOVERING,2,0,False,
1786159127.704915,engram-node03,197,56449033C9D0AEDB7196BE09E664E8E0C7E245E0F6D0FEEAFF3177A442707E00,False,RECOVERING,2,0,False,
1786159127.709423,engram-node04,197,56449033C9D0AEDB7196BE09E664E8E0C7E245E0F6D0FEEAFF3177A442707E00,False,RECOVERING,2,0,False,
1786159132.717922,engram-node01,197,56449033C9D0AEDB7196BE09E664E8E0C7E245E0F6D0FEEAFF3177A442707E00,False,RECOVERING,2,0,False,
1786159132.72315,engram-node02,197,56449033C9D0AEDB7196BE09E664E8E0C7E245E0F6D0FEEAFF3177A442707E00,False,RECOVERING,2,0,False,
1786159132.727461,engram-node03,197,56449033C9D0AEDB7196BE09E664E8E0C7E245E0F6D0FEEAFF3177A442707E00,False,RECOVERING,2,0,False,
1786159132.732419,engram-node04,197,56449033C9D0AEDB7196BE09E664E8E0C7E245E0F6D0FEEAFF3177A442707E00,False,RECOVERING,2,0,False,
1786159137.738764,engram-node01,197,56449033C9D0AEDB7196BE09E664E8E0C7E245E0F6D0FEEAFF3177A442707E00,False,RECOVERING,2,0,False,
1786159137.750705,engram-node02,197,56449033C9D0AEDB7196BE09E664E8E0C7E245E0F6D0FEEAFF3177A442707E00,False,RECOVERING,2,0,False,
1786159137.75662,engram-node03,197,56449033C9D0AEDB7196BE09E664E8E0C7E245E0F6D0FEEAFF3177A442707E00,False,RECOVERING,2,0,False,
1786159137.7644181,engram-node04,197,56449033C9D0AEDB7196BE09E664E8E0C7E245E0F6D0FEEAFF3177A442707E00,False,RECOVERING,2,0,False,
1786159142.776194,engram-node01,197,56449033C9D0AEDB7196BE09E664E8E0C7E245E0F6D0FEEAFF3177A442707E00,False,RECOVERING,2,0,False,
1786159142.786481,engram-node02,197,56449033C9D0AEDB7196BE09E664E8E0C7E245E0F6D0FEEAFF3177A442707E00,False,RECOVERING,2,0,False,
1786159142.792502,engram-node03,197,56449033C9D0AEDB7196BE09E664E8E0C7E245E0F6D0FEEAFF3177A442707E00,False,RECOVERING,2,0,False,
1786159142.797697,engram-node04,197,56449033C9D0AEDB7196BE09E664E8E0C7E245E0F6D0FEEAFF3177A442707E00,False,RECOVERING,2,0,False,
1786159147.804457,engram-node01,197,56449033C9D0AEDB7196BE09E664E8E0C7E245E0F6D0FEEAFF3177A442707E00,False,RECOVERING,2,0,False,
1786159147.8087208,engram-node02,197,56449033C9D0AEDB7196BE09E664E8E0C7E245E0F6D0FEEAFF3177A442707E00,False,RECOVERING,2,0,False,
1786159147.812395,engram-node03,197,56449033C9D0AEDB7196BE09E664E8E0C7E245E0F6D0FEEAFF3177A442707E00,False,RECOVERING,2,0,False,
1786159147.816003,engram-node04,197,56449033C9D0AEDB7196BE09E664E8E0C7E245E0F6D0FEEAFF3177A442707E00,False,RECOVERING,2,0,False,
1786159152.820488,engram-node01,197,56449033C9D0AEDB7196BE09E664E8E0C7E245E0F6D0FEEAFF3177A442707E00,False,RECOVERING,2,0,False,
1786159152.832844,engram-node02,197,56449033C9D0AEDB7196BE09E664E8E0C7E245E0F6D0FEEAFF3177A442707E00,False,RECOVERING,2,0,False,
1786159152.838778,engram-node03,197,56449033C9D0AEDB7196BE09E664E8E0C7E245E0F6D0FEEAFF3177A442707E00,False,RECOVERING,2,0,False,
1786159152.843797,engram-node04,197,56449033C9D0AEDB7196BE09E664E8E0C7E245E0F6D0FEEAFF3177A442707E00,False,RECOVERING,2,0,False,
1786159157.849021,engram-node01,197,56449033C9D0AEDB7196BE09E664E8E0C7E245E0F6D0FEEAFF3177A442707E00,False,RECOVERING,2,0,False,
1786159157.8538828,engram-node02,197,56449033C9D0AEDB7196BE09E664E8E0C7E245E0F6D0FEEAFF3177A442707E00,False,RECOVERING,2,0,False,
1786159157.857149,engram-node03,197,56449033C9D0AEDB7196BE09E664E8E0C7E245E0F6D0FEEAFF3177A442707E00,False,RECOVERING,2,0,False,
1786159157.861364,engram-node04,197,56449033C9D0AEDB7196BE09E664E8E0C7E245E0F6D0FEEAFF3177A442707E00,False,RECOVERING,2,0,False,
1786159162.86785,engram-node01,197,56449033C9D0AEDB7196BE09E664E8E0C7E245E0F6D0FEEAFF3177A442707E00,False,RECOVERING,2,0,False,
1786159162.874815,engram-node02,197,56449033C9D0AEDB7196BE09E664E8E0C7E245E0F6D0FEEAFF3177A442707E00,False,RECOVERING,2,0,False,
1786159162.879479,engram-node03,197,56449033C9D0AEDB7196BE09E664E8E0C7E245E0F6D0FEEAFF3177A442707E00,False,RECOVERING,2,0,False,
1786159162.883729,engram-node04,197,56449033C9D0AEDB7196BE09E664E8E0C7E245E0F6D0FEEAFF3177A442707E00,False,RECOVERING,2,0,False,
1786159167.889166,engram-node01,197,56449033C9D0AEDB7196BE09E664E8E0C7E245E0F6D0FEEAFF3177A442707E00,False,RECOVERING,2,0,False,
1786159167.892767,engram-node02,197,56449033C9D0AEDB7196BE09E664E8E0C7E245E0F6D0FEEAFF3177A442707E00,False,RECOVERING,2,0,False,
1786159167.895616,engram-node03,197,56449033C9D0AEDB7196BE09E664E8E0C7E245E0F6D0FEEAFF3177A442707E00,False,RECOVERING,2,0,False,
1786159167.898746,engram-node04,197,56449033C9D0AEDB7196BE09E664E8E0C7E245E0F6D0FEEAFF3177A442707E00,False,RECOVERING,2,0,False,
1786159172.906807,engram-node01,201,972543D75ABF951EF3BD3CC79B5F9BCB014100B66B64B43FF0F3A8D280FAEE4E,False,RECOVERING,2,0,False,
1786159172.912113,engram-node02,201,972543D75ABF951EF3BD3CC79B5F9BCB014100B66B64B43FF0F3A8D280FAEE4E,False,RECOVERING,2,0,False,
1786159172.916245,engram-node03,201,972543D75ABF951EF3BD3CC79B5F9BCB014100B66B64B43FF0F3A8D280FAEE4E,False,RECOVERING,2,0,False,
1786159172.920279,engram-node04,201,972543D75ABF951EF3BD3CC79B5F9BCB014100B66B64B43FF0F3A8D280FAEE4E,False,RECOVERING,2,0,False,
1786159177.924982,engram-node01,201,972543D75ABF951EF3BD3CC79B5F9BCB014100B66B64B43FF0F3A8D280FAEE4E,False,RECOVERING,2,0,False,
1786159177.929643,engram-node02,201,972543D75ABF951EF3BD3CC79B5F9BCB014100B66B64B43FF0F3A8D280FAEE4E,False,RECOVERING,2,0,False,
1786159177.933378,engram-node03,201,972543D75ABF951EF3BD3CC79B5F9BCB014100B66B64B43FF0F3A8D280FAEE4E,False,RECOVERING,2,0,False,
1786159177.939803,engram-node04,201,972543D75ABF951EF3BD3CC79B5F9BCB014100B66B64B43FF0F3A8D280FAEE4E,False,RECOVERING,2,0,False,
1786159182.95616,engram-node01,201,972543D75ABF951EF3BD3CC79B5F9BCB014100B66B64B43FF0F3A8D280FAEE4E,False,RECOVERING,2,0,False,
1786159182.966788,engram-node02,201,972543D75ABF951EF3BD3CC79B5F9BCB014100B66B64B43FF0F3A8D280FAEE4E,False,RECOVERING,2,0,False,
1786159182.976275,engram-node03,201,972543D75ABF951EF3BD3CC79B5F9BCB014100B66B64B43FF0F3A8D280FAEE4E,False,RECOVERING,2,0,False,
1786159182.9825122,engram-node04,201,972543D75ABF951EF3BD3CC79B5F9BCB014100B66B64B43FF0F3A8D280FAEE4E,False,RECOVERING,2,0,False,
1786159187.989726,engram-node01,201,972543D75ABF951EF3BD3CC79B5F9BCB014100B66B64B43FF0F3A8D280FAEE4E,False,RECOVERING,2,0,False,
1786159187.998511,engram-node02,201,972543D75ABF951EF3BD3CC79B5F9BCB014100B66B64B43FF0F3A8D280FAEE4E,False,RECOVERING,2,0,False,
1786159188.002801,engram-node03,201,972543D75ABF951EF3BD3CC79B5F9BCB014100B66B64B43FF0F3A8D280FAEE4E,False,RECOVERING,2,0,False,
1786159188.006896,engram-node04,201,972543D75ABF951EF3BD3CC79B5F9BCB014100B66B64B43FF0F3A8D280FAEE4E,False,RECOVERING,2,0,False,
1786159193.014451,engram-node01,201,972543D75ABF951EF3BD3CC79B5F9BCB014100B66B64B43FF0F3A8D280FAEE4E,False,RECOVERING,2,0,False,
1786159193.027245,engram-node02,201,972543D75ABF951EF3BD3CC79B5F9BCB014100B66B64B43FF0F3A8D280FAEE4E,False,RECOVERING,2,0,False,
1786159193.0326662,engram-node03,201,972543D75ABF951EF3BD3CC79B5F9BCB014100B66B64B43FF0F3A8D280FAEE4E,False,RECOVERING,2,0,False,
1786159193.037811,engram-node04,201,972543D75ABF951EF3BD3CC79B5F9BCB014100B66B64B43FF0F3A8D280FAEE4E,False,RECOVERING,2,0,False,
1786159198.0436668,engram-node01,201,972543D75ABF951EF3BD3CC79B5F9BCB014100B66B64B43FF0F3A8D280FAEE4E,False,RECOVERING,2,0,False,
1786159198.051955,engram-node02,201,972543D75ABF951EF3BD3CC79B5F9BCB014100B66B64B43FF0F3A8D280FAEE4E,False,RECOVERING,2,0,False,
1786159198.056683,engram-node03,201,972543D75ABF951EF3BD3CC79B5F9BCB014100B66B64B43FF0F3A8D280FAEE4E,False,RECOVERING,2,0,False,
1786159198.060837,engram-node04,201,972543D75ABF951EF3BD3CC79B5F9BCB014100B66B64B43FF0F3A8D280FAEE4E,False,RECOVERING,2,0,False,
1786159203.0689259,engram-node01,201,972543D75ABF951EF3BD3CC79B5F9BCB014100B66B64B43FF0F3A8D280FAEE4E,False,RECOVERING,2,0,False,
1786159203.0788171,engram-node02,201,972543D75ABF951EF3BD3CC79B5F9BCB014100B66B64B43FF0F3A8D280FAEE4E,False,RECOVERING,2,0,False,
1786159203.083401,engram-node03,201,972543D75ABF951EF3BD3CC79B5F9BCB014100B66B64B43FF0F3A8D280FAEE4E,False,RECOVERING,2,0,False,
1786159203.087074,engram-node04,201,972543D75ABF951EF3BD3CC79B5F9BCB014100B66B64B43FF0F3A8D280FAEE4E,False,RECOVERING,2,0,False,
1786159208.095925,engram-node01,201,972543D75ABF951EF3BD3CC79B5F9BCB014100B66B64B43FF0F3A8D280FAEE4E,False,RECOVERING,2,0,False,
1786159208.106549,engram-node02,201,972543D75ABF951EF3BD3CC79B5F9BCB014100B66B64B43FF0F3A8D280FAEE4E,False,RECOVERING,2,0,False,
1786159208.112641,engram-node03,201,972543D75ABF951EF3BD3CC79B5F9BCB014100B66B64B43FF0F3A8D280FAEE4E,False,RECOVERING,2,0,False,
1786159208.1174731,engram-node04,201,972543D75ABF951EF3BD3CC79B5F9BCB014100B66B64B43FF0F3A8D280FAEE4E,False,RECOVERING,2,0,False,
1786159213.126786,engram-node01,201,972543D75ABF951EF3BD3CC79B5F9BCB014100B66B64B43FF0F3A8D280FAEE4E,False,RECOVERING,2,0,False,
1786159213.138172,engram-node02,201,972543D75ABF951EF3BD3CC79B5F9BCB014100B66B64B43FF0F3A8D280FAEE4E,False,RECOVERING,2,0,False,
1786159213.1451688,engram-node03,201,972543D75ABF951EF3BD3CC79B5F9BCB014100B66B64B43FF0F3A8D280FAEE4E,False,RECOVERING,2,0,False,
1786159213.150229,engram-node04,201,972543D75ABF951EF3BD3CC79B5F9BCB014100B66B64B43FF0F3A8D280FAEE4E,False,RECOVERING,2,0,False,
1786159218.160286,engram-node01,201,972543D75ABF951EF3BD3CC79B5F9BCB014100B66B64B43FF0F3A8D280FAEE4E,False,RECOVERING,2,0,False,
1786159218.171286,engram-node02,201,972543D75ABF951EF3BD3CC79B5F9BCB014100B66B64B43FF0F3A8D280FAEE4E,False,RECOVERING,2,0,False,
1786159218.177676,engram-node03,201,972543D75ABF951EF3BD3CC79B5F9BCB014100B66B64B43FF0F3A8D280FAEE4E,False,RECOVERING,2,0,False,
1786159218.184145,engram-node04,201,972543D75ABF951EF3BD3CC79B5F9BCB014100B66B64B43FF0F3A8D280FAEE4E,False,RECOVERING,2,0,False,
1786159223.190505,engram-node01,201,972543D75ABF951EF3BD3CC79B5F9BCB014100B66B64B43FF0F3A8D280FAEE4E,False,RECOVERING,2,0,False,
1786159223.2015,engram-node02,201,972543D75ABF951EF3BD3CC79B5F9BCB014100B66B64B43FF0F3A8D280FAEE4E,False,RECOVERING,2,0,False,
1786159223.206669,engram-node03,201,972543D75ABF951EF3BD3CC79B5F9BCB014100B66B64B43FF0F3A8D280FAEE4E,False,RECOVERING,2,0,False,
1786159223.21808,engram-node04,201,972543D75ABF951EF3BD3CC79B5F9BCB014100B66B64B43FF0F3A8D280FAEE4E,False,RECOVERING,2,0,False,
1786159228.222101,engram-node01,201,972543D75ABF951EF3BD3CC79B5F9BCB014100B66B64B43FF0F3A8D280FAEE4E,False,RECOVERING,2,0,False,
1786159228.231128,engram-node02,201,972543D75ABF951EF3BD3CC79B5F9BCB014100B66B64B43FF0F3A8D280FAEE4E,False,RECOVERING,2,0,False,
1786159228.237441,engram-node03,201,972543D75ABF951EF3BD3CC79B5F9BCB014100B66B64B43FF0F3A8D280FAEE4E,False,RECOVERING,2,0,False,
1786159228.243434,engram-node04,201,972543D75ABF951EF3BD3CC79B5F9BCB014100B66B64B43FF0F3A8D280FAEE4E,False,RECOVERING,2,0,False,
1786159233.2498078,engram-node01,201,972543D75ABF951EF3BD3CC79B5F9BCB014100B66B64B43FF0F3A8D280FAEE4E,False,RECOVERING,2,0,False,
1786159233.258185,engram-node02,201,972543D75ABF951EF3BD3CC79B5F9BCB014100B66B64B43FF0F3A8D280FAEE4E,False,RECOVERING,2,0,False,
1786159233.2640572,engram-node03,201,972543D75ABF951EF3BD3CC79B5F9BCB014100B66B64B43FF0F3A8D280FAEE4E,False,RECOVERING,2,0,False,
1786159233.269223,engram-node04,201,972543D75ABF951EF3BD3CC79B5F9BCB014100B66B64B43FF0F3A8D280FAEE4E,False,RECOVERING,2,0,False,
1786159238.279038,engram-node01,204,BDEBE225796CDF569DE55B63B76D65A909E16A33F2E0357647592B67A7D3B5DE,False,RECOVERING,1,0,False,
1786159238.286474,engram-node02,204,BDEBE225796CDF569DE55B63B76D65A909E16A33F2E0357647592B67A7D3B5DE,False,RECOVERING,1,0,False,
1786159238.2925608,engram-node03,204,BDEBE225796CDF569DE55B63B76D65A909E16A33F2E0357647592B67A7D3B5DE,False,RECOVERING,1,0,False,
1786159238.297982,engram-node04,204,BDEBE225796CDF569DE55B63B76D65A909E16A33F2E0357647592B67A7D3B5DE,False,RECOVERING,1,0,False,
1786159243.3084002,engram-node01,205,FCD174F2FC658192AAA3083D81F321F1888EEBF648BA869145F457E94AF9C948,False,RECOVERING,2,0,False,
1786159243.316239,engram-node02,205,FCD174F2FC658192AAA3083D81F321F1888EEBF648BA869145F457E94AF9C948,False,RECOVERING,2,0,False,
1786159243.321281,engram-node03,205,FCD174F2FC658192AAA3083D81F321F1888EEBF648BA869145F457E94AF9C948,False,RECOVERING,2,0,False,
1786159243.326293,engram-node04,205,FCD174F2FC658192AAA3083D81F321F1888EEBF648BA869145F457E94AF9C948,False,RECOVERING,2,0,False,
1786159248.333693,engram-node01,205,FCD174F2FC658192AAA3083D81F321F1888EEBF648BA869145F457E94AF9C948,False,RECOVERING,2,0,False,
1786159248.339169,engram-node02,205,FCD174F2FC658192AAA3083D81F321F1888EEBF648BA869145F457E94AF9C948,False,RECOVERING,2,0,False,
1786159248.342997,engram-node03,205,FCD174F2FC658192AAA3083D81F321F1888EEBF648BA869145F457E94AF9C948,False,RECOVERING,2,0,False,
1786159248.3466308,engram-node04,205,FCD174F2FC658192AAA3083D81F321F1888EEBF648BA869145F457E94AF9C948,False,RECOVERING,2,0,False,
1786159253.352847,engram-node01,205,FCD174F2FC658192AAA3083D81F321F1888EEBF648BA869145F457E94AF9C948,False,RECOVERING,2,0,False,
1786159253.358121,engram-node02,205,FCD174F2FC658192AAA3083D81F321F1888EEBF648BA869145F457E94AF9C948,False,RECOVERING,2,0,False,
1786159253.3627431,engram-node03,205,FCD174F2FC658192AAA3083D81F321F1888EEBF648BA869145F457E94AF9C948,False,RECOVERING,2,0,False,
1786159253.3665159,engram-node04,205,FCD174F2FC658192AAA3083D81F321F1888EEBF648BA869145F457E94AF9C948,False,RECOVERING,2,0,False,
1786159258.374699,engram-node01,205,FCD174F2FC658192AAA3083D81F321F1888EEBF648BA869145F457E94AF9C948,False,RECOVERING,2,0,False,
1786159258.3820632,engram-node02,205,FCD174F2FC658192AAA3083D81F321F1888EEBF648BA869145F457E94AF9C948,False,RECOVERING,2,0,False,
1786159258.385529,engram-node03,205,FCD174F2FC658192AAA3083D81F321F1888EEBF648BA869145F457E94AF9C948,False,RECOVERING,2,0,False,
1786159258.38918,engram-node04,205,FCD174F2FC658192AAA3083D81F321F1888EEBF648BA869145F457E94AF9C948,False,RECOVERING,2,0,False,
1786159263.395319,engram-node01,205,FCD174F2FC658192AAA3083D81F321F1888EEBF648BA869145F457E94AF9C948,False,RECOVERING,2,0,False,
1786159263.401601,engram-node02,205,FCD174F2FC658192AAA3083D81F321F1888EEBF648BA869145F457E94AF9C948,False,RECOVERING,2,0,False,
1786159263.406114,engram-node03,205,FCD174F2FC658192AAA3083D81F321F1888EEBF648BA869145F457E94AF9C948,False,RECOVERING,2,0,False,
1786159263.4102762,engram-node04,205,FCD174F2FC658192AAA3083D81F321F1888EEBF648BA869145F457E94AF9C948,False,RECOVERING,2,0,False,
1786159268.419276,engram-node01,205,FCD174F2FC658192AAA3083D81F321F1888EEBF648BA869145F457E94AF9C948,False,RECOVERING,2,0,False,
1786159268.426975,engram-node02,205,FCD174F2FC658192AAA3083D81F321F1888EEBF648BA869145F457E94AF9C948,False,RECOVERING,2,0,False,
1786159268.432632,engram-node03,205,FCD174F2FC658192AAA3083D81F321F1888EEBF648BA869145F457E94AF9C948,False,RECOVERING,2,0,False,
1786159268.438015,engram-node04,205,FCD174F2FC658192AAA3083D81F321F1888EEBF648BA869145F457E94AF9C948,False,RECOVERING,2,0,False,
1786159273.445893,engram-node01,205,FCD174F2FC658192AAA3083D81F321F1888EEBF648BA869145F457E94AF9C948,False,RECOVERING,2,0,False,
1786159273.454654,engram-node02,205,FCD174F2FC658192AAA3083D81F321F1888EEBF648BA869145F457E94AF9C948,False,RECOVERING,2,0,False,
1786159273.45856,engram-node03,205,FCD174F2FC658192AAA3083D81F321F1888EEBF648BA869145F457E94AF9C948,False,RECOVERING,2,0,False,
1786159273.46165,engram-node04,205,FCD174F2FC658192AAA3083D81F321F1888EEBF648BA869145F457E94AF9C948,False,RECOVERING,2,0,False,
1786159278.469857,engram-node01,205,FCD174F2FC658192AAA3083D81F321F1888EEBF648BA869145F457E94AF9C948,False,RECOVERING,2,0,False,
1786159278.47726,engram-node02,205,FCD174F2FC658192AAA3083D81F321F1888EEBF648BA869145F457E94AF9C948,False,RECOVERING,2,0,False,
1786159278.4814131,engram-node03,205,FCD174F2FC658192AAA3083D81F321F1888EEBF648BA869145F457E94AF9C948,False,RECOVERING,2,0,False,
1786159278.484833,engram-node04,205,FCD174F2FC658192AAA3083D81F321F1888EEBF648BA869145F457E94AF9C948,False,RECOVERING,2,0,False,
1786159283.493016,engram-node01,205,FCD174F2FC658192AAA3083D81F321F1888EEBF648BA869145F457E94AF9C948,False,RECOVERING,2,0,False,
1786159283.49914,engram-node02,205,FCD174F2FC658192AAA3083D81F321F1888EEBF648BA869145F457E94AF9C948,False,RECOVERING,2,0,False,
1786159283.50432,engram-node03,205,FCD174F2FC658192AAA3083D81F321F1888EEBF648BA869145F457E94AF9C948,False,RECOVERING,2,0,False,
1786159283.509173,engram-node04,205,FCD174F2FC658192AAA3083D81F321F1888EEBF648BA869145F457E94AF9C948,False,RECOVERING,2,0,False,
1786159288.5214121,engram-node01,205,FCD174F2FC658192AAA3083D81F321F1888EEBF648BA869145F457E94AF9C948,False,RECOVERING,2,0,False,
1786159288.529919,engram-node02,205,FCD174F2FC658192AAA3083D81F321F1888EEBF648BA869145F457E94AF9C948,False,RECOVERING,2,0,False,
1786159288.535413,engram-node03,205,FCD174F2FC658192AAA3083D81F321F1888EEBF648BA869145F457E94AF9C948,False,RECOVERING,2,0,False,
1786159288.54008,engram-node04,205,FCD174F2FC658192AAA3083D81F321F1888EEBF648BA869145F457E94AF9C948,False,RECOVERING,2,0,False,
1786159293.5459561,engram-node01,205,FCD174F2FC658192AAA3083D81F321F1888EEBF648BA869145F457E94AF9C948,False,RECOVERING,2,0,False,
1786159293.555237,engram-node02,205,FCD174F2FC658192AAA3083D81F321F1888EEBF648BA869145F457E94AF9C948,False,RECOVERING,2,0,False,
1786159293.561264,engram-node03,205,FCD174F2FC658192AAA3083D81F321F1888EEBF648BA869145F457E94AF9C948,False,RECOVERING,2,0,False,
1786159293.5666182,engram-node04,205,FCD174F2FC658192AAA3083D81F321F1888EEBF648BA869145F457E94AF9C948,False,RECOVERING,2,0,False,
1786159298.575231,engram-node01,208,33223B4B2598591B84FBB6097D274E1FCFBFF4AE132D1CF36F01479198910AF6,False,RECOVERING,1,0,False,
1786159298.578958,engram-node02,208,33223B4B2598591B84FBB6097D274E1FCFBFF4AE132D1CF36F01479198910AF6,False,RECOVERING,1,0,False,
1786159298.582554,engram-node03,208,33223B4B2598591B84FBB6097D274E1FCFBFF4AE132D1CF36F01479198910AF6,False,RECOVERING,1,0,False,
1786159298.586007,engram-node04,208,33223B4B2598591B84FBB6097D274E1FCFBFF4AE132D1CF36F01479198910AF6,False,RECOVERING,1,0,False,
1786159303.594222,engram-node01,209,689F72C799156CA64FC93D298B1F498FC02D815B5751C966D33195558CDFD768,False,RECOVERING,2,0,False,
1786159303.600522,engram-node02,209,689F72C799156CA64FC93D298B1F498FC02D815B5751C966D33195558CDFD768,False,RECOVERING,2,0,False,
1786159303.605075,engram-node03,209,689F72C799156CA64FC93D298B1F498FC02D815B5751C966D33195558CDFD768,False,RECOVERING,2,0,False,
1786159303.6084402,engram-node04,209,689F72C799156CA64FC93D298B1F498FC02D815B5751C966D33195558CDFD768,False,RECOVERING,2,0,False,
1786159308.615005,engram-node01,209,689F72C799156CA64FC93D298B1F498FC02D815B5751C966D33195558CDFD768,False,RECOVERING,2,0,False,
1786159308.6225321,engram-node02,209,689F72C799156CA64FC93D298B1F498FC02D815B5751C966D33195558CDFD768,False,RECOVERING,2,0,False,
1786159308.627569,engram-node03,209,689F72C799156CA64FC93D298B1F498FC02D815B5751C966D33195558CDFD768,False,RECOVERING,2,0,False,
1786159308.6330209,engram-node04,209,689F72C799156CA64FC93D298B1F498FC02D815B5751C966D33195558CDFD768,False,RECOVERING,2,0,False,
1786159313.64236,engram-node01,209,689F72C799156CA64FC93D298B1F498FC02D815B5751C966D33195558CDFD768,False,RECOVERING,2,0,False,
1786159313.648851,engram-node02,209,689F72C799156CA64FC93D298B1F498FC02D815B5751C966D33195558CDFD768,False,RECOVERING,2,0,False,
1786159313.654361,engram-node03,209,689F72C799156CA64FC93D298B1F498FC02D815B5751C966D33195558CDFD768,False,RECOVERING,2,0,False,
1786159313.659446,engram-node04,209,689F72C799156CA64FC93D298B1F498FC02D815B5751C966D33195558CDFD768,False,RECOVERING,2,0,False,
1786159318.665696,engram-node01,209,689F72C799156CA64FC93D298B1F498FC02D815B5751C966D33195558CDFD768,False,RECOVERING,2,0,False,
1786159318.670325,engram-node02,209,689F72C799156CA64FC93D298B1F498FC02D815B5751C966D33195558CDFD768,False,RECOVERING,2,0,False,
1786159318.673368,engram-node03,209,689F72C799156CA64FC93D298B1F498FC02D815B5751C966D33195558CDFD768,False,RECOVERING,2,0,False,
1786159318.677336,engram-node04,209,689F72C799156CA64FC93D298B1F498FC02D815B5751C966D33195558CDFD768,False,RECOVERING,2,0,False,
1786159323.683532,engram-node01,209,689F72C799156CA64FC93D298B1F498FC02D815B5751C966D33195558CDFD768,False,RECOVERING,2,0,False,
1786159323.6886778,engram-node02,209,689F72C799156CA64FC93D298B1F498FC02D815B5751C966D33195558CDFD768,False,RECOVERING,2,0,False,
1786159323.692514,engram-node03,209,689F72C799156CA64FC93D298B1F498FC02D815B5751C966D33195558CDFD768,False,RECOVERING,2,0,False,
1786159323.697063,engram-node04,209,689F72C799156CA64FC93D298B1F498FC02D815B5751C966D33195558CDFD768,False,RECOVERING,2,0,False,
1786159328.703407,engram-node01,209,689F72C799156CA64FC93D298B1F498FC02D815B5751C966D33195558CDFD768,False,RECOVERING,2,0,False,
1786159328.708917,engram-node02,209,689F72C799156CA64FC93D298B1F498FC02D815B5751C966D33195558CDFD768,False,RECOVERING,2,0,False,
1786159328.715286,engram-node03,209,689F72C799156CA64FC93D298B1F498FC02D815B5751C966D33195558CDFD768,False,RECOVERING,2,0,False,
1786159328.718941,engram-node04,209,689F72C799156CA64FC93D298B1F498FC02D815B5751C966D33195558CDFD768,False,RECOVERING,2,0,False,
1786159333.728409,engram-node01,209,689F72C799156CA64FC93D298B1F498FC02D815B5751C966D33195558CDFD768,False,RECOVERING,2,0,False,
1786159333.733741,engram-node02,209,689F72C799156CA64FC93D298B1F498FC02D815B5751C966D33195558CDFD768,False,RECOVERING,2,0,False,
1786159333.7387142,engram-node03,209,689F72C799156CA64FC93D298B1F498FC02D815B5751C966D33195558CDFD768,False,RECOVERING,2,0,False,
1786159333.742041,engram-node04,209,689F72C799156CA64FC93D298B1F498FC02D815B5751C966D33195558CDFD768,False,RECOVERING,2,0,False,
1786159338.749981,engram-node01,209,689F72C799156CA64FC93D298B1F498FC02D815B5751C966D33195558CDFD768,False,RECOVERING,2,0,False,
1786159338.761376,engram-node02,209,689F72C799156CA64FC93D298B1F498FC02D815B5751C966D33195558CDFD768,False,RECOVERING,2,0,False,
1786159338.767803,engram-node03,209,689F72C799156CA64FC93D298B1F498FC02D815B5751C966D33195558CDFD768,False,RECOVERING,2,0,False,
1786159338.773386,engram-node04,209,689F72C799156CA64FC93D298B1F498FC02D815B5751C966D33195558CDFD768,False,RECOVERING,2,0,False,
1786159343.779423,engram-node01,209,689F72C799156CA64FC93D298B1F498FC02D815B5751C966D33195558CDFD768,False,RECOVERING,2,0,False,
1786159343.788813,engram-node02,209,689F72C799156CA64FC93D298B1F498FC02D815B5751C966D33195558CDFD768,False,RECOVERING,2,0,False,
1786159343.794147,engram-node03,209,689F72C799156CA64FC93D298B1F498FC02D815B5751C966D33195558CDFD768,False,RECOVERING,2,0,False,
1786159343.7992141,engram-node04,209,689F72C799156CA64FC93D298B1F498FC02D815B5751C966D33195558CDFD768,False,RECOVERING,2,0,False,
1786159348.808199,engram-node01,209,689F72C799156CA64FC93D298B1F498FC02D815B5751C966D33195558CDFD768,False,RECOVERING,2,0,False,
1786159348.81494,engram-node02,209,689F72C799156CA64FC93D298B1F498FC02D815B5751C966D33195558CDFD768,False,RECOVERING,2,0,False,
1786159348.8181372,engram-node03,209,689F72C799156CA64FC93D298B1F498FC02D815B5751C966D33195558CDFD768,False,RECOVERING,2,0,False,
1786159348.820621,engram-node04,209,689F72C799156CA64FC93D298B1F498FC02D815B5751C966D33195558CDFD768,False,RECOVERING,2,0,False,
1786159353.8279731,engram-node01,209,689F72C799156CA64FC93D298B1F498FC02D815B5751C966D33195558CDFD768,False,RECOVERING,2,0,False,
1786159353.8347971,engram-node02,209,689F72C799156CA64FC93D298B1F498FC02D815B5751C966D33195558CDFD768,False,RECOVERING,2,0,False,
1786159353.838664,engram-node03,209,689F72C799156CA64FC93D298B1F498FC02D815B5751C966D33195558CDFD768,False,RECOVERING,2,0,False,
1786159353.842106,engram-node04,209,689F72C799156CA64FC93D298B1F498FC02D815B5751C966D33195558CDFD768,False,RECOVERING,2,0,False,
1786159358.848425,engram-node01,213,D2698547823CAFCAD04FE92D1FF10CD0D7BEDD2C71891B652C7D33450FFEB1D2,False,RECOVERING,2,0,False,
1786159358.855499,engram-node02,213,D2698547823CAFCAD04FE92D1FF10CD0D7BEDD2C71891B652C7D33450FFEB1D2,False,RECOVERING,2,0,False,
1786159358.8606038,engram-node03,213,D2698547823CAFCAD04FE92D1FF10CD0D7BEDD2C71891B652C7D33450FFEB1D2,False,RECOVERING,2,0,False,
1786159358.865122,engram-node04,213,D2698547823CAFCAD04FE92D1FF10CD0D7BEDD2C71891B652C7D33450FFEB1D2,False,RECOVERING,2,0,False,
1786159363.873933,engram-node01,213,D2698547823CAFCAD04FE92D1FF10CD0D7BEDD2C71891B652C7D33450FFEB1D2,False,RECOVERING,2,0,False,
1786159363.880673,engram-node02,213,D2698547823CAFCAD04FE92D1FF10CD0D7BEDD2C71891B652C7D33450FFEB1D2,False,RECOVERING,2,0,False,
1786159363.886583,engram-node03,213,D2698547823CAFCAD04FE92D1FF10CD0D7BEDD2C71891B652C7D33450FFEB1D2,False,RECOVERING,2,0,False,
1786159363.922126,engram-node04,213,D2698547823CAFCAD04FE92D1FF10CD0D7BEDD2C71891B652C7D33450FFEB1D2,False,RECOVERING,2,0,False,
1786159368.929954,engram-node01,213,D2698547823CAFCAD04FE92D1FF10CD0D7BEDD2C71891B652C7D33450FFEB1D2,False,RECOVERING,2,0,False,
1786159368.936907,engram-node02,213,D2698547823CAFCAD04FE92D1FF10CD0D7BEDD2C71891B652C7D33450FFEB1D2,False,RECOVERING,2,0,False,
1786159368.941538,engram-node03,213,D2698547823CAFCAD04FE92D1FF10CD0D7BEDD2C71891B652C7D33450FFEB1D2,False,RECOVERING,2,0,False,
1786159368.944522,engram-node04,213,D2698547823CAFCAD04FE92D1FF10CD0D7BEDD2C71891B652C7D33450FFEB1D2,False,RECOVERING,2,0,False,
1786159373.947946,engram-node01,213,D2698547823CAFCAD04FE92D1FF10CD0D7BEDD2C71891B652C7D33450FFEB1D2,False,RECOVERING,2,0,False,
1786159373.952131,engram-node02,213,D2698547823CAFCAD04FE92D1FF10CD0D7BEDD2C71891B652C7D33450FFEB1D2,False,RECOVERING,2,0,False,
1786159373.955005,engram-node03,213,D2698547823CAFCAD04FE92D1FF10CD0D7BEDD2C71891B652C7D33450FFEB1D2,False,RECOVERING,2,0,False,
1786159373.9580421,engram-node04,213,D2698547823CAFCAD04FE92D1FF10CD0D7BEDD2C71891B652C7D33450FFEB1D2,False,RECOVERING,2,0,False,
1786159378.9634821,engram-node01,213,D2698547823CAFCAD04FE92D1FF10CD0D7BEDD2C71891B652C7D33450FFEB1D2,False,RECOVERING,2,0,False,
1786159378.969207,engram-node02,213,D2698547823CAFCAD04FE92D1FF10CD0D7BEDD2C71891B652C7D33450FFEB1D2,False,RECOVERING,2,0,False,
1786159378.973421,engram-node03,213,D2698547823CAFCAD04FE92D1FF10CD0D7BEDD2C71891B652C7D33450FFEB1D2,False,RECOVERING,2,0,False,
1786159378.9763331,engram-node04,213,D2698547823CAFCAD04FE92D1FF10CD0D7BEDD2C71891B652C7D33450FFEB1D2,False,RECOVERING,2,0,False,
1786159383.981879,engram-node01,213,D2698547823CAFCAD04FE92D1FF10CD0D7BEDD2C71891B652C7D33450FFEB1D2,False,RECOVERING,2,0,False,
1786159383.98663,engram-node02,213,D2698547823CAFCAD04FE92D1FF10CD0D7BEDD2C71891B652C7D33450FFEB1D2,False,RECOVERING,2,0,False,
1786159383.990123,engram-node03,213,D2698547823CAFCAD04FE92D1FF10CD0D7BEDD2C71891B652C7D33450FFEB1D2,False,RECOVERING,2,0,False,
1786159383.993668,engram-node04,213,D2698547823CAFCAD04FE92D1FF10CD0D7BEDD2C71891B652C7D33450FFEB1D2,False,RECOVERING,2,0,False,
1786159388.998821,engram-node01,213,D2698547823CAFCAD04FE92D1FF10CD0D7BEDD2C71891B652C7D33450FFEB1D2,False,RECOVERING,2,0,False,
1786159389.0040178,engram-node02,213,D2698547823CAFCAD04FE92D1FF10CD0D7BEDD2C71891B652C7D33450FFEB1D2,False,RECOVERING,2,0,False,
1786159389.007821,engram-node03,213,D2698547823CAFCAD04FE92D1FF10CD0D7BEDD2C71891B652C7D33450FFEB1D2,False,RECOVERING,2,0,False,
1786159389.011775,engram-node04,213,D2698547823CAFCAD04FE92D1FF10CD0D7BEDD2C71891B652C7D33450FFEB1D2,False,RECOVERING,2,0,False,
1786159394.020468,engram-node01,213,D2698547823CAFCAD04FE92D1FF10CD0D7BEDD2C71891B652C7D33450FFEB1D2,False,RECOVERING,2,0,False,
1786159394.0289059,engram-node02,213,D2698547823CAFCAD04FE92D1FF10CD0D7BEDD2C71891B652C7D33450FFEB1D2,False,RECOVERING,2,0,False,
1786159394.033129,engram-node03,213,D2698547823CAFCAD04FE92D1FF10CD0D7BEDD2C71891B652C7D33450FFEB1D2,False,RECOVERING,2,0,False,
1786159394.038483,engram-node04,213,D2698547823CAFCAD04FE92D1FF10CD0D7BEDD2C71891B652C7D33450FFEB1D2,False,RECOVERING,2,0,False,
1786159399.048548,engram-node01,213,D2698547823CAFCAD04FE92D1FF10CD0D7BEDD2C71891B652C7D33450FFEB1D2,False,RECOVERING,2,0,False,
1786159399.0577521,engram-node02,213,D2698547823CAFCAD04FE92D1FF10CD0D7BEDD2C71891B652C7D33450FFEB1D2,False,RECOVERING,2,0,False,
1786159399.06246,engram-node03,213,D2698547823CAFCAD04FE92D1FF10CD0D7BEDD2C71891B652C7D33450FFEB1D2,False,RECOVERING,2,0,False,
1786159399.067227,engram-node04,213,D2698547823CAFCAD04FE92D1FF10CD0D7BEDD2C71891B652C7D33450FFEB1D2,False,RECOVERING,2,0,False,
1786159404.076397,engram-node01,213,D2698547823CAFCAD04FE92D1FF10CD0D7BEDD2C71891B652C7D33450FFEB1D2,False,RECOVERING,2,0,False,
1786159404.0835001,engram-node02,213,D2698547823CAFCAD04FE92D1FF10CD0D7BEDD2C71891B652C7D33450FFEB1D2,False,RECOVERING,2,0,False,
1786159404.1127198,engram-node03,213,D2698547823CAFCAD04FE92D1FF10CD0D7BEDD2C71891B652C7D33450FFEB1D2,False,RECOVERING,2,0,False,
1786159404.131514,engram-node04,213,D2698547823CAFCAD04FE92D1FF10CD0D7BEDD2C71891B652C7D33450FFEB1D2,False,RECOVERING,2,0,False,
1786159409.141654,engram-node01,213,D2698547823CAFCAD04FE92D1FF10CD0D7BEDD2C71891B652C7D33450FFEB1D2,False,RECOVERING,2,0,False,
1786159409.147258,engram-node02,213,D2698547823CAFCAD04FE92D1FF10CD0D7BEDD2C71891B652C7D33450FFEB1D2,False,RECOVERING,2,0,False,
1786159409.1506188,engram-node03,213,D2698547823CAFCAD04FE92D1FF10CD0D7BEDD2C71891B652C7D33450FFEB1D2,False,RECOVERING,2,0,False,
1786159409.153316,engram-node04,213,D2698547823CAFCAD04FE92D1FF10CD0D7BEDD2C71891B652C7D33450FFEB1D2,False,RECOVERING,2,0,False,
1786159414.1601632,engram-node01,214,1518DE1E10974A8FCA9F2AAF0E7AE2B010893855CF8664C3872645B2E573A239,False,RECOVERING,2,0,False,
1786159414.175633,engram-node02,214,1518DE1E10974A8FCA9F2AAF0E7AE2B010893855CF8664C3872645B2E573A239,False,SOVEREIGN,0,0,False,
1786159414.178855,engram-node03,214,1518DE1E10974A8FCA9F2AAF0E7AE2B010893855CF8664C3872645B2E573A239,False,SOVEREIGN,0,0,False,
1786159414.181932,engram-node04,214,1518DE1E10974A8FCA9F2AAF0E7AE2B010893855CF8664C3872645B2E573A239,False,SOVEREIGN,0,0,False,
1786159419.1847239,engram-node01,217,BF426B3BCF2DF6BAFE204FB2E9AD624F209D6E77670B1B954686851385810B92,False,RECOVERING,2,0,False,
1786159419.1902258,engram-node02,217,BF426B3BCF2DF6BAFE204FB2E9AD624F209D6E77670B1B954686851385810B92,False,RECOVERING,2,0,False,
1786159419.193938,engram-node03,217,BF426B3BCF2DF6BAFE204FB2E9AD624F209D6E77670B1B954686851385810B92,False,RECOVERING,2,0,False,
1786159419.200149,engram-node04,217,BF426B3BCF2DF6BAFE204FB2E9AD624F209D6E77670B1B954686851385810B92,False,RECOVERING,2,0,False,
1786159424.209155,engram-node01,217,BF426B3BCF2DF6BAFE204FB2E9AD624F209D6E77670B1B954686851385810B92,False,RECOVERING,2,0,False,
1786159424.215777,engram-node02,217,BF426B3BCF2DF6BAFE204FB2E9AD624F209D6E77670B1B954686851385810B92,False,RECOVERING,2,0,False,
1786159424.2186382,engram-node03,217,BF426B3BCF2DF6BAFE204FB2E9AD624F209D6E77670B1B954686851385810B92,False,RECOVERING,2,0,False,
1786159424.221371,engram-node04,217,BF426B3BCF2DF6BAFE204FB2E9AD624F209D6E77670B1B954686851385810B92,False,RECOVERING,2,0,False,
1786159429.229364,engram-node01,217,BF426B3BCF2DF6BAFE204FB2E9AD624F209D6E77670B1B954686851385810B92,False,RECOVERING,2,0,False,
1786159429.236716,engram-node02,217,BF426B3BCF2DF6BAFE204FB2E9AD624F209D6E77670B1B954686851385810B92,False,RECOVERING,2,0,False,
1786159429.240879,engram-node03,217,BF426B3BCF2DF6BAFE204FB2E9AD624F209D6E77670B1B954686851385810B92,False,RECOVERING,2,0,False,
1786159429.2451499,engram-node04,217,BF426B3BCF2DF6BAFE204FB2E9AD624F209D6E77670B1B954686851385810B92,False,RECOVERING,2,0,False,
1786159434.254007,engram-node01,217,BF426B3BCF2DF6BAFE204FB2E9AD624F209D6E77670B1B954686851385810B92,False,RECOVERING,2,0,False,
1786159434.260403,engram-node02,217,BF426B3BCF2DF6BAFE204FB2E9AD624F209D6E77670B1B954686851385810B92,False,RECOVERING,2,0,False,
1786159434.265845,engram-node03,217,BF426B3BCF2DF6BAFE204FB2E9AD624F209D6E77670B1B954686851385810B92,False,RECOVERING,2,0,False,
1786159434.270456,engram-node04,217,BF426B3BCF2DF6BAFE204FB2E9AD624F209D6E77670B1B954686851385810B92,False,RECOVERING,2,0,False,
1786159439.279381,engram-node01,217,BF426B3BCF2DF6BAFE204FB2E9AD624F209D6E77670B1B954686851385810B92,False,RECOVERING,2,0,False,
1786159439.286429,engram-node02,217,BF426B3BCF2DF6BAFE204FB2E9AD624F209D6E77670B1B954686851385810B92,False,RECOVERING,2,0,False,
1786159439.292068,engram-node03,217,BF426B3BCF2DF6BAFE204FB2E9AD624F209D6E77670B1B954686851385810B92,False,RECOVERING,2,0,False,
1786159439.296505,engram-node04,217,BF426B3BCF2DF6BAFE204FB2E9AD624F209D6E77670B1B954686851385810B92,False,RECOVERING,2,0,False,
1786159444.306077,engram-node01,217,BF426B3BCF2DF6BAFE204FB2E9AD624F209D6E77670B1B954686851385810B92,False,RECOVERING,2,0,False,
1786159444.310761,engram-node02,217,BF426B3BCF2DF6BAFE204FB2E9AD624F209D6E77670B1B954686851385810B92,False,RECOVERING,2,0,False,
1786159444.315488,engram-node03,217,BF426B3BCF2DF6BAFE204FB2E9AD624F209D6E77670B1B954686851385810B92,False,RECOVERING,2,0,False,
1786159444.319165,engram-node04,217,BF426B3BCF2DF6BAFE204FB2E9AD624F209D6E77670B1B954686851385810B92,False,RECOVERING,2,0,False,
1786159449.326945,engram-node01,217,BF426B3BCF2DF6BAFE204FB2E9AD624F209D6E77670B1B954686851385810B92,False,RECOVERING,2,0,False,
1786159449.3341281,engram-node02,217,BF426B3BCF2DF6BAFE204FB2E9AD624F209D6E77670B1B954686851385810B92,False,RECOVERING,2,0,False,
1786159449.339232,engram-node03,217,BF426B3BCF2DF6BAFE204FB2E9AD624F209D6E77670B1B954686851385810B92,False,RECOVERING,2,0,False,
1786159449.343961,engram-node04,217,BF426B3BCF2DF6BAFE204FB2E9AD624F209D6E77670B1B954686851385810B92,False,RECOVERING,2,0,False,
1786159454.3532732,engram-node01,217,BF426B3BCF2DF6BAFE204FB2E9AD624F209D6E77670B1B954686851385810B92,False,RECOVERING,2,0,False,
1786159454.360385,engram-node02,217,BF426B3BCF2DF6BAFE204FB2E9AD624F209D6E77670B1B954686851385810B92,False,RECOVERING,2,0,False,
1786159454.3648388,engram-node03,217,BF426B3BCF2DF6BAFE204FB2E9AD624F209D6E77670B1B954686851385810B92,False,RECOVERING,2,0,False,
1786159454.369479,engram-node04,217,BF426B3BCF2DF6BAFE204FB2E9AD624F209D6E77670B1B954686851385810B92,False,RECOVERING,2,0,False,
1786159459.380096,engram-node01,217,BF426B3BCF2DF6BAFE204FB2E9AD624F209D6E77670B1B954686851385810B92,False,RECOVERING,2,0,False,
1786159459.3940759,engram-node02,217,BF426B3BCF2DF6BAFE204FB2E9AD624F209D6E77670B1B954686851385810B92,False,RECOVERING,2,0,False,
1786159459.409394,engram-node03,217,BF426B3BCF2DF6BAFE204FB2E9AD624F209D6E77670B1B954686851385810B92,False,RECOVERING,2,0,False,
1786159459.417839,engram-node04,217,BF426B3BCF2DF6BAFE204FB2E9AD624F209D6E77670B1B954686851385810B92,False,RECOVERING,2,0,False,
1786159464.426189,engram-node01,217,BF426B3BCF2DF6BAFE204FB2E9AD624F209D6E77670B1B954686851385810B92,False,RECOVERING,2,0,False,
1786159464.439399,engram-node02,217,BF426B3BCF2DF6BAFE204FB2E9AD624F209D6E77670B1B954686851385810B92,False,RECOVERING,2,0,False,
1786159464.451871,engram-node03,217,BF426B3BCF2DF6BAFE204FB2E9AD624F209D6E77670B1B954686851385810B92,False,RECOVERING,2,0,False,
1786159464.463897,engram-node04,217,BF426B3BCF2DF6BAFE204FB2E9AD624F209D6E77670B1B954686851385810B92,False,RECOVERING,2,0,False,
1786159469.481597,engram-node01,217,BF426B3BCF2DF6BAFE204FB2E9AD624F209D6E77670B1B954686851385810B92,False,RECOVERING,2,0,False,
1786159469.4932969,engram-node02,217,BF426B3BCF2DF6BAFE204FB2E9AD624F209D6E77670B1B954686851385810B92,False,RECOVERING,2,0,False,
1786159469.50448,engram-node03,217,BF426B3BCF2DF6BAFE204FB2E9AD624F209D6E77670B1B954686851385810B92,False,RECOVERING,2,0,False,
1786159469.511405,engram-node04,217,BF426B3BCF2DF6BAFE204FB2E9AD624F209D6E77670B1B954686851385810B92,False,RECOVERING,2,0,False,
1786159474.5184362,engram-node01,218,3B639548BE65F17AD98B97DBBB1EF16466D32D6872A334C7D7BA1D2D109AC0F2,False,SOVEREIGN,0,0,False,
1786159474.524649,engram-node02,218,3B639548BE65F17AD98B97DBBB1EF16466D32D6872A334C7D7BA1D2D109AC0F2,False,SOVEREIGN,0,0,False,
1786159474.529855,engram-node03,218,3B639548BE65F17AD98B97DBBB1EF16466D32D6872A334C7D7BA1D2D109AC0F2,False,SOVEREIGN,0,0,False,
1786159474.535389,engram-node04,218,3B639548BE65F17AD98B97DBBB1EF16466D32D6872A334C7D7BA1D2D109AC0F2,False,SOVEREIGN,0,0,False,
1786159479.543914,engram-node01,221,8AC50CDB4DCED50B76AA67BB9A3241CA33C27E4D6DECE9891B074504EAAACEF8,False,RECOVERING,2,0,False,
1786159479.552145,engram-node02,221,8AC50CDB4DCED50B76AA67BB9A3241CA33C27E4D6DECE9891B074504EAAACEF8,False,RECOVERING,2,0,False,
1786159479.558305,engram-node03,221,8AC50CDB4DCED50B76AA67BB9A3241CA33C27E4D6DECE9891B074504EAAACEF8,False,RECOVERING,2,0,False,
1786159479.5629098,engram-node04,221,8AC50CDB4DCED50B76AA67BB9A3241CA33C27E4D6DECE9891B074504EAAACEF8,False,RECOVERING,2,0,False,
1786159484.5935948,engram-node01,221,8AC50CDB4DCED50B76AA67BB9A3241CA33C27E4D6DECE9891B074504EAAACEF8,False,RECOVERING,2,0,False,
1786159484.5996292,engram-node02,221,8AC50CDB4DCED50B76AA67BB9A3241CA33C27E4D6DECE9891B074504EAAACEF8,False,RECOVERING,2,0,False,
1786159484.604598,engram-node03,221,8AC50CDB4DCED50B76AA67BB9A3241CA33C27E4D6DECE9891B074504EAAACEF8,False,RECOVERING,2,0,False,
1786159484.617474,engram-node04,221,8AC50CDB4DCED50B76AA67BB9A3241CA33C27E4D6DECE9891B074504EAAACEF8,False,RECOVERING,2,0,False,
1786159489.629237,engram-node01,221,8AC50CDB4DCED50B76AA67BB9A3241CA33C27E4D6DECE9891B074504EAAACEF8,False,RECOVERING,2,0,False,
1786159489.635774,engram-node02,221,8AC50CDB4DCED50B76AA67BB9A3241CA33C27E4D6DECE9891B074504EAAACEF8,False,RECOVERING,2,0,False,
1786159489.641315,engram-node03,221,8AC50CDB4DCED50B76AA67BB9A3241CA33C27E4D6DECE9891B074504EAAACEF8,False,RECOVERING,2,0,False,
1786159489.6456409,engram-node04,221,8AC50CDB4DCED50B76AA67BB9A3241CA33C27E4D6DECE9891B074504EAAACEF8,False,RECOVERING,2,0,False,
1786159494.654755,engram-node01,221,8AC50CDB4DCED50B76AA67BB9A3241CA33C27E4D6DECE9891B074504EAAACEF8,False,RECOVERING,2,0,False,
1786159494.6629992,engram-node02,221,8AC50CDB4DCED50B76AA67BB9A3241CA33C27E4D6DECE9891B074504EAAACEF8,False,RECOVERING,2,0,False,
1786159494.6709492,engram-node03,221,8AC50CDB4DCED50B76AA67BB9A3241CA33C27E4D6DECE9891B074504EAAACEF8,False,RECOVERING,2,0,False,
1786159494.67848,engram-node04,221,8AC50CDB4DCED50B76AA67BB9A3241CA33C27E4D6DECE9891B074504EAAACEF8,False,RECOVERING,2,0,False,
1786159499.6890728,engram-node01,221,8AC50CDB4DCED50B76AA67BB9A3241CA33C27E4D6DECE9891B074504EAAACEF8,False,RECOVERING,2,0,False,
1786159499.699119,engram-node02,221,8AC50CDB4DCED50B76AA67BB9A3241CA33C27E4D6DECE9891B074504EAAACEF8,False,RECOVERING,2,0,False,
1786159499.7072299,engram-node03,221,8AC50CDB4DCED50B76AA67BB9A3241CA33C27E4D6DECE9891B074504EAAACEF8,False,RECOVERING,2,0,False,
1786159499.7136729,engram-node04,221,8AC50CDB4DCED50B76AA67BB9A3241CA33C27E4D6DECE9891B074504EAAACEF8,False,RECOVERING,2,0,False,
1786159504.720566,engram-node01,221,8AC50CDB4DCED50B76AA67BB9A3241CA33C27E4D6DECE9891B074504EAAACEF8,False,RECOVERING,2,0,False,
1786159504.728679,engram-node02,221,8AC50CDB4DCED50B76AA67BB9A3241CA33C27E4D6DECE9891B074504EAAACEF8,False,RECOVERING,2,0,False,
1786159504.7333188,engram-node03,221,8AC50CDB4DCED50B76AA67BB9A3241CA33C27E4D6DECE9891B074504EAAACEF8,False,RECOVERING,2,0,False,
1786159504.737236,engram-node04,221,8AC50CDB4DCED50B76AA67BB9A3241CA33C27E4D6DECE9891B074504EAAACEF8,False,RECOVERING,2,0,False,
1786159509.745874,engram-node01,221,8AC50CDB4DCED50B76AA67BB9A3241CA33C27E4D6DECE9891B074504EAAACEF8,False,RECOVERING,2,0,False,
1786159509.759237,engram-node02,221,8AC50CDB4DCED50B76AA67BB9A3241CA33C27E4D6DECE9891B074504EAAACEF8,False,RECOVERING,2,0,False,
1786159509.768092,engram-node03,221,8AC50CDB4DCED50B76AA67BB9A3241CA33C27E4D6DECE9891B074504EAAACEF8,False,RECOVERING,2,0,False,
1786159509.7740211,engram-node04,221,8AC50CDB4DCED50B76AA67BB9A3241CA33C27E4D6DECE9891B074504EAAACEF8,False,RECOVERING,2,0,False,
1786159514.7847419,engram-node01,221,8AC50CDB4DCED50B76AA67BB9A3241CA33C27E4D6DECE9891B074504EAAACEF8,False,RECOVERING,2,0,False,
1786159514.794514,engram-node02,221,8AC50CDB4DCED50B76AA67BB9A3241CA33C27E4D6DECE9891B074504EAAACEF8,False,RECOVERING,2,0,False,
1786159514.7999191,engram-node03,221,8AC50CDB4DCED50B76AA67BB9A3241CA33C27E4D6DECE9891B074504EAAACEF8,False,RECOVERING,2,0,False,
1786159514.806138,engram-node04,221,8AC50CDB4DCED50B76AA67BB9A3241CA33C27E4D6DECE9891B074504EAAACEF8,False,RECOVERING,2,0,False,
1786159519.815562,engram-node01,221,8AC50CDB4DCED50B76AA67BB9A3241CA33C27E4D6DECE9891B074504EAAACEF8,False,RECOVERING,2,0,False,
1786159519.82928,engram-node02,221,8AC50CDB4DCED50B76AA67BB9A3241CA33C27E4D6DECE9891B074504EAAACEF8,False,RECOVERING,2,0,False,
1786159519.8360682,engram-node03,221,8AC50CDB4DCED50B76AA67BB9A3241CA33C27E4D6DECE9891B074504EAAACEF8,False,RECOVERING,2,0,False,
1786159519.841519,engram-node04,221,8AC50CDB4DCED50B76AA67BB9A3241CA33C27E4D6DECE9891B074504EAAACEF8,False,RECOVERING,2,0,False,
1786159524.8479319,engram-node01,221,8AC50CDB4DCED50B76AA67BB9A3241CA33C27E4D6DECE9891B074504EAAACEF8,False,RECOVERING,2,0,False,
1786159524.858471,engram-node02,221,8AC50CDB4DCED50B76AA67BB9A3241CA33C27E4D6DECE9891B074504EAAACEF8,False,RECOVERING,2,0,False,
1786159524.863554,engram-node03,221,8AC50CDB4DCED50B76AA67BB9A3241CA33C27E4D6DECE9891B074504EAAACEF8,False,RECOVERING,2,0,False,
1786159524.868563,engram-node04,221,8AC50CDB4DCED50B76AA67BB9A3241CA33C27E4D6DECE9891B074504EAAACEF8,False,RECOVERING,2,0,False,
1786159529.8739278,engram-node01,221,8AC50CDB4DCED50B76AA67BB9A3241CA33C27E4D6DECE9891B074504EAAACEF8,False,RECOVERING,2,0,False,
1786159529.8827221,engram-node02,221,8AC50CDB4DCED50B76AA67BB9A3241CA33C27E4D6DECE9891B074504EAAACEF8,False,RECOVERING,2,0,False,
1786159529.886901,engram-node03,221,8AC50CDB4DCED50B76AA67BB9A3241CA33C27E4D6DECE9891B074504EAAACEF8,False,RECOVERING,2,0,False,
1786159529.891077,engram-node04,221,8AC50CDB4DCED50B76AA67BB9A3241CA33C27E4D6DECE9891B074504EAAACEF8,False,RECOVERING,2,0,False,
1786159534.897613,engram-node01,222,8FA5CB270A566E1B92FD5D203FBB3D1E4C30E7DCB5FF21B3DC93274A38C208F2,False,SOVEREIGN,0,0,False,
1786159534.909118,engram-node02,222,8FA5CB270A566E1B92FD5D203FBB3D1E4C30E7DCB5FF21B3DC93274A38C208F2,False,SOVEREIGN,0,0,False,
1786159534.912352,engram-node03,222,8FA5CB270A566E1B92FD5D203FBB3D1E4C30E7DCB5FF21B3DC93274A38C208F2,False,SOVEREIGN,0,0,False,
1786159534.9154592,engram-node04,222,8FA5CB270A566E1B92FD5D203FBB3D1E4C30E7DCB5FF21B3DC93274A38C208F2,False,SOVEREIGN,0,0,False,
1786159539.923638,engram-node01,225,9111E696C17CE3FA7F58A88966D959E50472BBAC4E43539E4C0A9860483986E9,False,RECOVERING,2,0,False,
1786159539.9306781,engram-node02,225,9111E696C17CE3FA7F58A88966D959E50472BBAC4E43539E4C0A9860483986E9,False,RECOVERING,2,0,False,
1786159539.935022,engram-node03,225,9111E696C17CE3FA7F58A88966D959E50472BBAC4E43539E4C0A9860483986E9,False,RECOVERING,2,0,False,
1786159539.93922,engram-node04,225,9111E696C17CE3FA7F58A88966D959E50472BBAC4E43539E4C0A9860483986E9,False,RECOVERING,2,0,False,
1786159544.947551,engram-node01,225,9111E696C17CE3FA7F58A88966D959E50472BBAC4E43539E4C0A9860483986E9,False,RECOVERING,2,0,False,
1786159544.953248,engram-node02,225,9111E696C17CE3FA7F58A88966D959E50472BBAC4E43539E4C0A9860483986E9,False,RECOVERING,2,0,False,
1786159544.956358,engram-node03,225,9111E696C17CE3FA7F58A88966D959E50472BBAC4E43539E4C0A9860483986E9,False,RECOVERING,2,0,False,
1786159544.959145,engram-node04,225,9111E696C17CE3FA7F58A88966D959E50472BBAC4E43539E4C0A9860483986E9,False,RECOVERING,2,0,False,
1786159549.966808,engram-node01,225,9111E696C17CE3FA7F58A88966D959E50472BBAC4E43539E4C0A9860483986E9,False,RECOVERING,2,0,False,
1786159549.976161,engram-node02,225,9111E696C17CE3FA7F58A88966D959E50472BBAC4E43539E4C0A9860483986E9,False,RECOVERING,2,0,False,
1786159549.982412,engram-node03,225,9111E696C17CE3FA7F58A88966D959E50472BBAC4E43539E4C0A9860483986E9,False,RECOVERING,2,0,False,
1786159549.987638,engram-node04,225,9111E696C17CE3FA7F58A88966D959E50472BBAC4E43539E4C0A9860483986E9,False,RECOVERING,2,0,False,
1786159554.997757,engram-node01,225,9111E696C17CE3FA7F58A88966D959E50472BBAC4E43539E4C0A9860483986E9,False,RECOVERING,2,0,False,
1786159555.0074081,engram-node02,225,9111E696C17CE3FA7F58A88966D959E50472BBAC4E43539E4C0A9860483986E9,False,RECOVERING,2,0,False,
1786159555.014601,engram-node03,225,9111E696C17CE3FA7F58A88966D959E50472BBAC4E43539E4C0A9860483986E9,False,RECOVERING,2,0,False,
1786159555.019815,engram-node04,225,9111E696C17CE3FA7F58A88966D959E50472BBAC4E43539E4C0A9860483986E9,False,RECOVERING,2,0,False,
1786159560.029529,engram-node01,225,9111E696C17CE3FA7F58A88966D959E50472BBAC4E43539E4C0A9860483986E9,False,RECOVERING,2,0,False,
1786159560.04617,engram-node02,225,9111E696C17CE3FA7F58A88966D959E50472BBAC4E43539E4C0A9860483986E9,False,RECOVERING,2,0,False,
1786159560.06044,engram-node03,225,9111E696C17CE3FA7F58A88966D959E50472BBAC4E43539E4C0A9860483986E9,False,RECOVERING,2,0,False,
1786159560.0742872,engram-node04,225,9111E696C17CE3FA7F58A88966D959E50472BBAC4E43539E4C0A9860483986E9,False,RECOVERING,2,0,False,
1786159565.088945,engram-node01,225,9111E696C17CE3FA7F58A88966D959E50472BBAC4E43539E4C0A9860483986E9,False,RECOVERING,2,0,False,
1786159565.1010802,engram-node02,225,9111E696C17CE3FA7F58A88966D959E50472BBAC4E43539E4C0A9860483986E9,False,RECOVERING,2,0,False,
1786159565.107136,engram-node03,225,9111E696C17CE3FA7F58A88966D959E50472BBAC4E43539E4C0A9860483986E9,False,RECOVERING,2,0,False,
1786159565.1124558,engram-node04,225,9111E696C17CE3FA7F58A88966D959E50472BBAC4E43539E4C0A9860483986E9,False,RECOVERING,2,0,False,
1786159570.119072,engram-node01,225,9111E696C17CE3FA7F58A88966D959E50472BBAC4E43539E4C0A9860483986E9,False,RECOVERING,2,0,False,
1786159570.134072,engram-node02,225,9111E696C17CE3FA7F58A88966D959E50472BBAC4E43539E4C0A9860483986E9,False,RECOVERING,2,0,False,
1786159570.138047,engram-node03,225,9111E696C17CE3FA7F58A88966D959E50472BBAC4E43539E4C0A9860483986E9,False,RECOVERING,2,0,False,
1786159570.142124,engram-node04,225,9111E696C17CE3FA7F58A88966D959E50472BBAC4E43539E4C0A9860483986E9,False,RECOVERING,2,0,False,
1786159575.148375,engram-node01,225,9111E696C17CE3FA7F58A88966D959E50472BBAC4E43539E4C0A9860483986E9,False,RECOVERING,2,0,False,
1786159575.1537092,engram-node02,225,9111E696C17CE3FA7F58A88966D959E50472BBAC4E43539E4C0A9860483986E9,False,RECOVERING,2,0,False,
1786159575.157102,engram-node03,225,9111E696C17CE3FA7F58A88966D959E50472BBAC4E43539E4C0A9860483986E9,False,RECOVERING,2,0,False,
1786159575.1624908,engram-node04,225,9111E696C17CE3FA7F58A88966D959E50472BBAC4E43539E4C0A9860483986E9,False,RECOVERING,2,0,False,
1786159580.1753778,engram-node01,225,9111E696C17CE3FA7F58A88966D959E50472BBAC4E43539E4C0A9860483986E9,False,RECOVERING,2,0,False,
1786159580.187707,engram-node02,225,9111E696C17CE3FA7F58A88966D959E50472BBAC4E43539E4C0A9860483986E9,False,RECOVERING,2,0,False,
1786159580.192586,engram-node03,225,9111E696C17CE3FA7F58A88966D959E50472BBAC4E43539E4C0A9860483986E9,False,RECOVERING,2,0,False,
1786159580.196512,engram-node04,225,9111E696C17CE3FA7F58A88966D959E50472BBAC4E43539E4C0A9860483986E9,False,RECOVERING,2,0,False,
1786159585.209186,engram-node01,225,9111E696C17CE3FA7F58A88966D959E50472BBAC4E43539E4C0A9860483986E9,False,RECOVERING,2,0,False,
1786159585.325407,engram-node02,225,9111E696C17CE3FA7F58A88966D959E50472BBAC4E43539E4C0A9860483986E9,False,RECOVERING,2,0,False,
1786159585.5133498,engram-node03,225,9111E696C17CE3FA7F58A88966D959E50472BBAC4E43539E4C0A9860483986E9,False,RECOVERING,2,0,False,
1786159585.535606,engram-node04,225,9111E696C17CE3FA7F58A88966D959E50472BBAC4E43539E4C0A9860483986E9,False,RECOVERING,2,0,False,
1786159590.5737548,engram-node01,225,9111E696C17CE3FA7F58A88966D959E50472BBAC4E43539E4C0A9860483986E9,False,RECOVERING,2,0,False,
1786159590.5796428,engram-node02,225,9111E696C17CE3FA7F58A88966D959E50472BBAC4E43539E4C0A9860483986E9,False,RECOVERING,2,0,False,
1786159590.584833,engram-node03,225,9111E696C17CE3FA7F58A88966D959E50472BBAC4E43539E4C0A9860483986E9,False,RECOVERING,2,0,False,
1786159590.5900102,engram-node04,225,9111E696C17CE3FA7F58A88966D959E50472BBAC4E43539E4C0A9860483986E9,False,RECOVERING,2,0,False,
1786159595.5995898,engram-node01,225,9111E696C17CE3FA7F58A88966D959E50472BBAC4E43539E4C0A9860483986E9,False,RECOVERING,2,0,False,
1786159595.607629,engram-node02,225,9111E696C17CE3FA7F58A88966D959E50472BBAC4E43539E4C0A9860483986E9,False,RECOVERING,2,0,False,
1786159595.611895,engram-node03,225,9111E696C17CE3FA7F58A88966D959E50472BBAC4E43539E4C0A9860483986E9,False,RECOVERING,2,0,False,
1786159595.615117,engram-node04,225,9111E696C17CE3FA7F58A88966D959E50472BBAC4E43539E4C0A9860483986E9,False,RECOVERING,2,0,False,
1786159600.6204019,engram-node01,228,04E8E927460E56D7CE228FC16D4897AA1393D81688C98B334D35B438751BC227,False,RECOVERING,1,0,False,
1786159600.6320078,engram-node02,228,04E8E927460E56D7CE228FC16D4897AA1393D81688C98B334D35B438751BC227,False,RECOVERING,1,0,False,
1786159600.643491,engram-node03,228,04E8E927460E56D7CE228FC16D4897AA1393D81688C98B334D35B438751BC227,False,RECOVERING,1,0,False,
1786159600.652784,engram-node04,228,04E8E927460E56D7CE228FC16D4897AA1393D81688C98B334D35B438751BC227,False,RECOVERING,1,0,False,
1786159605.663433,engram-node01,229,9E4F9E8B0D295E2DE2C9717DE151F027A4FD47600EC16647658A8C374805BD0F,False,RECOVERING,2,0,False,
1786159605.668027,engram-node02,229,9E4F9E8B0D295E2DE2C9717DE151F027A4FD47600EC16647658A8C374805BD0F,False,RECOVERING,2,0,False,
1786159605.6712031,engram-node03,229,9E4F9E8B0D295E2DE2C9717DE151F027A4FD47600EC16647658A8C374805BD0F,False,RECOVERING,2,0,False,
1786159605.676438,engram-node04,229,9E4F9E8B0D295E2DE2C9717DE151F027A4FD47600EC16647658A8C374805BD0F,False,RECOVERING,2,0,False,
1786159610.6852639,engram-node01,229,9E4F9E8B0D295E2DE2C9717DE151F027A4FD47600EC16647658A8C374805BD0F,False,RECOVERING,2,0,False,
1786159610.69551,engram-node02,229,9E4F9E8B0D295E2DE2C9717DE151F027A4FD47600EC16647658A8C374805BD0F,False,RECOVERING,2,0,False,
1786159610.702106,engram-node03,229,9E4F9E8B0D295E2DE2C9717DE151F027A4FD47600EC16647658A8C374805BD0F,False,RECOVERING,2,0,False,
1786159610.709111,engram-node04,229,9E4F9E8B0D295E2DE2C9717DE151F027A4FD47600EC16647658A8C374805BD0F,False,RECOVERING,2,0,False,
1786159615.734111,engram-node01,229,9E4F9E8B0D295E2DE2C9717DE151F027A4FD47600EC16647658A8C374805BD0F,False,RECOVERING,2,0,False,
1786159616.486275,engram-node02,229,9E4F9E8B0D295E2DE2C9717DE151F027A4FD47600EC16647658A8C374805BD0F,False,RECOVERING,2,0,False,
1786159616.686901,engram-node03,229,9E4F9E8B0D295E2DE2C9717DE151F027A4FD47600EC16647658A8C374805BD0F,False,RECOVERING,2,0,False,
1786159617.180885,engram-node04,229,9E4F9E8B0D295E2DE2C9717DE151F027A4FD47600EC16647658A8C374805BD0F,False,RECOVERING,2,0,False,
1786159622.235106,engram-node01,229,9E4F9E8B0D295E2DE2C9717DE151F027A4FD47600EC16647658A8C374805BD0F,False,RECOVERING,2,0,False,
1786159622.240671,engram-node02,229,9E4F9E8B0D295E2DE2C9717DE151F027A4FD47600EC16647658A8C374805BD0F,False,RECOVERING,2,0,False,
1786159622.2454798,engram-node03,229,9E4F9E8B0D295E2DE2C9717DE151F027A4FD47600EC16647658A8C374805BD0F,False,RECOVERING,2,0,False,
1786159622.250203,engram-node04,229,9E4F9E8B0D295E2DE2C9717DE151F027A4FD47600EC16647658A8C374805BD0F,False,RECOVERING,2,0,False,
1786159627.258346,engram-node01,229,9E4F9E8B0D295E2DE2C9717DE151F027A4FD47600EC16647658A8C374805BD0F,False,RECOVERING,2,0,False,
1786159627.265457,engram-node02,229,9E4F9E8B0D295E2DE2C9717DE151F027A4FD47600EC16647658A8C374805BD0F,False,RECOVERING,2,0,False,
1786159627.274194,engram-node03,229,9E4F9E8B0D295E2DE2C9717DE151F027A4FD47600EC16647658A8C374805BD0F,False,RECOVERING,2,0,False,
1786159627.282691,engram-node04,229,9E4F9E8B0D295E2DE2C9717DE151F027A4FD47600EC16647658A8C374805BD0F,False,RECOVERING,2,0,False,
1786159632.297618,engram-node01,229,9E4F9E8B0D295E2DE2C9717DE151F027A4FD47600EC16647658A8C374805BD0F,False,RECOVERING,2,0,False,
1786159632.30562,engram-node02,229,9E4F9E8B0D295E2DE2C9717DE151F027A4FD47600EC16647658A8C374805BD0F,False,RECOVERING,2,0,False,
1786159632.315249,engram-node03,229,9E4F9E8B0D295E2DE2C9717DE151F027A4FD47600EC16647658A8C374805BD0F,False,RECOVERING,2,0,False,
1786159632.320624,engram-node04,229,9E4F9E8B0D295E2DE2C9717DE151F027A4FD47600EC16647658A8C374805BD0F,False,RECOVERING,2,0,False,
1786159637.3301902,engram-node01,229,9E4F9E8B0D295E2DE2C9717DE151F027A4FD47600EC16647658A8C374805BD0F,False,RECOVERING,2,0,False,
1786159637.3408709,engram-node02,229,9E4F9E8B0D295E2DE2C9717DE151F027A4FD47600EC16647658A8C374805BD0F,False,RECOVERING,2,0,False,
1786159637.3463948,engram-node03,229,9E4F9E8B0D295E2DE2C9717DE151F027A4FD47600EC16647658A8C374805BD0F,False,RECOVERING,2,0,False,
1786159637.353342,engram-node04,229,9E4F9E8B0D295E2DE2C9717DE151F027A4FD47600EC16647658A8C374805BD0F,False,RECOVERING,2,0,False,
1786159642.3600068,engram-node01,229,9E4F9E8B0D295E2DE2C9717DE151F027A4FD47600EC16647658A8C374805BD0F,False,RECOVERING,2,0,False,
1786159642.3806689,engram-node02,229,9E4F9E8B0D295E2DE2C9717DE151F027A4FD47600EC16647658A8C374805BD0F,False,RECOVERING,2,0,False,
1786159642.401664,engram-node03,229,9E4F9E8B0D295E2DE2C9717DE151F027A4FD47600EC16647658A8C374805BD0F,False,RECOVERING,2,0,False,
1786159642.410039,engram-node04,229,9E4F9E8B0D295E2DE2C9717DE151F027A4FD47600EC16647658A8C374805BD0F,False,RECOVERING,2,0,False,
1786159647.42319,engram-node01,229,9E4F9E8B0D295E2DE2C9717DE151F027A4FD47600EC16647658A8C374805BD0F,False,RECOVERING,2,0,False,
1786159647.432532,engram-node02,229,9E4F9E8B0D295E2DE2C9717DE151F027A4FD47600EC16647658A8C374805BD0F,False,RECOVERING,2,0,False,
1786159647.4386501,engram-node03,229,9E4F9E8B0D295E2DE2C9717DE151F027A4FD47600EC16647658A8C374805BD0F,False,RECOVERING,2,0,False,
1786159647.44707,engram-node04,229,9E4F9E8B0D295E2DE2C9717DE151F027A4FD47600EC16647658A8C374805BD0F,False,RECOVERING,2,0,False,
1786159652.457261,engram-node01,229,9E4F9E8B0D295E2DE2C9717DE151F027A4FD47600EC16647658A8C374805BD0F,False,RECOVERING,2,0,False,
1786159652.468299,engram-node02,229,9E4F9E8B0D295E2DE2C9717DE151F027A4FD47600EC16647658A8C374805BD0F,False,RECOVERING,2,0,False,
1786159652.476605,engram-node03,229,9E4F9E8B0D295E2DE2C9717DE151F027A4FD47600EC16647658A8C374805BD0F,False,RECOVERING,2,0,False,
1786159652.484865,engram-node04,229,9E4F9E8B0D295E2DE2C9717DE151F027A4FD47600EC16647658A8C374805BD0F,False,RECOVERING,2,0,False,
1786159657.494978,engram-node01,229,9E4F9E8B0D295E2DE2C9717DE151F027A4FD47600EC16647658A8C374805BD0F,False,RECOVERING,2,0,False,
1786159657.518163,engram-node02,229,9E4F9E8B0D295E2DE2C9717DE151F027A4FD47600EC16647658A8C374805BD0F,False,RECOVERING,2,0,False,
1786159657.5368881,engram-node03,229,9E4F9E8B0D295E2DE2C9717DE151F027A4FD47600EC16647658A8C374805BD0F,False,RECOVERING,2,0,False,
1786159657.554473,engram-node04,229,9E4F9E8B0D295E2DE2C9717DE151F027A4FD47600EC16647658A8C374805BD0F,False,RECOVERING,2,0,False,
1786159662.574999,engram-node01,233,44A7C73E536EB78C5AF4AFAEFC0D3A1DA8601F5E01A9942F1AF34353D9D987BA,False,RECOVERING,2,0,False,
1786159662.580361,engram-node02,233,44A7C73E536EB78C5AF4AFAEFC0D3A1DA8601F5E01A9942F1AF34353D9D987BA,False,RECOVERING,2,0,False,
1786159662.584615,engram-node03,233,44A7C73E536EB78C5AF4AFAEFC0D3A1DA8601F5E01A9942F1AF34353D9D987BA,False,RECOVERING,2,0,False,
1786159662.5893939,engram-node04,233,44A7C73E536EB78C5AF4AFAEFC0D3A1DA8601F5E01A9942F1AF34353D9D987BA,False,RECOVERING,2,0,False,
1786159667.594186,engram-node01,233,44A7C73E536EB78C5AF4AFAEFC0D3A1DA8601F5E01A9942F1AF34353D9D987BA,False,RECOVERING,2,0,False,
1786159667.605004,engram-node02,233,44A7C73E536EB78C5AF4AFAEFC0D3A1DA8601F5E01A9942F1AF34353D9D987BA,False,RECOVERING,2,0,False,
1786159667.612659,engram-node03,233,44A7C73E536EB78C5AF4AFAEFC0D3A1DA8601F5E01A9942F1AF34353D9D987BA,False,RECOVERING,2,0,False,
1786159667.618361,engram-node04,233,44A7C73E536EB78C5AF4AFAEFC0D3A1DA8601F5E01A9942F1AF34353D9D987BA,False,RECOVERING,2,0,False,
1786159672.6248682,engram-node01,233,44A7C73E536EB78C5AF4AFAEFC0D3A1DA8601F5E01A9942F1AF34353D9D987BA,False,RECOVERING,2,0,False,
1786159672.631924,engram-node02,233,44A7C73E536EB78C5AF4AFAEFC0D3A1DA8601F5E01A9942F1AF34353D9D987BA,False,RECOVERING,2,0,False,
1786159672.637831,engram-node03,233,44A7C73E536EB78C5AF4AFAEFC0D3A1DA8601F5E01A9942F1AF34353D9D987BA,False,RECOVERING,2,0,False,
1786159672.6441898,engram-node04,233,44A7C73E536EB78C5AF4AFAEFC0D3A1DA8601F5E01A9942F1AF34353D9D987BA,False,RECOVERING,2,0,False,
1786159677.65412,engram-node01,233,44A7C73E536EB78C5AF4AFAEFC0D3A1DA8601F5E01A9942F1AF34353D9D987BA,False,RECOVERING,2,0,False,
1786159677.663151,engram-node02,233,44A7C73E536EB78C5AF4AFAEFC0D3A1DA8601F5E01A9942F1AF34353D9D987BA,False,RECOVERING,2,0,False,
1786159677.669006,engram-node03,233,44A7C73E536EB78C5AF4AFAEFC0D3A1DA8601F5E01A9942F1AF34353D9D987BA,False,RECOVERING,2,0,False,
1786159677.67329,engram-node04,233,44A7C73E536EB78C5AF4AFAEFC0D3A1DA8601F5E01A9942F1AF34353D9D987BA,False,RECOVERING,2,0,False,
1786159682.681949,engram-node01,233,44A7C73E536EB78C5AF4AFAEFC0D3A1DA8601F5E01A9942F1AF34353D9D987BA,False,RECOVERING,2,0,False,
1786159682.693992,engram-node02,233,44A7C73E536EB78C5AF4AFAEFC0D3A1DA8601F5E01A9942F1AF34353D9D987BA,False,RECOVERING,2,0,False,
1786159682.7029572,engram-node03,233,44A7C73E536EB78C5AF4AFAEFC0D3A1DA8601F5E01A9942F1AF34353D9D987BA,False,RECOVERING,2,0,False,
1786159682.7093298,engram-node04,233,44A7C73E536EB78C5AF4AFAEFC0D3A1DA8601F5E01A9942F1AF34353D9D987BA,False,RECOVERING,2,0,False,
1786159687.714419,engram-node01,-1,,False,,0,0,False,<urlopen error [Errno 61] Connection refused>
1786159687.7163599,engram-node02,-1,,False,,0,0,False,<urlopen error [Errno 61] Connection refused>
1786159687.717006,engram-node03,-1,,False,,0,0,False,<urlopen error [Errno 61] Connection refused>
1786159687.717387,engram-node04,-1,,False,,0,0,False,<urlopen error [Errno 61] Connection refused>
1786159692.720762,engram-node01,-1,,False,,0,0,False,abci_query error: engramd is not ready; please wait for first block: invalid height
1786159692.72718,engram-node02,-1,,False,,0,0,False,abci_query error: engramd is not ready; please wait for first block: invalid height
1786159692.733131,engram-node03,-1,,False,,0,0,False,abci_query error: engramd is not ready; please wait for first block: invalid height
1786159692.739917,engram-node04,-1,,False,,0,0,False,abci_query error: engramd is not ready; please wait for first block: invalid height
1786159697.746082,engram-node01,-1,,False,,0,0,False,abci_query error: engramd is not ready; please wait for first block: invalid height
1786159697.756032,engram-node02,-1,,False,,0,0,False,abci_query error: engramd is not ready; please wait for first block: invalid height
1786159697.76206,engram-node03,-1,,False,,0,0,False,abci_query error: engramd is not ready; please wait for first block: invalid height
1786159697.766848,engram-node04,-1,,False,,0,0,False,abci_query error: engramd is not ready; please wait for first block: invalid height
1786159702.7744792,engram-node01,-1,,False,,0,0,False,abci_query error: engramd is not ready; please wait for first block: invalid height
1786159702.780302,engram-node02,-1,,False,,0,0,False,abci_query error: engramd is not ready; please wait for first block: invalid height
1786159702.7850509,engram-node03,-1,,False,,0,0,False,abci_query error: engramd is not ready; please wait for first block: invalid height
1786159702.789224,engram-node04,-1,,False,,0,0,False,abci_query error: engramd is not ready; please wait for first block: invalid height
1786159707.799053,engram-node01,-1,,False,,0,0,False,abci_query error: engramd is not ready; please wait for first block: invalid height
1786159707.818091,engram-node02,-1,,False,,0,0,False,abci_query error: engramd is not ready; please wait for first block: invalid height
1786159707.825931,engram-node03,-1,,False,,0,0,False,abci_query error: engramd is not ready; please wait for first block: invalid height
1786159707.834146,engram-node04,-1,,False,,0,0,False,abci_query error: engramd is not ready; please wait for first block: invalid height
1786159712.846823,engram-node01,-1,,False,,0,0,False,abci_query error: engramd is not ready; please wait for first block: invalid height
1786159712.855037,engram-node02,-1,,False,,0,0,False,abci_query error: engramd is not ready; please wait for first block: invalid height
1786159712.867281,engram-node03,-1,,False,,0,0,False,abci_query error: engramd is not ready; please wait for first block: invalid height
1786159712.875104,engram-node04,-1,,False,,0,0,False,abci_query error: engramd is not ready; please wait for first block: invalid height
1786159717.894099,engram-node01,-1,,False,,0,0,False,abci_query error: engramd is not ready; please wait for first block: invalid height
1786159718.3896341,engram-node02,-1,,False,,0,0,False,abci_query error: engramd is not ready; please wait for first block: invalid height
1786159718.758744,engram-node03,-1,,False,,0,0,False,abci_query error: engramd is not ready; please wait for first block: invalid height
1786159718.7813828,engram-node04,-1,,False,,0,0,False,abci_query error: engramd is not ready; please wait for first block: invalid height
1786159723.815307,engram-node01,-1,,False,,0,0,False,abci_query error: engramd is not ready; please wait for first block: invalid height
1786159723.822572,engram-node02,-1,,False,,0,0,False,abci_query error: engramd is not ready; please wait for first block: invalid height
1786159723.82765,engram-node03,-1,,False,,0,0,False,abci_query error: engramd is not ready; please wait for first block: invalid height
1786159723.8329558,engram-node04,-1,,False,,0,0,False,abci_query error: engramd is not ready; please wait for first block: invalid height
1786159728.843391,engram-node01,-1,,False,,0,0,False,abci_query error: engramd is not ready; please wait for first block: invalid height
1786159728.850425,engram-node02,-1,,False,,0,0,False,abci_query error: engramd is not ready; please wait for first block: invalid height
1786159728.857026,engram-node03,-1,,False,,0,0,False,abci_query error: engramd is not ready; please wait for first block: invalid height
1786159728.8619678,engram-node04,-1,,False,,0,0,False,abci_query error: engramd is not ready; please wait for first block: invalid height
1786159733.8688672,engram-node01,-1,,False,,0,0,False,abci_query error: engramd is not ready; please wait for first block: invalid height
1786159733.880366,engram-node02,-1,,False,,0,0,False,abci_query error: engramd is not ready; please wait for first block: invalid height
1786159733.886751,engram-node03,-1,,False,,0,0,False,abci_query error: engramd is not ready; please wait for first block: invalid height
1786159733.891735,engram-node04,-1,,False,,0,0,False,abci_query error: engramd is not ready; please wait for first block: invalid height
1786159738.9078531,engram-node01,-1,,False,,0,0,False,abci_query error: engramd is not ready; please wait for first block: invalid height
1786159738.942496,engram-node02,-1,,False,,0,0,False,abci_query error: engramd is not ready; please wait for first block: invalid height
1786159738.952221,engram-node03,-1,,False,,0,0,False,abci_query error: engramd is not ready; please wait for first block: invalid height
1786159738.958959,engram-node04,-1,,False,,0,0,False,abci_query error: engramd is not ready; please wait for first block: invalid height
1786159743.970093,engram-node01,-1,,False,,0,0,False,abci_query error: engramd is not ready; please wait for first block: invalid height
1786159743.97488,engram-node02,-1,,False,,0,0,False,abci_query error: engramd is not ready; please wait for first block: invalid height
1786159743.9787571,engram-node03,-1,,False,,0,0,False,abci_query error: engramd is not ready; please wait for first block: invalid height
1786159743.98256,engram-node04,-1,,False,,0,0,False,abci_query error: engramd is not ready; please wait for first block: invalid height
1786159748.9883652,engram-node01,-1,,False,,0,0,False,abci_query error: engramd is not ready; please wait for first block: invalid height
1786159748.9977841,engram-node02,-1,,False,,0,0,False,abci_query error: engramd is not ready; please wait for first block: invalid height
1786159749.002233,engram-node03,-1,,False,,0,0,False,abci_query error: engramd is not ready; please wait for first block: invalid height
1786159749.006562,engram-node04,-1,,False,,0,0,False,abci_query error: engramd is not ready; please wait for first block: invalid height
1786159754.012553,engram-node01,-1,,False,,0,0,False,abci_query error: engramd is not ready; please wait for first block: invalid height
1786159754.02233,engram-node02,-1,,False,,0,0,False,abci_query error: engramd is not ready; please wait for first block: invalid height
1786159754.027991,engram-node03,-1,,False,,0,0,False,abci_query error: engramd is not ready; please wait for first block: invalid height
1786159754.0349572,engram-node04,-1,,False,,0,0,False,abci_query error: engramd is not ready; please wait for first block: invalid height
1786159759.0427918,engram-node01,3,6169159F93EFE259D9BF453CB0F8DC0E33A3FF310AF991A777DC31C26A259E47,False,SOVEREIGN,0,0,False,
1786159759.0501068,engram-node02,3,6169159F93EFE259D9BF453CB0F8DC0E33A3FF310AF991A777DC31C26A259E47,False,SOVEREIGN,0,0,False,
1786159759.0580978,engram-node03,3,6169159F93EFE259D9BF453CB0F8DC0E33A3FF310AF991A777DC31C26A259E47,False,SOVEREIGN,0,0,False,
1786159759.064325,engram-node04,3,6169159F93EFE259D9BF453CB0F8DC0E33A3FF310AF991A777DC31C26A259E47,False,SOVEREIGN,0,0,False,
1786159764.0703712,engram-node01,7,7CA785D638271C16C5E62AF33CEADF8DB5DF300B048E0E81462AF101C65B3AE6,False,SOVEREIGN,0,0,False,
1786159764.074927,engram-node02,7,7CA785D638271C16C5E62AF33CEADF8DB5DF300B048E0E81462AF101C65B3AE6,False,SOVEREIGN,0,0,False,
1786159764.078239,engram-node03,7,7CA785D638271C16C5E62AF33CEADF8DB5DF300B048E0E81462AF101C65B3AE6,False,SOVEREIGN,0,0,False,
1786159764.0813599,engram-node04,7,7CA785D638271C16C5E62AF33CEADF8DB5DF300B048E0E81462AF101C65B3AE6,False,SOVEREIGN,0,0,False,
1786159769.0898402,engram-node01,9,B1BE0473B55212CF5D370AB2B06DD958D52D57DD9C129EFC7C53FB14804D3B70,False,SOVEREIGN,0,0,False,
1786159769.1003368,engram-node02,9,B1BE0473B55212CF5D370AB2B06DD958D52D57DD9C129EFC7C53FB14804D3B70,False,SOVEREIGN,0,0,False,
1786159769.1079612,engram-node03,9,B1BE0473B55212CF5D370AB2B06DD958D52D57DD9C129EFC7C53FB14804D3B70,False,SOVEREIGN,0,0,False,
1786159769.1132002,engram-node04,9,B1BE0473B55212CF5D370AB2B06DD958D52D57DD9C129EFC7C53FB14804D3B70,False,SOVEREIGN,0,0,False,
1786159774.119223,engram-node01,13,B6B6B74BCBE575B90CEDD96B3CE685E6796EF8AD21AADD1508F929B8725B6AA7,False,SOVEREIGN,0,0,False,
1786159774.124031,engram-node02,13,B6B6B74BCBE575B90CEDD96B3CE685E6796EF8AD21AADD1508F929B8725B6AA7,False,SOVEREIGN,0,0,False,
1786159774.1288671,engram-node03,13,B6B6B74BCBE575B90CEDD96B3CE685E6796EF8AD21AADD1508F929B8725B6AA7,False,SOVEREIGN,0,0,False,
1786159774.1332889,engram-node04,13,B6B6B74BCBE575B90CEDD96B3CE685E6796EF8AD21AADD1508F929B8725B6AA7,False,SOVEREIGN,0,0,False,
1786159779.142146,engram-node01,18,48ACAB6E8A98507B8A09AC9ACFB084C1B65E478F72777ABFBC4234332D599D5D,False,SOVEREIGN,0,0,False,
1786159779.147604,engram-node02,18,48ACAB6E8A98507B8A09AC9ACFB084C1B65E478F72777ABFBC4234332D599D5D,False,SOVEREIGN,0,0,False,
1786159779.153604,engram-node03,18,48ACAB6E8A98507B8A09AC9ACFB084C1B65E478F72777ABFBC4234332D599D5D,False,SOVEREIGN,0,0,False,
1786159779.15763,engram-node04,18,48ACAB6E8A98507B8A09AC9ACFB084C1B65E478F72777ABFBC4234332D599D5D,False,SOVEREIGN,0,0,False,
1786159784.1646469,engram-node01,22,0EDE62A3A002F24DE76AA5A3551417E28A8E2C94BC6EA7BBBF986C8DB34B7786,False,SOVEREIGN,0,0,False,
1786159784.170422,engram-node02,22,0EDE62A3A002F24DE76AA5A3551417E28A8E2C94BC6EA7BBBF986C8DB34B7786,False,SOVEREIGN,0,0,False,
1786159784.175329,engram-node03,22,0EDE62A3A002F24DE76AA5A3551417E28A8E2C94BC6EA7BBBF986C8DB34B7786,False,SOVEREIGN,0,0,False,
1786159784.180366,engram-node04,22,0EDE62A3A002F24DE76AA5A3551417E28A8E2C94BC6EA7BBBF986C8DB34B7786,False,SOVEREIGN,0,0,False,
1786159789.191583,engram-node01,26,174DB4EBE7E65F5F073845D3BB66921E6B0192C4ACC731468D31C2B6E06E38D3,False,SOVEREIGN,0,0,False,
1786159789.199875,engram-node02,26,174DB4EBE7E65F5F073845D3BB66921E6B0192C4ACC731468D31C2B6E06E38D3,False,SOVEREIGN,0,0,False,
1786159789.2068632,engram-node03,26,174DB4EBE7E65F5F073845D3BB66921E6B0192C4ACC731468D31C2B6E06E38D3,False,SOVEREIGN,0,0,False,
1786159789.214099,engram-node04,26,174DB4EBE7E65F5F073845D3BB66921E6B0192C4ACC731468D31C2B6E06E38D3,False,SOVEREIGN,0,0,False,
1786159794.225539,engram-node01,30,9EA83A84DD288328E793B786AA90A81C065F963024CE8C39137C347B7C71A571,False,SOVEREIGN,0,0,False,
1786159794.230505,engram-node02,30,9EA83A84DD288328E793B786AA90A81C065F963024CE8C39137C347B7C71A571,False,SOVEREIGN,0,0,False,
1786159794.233571,engram-node03,30,9EA83A84DD288328E793B786AA90A81C065F963024CE8C39137C347B7C71A571,False,SOVEREIGN,0,0,False,
1786159794.2399192,engram-node04,30,9EA83A84DD288328E793B786AA90A81C065F963024CE8C39137C347B7C71A571,False,SOVEREIGN,0,0,False,
1786159799.247728,engram-node01,34,1DCB552685D452A287DB8665193FF35C3945B87BAA290977AB5D6D51179D14B2,False,SOVEREIGN,0,0,False,
1786159799.255403,engram-node02,34,1DCB552685D452A287DB8665193FF35C3945B87BAA290977AB5D6D51179D14B2,False,SOVEREIGN,0,0,False,
1786159799.260062,engram-node03,34,1DCB552685D452A287DB8665193FF35C3945B87BAA290977AB5D6D51179D14B2,False,SOVEREIGN,0,0,False,
1786159799.2633119,engram-node04,34,1DCB552685D452A287DB8665193FF35C3945B87BAA290977AB5D6D51179D14B2,False,SOVEREIGN,0,0,False,
1786159804.277399,engram-node01,38,23ADDA3B4453AC67F7460FD3F269928C77A49376F5A7A63E0307BCAE998FB775,False,SOVEREIGN,0,0,False,
1786159804.291254,engram-node02,38,23ADDA3B4453AC67F7460FD3F269928C77A49376F5A7A63E0307BCAE998FB775,False,SOVEREIGN,0,0,False,
1786159804.301205,engram-node03,38,23ADDA3B4453AC67F7460FD3F269928C77A49376F5A7A63E0307BCAE998FB775,False,SOVEREIGN,0,0,False,
1786159804.3082292,engram-node04,38,23ADDA3B4453AC67F7460FD3F269928C77A49376F5A7A63E0307BCAE998FB775,False,SOVEREIGN,0,0,False,
1786159809.3241978,engram-node01,42,FFDA6C18059D20B55126F64AF1A0285944C5F7C544E02E4412A55327F9C7C3DD,False,SOVEREIGN,0,0,False,
1786159809.334185,engram-node02,42,FFDA6C18059D20B55126F64AF1A0285944C5F7C544E02E4412A55327F9C7C3DD,False,SOVEREIGN,0,0,False,
1786159809.341184,engram-node03,42,FFDA6C18059D20B55126F64AF1A0285944C5F7C544E02E4412A55327F9C7C3DD,False,SOVEREIGN,0,0,False,
1786159809.347994,engram-node04,42,FFDA6C18059D20B55126F64AF1A0285944C5F7C544E02E4412A55327F9C7C3DD,False,SOVEREIGN,0,0,False,
1786159814.3540711,engram-node01,46,C4061794EDA0893D932EDE01232E7B9809A281E1C9611F85CDD8BFD7E5475E64,False,SOVEREIGN,0,0,False,
1786159814.3587031,engram-node02,46,C4061794EDA0893D932EDE01232E7B9809A281E1C9611F85CDD8BFD7E5475E64,False,SOVEREIGN,0,0,False,
1786159814.362119,engram-node03,46,C4061794EDA0893D932EDE01232E7B9809A281E1C9611F85CDD8BFD7E5475E64,False,SOVEREIGN,0,0,False,
1786159814.3654048,engram-node04,46,C4061794EDA0893D932EDE01232E7B9809A281E1C9611F85CDD8BFD7E5475E64,False,SOVEREIGN,0,0,False,
1786159819.37351,engram-node01,50,B0FBCBFEA070227FBC5087E3986C4428E879745459135CBA5B64DA5476BCAEC7,False,SOVEREIGN,0,0,False,
1786159819.384064,engram-node02,50,B0FBCBFEA070227FBC5087E3986C4428E879745459135CBA5B64DA5476BCAEC7,False,SOVEREIGN,0,0,False,
1786159819.389301,engram-node03,50,B0FBCBFEA070227FBC5087E3986C4428E879745459135CBA5B64DA5476BCAEC7,False,SOVEREIGN,0,0,False,
1786159819.3944929,engram-node04,50,B0FBCBFEA070227FBC5087E3986C4428E879745459135CBA5B64DA5476BCAEC7,False,SOVEREIGN,0,0,False,
1786159824.400623,engram-node01,54,1A6D162F3983BDF4280F50D8230A21C7C2B52219A3DC7D3A54A4AE923043E4F1,False,SOVEREIGN,0,0,False,
1786159824.4069052,engram-node02,54,1A6D162F3983BDF4280F50D8230A21C7C2B52219A3DC7D3A54A4AE923043E4F1,False,SOVEREIGN,0,0,False,
1786159824.410395,engram-node03,54,1A6D162F3983BDF4280F50D8230A21C7C2B52219A3DC7D3A54A4AE923043E4F1,False,SOVEREIGN,0,0,False,
1786159824.413512,engram-node04,54,1A6D162F3983BDF4280F50D8230A21C7C2B52219A3DC7D3A54A4AE923043E4F1,False,SOVEREIGN,0,0,False,
1786159829.421675,engram-node01,58,1B10FAE32F33B10F77F3B08D4830E150E31996A03A26F680141DAF75C4B0E5DE,False,SOVEREIGN,0,0,False,
1786159829.433493,engram-node02,58,1B10FAE32F33B10F77F3B08D4830E150E31996A03A26F680141DAF75C4B0E5DE,False,SOVEREIGN,0,0,False,
1786159829.440832,engram-node03,58,1B10FAE32F33B10F77F3B08D4830E150E31996A03A26F680141DAF75C4B0E5DE,False,SOVEREIGN,0,0,False,
1786159829.445834,engram-node04,58,1B10FAE32F33B10F77F3B08D4830E150E31996A03A26F680141DAF75C4B0E5DE,False,SOVEREIGN,0,0,False,
1786159834.455703,engram-node01,62,F77BAAFB0045050EAA2BA5712F3CC6044A91EA5E3FC542CC3234E94CE86E873E,False,SOVEREIGN,0,0,False,
1786159834.466204,engram-node02,62,F77BAAFB0045050EAA2BA5712F3CC6044A91EA5E3FC542CC3234E94CE86E873E,False,SOVEREIGN,0,0,False,
1786159834.4726222,engram-node03,62,F77BAAFB0045050EAA2BA5712F3CC6044A91EA5E3FC542CC3234E94CE86E873E,False,SOVEREIGN,0,0,False,
1786159834.476979,engram-node04,62,F77BAAFB0045050EAA2BA5712F3CC6044A91EA5E3FC542CC3234E94CE86E873E,False,SOVEREIGN,0,0,False,
1786159839.4826481,engram-node01,66,0796AFC1570C76A8D164321CD6E935216AD20A63FED6DF0B25D5E9B308312C84,False,SOVEREIGN,0,0,False,
1786159839.48712,engram-node02,66,0796AFC1570C76A8D164321CD6E935216AD20A63FED6DF0B25D5E9B308312C84,False,SOVEREIGN,0,0,False,
1786159839.494229,engram-node03,66,0796AFC1570C76A8D164321CD6E935216AD20A63FED6DF0B25D5E9B308312C84,False,SOVEREIGN,0,0,False,
1786159839.4969568,engram-node04,66,0796AFC1570C76A8D164321CD6E935216AD20A63FED6DF0B25D5E9B308312C84,False,SOVEREIGN,0,0,False,
1786159844.512208,engram-node01,70,59B97EF873843F53520E61A09E097D64562D3C0676EC1135656732FABD13F866,False,SOVEREIGN,0,0,False,
1786159844.5322392,engram-node02,70,59B97EF873843F53520E61A09E097D64562D3C0676EC1135656732FABD13F866,False,SOVEREIGN,0,0,False,
1786159844.5366132,engram-node03,70,59B97EF873843F53520E61A09E097D64562D3C0676EC1135656732FABD13F866,False,SOVEREIGN,0,0,False,
1786159844.54096,engram-node04,70,59B97EF873843F53520E61A09E097D64562D3C0676EC1135656732FABD13F866,False,SOVEREIGN,0,0,False,
1786159849.553601,engram-node01,74,84B52C8C5AB3614661A3EC90114B4A190E501ED995E4377579664308B804DD6F,False,SOVEREIGN,0,0,False,
1786159849.5732522,engram-node02,74,84B52C8C5AB3614661A3EC90114B4A190E501ED995E4377579664308B804DD6F,False,SOVEREIGN,0,0,False,
1786159849.578851,engram-node03,74,84B52C8C5AB3614661A3EC90114B4A190E501ED995E4377579664308B804DD6F,False,SOVEREIGN,0,0,False,
1786159849.5841658,engram-node04,74,84B52C8C5AB3614661A3EC90114B4A190E501ED995E4377579664308B804DD6F,False,SOVEREIGN,0,0,False,
1786159854.592479,engram-node01,78,B547C52669601FA4AE2C0381481BF632BEEEF3E562D10C500F08BFF1A46CBF82,False,SOVEREIGN,0,0,False,
1786159854.596277,engram-node02,78,B547C52669601FA4AE2C0381481BF632BEEEF3E562D10C500F08BFF1A46CBF82,False,SOVEREIGN,0,0,False,
1786159854.599626,engram-node03,78,B547C52669601FA4AE2C0381481BF632BEEEF3E562D10C500F08BFF1A46CBF82,False,SOVEREIGN,0,0,False,
1786159854.6071649,engram-node04,78,B547C52669601FA4AE2C0381481BF632BEEEF3E562D10C500F08BFF1A46CBF82,False,SOVEREIGN,0,0,False,
1786159859.618114,engram-node01,82,8278B206FB547C3FD7CB58FE486E55A51DE18F104C10DC2E159A7156BEAEDF71,False,SOVEREIGN,0,0,False,
1786159859.622797,engram-node02,82,8278B206FB547C3FD7CB58FE486E55A51DE18F104C10DC2E159A7156BEAEDF71,False,SOVEREIGN,0,0,False,
1786159859.628281,engram-node03,82,8278B206FB547C3FD7CB58FE486E55A51DE18F104C10DC2E159A7156BEAEDF71,False,SOVEREIGN,0,0,False,
1786159859.6324852,engram-node04,82,8278B206FB547C3FD7CB58FE486E55A51DE18F104C10DC2E159A7156BEAEDF71,False,SOVEREIGN,0,0,False,
1786159864.640183,engram-node01,86,5DAE7556DCF35070E941AF74C4A80FF50CAD0469245D25C3A93A2AAB87F6DF39,False,SOVEREIGN,0,0,False,
1786159864.6472452,engram-node02,86,5DAE7556DCF35070E941AF74C4A80FF50CAD0469245D25C3A93A2AAB87F6DF39,False,SOVEREIGN,0,0,False,
1786159864.655494,engram-node03,86,5DAE7556DCF35070E941AF74C4A80FF50CAD0469245D25C3A93A2AAB87F6DF39,False,SOVEREIGN,0,0,False,
1786159864.659861,engram-node04,86,5DAE7556DCF35070E941AF74C4A80FF50CAD0469245D25C3A93A2AAB87F6DF39,False,SOVEREIGN,0,0,False,
1786159869.6655061,engram-node01,90,1AB82AC6DADD0BD3ACEBD9F12A9403857DAC4D42806D6224B54AADD00611A9C4,False,SOVEREIGN,0,0,False,
1786159869.673919,engram-node02,90,1AB82AC6DADD0BD3ACEBD9F12A9403857DAC4D42806D6224B54AADD00611A9C4,False,SOVEREIGN,0,0,False,
1786159869.6772401,engram-node03,90,1AB82AC6DADD0BD3ACEBD9F12A9403857DAC4D42806D6224B54AADD00611A9C4,False,SOVEREIGN,0,0,False,
1786159869.680158,engram-node04,90,1AB82AC6DADD0BD3ACEBD9F12A9403857DAC4D42806D6224B54AADD00611A9C4,False,SOVEREIGN,0,0,False,
1786159874.685117,engram-node01,93,C88AB59CECE4CF75CED25D32C056B04DAC4D62E61BB75B3673EAD4C99810AA20,False,SOVEREIGN,0,0,False,
1786159874.69067,engram-node02,93,C88AB59CECE4CF75CED25D32C056B04DAC4D62E61BB75B3673EAD4C99810AA20,False,SOVEREIGN,0,0,False,
1786159874.695531,engram-node03,93,C88AB59CECE4CF75CED25D32C056B04DAC4D62E61BB75B3673EAD4C99810AA20,False,SOVEREIGN,0,0,False,
1786159874.699403,engram-node04,93,C88AB59CECE4CF75CED25D32C056B04DAC4D62E61BB75B3673EAD4C99810AA20,False,SOVEREIGN,0,0,False,
1786159879.7080598,engram-node01,97,C3C90B113247C87D044FC33F0DA9686E08D8B9B4186BA6C20A13FD22E0CFCBA6,False,SOVEREIGN,0,0,False,
1786159879.713098,engram-node02,98,E8F0A372D09B00BD39BB7B3FD3F31A339706F54321B4795D31EC2C705120F101,False,SOVEREIGN,0,0,False,
1786159879.71611,engram-node03,98,E8F0A372D09B00BD39BB7B3FD3F31A339706F54321B4795D31EC2C705120F101,False,SOVEREIGN,0,0,False,
1786159879.7186182,engram-node04,97,C3C90B113247C87D044FC33F0DA9686E08D8B9B4186BA6C20A13FD22E0CFCBA6,False,SOVEREIGN,0,0,False,
1786159884.722647,engram-node01,102,486899BDFF317816C8BD3664D1B2F079A9824B4D4177ED452B53099BF6DBA1D2,False,SOVEREIGN,0,0,False,
1786159884.727981,engram-node02,102,486899BDFF317816C8BD3664D1B2F079A9824B4D4177ED452B53099BF6DBA1D2,False,SOVEREIGN,0,0,False,
1786159884.7327302,engram-node03,102,486899BDFF317816C8BD3664D1B2F079A9824B4D4177ED452B53099BF6DBA1D2,False,SOVEREIGN,0,0,False,
1786159884.7374542,engram-node04,102,486899BDFF317816C8BD3664D1B2F079A9824B4D4177ED452B53099BF6DBA1D2,False,SOVEREIGN,0,0,False,
1786159889.746644,engram-node01,106,AA063659F455C64019346F695AC67687988F50A978A58E7EFDBEBB84B950B4E8,False,SOVEREIGN,0,0,False,
1786159889.756526,engram-node02,106,AA063659F455C64019346F695AC67687988F50A978A58E7EFDBEBB84B950B4E8,False,SOVEREIGN,0,0,False,
1786159889.762635,engram-node03,106,AA063659F455C64019346F695AC67687988F50A978A58E7EFDBEBB84B950B4E8,False,SOVEREIGN,0,0,False,
1786159889.7671301,engram-node04,106,AA063659F455C64019346F695AC67687988F50A978A58E7EFDBEBB84B950B4E8,False,SOVEREIGN,0,0,False,
1786159894.7734988,engram-node01,110,2F7076A445B515D1AFA9EF870314D71E0411AFA3E8C81A37FECAD68B1B13D5E6,False,SOVEREIGN,0,0,False,
1786159894.779458,engram-node02,110,2F7076A445B515D1AFA9EF870314D71E0411AFA3E8C81A37FECAD68B1B13D5E6,False,SOVEREIGN,0,0,False,
1786159894.782839,engram-node03,110,2F7076A445B515D1AFA9EF870314D71E0411AFA3E8C81A37FECAD68B1B13D5E6,False,SOVEREIGN,0,0,False,
1786159894.786119,engram-node04,110,2F7076A445B515D1AFA9EF870314D71E0411AFA3E8C81A37FECAD68B1B13D5E6,False,SOVEREIGN,0,0,False,
1786159899.7944992,engram-node01,115,CF75110138D1ED3A1728B471D368D47A41F341043387D252D48E479B64B8970A,False,SOVEREIGN,0,0,False,
1786159899.8019378,engram-node02,115,CF75110138D1ED3A1728B471D368D47A41F341043387D252D48E479B64B8970A,False,SOVEREIGN,0,0,False,
1786159899.807174,engram-node03,115,CF75110138D1ED3A1728B471D368D47A41F341043387D252D48E479B64B8970A,False,SOVEREIGN,0,0,False,
1786159899.8119931,engram-node04,115,CF75110138D1ED3A1728B471D368D47A41F341043387D252D48E479B64B8970A,False,SOVEREIGN,0,0,False,
1786159904.817455,engram-node01,119,403F1A7D20CB71BBB6D98A920DEBEE9D7E228D1ACDBCA7ACDF00110CCD11AD53,False,SOVEREIGN,0,0,False,
1786159904.8243892,engram-node02,119,403F1A7D20CB71BBB6D98A920DEBEE9D7E228D1ACDBCA7ACDF00110CCD11AD53,False,SOVEREIGN,0,0,False,
1786159904.8289568,engram-node03,119,403F1A7D20CB71BBB6D98A920DEBEE9D7E228D1ACDBCA7ACDF00110CCD11AD53,False,SOVEREIGN,0,0,False,
1786159904.831768,engram-node04,119,403F1A7D20CB71BBB6D98A920DEBEE9D7E228D1ACDBCA7ACDF00110CCD11AD53,False,SOVEREIGN,0,0,False,
1786159909.839705,engram-node01,123,69114F132DF87FF0086BD881A7FE7DC7C65E8DF1DCBDE73B20CD9775ACE7C027,False,SOVEREIGN,0,0,False,
1786159909.8491578,engram-node02,123,69114F132DF87FF0086BD881A7FE7DC7C65E8DF1DCBDE73B20CD9775ACE7C027,False,SOVEREIGN,0,0,False,
1786159909.857843,engram-node03,123,69114F132DF87FF0086BD881A7FE7DC7C65E8DF1DCBDE73B20CD9775ACE7C027,False,SOVEREIGN,0,0,False,
1786159909.86434,engram-node04,123,69114F132DF87FF0086BD881A7FE7DC7C65E8DF1DCBDE73B20CD9775ACE7C027,False,SOVEREIGN,0,0,False,
1786159914.874439,engram-node01,127,6F5C69DA47E73893A0031B7889341FA1460A1089697C06309E473989263617B6,False,SOVEREIGN,0,0,False,
1786159914.8834329,engram-node02,127,6F5C69DA47E73893A0031B7889341FA1460A1089697C06309E473989263617B6,False,SOVEREIGN,0,0,False,
1786159914.8892002,engram-node03,127,6F5C69DA47E73893A0031B7889341FA1460A1089697C06309E473989263617B6,False,SOVEREIGN,0,0,False,
1786159914.893258,engram-node04,127,6F5C69DA47E73893A0031B7889341FA1460A1089697C06309E473989263617B6,False,SOVEREIGN,0,0,False,
1786159919.898096,engram-node01,131,528EFE04DBE9561BA710AED73E0A6D18F3A8F058ADB1ADCAA3B79FA91A92ACDA,False,SOVEREIGN,0,0,False,
1786159919.9030242,engram-node02,131,528EFE04DBE9561BA710AED73E0A6D18F3A8F058ADB1ADCAA3B79FA91A92ACDA,False,SOVEREIGN,0,0,False,
1786159919.907058,engram-node03,131,528EFE04DBE9561BA710AED73E0A6D18F3A8F058ADB1ADCAA3B79FA91A92ACDA,False,SOVEREIGN,0,0,False,
1786159919.911042,engram-node04,131,528EFE04DBE9561BA710AED73E0A6D18F3A8F058ADB1ADCAA3B79FA91A92ACDA,False,SOVEREIGN,0,0,False,
1786159924.914449,engram-node01,136,55730257649748EC5DD396166BB8084151CE615C5807982E84F44E6D43E6D7B3,False,SOVEREIGN,0,0,False,
1786159924.919123,engram-node02,136,55730257649748EC5DD396166BB8084151CE615C5807982E84F44E6D43E6D7B3,False,SOVEREIGN,0,0,False,
1786159924.922946,engram-node03,136,55730257649748EC5DD396166BB8084151CE615C5807982E84F44E6D43E6D7B3,False,SOVEREIGN,0,0,False,
1786159924.926804,engram-node04,136,55730257649748EC5DD396166BB8084151CE615C5807982E84F44E6D43E6D7B3,False,SOVEREIGN,0,0,False,
1786159929.9307609,engram-node01,140,193CE4681D65392340E9320A5E65C31413BA2C825D8FA162537CB4AC6F90DE6D,False,SOVEREIGN,0,0,False,
1786159929.939297,engram-node02,140,193CE4681D65392340E9320A5E65C31413BA2C825D8FA162537CB4AC6F90DE6D,False,SOVEREIGN,0,0,False,
1786159929.946134,engram-node03,140,193CE4681D65392340E9320A5E65C31413BA2C825D8FA162537CB4AC6F90DE6D,False,SOVEREIGN,0,0,False,
1786159929.95088,engram-node04,140,193CE4681D65392340E9320A5E65C31413BA2C825D8FA162537CB4AC6F90DE6D,False,SOVEREIGN,0,0,False,
1786159934.960722,engram-node01,144,9EC159A658EE9EAF5A52693C70C8DBC0448408CFAC5E9D32EEF7172D479CCA1A,False,SOVEREIGN,0,0,False,
1786159934.967956,engram-node02,144,9EC159A658EE9EAF5A52693C70C8DBC0448408CFAC5E9D32EEF7172D479CCA1A,False,SOVEREIGN,0,0,False,
1786159934.971633,engram-node03,144,9EC159A658EE9EAF5A52693C70C8DBC0448408CFAC5E9D32EEF7172D479CCA1A,False,SOVEREIGN,0,0,False,
1786159934.9754791,engram-node04,144,9EC159A658EE9EAF5A52693C70C8DBC0448408CFAC5E9D32EEF7172D479CCA1A,False,SOVEREIGN,0,0,False,
1786159939.990499,engram-node01,148,14E4293762CB5550E121A63D75CC73A29AE4803F896D928B58E01478FD65D9A0,False,SOVEREIGN,0,0,False,
1786159940.005226,engram-node02,148,14E4293762CB5550E121A63D75CC73A29AE4803F896D928B58E01478FD65D9A0,False,SOVEREIGN,0,0,False,
1786159940.011758,engram-node03,148,14E4293762CB5550E121A63D75CC73A29AE4803F896D928B58E01478FD65D9A0,False,SOVEREIGN,0,0,False,
1786159940.017982,engram-node04,148,14E4293762CB5550E121A63D75CC73A29AE4803F896D928B58E01478FD65D9A0,False,SOVEREIGN,0,0,False,
1786159945.027678,engram-node01,152,9616D7D19BDC184BAD57926070BC2161567A7218774AC0FE1BF5646C57A92D07,False,SOVEREIGN,0,0,False,
1786159945.034245,engram-node02,152,9616D7D19BDC184BAD57926070BC2161567A7218774AC0FE1BF5646C57A92D07,False,SOVEREIGN,0,0,False,
1786159945.03876,engram-node03,152,9616D7D19BDC184BAD57926070BC2161567A7218774AC0FE1BF5646C57A92D07,False,SOVEREIGN,0,0,False,
1786159945.0425851,engram-node04,152,9616D7D19BDC184BAD57926070BC2161567A7218774AC0FE1BF5646C57A92D07,False,SOVEREIGN,0,0,False,
1786159950.050891,engram-node01,156,A52C045BB16FE62FEE5440B2268C850C22BDC11DA6076A35A39A37F3014E9E20,False,SOVEREIGN,0,0,False,
1786159950.062508,engram-node02,156,A52C045BB16FE62FEE5440B2268C850C22BDC11DA6076A35A39A37F3014E9E20,False,SOVEREIGN,0,0,False,
1786159950.068064,engram-node03,156,A52C045BB16FE62FEE5440B2268C850C22BDC11DA6076A35A39A37F3014E9E20,False,SOVEREIGN,0,0,False,
1786159950.072598,engram-node04,156,A52C045BB16FE62FEE5440B2268C850C22BDC11DA6076A35A39A37F3014E9E20,False,SOVEREIGN,0,0,False,
1786159955.077914,engram-node01,160,ED52E2E19F16CD021898FF849182A1AC4A4277123D4067F936AD70698035B4DE,False,SOVEREIGN,0,0,False,
1786159955.088619,engram-node02,160,ED52E2E19F16CD021898FF849182A1AC4A4277123D4067F936AD70698035B4DE,False,SOVEREIGN,0,0,False,
1786159955.094034,engram-node03,160,ED52E2E19F16CD021898FF849182A1AC4A4277123D4067F936AD70698035B4DE,False,SOVEREIGN,0,0,False,
1786159955.0990138,engram-node04,160,ED52E2E19F16CD021898FF849182A1AC4A4277123D4067F936AD70698035B4DE,False,SOVEREIGN,0,0,False,
1786159960.108448,engram-node01,164,AE7D9704EFD43DC693E1B50B01B0F89983BD60225D6507B0B412AF32DA210051,False,SOVEREIGN,0,0,False,
1786159960.115944,engram-node02,164,AE7D9704EFD43DC693E1B50B01B0F89983BD60225D6507B0B412AF32DA210051,False,SOVEREIGN,0,0,False,
1786159960.121684,engram-node03,164,AE7D9704EFD43DC693E1B50B01B0F89983BD60225D6507B0B412AF32DA210051,False,SOVEREIGN,0,0,False,
1786159960.1285172,engram-node04,164,AE7D9704EFD43DC693E1B50B01B0F89983BD60225D6507B0B412AF32DA210051,False,SOVEREIGN,0,0,False,
1786159965.136514,engram-node01,168,3E91F498CF4353B282650B91976E2C27B337F6E4F351A94EF94FFF978CB130DC,False,SOVEREIGN,0,0,False,
1786159965.141512,engram-node02,168,3E91F498CF4353B282650B91976E2C27B337F6E4F351A94EF94FFF978CB130DC,False,SOVEREIGN,0,0,False,
1786159965.144979,engram-node03,168,3E91F498CF4353B282650B91976E2C27B337F6E4F351A94EF94FFF978CB130DC,False,SOVEREIGN,0,0,False,
1786159965.1481779,engram-node04,168,3E91F498CF4353B282650B91976E2C27B337F6E4F351A94EF94FFF978CB130DC,False,SOVEREIGN,0,0,False,
1786159970.152373,engram-node01,172,7CE58ECDD8CEBF761525CED565C809F55C60EAB513C43CCD6DD375187D645633,False,SOVEREIGN,0,0,False,
1786159970.1577542,engram-node02,172,7CE58ECDD8CEBF761525CED565C809F55C60EAB513C43CCD6DD375187D645633,False,SOVEREIGN,0,0,False,
1786159970.161977,engram-node03,172,7CE58ECDD8CEBF761525CED565C809F55C60EAB513C43CCD6DD375187D645633,False,SOVEREIGN,0,0,False,
1786159970.166562,engram-node04,172,7CE58ECDD8CEBF761525CED565C809F55C60EAB513C43CCD6DD375187D645633,False,SOVEREIGN,0,0,False,
1786159975.172949,engram-node01,175,0630BCB61B20402E2047BF92E3FFBA1233EC8D8D548C50B776BA73AEB18DC0AD,False,SOVEREIGN,0,0,False,
1786159975.1776361,engram-node02,175,0630BCB61B20402E2047BF92E3FFBA1233EC8D8D548C50B776BA73AEB18DC0AD,False,SOVEREIGN,0,0,False,
1786159975.183532,engram-node03,175,0630BCB61B20402E2047BF92E3FFBA1233EC8D8D548C50B776BA73AEB18DC0AD,False,SOVEREIGN,0,0,False,
1786159975.187892,engram-node04,175,0630BCB61B20402E2047BF92E3FFBA1233EC8D8D548C50B776BA73AEB18DC0AD,False,SOVEREIGN,0,0,False,
1786159980.19512,engram-node01,179,CF244F749D35308B28693E5C1D996C7B76F7CE109A17F840618453F90B5F5DB6,False,SOVEREIGN,0,0,False,
1786159980.203747,engram-node02,179,CF244F749D35308B28693E5C1D996C7B76F7CE109A17F840618453F90B5F5DB6,False,SOVEREIGN,0,0,False,
1786159980.2148218,engram-node03,179,CF244F749D35308B28693E5C1D996C7B76F7CE109A17F840618453F90B5F5DB6,False,SOVEREIGN,0,0,False,
1786159980.220219,engram-node04,179,CF244F749D35308B28693E5C1D996C7B76F7CE109A17F840618453F90B5F5DB6,False,SOVEREIGN,0,0,False,
1786159985.228531,engram-node01,183,77D1AB7EE6FEDF6C7543901B1C973E78DC7889AFD5D0372A34B0BE647C62F33E,False,SOVEREIGN,0,0,False,
1786159985.239694,engram-node02,183,77D1AB7EE6FEDF6C7543901B1C973E78DC7889AFD5D0372A34B0BE647C62F33E,False,SOVEREIGN,0,0,False,
1786159985.2445672,engram-node03,183,77D1AB7EE6FEDF6C7543901B1C973E78DC7889AFD5D0372A34B0BE647C62F33E,False,SOVEREIGN,0,0,False,
1786159985.2484858,engram-node04,183,77D1AB7EE6FEDF6C7543901B1C973E78DC7889AFD5D0372A34B0BE647C62F33E,False,SOVEREIGN,0,0,False,
1786159990.256278,engram-node01,187,AF9BE3F276046759CA36BE9A34A51F96CF5FCFC4B5DA7EAB67E1B4CE7B503FB8,False,SOVEREIGN,0,0,False,
1786159990.262028,engram-node02,187,AF9BE3F276046759CA36BE9A34A51F96CF5FCFC4B5DA7EAB67E1B4CE7B503FB8,False,SOVEREIGN,0,0,False,
1786159990.2663512,engram-node03,187,AF9BE3F276046759CA36BE9A34A51F96CF5FCFC4B5DA7EAB67E1B4CE7B503FB8,False,SOVEREIGN,0,0,False,
1786159990.270394,engram-node04,187,AF9BE3F276046759CA36BE9A34A51F96CF5FCFC4B5DA7EAB67E1B4CE7B503FB8,False,SOVEREIGN,0,0,False,
1786159995.2777548,engram-node01,191,1848F019D635B89A5A447D62D2C5935580510E91DD42B5A201A586D75C1E7429,False,RECOVERING,0,0,False,
1786159995.284309,engram-node02,191,1848F019D635B89A5A447D62D2C5935580510E91DD42B5A201A586D75C1E7429,False,RECOVERING,0,0,False,
1786159995.290716,engram-node03,191,1848F019D635B89A5A447D62D2C5935580510E91DD42B5A201A586D75C1E7429,False,RECOVERING,0,0,False,
1786159995.295498,engram-node04,191,1848F019D635B89A5A447D62D2C5935580510E91DD42B5A201A586D75C1E7429,False,RECOVERING,0,0,False,
1786160000.305396,engram-node01,193,ADB1C6DA4E60547D40BCF8800DC02CECB18C0C95ECFEE69E0F6EA60A1B47599F,False,RECOVERING,2,0,False,
1786160000.315091,engram-node02,193,ADB1C6DA4E60547D40BCF8800DC02CECB18C0C95ECFEE69E0F6EA60A1B47599F,False,RECOVERING,2,0,False,
1786160000.3205,engram-node03,193,ADB1C6DA4E60547D40BCF8800DC02CECB18C0C95ECFEE69E0F6EA60A1B47599F,False,RECOVERING,2,0,False,
1786160000.32466,engram-node04,193,ADB1C6DA4E60547D40BCF8800DC02CECB18C0C95ECFEE69E0F6EA60A1B47599F,False,RECOVERING,2,0,False,
1786160005.3334432,engram-node01,193,ADB1C6DA4E60547D40BCF8800DC02CECB18C0C95ECFEE69E0F6EA60A1B47599F,False,RECOVERING,2,0,False,
1786160005.339186,engram-node02,193,ADB1C6DA4E60547D40BCF8800DC02CECB18C0C95ECFEE69E0F6EA60A1B47599F,False,RECOVERING,2,0,False,
1786160005.343945,engram-node03,193,ADB1C6DA4E60547D40BCF8800DC02CECB18C0C95ECFEE69E0F6EA60A1B47599F,False,RECOVERING,2,0,False,
1786160005.347371,engram-node04,193,ADB1C6DA4E60547D40BCF8800DC02CECB18C0C95ECFEE69E0F6EA60A1B47599F,False,RECOVERING,2,0,False,
1786160010.356008,engram-node01,193,ADB1C6DA4E60547D40BCF8800DC02CECB18C0C95ECFEE69E0F6EA60A1B47599F,False,RECOVERING,2,0,False,
1786160010.361303,engram-node02,193,ADB1C6DA4E60547D40BCF8800DC02CECB18C0C95ECFEE69E0F6EA60A1B47599F,False,RECOVERING,2,0,False,
1786160010.365344,engram-node03,193,ADB1C6DA4E60547D40BCF8800DC02CECB18C0C95ECFEE69E0F6EA60A1B47599F,False,RECOVERING,2,0,False,
1786160010.368978,engram-node04,193,ADB1C6DA4E60547D40BCF8800DC02CECB18C0C95ECFEE69E0F6EA60A1B47599F,False,RECOVERING,2,0,False,
1786160015.378217,engram-node01,193,ADB1C6DA4E60547D40BCF8800DC02CECB18C0C95ECFEE69E0F6EA60A1B47599F,False,RECOVERING,2,0,False,
1786160015.3883038,engram-node02,193,ADB1C6DA4E60547D40BCF8800DC02CECB18C0C95ECFEE69E0F6EA60A1B47599F,False,RECOVERING,2,0,False,
1786160015.392405,engram-node03,193,ADB1C6DA4E60547D40BCF8800DC02CECB18C0C95ECFEE69E0F6EA60A1B47599F,False,RECOVERING,2,0,False,
1786160015.396779,engram-node04,193,ADB1C6DA4E60547D40BCF8800DC02CECB18C0C95ECFEE69E0F6EA60A1B47599F,False,RECOVERING,2,0,False,
1786160020.405751,engram-node01,193,ADB1C6DA4E60547D40BCF8800DC02CECB18C0C95ECFEE69E0F6EA60A1B47599F,False,RECOVERING,2,0,False,
1786160020.413981,engram-node02,193,ADB1C6DA4E60547D40BCF8800DC02CECB18C0C95ECFEE69E0F6EA60A1B47599F,False,RECOVERING,2,0,False,
1786160020.419102,engram-node03,193,ADB1C6DA4E60547D40BCF8800DC02CECB18C0C95ECFEE69E0F6EA60A1B47599F,False,RECOVERING,2,0,False,
1786160020.423819,engram-node04,193,ADB1C6DA4E60547D40BCF8800DC02CECB18C0C95ECFEE69E0F6EA60A1B47599F,False,RECOVERING,2,0,False,
1786160025.430774,engram-node01,193,ADB1C6DA4E60547D40BCF8800DC02CECB18C0C95ECFEE69E0F6EA60A1B47599F,False,RECOVERING,2,0,False,
1786160025.43888,engram-node02,193,ADB1C6DA4E60547D40BCF8800DC02CECB18C0C95ECFEE69E0F6EA60A1B47599F,False,RECOVERING,2,0,False,
1786160025.4432828,engram-node03,193,ADB1C6DA4E60547D40BCF8800DC02CECB18C0C95ECFEE69E0F6EA60A1B47599F,False,RECOVERING,2,0,False,
1786160025.447262,engram-node04,193,ADB1C6DA4E60547D40BCF8800DC02CECB18C0C95ECFEE69E0F6EA60A1B47599F,False,RECOVERING,2,0,False,
1786160030.454668,engram-node01,193,ADB1C6DA4E60547D40BCF8800DC02CECB18C0C95ECFEE69E0F6EA60A1B47599F,False,RECOVERING,2,0,False,
1786160030.463659,engram-node02,193,ADB1C6DA4E60547D40BCF8800DC02CECB18C0C95ECFEE69E0F6EA60A1B47599F,False,RECOVERING,2,0,False,
1786160030.468696,engram-node03,193,ADB1C6DA4E60547D40BCF8800DC02CECB18C0C95ECFEE69E0F6EA60A1B47599F,False,RECOVERING,2,0,False,
1786160030.4728,engram-node04,193,ADB1C6DA4E60547D40BCF8800DC02CECB18C0C95ECFEE69E0F6EA60A1B47599F,False,RECOVERING,2,0,False,
1786160035.47936,engram-node01,193,ADB1C6DA4E60547D40BCF8800DC02CECB18C0C95ECFEE69E0F6EA60A1B47599F,False,RECOVERING,2,0,False,
1786160035.48875,engram-node02,193,ADB1C6DA4E60547D40BCF8800DC02CECB18C0C95ECFEE69E0F6EA60A1B47599F,False,RECOVERING,2,0,False,
1786160035.493152,engram-node03,193,ADB1C6DA4E60547D40BCF8800DC02CECB18C0C95ECFEE69E0F6EA60A1B47599F,False,RECOVERING,2,0,False,
1786160035.496916,engram-node04,193,ADB1C6DA4E60547D40BCF8800DC02CECB18C0C95ECFEE69E0F6EA60A1B47599F,False,RECOVERING,2,0,False,
1786160040.504166,engram-node01,193,ADB1C6DA4E60547D40BCF8800DC02CECB18C0C95ECFEE69E0F6EA60A1B47599F,False,RECOVERING,2,0,False,
1786160040.511713,engram-node02,193,ADB1C6DA4E60547D40BCF8800DC02CECB18C0C95ECFEE69E0F6EA60A1B47599F,False,RECOVERING,2,0,False,
1786160040.515486,engram-node03,193,ADB1C6DA4E60547D40BCF8800DC02CECB18C0C95ECFEE69E0F6EA60A1B47599F,False,RECOVERING,2,0,False,
1786160040.518921,engram-node04,193,ADB1C6DA4E60547D40BCF8800DC02CECB18C0C95ECFEE69E0F6EA60A1B47599F,False,RECOVERING,2,0,False,
1786160045.527627,engram-node01,193,ADB1C6DA4E60547D40BCF8800DC02CECB18C0C95ECFEE69E0F6EA60A1B47599F,False,RECOVERING,2,0,False,
1786160045.53615,engram-node02,193,ADB1C6DA4E60547D40BCF8800DC02CECB18C0C95ECFEE69E0F6EA60A1B47599F,False,RECOVERING,2,0,False,
1786160045.542971,engram-node03,193,ADB1C6DA4E60547D40BCF8800DC02CECB18C0C95ECFEE69E0F6EA60A1B47599F,False,RECOVERING,2,0,False,
1786160045.549014,engram-node04,193,ADB1C6DA4E60547D40BCF8800DC02CECB18C0C95ECFEE69E0F6EA60A1B47599F,False,RECOVERING,2,0,False,
1786160050.558142,engram-node01,193,ADB1C6DA4E60547D40BCF8800DC02CECB18C0C95ECFEE69E0F6EA60A1B47599F,False,RECOVERING,2,0,False,
1786160050.563639,engram-node02,193,ADB1C6DA4E60547D40BCF8800DC02CECB18C0C95ECFEE69E0F6EA60A1B47599F,False,RECOVERING,2,0,False,
1786160050.568877,engram-node03,193,ADB1C6DA4E60547D40BCF8800DC02CECB18C0C95ECFEE69E0F6EA60A1B47599F,False,RECOVERING,2,0,False,
1786160050.572874,engram-node04,193,ADB1C6DA4E60547D40BCF8800DC02CECB18C0C95ECFEE69E0F6EA60A1B47599F,False,RECOVERING,2,0,False,
1786160055.577229,engram-node01,194,B4E254F1083A4C15822475FFA08810257B1E23DAEB72918DE19061623D6094D3,False,SOVEREIGN,0,0,False,
1786160055.584405,engram-node02,194,B4E254F1083A4C15822475FFA08810257B1E23DAEB72918DE19061623D6094D3,False,SOVEREIGN,0,0,False,
1786160055.592439,engram-node03,194,B4E254F1083A4C15822475FFA08810257B1E23DAEB72918DE19061623D6094D3,False,SOVEREIGN,0,0,False,
1786160055.5990982,engram-node04,194,B4E254F1083A4C15822475FFA08810257B1E23DAEB72918DE19061623D6094D3,False,SOVEREIGN,0,0,False,
1786160060.605061,engram-node01,197,1B8DF8F23C7F5C7D9A48B7D7915392F4630410BFEA08670B30EB7FCF029023D6,False,RECOVERING,2,0,False,
1786160060.610938,engram-node02,197,1B8DF8F23C7F5C7D9A48B7D7915392F4630410BFEA08670B30EB7FCF029023D6,False,RECOVERING,2,0,False,
1786160060.6154509,engram-node03,197,1B8DF8F23C7F5C7D9A48B7D7915392F4630410BFEA08670B30EB7FCF029023D6,False,RECOVERING,2,0,False,
1786160060.619721,engram-node04,197,1B8DF8F23C7F5C7D9A48B7D7915392F4630410BFEA08670B30EB7FCF029023D6,False,RECOVERING,2,0,False,
1786160065.6284108,engram-node01,197,1B8DF8F23C7F5C7D9A48B7D7915392F4630410BFEA08670B30EB7FCF029023D6,False,RECOVERING,2,0,False,
1786160065.642623,engram-node02,197,1B8DF8F23C7F5C7D9A48B7D7915392F4630410BFEA08670B30EB7FCF029023D6,False,RECOVERING,2,0,False,
1786160065.6464388,engram-node03,197,1B8DF8F23C7F5C7D9A48B7D7915392F4630410BFEA08670B30EB7FCF029023D6,False,RECOVERING,2,0,False,
1786160065.649875,engram-node04,197,1B8DF8F23C7F5C7D9A48B7D7915392F4630410BFEA08670B30EB7FCF029023D6,False,RECOVERING,2,0,False,
1786160070.657718,engram-node01,197,1B8DF8F23C7F5C7D9A48B7D7915392F4630410BFEA08670B30EB7FCF029023D6,False,RECOVERING,2,0,False,
1786160070.6670651,engram-node02,197,1B8DF8F23C7F5C7D9A48B7D7915392F4630410BFEA08670B30EB7FCF029023D6,False,RECOVERING,2,0,False,
1786160070.6737049,engram-node03,197,1B8DF8F23C7F5C7D9A48B7D7915392F4630410BFEA08670B30EB7FCF029023D6,False,RECOVERING,2,0,False,
1786160070.6787589,engram-node04,197,1B8DF8F23C7F5C7D9A48B7D7915392F4630410BFEA08670B30EB7FCF029023D6,False,RECOVERING,2,0,False,
1786160075.685279,engram-node01,197,1B8DF8F23C7F5C7D9A48B7D7915392F4630410BFEA08670B30EB7FCF029023D6,False,RECOVERING,2,0,False,
1786160075.69145,engram-node02,197,1B8DF8F23C7F5C7D9A48B7D7915392F4630410BFEA08670B30EB7FCF029023D6,False,RECOVERING,2,0,False,
1786160075.696864,engram-node03,197,1B8DF8F23C7F5C7D9A48B7D7915392F4630410BFEA08670B30EB7FCF029023D6,False,RECOVERING,2,0,False,
1786160075.701613,engram-node04,197,1B8DF8F23C7F5C7D9A48B7D7915392F4630410BFEA08670B30EB7FCF029023D6,False,RECOVERING,2,0,False,
1786160080.710355,engram-node01,197,1B8DF8F23C7F5C7D9A48B7D7915392F4630410BFEA08670B30EB7FCF029023D6,False,RECOVERING,2,0,False,
1786160080.719931,engram-node02,197,1B8DF8F23C7F5C7D9A48B7D7915392F4630410BFEA08670B30EB7FCF029023D6,False,RECOVERING,2,0,False,
1786160080.7259772,engram-node03,197,1B8DF8F23C7F5C7D9A48B7D7915392F4630410BFEA08670B30EB7FCF029023D6,False,RECOVERING,2,0,False,
1786160080.732138,engram-node04,197,1B8DF8F23C7F5C7D9A48B7D7915392F4630410BFEA08670B30EB7FCF029023D6,False,RECOVERING,2,0,False,
1786160085.73929,engram-node01,197,1B8DF8F23C7F5C7D9A48B7D7915392F4630410BFEA08670B30EB7FCF029023D6,False,RECOVERING,2,0,False,
1786160085.746778,engram-node02,197,1B8DF8F23C7F5C7D9A48B7D7915392F4630410BFEA08670B30EB7FCF029023D6,False,RECOVERING,2,0,False,
1786160085.752695,engram-node03,197,1B8DF8F23C7F5C7D9A48B7D7915392F4630410BFEA08670B30EB7FCF029023D6,False,RECOVERING,2,0,False,
1786160085.757966,engram-node04,197,1B8DF8F23C7F5C7D9A48B7D7915392F4630410BFEA08670B30EB7FCF029023D6,False,RECOVERING,2,0,False,
1786160090.767317,engram-node01,197,1B8DF8F23C7F5C7D9A48B7D7915392F4630410BFEA08670B30EB7FCF029023D6,False,RECOVERING,2,0,False,
1786160090.7759109,engram-node02,197,1B8DF8F23C7F5C7D9A48B7D7915392F4630410BFEA08670B30EB7FCF029023D6,False,RECOVERING,2,0,False,
1786160090.781104,engram-node03,197,1B8DF8F23C7F5C7D9A48B7D7915392F4630410BFEA08670B30EB7FCF029023D6,False,RECOVERING,2,0,False,
1786160090.787185,engram-node04,197,1B8DF8F23C7F5C7D9A48B7D7915392F4630410BFEA08670B30EB7FCF029023D6,False,RECOVERING,2,0,False,
1786160095.796211,engram-node01,197,1B8DF8F23C7F5C7D9A48B7D7915392F4630410BFEA08670B30EB7FCF029023D6,False,RECOVERING,2,0,False,
1786160095.817555,engram-node02,197,1B8DF8F23C7F5C7D9A48B7D7915392F4630410BFEA08670B30EB7FCF029023D6,False,RECOVERING,2,0,False,
1786160095.832198,engram-node03,197,1B8DF8F23C7F5C7D9A48B7D7915392F4630410BFEA08670B30EB7FCF029023D6,False,RECOVERING,2,0,False,
1786160095.845058,engram-node04,197,1B8DF8F23C7F5C7D9A48B7D7915392F4630410BFEA08670B30EB7FCF029023D6,False,RECOVERING,2,0,False,
1786160100.856949,engram-node01,197,1B8DF8F23C7F5C7D9A48B7D7915392F4630410BFEA08670B30EB7FCF029023D6,False,RECOVERING,2,0,False,
1786160100.864922,engram-node02,197,1B8DF8F23C7F5C7D9A48B7D7915392F4630410BFEA08670B30EB7FCF029023D6,False,RECOVERING,2,0,False,
1786160100.878613,engram-node03,197,1B8DF8F23C7F5C7D9A48B7D7915392F4630410BFEA08670B30EB7FCF029023D6,False,RECOVERING,2,0,False,
1786160100.882389,engram-node04,197,1B8DF8F23C7F5C7D9A48B7D7915392F4630410BFEA08670B30EB7FCF029023D6,False,RECOVERING,2,0,False,
1786160105.88783,engram-node01,197,1B8DF8F23C7F5C7D9A48B7D7915392F4630410BFEA08670B30EB7FCF029023D6,False,RECOVERING,2,0,False,
1786160105.8939579,engram-node02,197,1B8DF8F23C7F5C7D9A48B7D7915392F4630410BFEA08670B30EB7FCF029023D6,False,RECOVERING,2,0,False,
1786160105.8998132,engram-node03,197,1B8DF8F23C7F5C7D9A48B7D7915392F4630410BFEA08670B30EB7FCF029023D6,False,RECOVERING,2,0,False,
1786160105.9053912,engram-node04,197,1B8DF8F23C7F5C7D9A48B7D7915392F4630410BFEA08670B30EB7FCF029023D6,False,RECOVERING,2,0,False,
1786160110.9105642,engram-node01,197,1B8DF8F23C7F5C7D9A48B7D7915392F4630410BFEA08670B30EB7FCF029023D6,False,RECOVERING,2,0,False,
1786160110.922197,engram-node02,197,1B8DF8F23C7F5C7D9A48B7D7915392F4630410BFEA08670B30EB7FCF029023D6,False,RECOVERING,2,0,False,
1786160110.930615,engram-node03,197,1B8DF8F23C7F5C7D9A48B7D7915392F4630410BFEA08670B30EB7FCF029023D6,False,RECOVERING,2,0,False,
1786160110.936037,engram-node04,197,1B8DF8F23C7F5C7D9A48B7D7915392F4630410BFEA08670B30EB7FCF029023D6,False,RECOVERING,2,0,False,
