timestamp,node,height,app_hash,catching_up,fsm_state,safe_blocks,suspicious_duration,reanchoring_proof_valid,error
1786155605.5116081,engram-node01,10,3F57C4F548860BA515830D30198103E0BF0AC719349E3A2C7DF165BBFF548888,False,SOVEREIGN,0,0,False,
1786155605.5342531,engram-node02,10,3F57C4F548860BA515830D30198103E0BF0AC719349E3A2C7DF165BBFF548888,False,SOVEREIGN,0,0,False,
1786155605.537365,engram-node03,10,3F57C4F548860BA515830D30198103E0BF0AC719349E3A2C7DF165BBFF548888,False,SOVEREIGN,0,0,False,
1786155605.540288,engram-node04,10,3F57C4F548860BA515830D30198103E0BF0AC719349E3A2C7DF165BBFF548888,False,SOVEREIGN,0,0,False,
1786155610.548,engram-node01,13,98C84A5148523E90047D185606428A6B66DAD2A0D140D8822B0ECEF4D195FD67,False,SOVEREIGN,0,0,False,
1786155610.5541708,engram-node02,13,98C84A5148523E90047D185606428A6B66DAD2A0D140D8822B0ECEF4D195FD67,False,SOVEREIGN,0,0,False,
1786155610.5589042,engram-node03,13,98C84A5148523E90047D185606428A6B66DAD2A0D140D8822B0ECEF4D195FD67,False,SOVEREIGN,0,0,False,
1786155610.56252,engram-node04,13,98C84A5148523E90047D185606428A6B66DAD2A0D140D8822B0ECEF4D195FD67,False,SOVEREIGN,0,0,False,
1786155615.5693948,engram-node01,17,48349EC4478C96D492B862DE331424FEF4912A044039287E8F94E073C35AD948,False,SOVEREIGN,0,0,False,
1786155615.57635,engram-node02,17,48349EC4478C96D492B862DE331424FEF4912A044039287E8F94E073C35AD948,False,SOVEREIGN,0,0,False,
1786155615.5812402,engram-node03,17,48349EC4478C96D492B862DE331424FEF4912A044039287E8F94E073C35AD948,False,SOVEREIGN,0,0,False,
1786155615.5855732,engram-node04,17,48349EC4478C96D492B862DE331424FEF4912A044039287E8F94E073C35AD948,False,SOVEREIGN,0,0,False,
1786155620.594878,engram-node01,21,EB459A49D192674A436CA86C41607448847702D2B7B6E136259BD5058FEDA3AD,False,SOVEREIGN,0,0,False,
1786155620.604181,engram-node02,21,EB459A49D192674A436CA86C41607448847702D2B7B6E136259BD5058FEDA3AD,False,SOVEREIGN,0,0,False,
1786155620.611254,engram-node03,21,EB459A49D192674A436CA86C41607448847702D2B7B6E136259BD5058FEDA3AD,False,SOVEREIGN,0,0,False,
1786155620.6188219,engram-node04,21,EB459A49D192674A436CA86C41607448847702D2B7B6E136259BD5058FEDA3AD,False,SOVEREIGN,0,0,False,
1786155625.624665,engram-node01,25,9FEECC4836C01C84E8E3BAECCC1D8BD539880DC6CC3337FDF711314D7129F7DE,False,SOVEREIGN,0,0,False,
1786155625.632243,engram-node02,25,9FEECC4836C01C84E8E3BAECCC1D8BD539880DC6CC3337FDF711314D7129F7DE,False,SOVEREIGN,0,0,False,
1786155625.637106,engram-node03,25,9FEECC4836C01C84E8E3BAECCC1D8BD539880DC6CC3337FDF711314D7129F7DE,False,SOVEREIGN,0,0,False,
1786155625.64039,engram-node04,25,9FEECC4836C01C84E8E3BAECCC1D8BD539880DC6CC3337FDF711314D7129F7DE,False,SOVEREIGN,0,0,False,
1786155630.648295,engram-node01,29,E12281ACD09D1AD69B309B09CA74F9125165D8971D82DC7BC41AFEA41EC409B2,False,SOVEREIGN,0,0,False,
1786155630.657374,engram-node02,29,E12281ACD09D1AD69B309B09CA74F9125165D8971D82DC7BC41AFEA41EC409B2,False,SOVEREIGN,0,0,False,
1786155630.664098,engram-node03,29,E12281ACD09D1AD69B309B09CA74F9125165D8971D82DC7BC41AFEA41EC409B2,False,SOVEREIGN,0,0,False,
1786155630.675144,engram-node04,29,E12281ACD09D1AD69B309B09CA74F9125165D8971D82DC7BC41AFEA41EC409B2,False,SOVEREIGN,0,0,False,
1786155635.686154,engram-node01,33,2BBB624A3757A0C62628CE44C36BC02290BF9D49B9051677E6B44681801CD95C,False,SOVEREIGN,0,0,False,
1786155635.694608,engram-node02,33,2BBB624A3757A0C62628CE44C36BC02290BF9D49B9051677E6B44681801CD95C,False,SOVEREIGN,0,0,False,
1786155635.70993,engram-node03,33,2BBB624A3757A0C62628CE44C36BC02290BF9D49B9051677E6B44681801CD95C,False,SOVEREIGN,0,0,False,
1786155635.7402618,engram-node04,33,2BBB624A3757A0C62628CE44C36BC02290BF9D49B9051677E6B44681801CD95C,False,SOVEREIGN,0,0,False,
1786155640.757066,engram-node01,37,15B4915D3B1E3AF6669F30FCBB09AF5A0685D9C45596E40ADE7F37B0626E7D7A,False,SOVEREIGN,0,0,False,
1786155640.768031,engram-node02,37,15B4915D3B1E3AF6669F30FCBB09AF5A0685D9C45596E40ADE7F37B0626E7D7A,False,SOVEREIGN,0,0,False,
1786155640.776535,engram-node03,37,15B4915D3B1E3AF6669F30FCBB09AF5A0685D9C45596E40ADE7F37B0626E7D7A,False,SOVEREIGN,0,0,False,
1786155640.7849128,engram-node04,37,15B4915D3B1E3AF6669F30FCBB09AF5A0685D9C45596E40ADE7F37B0626E7D7A,False,SOVEREIGN,0,0,False,
1786155645.79584,engram-node01,41,21C76C5A7D15AF95C78F5A6085CAB79757F6B5954CEFC10ED7EC9A028CE4BBFA,False,SOVEREIGN,0,0,False,
1786155645.802618,engram-node02,41,21C76C5A7D15AF95C78F5A6085CAB79757F6B5954CEFC10ED7EC9A028CE4BBFA,False,SOVEREIGN,0,0,False,
1786155645.807712,engram-node03,41,21C76C5A7D15AF95C78F5A6085CAB79757F6B5954CEFC10ED7EC9A028CE4BBFA,False,SOVEREIGN,0,0,False,
1786155645.811667,engram-node04,41,21C76C5A7D15AF95C78F5A6085CAB79757F6B5954CEFC10ED7EC9A028CE4BBFA,False,SOVEREIGN,0,0,False,
1786155650.816554,engram-node01,44,C78DFA5D79E2A4C56EEE9E7192D09F44C9C966EC6A4F652E8288CC3331DD6429,False,SOVEREIGN,0,0,False,
1786155650.820383,engram-node02,44,C78DFA5D79E2A4C56EEE9E7192D09F44C9C966EC6A4F652E8288CC3331DD6429,False,SOVEREIGN,0,0,False,
1786155650.823777,engram-node03,44,C78DFA5D79E2A4C56EEE9E7192D09F44C9C966EC6A4F652E8288CC3331DD6429,False,SOVEREIGN,0,0,False,
1786155650.827092,engram-node04,45,F9E96D78070BE043ADA83D96271C3FBCF7D2A11D54C2B37EE26B350A2657F31D,False,SOVEREIGN,0,0,False,
1786155655.831527,engram-node01,48,8DF4800B0DFB455CEF24829F75FD8821C3E51418DB3FB845E90A1FFA955739E6,False,SOVEREIGN,0,0,False,
1786155655.84076,engram-node02,48,8DF4800B0DFB455CEF24829F75FD8821C3E51418DB3FB845E90A1FFA955739E6,False,SOVEREIGN,0,0,False,
1786155655.846994,engram-node03,48,8DF4800B0DFB455CEF24829F75FD8821C3E51418DB3FB845E90A1FFA955739E6,False,SOVEREIGN,0,0,False,
1786155655.852053,engram-node04,48,8DF4800B0DFB455CEF24829F75FD8821C3E51418DB3FB845E90A1FFA955739E6,False,SOVEREIGN,0,0,False,
1786155660.862273,engram-node01,52,4170B8712EA901AC7AF61793896682BDECAE99789CDB0FC382F96A2309840E68,False,SOVEREIGN,0,0,False,
1786155660.870464,engram-node02,52,4170B8712EA901AC7AF61793896682BDECAE99789CDB0FC382F96A2309840E68,False,SOVEREIGN,0,0,False,
1786155660.877113,engram-node03,52,4170B8712EA901AC7AF61793896682BDECAE99789CDB0FC382F96A2309840E68,False,SOVEREIGN,0,0,False,
1786155660.8821702,engram-node04,52,4170B8712EA901AC7AF61793896682BDECAE99789CDB0FC382F96A2309840E68,False,SOVEREIGN,0,0,False,
1786155665.8873339,engram-node01,56,774DB483D7746DBB8BFA4897AC1214FA4017694E9266DD9E5600CFD2243533E7,False,SOVEREIGN,0,0,False,
1786155665.892874,engram-node02,56,774DB483D7746DBB8BFA4897AC1214FA4017694E9266DD9E5600CFD2243533E7,False,SOVEREIGN,0,0,False,
1786155665.8974771,engram-node03,56,774DB483D7746DBB8BFA4897AC1214FA4017694E9266DD9E5600CFD2243533E7,False,SOVEREIGN,0,0,False,
1786155665.90142,engram-node04,56,774DB483D7746DBB8BFA4897AC1214FA4017694E9266DD9E5600CFD2243533E7,False,SOVEREIGN,0,0,False,
1786155670.9107242,engram-node01,60,7C23EF5946BEE4CE8F54FE708BF130A109AF1D33429C1110D32D7C9F0FC2225E,False,SOVEREIGN,0,0,False,
1786155670.9149282,engram-node02,60,7C23EF5946BEE4CE8F54FE708BF130A109AF1D33429C1110D32D7C9F0FC2225E,False,SOVEREIGN,0,0,False,
1786155670.9183092,engram-node03,60,7C23EF5946BEE4CE8F54FE708BF130A109AF1D33429C1110D32D7C9F0FC2225E,False,SOVEREIGN,0,0,False,
1786155670.9221802,engram-node04,60,7C23EF5946BEE4CE8F54FE708BF130A109AF1D33429C1110D32D7C9F0FC2225E,False,SOVEREIGN,0,0,False,
1786155675.930757,engram-node01,65,C99A3B8339528BFC5D52B2C65065F1FF0E686F0EBB15C0CCEBB4041ED1C380C4,False,SOVEREIGN,0,0,False,
1786155675.936639,engram-node02,65,C99A3B8339528BFC5D52B2C65065F1FF0E686F0EBB15C0CCEBB4041ED1C380C4,False,SOVEREIGN,0,0,False,
1786155675.93995,engram-node03,65,C99A3B8339528BFC5D52B2C65065F1FF0E686F0EBB15C0CCEBB4041ED1C380C4,False,SOVEREIGN,0,0,False,
1786155675.9430249,engram-node04,65,C99A3B8339528BFC5D52B2C65065F1FF0E686F0EBB15C0CCEBB4041ED1C380C4,False,SOVEREIGN,0,0,False,
1786155680.9475899,engram-node01,69,2F496045D0345E46C27831D341FF82C311B744EF4597C319F37DBDEE82D17AE7,False,SOVEREIGN,0,0,False,
1786155680.955801,engram-node02,69,2F496045D0345E46C27831D341FF82C311B744EF4597C319F37DBDEE82D17AE7,False,SOVEREIGN,0,0,False,
1786155680.961096,engram-node03,69,2F496045D0345E46C27831D341FF82C311B744EF4597C319F37DBDEE82D17AE7,False,SOVEREIGN,0,0,False,
1786155680.964092,engram-node04,69,2F496045D0345E46C27831D341FF82C311B744EF4597C319F37DBDEE82D17AE7,False,SOVEREIGN,0,0,False,
1786155685.972573,engram-node01,73,F21EF4BFA39EDAB4EFD54408B702273117808BF4FAD4BADED63B56198B1902CD,False,SOVEREIGN,0,0,False,
1786155685.978143,engram-node02,73,F21EF4BFA39EDAB4EFD54408B702273117808BF4FAD4BADED63B56198B1902CD,False,SOVEREIGN,0,0,False,
1786155685.983438,engram-node03,73,F21EF4BFA39EDAB4EFD54408B702273117808BF4FAD4BADED63B56198B1902CD,False,SOVEREIGN,0,0,False,
1786155685.987804,engram-node04,73,F21EF4BFA39EDAB4EFD54408B702273117808BF4FAD4BADED63B56198B1902CD,False,SOVEREIGN,0,0,False,
1786155690.996811,engram-node01,78,679B86C130E3C73EE380CF4FA24C970B651898C5D63CFE35B4D1E01D9F03E207,False,SOVEREIGN,0,0,False,
1786155691.0055318,engram-node02,78,679B86C130E3C73EE380CF4FA24C970B651898C5D63CFE35B4D1E01D9F03E207,False,SOVEREIGN,0,0,False,
1786155691.011942,engram-node03,78,679B86C130E3C73EE380CF4FA24C970B651898C5D63CFE35B4D1E01D9F03E207,False,SOVEREIGN,0,0,False,
1786155691.017399,engram-node04,78,679B86C130E3C73EE380CF4FA24C970B651898C5D63CFE35B4D1E01D9F03E207,False,SOVEREIGN,0,0,False,
1786155696.028084,engram-node01,82,B60EF53A157D68CD895BCBA09B0C61B1EFAA7317232EE37CE5889FE42FDFE4AC,False,SOVEREIGN,0,0,False,
1786155696.038065,engram-node02,82,B60EF53A157D68CD895BCBA09B0C61B1EFAA7317232EE37CE5889FE42FDFE4AC,False,SOVEREIGN,0,0,False,
1786155696.044768,engram-node03,82,B60EF53A157D68CD895BCBA09B0C61B1EFAA7317232EE37CE5889FE42FDFE4AC,False,SOVEREIGN,0,0,False,
1786155696.0516858,engram-node04,82,B60EF53A157D68CD895BCBA09B0C61B1EFAA7317232EE37CE5889FE42FDFE4AC,False,SOVEREIGN,0,0,False,
1786155701.062339,engram-node01,86,47AAD3AFECBFC34F5FA52482E3040819AC5C83306FF2240A64CB39BCA550BF09,False,SOVEREIGN,0,0,False,
1786155701.073584,engram-node02,86,47AAD3AFECBFC34F5FA52482E3040819AC5C83306FF2240A64CB39BCA550BF09,False,SOVEREIGN,0,0,False,
1786155701.082006,engram-node03,86,47AAD3AFECBFC34F5FA52482E3040819AC5C83306FF2240A64CB39BCA550BF09,False,SOVEREIGN,0,0,False,
1786155701.088154,engram-node04,86,47AAD3AFECBFC34F5FA52482E3040819AC5C83306FF2240A64CB39BCA550BF09,False,SOVEREIGN,0,0,False,
1786155706.09835,engram-node01,90,6FD4D59DB60C083595CC375EE7158939B1D2165D6B208B4BF41465D8FEC8D3F6,False,SOVEREIGN,0,0,False,
1786155706.104519,engram-node02,90,6FD4D59DB60C083595CC375EE7158939B1D2165D6B208B4BF41465D8FEC8D3F6,False,SOVEREIGN,0,0,False,
1786155706.108628,engram-node03,90,6FD4D59DB60C083595CC375EE7158939B1D2165D6B208B4BF41465D8FEC8D3F6,False,SOVEREIGN,0,0,False,
1786155706.112591,engram-node04,90,6FD4D59DB60C083595CC375EE7158939B1D2165D6B208B4BF41465D8FEC8D3F6,False,SOVEREIGN,0,0,False,
1786155711.123136,engram-node01,95,6EA0940FC0F1B5F0AA815519A18C21722FADB847A29909F85050FEFBDF23A4E2,False,SOVEREIGN,0,0,False,
1786155711.1292312,engram-node02,95,6EA0940FC0F1B5F0AA815519A18C21722FADB847A29909F85050FEFBDF23A4E2,False,SOVEREIGN,0,0,False,
1786155711.133219,engram-node03,95,6EA0940FC0F1B5F0AA815519A18C21722FADB847A29909F85050FEFBDF23A4E2,False,SOVEREIGN,0,0,False,
1786155711.136857,engram-node04,95,6EA0940FC0F1B5F0AA815519A18C21722FADB847A29909F85050FEFBDF23A4E2,False,SOVEREIGN,0,0,False,
1786155716.143423,engram-node01,99,DFF0984F1908C298F4728895FBACDBAE95B465A252DD5E3525255130612B718C,False,SOVEREIGN,0,0,False,
1786155716.149945,engram-node02,99,DFF0984F1908C298F4728895FBACDBAE95B465A252DD5E3525255130612B718C,False,SOVEREIGN,0,0,False,
1786155716.153748,engram-node03,99,DFF0984F1908C298F4728895FBACDBAE95B465A252DD5E3525255130612B718C,False,SOVEREIGN,0,0,False,
1786155716.157181,engram-node04,99,DFF0984F1908C298F4728895FBACDBAE95B465A252DD5E3525255130612B718C,False,SOVEREIGN,0,0,False,
1786155721.1660218,engram-node01,103,E3EE691A1A549B429D1BAD9826C011BD5745513B44B008A319A0D1CA4CF36C12,False,SOVEREIGN,0,0,False,
1786155721.175374,engram-node02,103,E3EE691A1A549B429D1BAD9826C011BD5745513B44B008A319A0D1CA4CF36C12,False,SOVEREIGN,0,0,False,
1786155721.179094,engram-node03,103,E3EE691A1A549B429D1BAD9826C011BD5745513B44B008A319A0D1CA4CF36C12,False,SOVEREIGN,0,0,False,
1786155721.1830819,engram-node04,103,E3EE691A1A549B429D1BAD9826C011BD5745513B44B008A319A0D1CA4CF36C12,False,SOVEREIGN,0,0,False,
1786155726.19261,engram-node01,107,5C0918D3ACB472889F0ED61EB195ED3DA70592B0628F16DA6BC808594AAEF276,False,SOVEREIGN,0,0,False,
1786155726.201241,engram-node02,107,5C0918D3ACB472889F0ED61EB195ED3DA70592B0628F16DA6BC808594AAEF276,False,SOVEREIGN,0,0,False,
1786155726.206314,engram-node03,107,5C0918D3ACB472889F0ED61EB195ED3DA70592B0628F16DA6BC808594AAEF276,False,SOVEREIGN,0,0,False,
1786155726.211204,engram-node04,107,5C0918D3ACB472889F0ED61EB195ED3DA70592B0628F16DA6BC808594AAEF276,False,SOVEREIGN,0,0,False,
1786155731.215929,engram-node01,111,D48A100AC038F2DA8467FDE912941587C58B98C89D25DFDC76885102681B75C4,False,SOVEREIGN,0,0,False,
1786155731.220938,engram-node02,111,D48A100AC038F2DA8467FDE912941587C58B98C89D25DFDC76885102681B75C4,False,SOVEREIGN,0,0,False,
1786155731.225276,engram-node03,111,D48A100AC038F2DA8467FDE912941587C58B98C89D25DFDC76885102681B75C4,False,SOVEREIGN,0,0,False,
1786155731.229503,engram-node04,111,D48A100AC038F2DA8467FDE912941587C58B98C89D25DFDC76885102681B75C4,False,SOVEREIGN,0,0,False,
1786155736.23464,engram-node01,115,874376D68650C095B5E25D56408AAEC0903674BB49B3CD3270D25CA721D2358D,False,SOVEREIGN,0,0,False,
1786155736.238691,engram-node02,115,874376D68650C095B5E25D56408AAEC0903674BB49B3CD3270D25CA721D2358D,False,SOVEREIGN,0,0,False,
1786155736.2418182,engram-node03,115,874376D68650C095B5E25D56408AAEC0903674BB49B3CD3270D25CA721D2358D,False,SOVEREIGN,0,0,False,
1786155736.2448142,engram-node04,115,874376D68650C095B5E25D56408AAEC0903674BB49B3CD3270D25CA721D2358D,False,SOVEREIGN,0,0,False,
1786155741.249772,engram-node01,120,7ADA5A3DC6A85B2345E82FA0D3B354A69AD40BEB5095EF86A36F3A82F70124F2,False,SOVEREIGN,0,0,False,
1786155741.25379,engram-node02,120,7ADA5A3DC6A85B2345E82FA0D3B354A69AD40BEB5095EF86A36F3A82F70124F2,False,SOVEREIGN,0,0,False,
1786155741.256834,engram-node03,120,7ADA5A3DC6A85B2345E82FA0D3B354A69AD40BEB5095EF86A36F3A82F70124F2,False,SOVEREIGN,0,0,False,
1786155741.259944,engram-node04,120,7ADA5A3DC6A85B2345E82FA0D3B354A69AD40BEB5095EF86A36F3A82F70124F2,False,SOVEREIGN,0,0,False,
1786155746.263402,engram-node01,124,401C7A7730F298669F7B18FDA5D2DC87797567C3CCAA9F1DFDF1811A58572088,False,SOVEREIGN,0,0,False,
1786155746.274661,engram-node02,124,401C7A7730F298669F7B18FDA5D2DC87797567C3CCAA9F1DFDF1811A58572088,False,SOVEREIGN,0,0,False,
1786155746.281132,engram-node03,124,401C7A7730F298669F7B18FDA5D2DC87797567C3CCAA9F1DFDF1811A58572088,False,SOVEREIGN,0,0,False,
1786155746.2871192,engram-node04,124,401C7A7730F298669F7B18FDA5D2DC87797567C3CCAA9F1DFDF1811A58572088,False,SOVEREIGN,0,0,False,
1786155751.29483,engram-node01,128,5080553F143FCD94D1CEDC90D57C00056C70EF424782B1805136F8DE3DB3E963,False,SOVEREIGN,0,0,False,
1786155751.2988758,engram-node02,128,5080553F143FCD94D1CEDC90D57C00056C70EF424782B1805136F8DE3DB3E963,False,SOVEREIGN,0,0,False,
1786155751.302063,engram-node03,128,5080553F143FCD94D1CEDC90D57C00056C70EF424782B1805136F8DE3DB3E963,False,SOVEREIGN,0,0,False,
1786155751.3050041,engram-node04,128,5080553F143FCD94D1CEDC90D57C00056C70EF424782B1805136F8DE3DB3E963,False,SOVEREIGN,0,0,False,
1786155756.313463,engram-node01,132,0EEAA9E3B8DE2E55B8AD049F41E54C73F43144BE9FBB28A7506E52F6F7E152EA,False,SOVEREIGN,0,0,False,
1786155756.322158,engram-node02,132,0EEAA9E3B8DE2E55B8AD049F41E54C73F43144BE9FBB28A7506E52F6F7E152EA,False,SOVEREIGN,0,0,False,
1786155756.328654,engram-node03,132,0EEAA9E3B8DE2E55B8AD049F41E54C73F43144BE9FBB28A7506E52F6F7E152EA,False,SOVEREIGN,0,0,False,
1786155756.335316,engram-node04,132,0EEAA9E3B8DE2E55B8AD049F41E54C73F43144BE9FBB28A7506E52F6F7E152EA,False,SOVEREIGN,0,0,False,
1786155761.346762,engram-node01,136,B8AF4766BDD12FC7C9FC04DCF121053A88895192E59FE9CD1BB2C4CBB2367B71,False,SOVEREIGN,0,0,False,
1786155761.3507478,engram-node02,136,B8AF4766BDD12FC7C9FC04DCF121053A88895192E59FE9CD1BB2C4CBB2367B71,False,SOVEREIGN,0,0,False,
1786155761.354017,engram-node03,136,B8AF4766BDD12FC7C9FC04DCF121053A88895192E59FE9CD1BB2C4CBB2367B71,False,SOVEREIGN,0,0,False,
1786155761.357742,engram-node04,136,B8AF4766BDD12FC7C9FC04DCF121053A88895192E59FE9CD1BB2C4CBB2367B71,False,SOVEREIGN,0,0,False,
1786155766.366482,engram-node01,140,CC2DCF4CA24F5E95F8CD13433904960722232E04957B8C5CDB136B2E715419AB,False,SOVEREIGN,0,0,False,
1786155766.3742,engram-node02,140,CC2DCF4CA24F5E95F8CD13433904960722232E04957B8C5CDB136B2E715419AB,False,SOVEREIGN,0,0,False,
1786155766.3823512,engram-node03,140,CC2DCF4CA24F5E95F8CD13433904960722232E04957B8C5CDB136B2E715419AB,False,SOVEREIGN,0,0,False,
1786155766.388423,engram-node04,140,CC2DCF4CA24F5E95F8CD13433904960722232E04957B8C5CDB136B2E715419AB,False,SOVEREIGN,0,0,False,
1786155771.397577,engram-node01,144,E7203955D323B4246BDC3E2A0A760CB6C91DFB65124FD34F876B6ED5BA2E38E9,False,SOVEREIGN,0,0,False,
1786155771.401463,engram-node02,144,E7203955D323B4246BDC3E2A0A760CB6C91DFB65124FD34F876B6ED5BA2E38E9,False,SOVEREIGN,0,0,False,
1786155771.404288,engram-node03,144,E7203955D323B4246BDC3E2A0A760CB6C91DFB65124FD34F876B6ED5BA2E38E9,False,SOVEREIGN,0,0,False,
1786155771.407331,engram-node04,144,E7203955D323B4246BDC3E2A0A760CB6C91DFB65124FD34F876B6ED5BA2E38E9,False,SOVEREIGN,0,0,False,
1786155776.4149911,engram-node01,148,BBAC47D6EBF5EBB9B3CB2A0438E1735AE0ACCF08BC683908B4C12928C0159C04,False,SOVEREIGN,0,0,False,
1786155776.423512,engram-node02,148,BBAC47D6EBF5EBB9B3CB2A0438E1735AE0ACCF08BC683908B4C12928C0159C04,False,SOVEREIGN,0,0,False,
1786155776.429655,engram-node03,148,BBAC47D6EBF5EBB9B3CB2A0438E1735AE0ACCF08BC683908B4C12928C0159C04,False,SOVEREIGN,0,0,False,
1786155776.4337862,engram-node04,148,BBAC47D6EBF5EBB9B3CB2A0438E1735AE0ACCF08BC683908B4C12928C0159C04,False,SOVEREIGN,0,0,False,
1786155781.4421911,engram-node01,152,035CF23215F3FF0A759E8AF30FCEE068DE84DC71AACB9A9428A01F9F43A8A973,False,SOVEREIGN,0,0,False,
1786155781.45012,engram-node02,152,035CF23215F3FF0A759E8AF30FCEE068DE84DC71AACB9A9428A01F9F43A8A973,False,SOVEREIGN,0,0,False,
1786155781.4579022,engram-node03,152,035CF23215F3FF0A759E8AF30FCEE068DE84DC71AACB9A9428A01F9F43A8A973,False,SOVEREIGN,0,0,False,
1786155781.461728,engram-node04,152,035CF23215F3FF0A759E8AF30FCEE068DE84DC71AACB9A9428A01F9F43A8A973,False,SOVEREIGN,0,0,False,
1786155786.473296,engram-node01,156,B0A1B20E3BFF4344EE69065269B14AA1668AB0CB991EFFFC365396DCF9497576,False,SOVEREIGN,0,0,False,
1786155786.4811342,engram-node02,156,B0A1B20E3BFF4344EE69065269B14AA1668AB0CB991EFFFC365396DCF9497576,False,SOVEREIGN,0,0,False,
1786155786.488087,engram-node03,156,B0A1B20E3BFF4344EE69065269B14AA1668AB0CB991EFFFC365396DCF9497576,False,SOVEREIGN,0,0,False,
1786155786.4926112,engram-node04,156,B0A1B20E3BFF4344EE69065269B14AA1668AB0CB991EFFFC365396DCF9497576,False,SOVEREIGN,0,0,False,
1786155791.4973068,engram-node01,160,2C143C31B2EA40B27E18C8A14201F3C58E368B0FFA49DD393E8B0FA67A6E1E4D,False,SOVEREIGN,0,0,False,
1786155791.504287,engram-node02,160,2C143C31B2EA40B27E18C8A14201F3C58E368B0FFA49DD393E8B0FA67A6E1E4D,False,SOVEREIGN,0,0,False,
1786155791.510751,engram-node03,160,2C143C31B2EA40B27E18C8A14201F3C58E368B0FFA49DD393E8B0FA67A6E1E4D,False,SOVEREIGN,0,0,False,
1786155791.5160162,engram-node04,160,2C143C31B2EA40B27E18C8A14201F3C58E368B0FFA49DD393E8B0FA67A6E1E4D,False,SOVEREIGN,0,0,False,
1786155796.525561,engram-node01,164,0AF5C0AE6FEA311D7EC7FFA2DBE92485B6411DA3E1A0E3457A4F01576F1ED0B5,False,SOVEREIGN,0,0,False,
1786155796.535806,engram-node02,164,0AF5C0AE6FEA311D7EC7FFA2DBE92485B6411DA3E1A0E3457A4F01576F1ED0B5,False,SOVEREIGN,0,0,False,
1786155796.544821,engram-node03,164,0AF5C0AE6FEA311D7EC7FFA2DBE92485B6411DA3E1A0E3457A4F01576F1ED0B5,False,SOVEREIGN,0,0,False,
1786155796.5528471,engram-node04,164,0AF5C0AE6FEA311D7EC7FFA2DBE92485B6411DA3E1A0E3457A4F01576F1ED0B5,False,SOVEREIGN,0,0,False,
1786155801.5620658,engram-node01,168,4843AC66FEFADF37F40F8A739498F0A3487C95D452B0974F201F963520D6BD3D,False,SOVEREIGN,0,0,False,
1786155801.569602,engram-node02,168,4843AC66FEFADF37F40F8A739498F0A3487C95D452B0974F201F963520D6BD3D,False,SOVEREIGN,0,0,False,
1786155801.5758872,engram-node03,168,4843AC66FEFADF37F40F8A739498F0A3487C95D452B0974F201F963520D6BD3D,False,SOVEREIGN,0,0,False,
1786155801.582274,engram-node04,168,4843AC66FEFADF37F40F8A739498F0A3487C95D452B0974F201F963520D6BD3D,False,SOVEREIGN,0,0,False,
1786155806.592989,engram-node01,172,0C7A574470C71D9913B8FB0DB17166472A650FDF4A17079EE4C96310DDC780BF,False,SOVEREIGN,0,0,False,
1786155806.60209,engram-node02,172,0C7A574470C71D9913B8FB0DB17166472A650FDF4A17079EE4C96310DDC780BF,False,SOVEREIGN,0,0,False,
1786155806.60817,engram-node03,172,0C7A574470C71D9913B8FB0DB17166472A650FDF4A17079EE4C96310DDC780BF,False,SOVEREIGN,0,0,False,
1786155806.6126451,engram-node04,172,0C7A574470C71D9913B8FB0DB17166472A650FDF4A17079EE4C96310DDC780BF,False,SOVEREIGN,0,0,False,
1786155811.6221051,engram-node01,176,D59293D39183CD198E1E140F638929A29DC068C6A1C1F781BCB5DD9661B88E0D,False,SOVEREIGN,0,0,False,
1786155811.629441,engram-node02,176,D59293D39183CD198E1E140F638929A29DC068C6A1C1F781BCB5DD9661B88E0D,False,SOVEREIGN,0,0,False,
1786155811.635067,engram-node03,176,D59293D39183CD198E1E140F638929A29DC068C6A1C1F781BCB5DD9661B88E0D,False,SOVEREIGN,0,0,False,
1786155811.640179,engram-node04,176,D59293D39183CD198E1E140F638929A29DC068C6A1C1F781BCB5DD9661B88E0D,False,SOVEREIGN,0,0,False,
1786155816.646982,engram-node01,180,0AC0F3C5F40F2ADE18E239A166384B2B4441CBC9EBB548720C3477A27E274BD5,False,SOVEREIGN,0,0,False,
1786155816.6516402,engram-node02,180,0AC0F3C5F40F2ADE18E239A166384B2B4441CBC9EBB548720C3477A27E274BD5,False,SOVEREIGN,0,0,False,
1786155816.6553888,engram-node03,179,44E1F48092FD1D82A422291DD95E96B204754D8BE47F83BC1DCAF2FFA7A4FEF4,False,SOVEREIGN,0,0,False,
1786155816.65924,engram-node04,179,44E1F48092FD1D82A422291DD95E96B204754D8BE47F83BC1DCAF2FFA7A4FEF4,False,SOVEREIGN,0,0,False,
1786155821.670444,engram-node01,183,CEC332633348E774B10B86EBD4340BC41CDC296CE1E2DD0F46EE5B45727D39F7,False,SOVEREIGN,0,0,False,
1786155821.6787012,engram-node02,183,CEC332633348E774B10B86EBD4340BC41CDC296CE1E2DD0F46EE5B45727D39F7,False,SOVEREIGN,0,0,False,
1786155821.682666,engram-node03,183,CEC332633348E774B10B86EBD4340BC41CDC296CE1E2DD0F46EE5B45727D39F7,False,SOVEREIGN,0,0,False,
1786155821.6860852,engram-node04,183,CEC332633348E774B10B86EBD4340BC41CDC296CE1E2DD0F46EE5B45727D39F7,False,SOVEREIGN,0,0,False,
1786155826.694125,engram-node01,187,7F0BC47AE97FA20297A201B6ED13D299A9F13AA5A991CCB3A2D31AB2F4D7C803,False,SOVEREIGN,0,0,False,
1786155826.69992,engram-node02,187,7F0BC47AE97FA20297A201B6ED13D299A9F13AA5A991CCB3A2D31AB2F4D7C803,False,SOVEREIGN,0,0,False,
1786155826.70431,engram-node03,187,7F0BC47AE97FA20297A201B6ED13D299A9F13AA5A991CCB3A2D31AB2F4D7C803,False,SOVEREIGN,0,0,False,
1786155826.707702,engram-node04,187,7F0BC47AE97FA20297A201B6ED13D299A9F13AA5A991CCB3A2D31AB2F4D7C803,False,SOVEREIGN,0,0,False,
1786155831.716886,engram-node01,191,240FE1C844B496E9F7D6DDB28026DCEF9F0ACC26A8A77F3ED1DE523FBB652287,False,SOVEREIGN,0,0,False,
1786155831.72457,engram-node02,191,240FE1C844B496E9F7D6DDB28026DCEF9F0ACC26A8A77F3ED1DE523FBB652287,False,SOVEREIGN,0,0,False,
1786155831.730983,engram-node03,191,240FE1C844B496E9F7D6DDB28026DCEF9F0ACC26A8A77F3ED1DE523FBB652287,False,SOVEREIGN,0,0,False,
1786155831.7366579,engram-node04,191,240FE1C844B496E9F7D6DDB28026DCEF9F0ACC26A8A77F3ED1DE523FBB652287,False,SOVEREIGN,0,0,False,
1786155836.7465868,engram-node01,194,A12118B48E6BF2C846E26B1C037B01CA8D269935F279C0DC9FBBC45DEA32D9FF,False,RECOVERING,2,0,False,
1786155836.75338,engram-node02,194,A12118B48E6BF2C846E26B1C037B01CA8D269935F279C0DC9FBBC45DEA32D9FF,False,RECOVERING,2,0,False,
1786155836.758681,engram-node03,194,A12118B48E6BF2C846E26B1C037B01CA8D269935F279C0DC9FBBC45DEA32D9FF,False,RECOVERING,2,0,False,
1786155836.763954,engram-node04,194,A12118B48E6BF2C846E26B1C037B01CA8D269935F279C0DC9FBBC45DEA32D9FF,False,RECOVERING,2,0,False,
1786155841.772748,engram-node01,194,A12118B48E6BF2C846E26B1C037B01CA8D269935F279C0DC9FBBC45DEA32D9FF,False,RECOVERING,2,0,False,
1786155841.7818098,engram-node02,194,A12118B48E6BF2C846E26B1C037B01CA8D269935F279C0DC9FBBC45DEA32D9FF,False,RECOVERING,2,0,False,
1786155841.787787,engram-node03,194,A12118B48E6BF2C846E26B1C037B01CA8D269935F279C0DC9FBBC45DEA32D9FF,False,RECOVERING,2,0,False,
1786155841.792453,engram-node04,194,A12118B48E6BF2C846E26B1C037B01CA8D269935F279C0DC9FBBC45DEA32D9FF,False,RECOVERING,2,0,False,
1786155846.801664,engram-node01,194,A12118B48E6BF2C846E26B1C037B01CA8D269935F279C0DC9FBBC45DEA32D9FF,False,RECOVERING,2,0,False,
1786155846.8119712,engram-node02,194,A12118B48E6BF2C846E26B1C037B01CA8D269935F279C0DC9FBBC45DEA32D9FF,False,RECOVERING,2,0,False,
1786155846.822401,engram-node03,194,A12118B48E6BF2C846E26B1C037B01CA8D269935F279C0DC9FBBC45DEA32D9FF,False,RECOVERING,2,0,False,
1786155846.828479,engram-node04,194,A12118B48E6BF2C846E26B1C037B01CA8D269935F279C0DC9FBBC45DEA32D9FF,False,RECOVERING,2,0,False,
1786155851.838921,engram-node01,194,A12118B48E6BF2C846E26B1C037B01CA8D269935F279C0DC9FBBC45DEA32D9FF,False,RECOVERING,2,0,False,
1786155851.846899,engram-node02,194,A12118B48E6BF2C846E26B1C037B01CA8D269935F279C0DC9FBBC45DEA32D9FF,False,RECOVERING,2,0,False,
1786155851.852779,engram-node03,194,A12118B48E6BF2C846E26B1C037B01CA8D269935F279C0DC9FBBC45DEA32D9FF,False,RECOVERING,2,0,False,
1786155851.857613,engram-node04,194,A12118B48E6BF2C846E26B1C037B01CA8D269935F279C0DC9FBBC45DEA32D9FF,False,RECOVERING,2,0,False,
1786155856.86654,engram-node01,194,A12118B48E6BF2C846E26B1C037B01CA8D269935F279C0DC9FBBC45DEA32D9FF,False,RECOVERING,2,0,False,
1786155856.875644,engram-node02,194,A12118B48E6BF2C846E26B1C037B01CA8D269935F279C0DC9FBBC45DEA32D9FF,False,RECOVERING,2,0,False,
1786155856.881258,engram-node03,194,A12118B48E6BF2C846E26B1C037B01CA8D269935F279C0DC9FBBC45DEA32D9FF,False,RECOVERING,2,0,False,
1786155856.886498,engram-node04,194,A12118B48E6BF2C846E26B1C037B01CA8D269935F279C0DC9FBBC45DEA32D9FF,False,RECOVERING,2,0,False,
1786155861.894306,engram-node01,194,A12118B48E6BF2C846E26B1C037B01CA8D269935F279C0DC9FBBC45DEA32D9FF,False,RECOVERING,2,0,False,
1786155861.902443,engram-node02,194,A12118B48E6BF2C846E26B1C037B01CA8D269935F279C0DC9FBBC45DEA32D9FF,False,RECOVERING,2,0,False,
1786155861.907924,engram-node03,194,A12118B48E6BF2C846E26B1C037B01CA8D269935F279C0DC9FBBC45DEA32D9FF,False,RECOVERING,2,0,False,
1786155861.913399,engram-node04,194,A12118B48E6BF2C846E26B1C037B01CA8D269935F279C0DC9FBBC45DEA32D9FF,False,RECOVERING,2,0,False,
1786155866.9242501,engram-node01,194,A12118B48E6BF2C846E26B1C037B01CA8D269935F279C0DC9FBBC45DEA32D9FF,False,RECOVERING,2,0,False,
1786155866.93445,engram-node02,194,A12118B48E6BF2C846E26B1C037B01CA8D269935F279C0DC9FBBC45DEA32D9FF,False,RECOVERING,2,0,False,
1786155866.9412649,engram-node03,194,A12118B48E6BF2C846E26B1C037B01CA8D269935F279C0DC9FBBC45DEA32D9FF,False,RECOVERING,2,0,False,
1786155866.946374,engram-node04,194,A12118B48E6BF2C846E26B1C037B01CA8D269935F279C0DC9FBBC45DEA32D9FF,False,RECOVERING,2,0,False,
1786155871.953383,engram-node01,194,A12118B48E6BF2C846E26B1C037B01CA8D269935F279C0DC9FBBC45DEA32D9FF,False,RECOVERING,2,0,False,
1786155871.963376,engram-node02,194,A12118B48E6BF2C846E26B1C037B01CA8D269935F279C0DC9FBBC45DEA32D9FF,False,RECOVERING,2,0,False,
1786155871.970765,engram-node03,194,A12118B48E6BF2C846E26B1C037B01CA8D269935F279C0DC9FBBC45DEA32D9FF,False,RECOVERING,2,0,False,
1786155871.97723,engram-node04,194,A12118B48E6BF2C846E26B1C037B01CA8D269935F279C0DC9FBBC45DEA32D9FF,False,RECOVERING,2,0,False,
1786155876.986033,engram-node01,194,A12118B48E6BF2C846E26B1C037B01CA8D269935F279C0DC9FBBC45DEA32D9FF,False,RECOVERING,2,0,False,
1786155876.9939451,engram-node02,194,A12118B48E6BF2C846E26B1C037B01CA8D269935F279C0DC9FBBC45DEA32D9FF,False,RECOVERING,2,0,False,
1786155877.0002089,engram-node03,194,A12118B48E6BF2C846E26B1C037B01CA8D269935F279C0DC9FBBC45DEA32D9FF,False,RECOVERING,2,0,False,
1786155877.004531,engram-node04,194,A12118B48E6BF2C846E26B1C037B01CA8D269935F279C0DC9FBBC45DEA32D9FF,False,RECOVERING,2,0,False,
1786155882.013524,engram-node01,194,A12118B48E6BF2C846E26B1C037B01CA8D269935F279C0DC9FBBC45DEA32D9FF,False,RECOVERING,2,0,False,
1786155882.055103,engram-node02,194,A12118B48E6BF2C846E26B1C037B01CA8D269935F279C0DC9FBBC45DEA32D9FF,False,RECOVERING,2,0,False,
1786155882.064147,engram-node03,194,A12118B48E6BF2C846E26B1C037B01CA8D269935F279C0DC9FBBC45DEA32D9FF,False,RECOVERING,2,0,False,
1786155882.0710652,engram-node04,194,A12118B48E6BF2C846E26B1C037B01CA8D269935F279C0DC9FBBC45DEA32D9FF,False,RECOVERING,2,0,False,
1786155887.079042,engram-node01,194,A12118B48E6BF2C846E26B1C037B01CA8D269935F279C0DC9FBBC45DEA32D9FF,False,RECOVERING,2,0,False,
1786155887.0890508,engram-node02,194,A12118B48E6BF2C846E26B1C037B01CA8D269935F279C0DC9FBBC45DEA32D9FF,False,RECOVERING,2,0,False,
1786155887.09568,engram-node03,194,A12118B48E6BF2C846E26B1C037B01CA8D269935F279C0DC9FBBC45DEA32D9FF,False,RECOVERING,2,0,False,
1786155887.101614,engram-node04,194,A12118B48E6BF2C846E26B1C037B01CA8D269935F279C0DC9FBBC45DEA32D9FF,False,RECOVERING,2,0,False,
1786155892.1085281,engram-node01,195,8DA0D92B56372E1CD5D26D02C59823723E8E09B4B28232EADFA5AB4475BFECF4,False,SOVEREIGN,0,0,False,
1786155892.120973,engram-node02,195,8DA0D92B56372E1CD5D26D02C59823723E8E09B4B28232EADFA5AB4475BFECF4,False,SOVEREIGN,0,0,False,
1786155892.128663,engram-node03,195,8DA0D92B56372E1CD5D26D02C59823723E8E09B4B28232EADFA5AB4475BFECF4,False,SOVEREIGN,0,0,False,
1786155892.134625,engram-node04,195,8DA0D92B56372E1CD5D26D02C59823723E8E09B4B28232EADFA5AB4475BFECF4,False,SOVEREIGN,0,0,False,
1786155897.141375,engram-node01,198,1CADAB62C16221D109E135544DE15424F1C87FC8158992EA9F076F1EC853ECB3,False,RECOVERING,2,0,False,
1786155897.146867,engram-node02,198,1CADAB62C16221D109E135544DE15424F1C87FC8158992EA9F076F1EC853ECB3,False,RECOVERING,2,0,False,
1786155897.151237,engram-node03,198,1CADAB62C16221D109E135544DE15424F1C87FC8158992EA9F076F1EC853ECB3,False,RECOVERING,2,0,False,
1786155897.1551821,engram-node04,198,1CADAB62C16221D109E135544DE15424F1C87FC8158992EA9F076F1EC853ECB3,False,RECOVERING,2,0,False,
1786155902.163789,engram-node01,198,1CADAB62C16221D109E135544DE15424F1C87FC8158992EA9F076F1EC853ECB3,False,RECOVERING,2,0,False,
1786155902.1727412,engram-node02,198,1CADAB62C16221D109E135544DE15424F1C87FC8158992EA9F076F1EC853ECB3,False,RECOVERING,2,0,False,
1786155902.178967,engram-node03,198,1CADAB62C16221D109E135544DE15424F1C87FC8158992EA9F076F1EC853ECB3,False,RECOVERING,2,0,False,
1786155902.184741,engram-node04,198,1CADAB62C16221D109E135544DE15424F1C87FC8158992EA9F076F1EC853ECB3,False,RECOVERING,2,0,False,
1786155907.192906,engram-node01,198,1CADAB62C16221D109E135544DE15424F1C87FC8158992EA9F076F1EC853ECB3,False,RECOVERING,2,0,False,
1786155907.2006972,engram-node02,198,1CADAB62C16221D109E135544DE15424F1C87FC8158992EA9F076F1EC853ECB3,False,RECOVERING,2,0,False,
1786155907.207031,engram-node03,198,1CADAB62C16221D109E135544DE15424F1C87FC8158992EA9F076F1EC853ECB3,False,RECOVERING,2,0,False,
1786155907.212289,engram-node04,198,1CADAB62C16221D109E135544DE15424F1C87FC8158992EA9F076F1EC853ECB3,False,RECOVERING,2,0,False,
1786155912.2200089,engram-node01,198,1CADAB62C16221D109E135544DE15424F1C87FC8158992EA9F076F1EC853ECB3,False,RECOVERING,2,0,False,
1786155912.229661,engram-node02,198,1CADAB62C16221D109E135544DE15424F1C87FC8158992EA9F076F1EC853ECB3,False,RECOVERING,2,0,False,
1786155912.2372491,engram-node03,198,1CADAB62C16221D109E135544DE15424F1C87FC8158992EA9F076F1EC853ECB3,False,RECOVERING,2,0,False,
1786155912.244461,engram-node04,198,1CADAB62C16221D109E135544DE15424F1C87FC8158992EA9F076F1EC853ECB3,False,RECOVERING,2,0,False,
1786155917.256385,engram-node01,198,1CADAB62C16221D109E135544DE15424F1C87FC8158992EA9F076F1EC853ECB3,False,RECOVERING,2,0,False,
1786155917.265781,engram-node02,198,1CADAB62C16221D109E135544DE15424F1C87FC8158992EA9F076F1EC853ECB3,False,RECOVERING,2,0,False,
1786155917.273509,engram-node03,198,1CADAB62C16221D109E135544DE15424F1C87FC8158992EA9F076F1EC853ECB3,False,RECOVERING,2,0,False,
1786155917.279397,engram-node04,198,1CADAB62C16221D109E135544DE15424F1C87FC8158992EA9F076F1EC853ECB3,False,RECOVERING,2,0,False,
1786155922.287482,engram-node01,198,1CADAB62C16221D109E135544DE15424F1C87FC8158992EA9F076F1EC853ECB3,False,RECOVERING,2,0,False,
1786155922.298662,engram-node02,198,1CADAB62C16221D109E135544DE15424F1C87FC8158992EA9F076F1EC853ECB3,False,RECOVERING,2,0,False,
1786155922.304672,engram-node03,198,1CADAB62C16221D109E135544DE15424F1C87FC8158992EA9F076F1EC853ECB3,False,RECOVERING,2,0,False,
1786155922.3105059,engram-node04,198,1CADAB62C16221D109E135544DE15424F1C87FC8158992EA9F076F1EC853ECB3,False,RECOVERING,2,0,False,
1786155927.3203359,engram-node01,198,1CADAB62C16221D109E135544DE15424F1C87FC8158992EA9F076F1EC853ECB3,False,RECOVERING,2,0,False,
1786155927.328255,engram-node02,198,1CADAB62C16221D109E135544DE15424F1C87FC8158992EA9F076F1EC853ECB3,False,RECOVERING,2,0,False,
1786155927.335263,engram-node03,198,1CADAB62C16221D109E135544DE15424F1C87FC8158992EA9F076F1EC853ECB3,False,RECOVERING,2,0,False,
1786155927.34162,engram-node04,198,1CADAB62C16221D109E135544DE15424F1C87FC8158992EA9F076F1EC853ECB3,False,RECOVERING,2,0,False,
1786155932.348415,engram-node01,198,1CADAB62C16221D109E135544DE15424F1C87FC8158992EA9F076F1EC853ECB3,False,RECOVERING,2,0,False,
1786155932.355669,engram-node02,198,1CADAB62C16221D109E135544DE15424F1C87FC8158992EA9F076F1EC853ECB3,False,RECOVERING,2,0,False,
1786155932.36043,engram-node03,198,1CADAB62C16221D109E135544DE15424F1C87FC8158992EA9F076F1EC853ECB3,False,RECOVERING,2,0,False,
1786155932.364958,engram-node04,198,1CADAB62C16221D109E135544DE15424F1C87FC8158992EA9F076F1EC853ECB3,False,RECOVERING,2,0,False,
1786155937.374519,engram-node01,198,1CADAB62C16221D109E135544DE15424F1C87FC8158992EA9F076F1EC853ECB3,False,RECOVERING,2,0,False,
1786155937.384064,engram-node02,198,1CADAB62C16221D109E135544DE15424F1C87FC8158992EA9F076F1EC853ECB3,False,RECOVERING,2,0,False,
1786155937.38889,engram-node03,198,1CADAB62C16221D109E135544DE15424F1C87FC8158992EA9F076F1EC853ECB3,False,RECOVERING,2,0,False,
1786155937.3938901,engram-node04,198,1CADAB62C16221D109E135544DE15424F1C87FC8158992EA9F076F1EC853ECB3,False,RECOVERING,2,0,False,
1786155942.403882,engram-node01,198,1CADAB62C16221D109E135544DE15424F1C87FC8158992EA9F076F1EC853ECB3,False,RECOVERING,2,0,False,
1786155942.4136949,engram-node02,198,1CADAB62C16221D109E135544DE15424F1C87FC8158992EA9F076F1EC853ECB3,False,RECOVERING,2,0,False,
1786155942.420747,engram-node03,198,1CADAB62C16221D109E135544DE15424F1C87FC8158992EA9F076F1EC853ECB3,False,RECOVERING,2,0,False,
1786155942.427073,engram-node04,198,1CADAB62C16221D109E135544DE15424F1C87FC8158992EA9F076F1EC853ECB3,False,RECOVERING,2,0,False,
1786155947.435788,engram-node01,198,1CADAB62C16221D109E135544DE15424F1C87FC8158992EA9F076F1EC853ECB3,False,RECOVERING,2,0,False,
1786155947.4434829,engram-node02,198,1CADAB62C16221D109E135544DE15424F1C87FC8158992EA9F076F1EC853ECB3,False,RECOVERING,2,0,False,
1786155947.449575,engram-node03,198,1CADAB62C16221D109E135544DE15424F1C87FC8158992EA9F076F1EC853ECB3,False,RECOVERING,2,0,False,
1786155947.455033,engram-node04,198,1CADAB62C16221D109E135544DE15424F1C87FC8158992EA9F076F1EC853ECB3,False,RECOVERING,2,0,False,
1786155952.460385,engram-node01,200,412073EE65432D0F423C6AAE0A21EFF6CA91617453AD16658CB2EAEF499D1A37,False,RECOVERING,0,0,False,
1786155952.464921,engram-node02,200,412073EE65432D0F423C6AAE0A21EFF6CA91617453AD16658CB2EAEF499D1A37,False,RECOVERING,0,0,False,
1786155952.468607,engram-node03,200,412073EE65432D0F423C6AAE0A21EFF6CA91617453AD16658CB2EAEF499D1A37,False,RECOVERING,0,0,False,
1786155952.472239,engram-node04,200,412073EE65432D0F423C6AAE0A21EFF6CA91617453AD16658CB2EAEF499D1A37,False,RECOVERING,0,0,False,
1786155957.480504,engram-node01,202,AA8C24573F1F4AB91E6C3484D02EAA4D70063C782AB7E216A349430E3A661AB3,False,RECOVERING,2,0,False,
1786155957.486391,engram-node02,202,AA8C24573F1F4AB91E6C3484D02EAA4D70063C782AB7E216A349430E3A661AB3,False,RECOVERING,2,0,False,
1786155957.4913201,engram-node03,202,AA8C24573F1F4AB91E6C3484D02EAA4D70063C782AB7E216A349430E3A661AB3,False,RECOVERING,2,0,False,
1786155957.496522,engram-node04,202,AA8C24573F1F4AB91E6C3484D02EAA4D70063C782AB7E216A349430E3A661AB3,False,RECOVERING,2,0,False,
1786155962.5066519,engram-node01,202,AA8C24573F1F4AB91E6C3484D02EAA4D70063C782AB7E216A349430E3A661AB3,False,RECOVERING,2,0,False,
1786155962.512249,engram-node02,202,AA8C24573F1F4AB91E6C3484D02EAA4D70063C782AB7E216A349430E3A661AB3,False,RECOVERING,2,0,False,
1786155962.5168169,engram-node03,202,AA8C24573F1F4AB91E6C3484D02EAA4D70063C782AB7E216A349430E3A661AB3,False,RECOVERING,2,0,False,
1786155962.521064,engram-node04,202,AA8C24573F1F4AB91E6C3484D02EAA4D70063C782AB7E216A349430E3A661AB3,False,RECOVERING,2,0,False,
1786155967.5259452,engram-node01,202,AA8C24573F1F4AB91E6C3484D02EAA4D70063C782AB7E216A349430E3A661AB3,False,RECOVERING,2,0,False,
1786155967.531911,engram-node02,202,AA8C24573F1F4AB91E6C3484D02EAA4D70063C782AB7E216A349430E3A661AB3,False,RECOVERING,2,0,False,
1786155967.5385349,engram-node03,202,AA8C24573F1F4AB91E6C3484D02EAA4D70063C782AB7E216A349430E3A661AB3,False,RECOVERING,2,0,False,
1786155967.5440419,engram-node04,202,AA8C24573F1F4AB91E6C3484D02EAA4D70063C782AB7E216A349430E3A661AB3,False,RECOVERING,2,0,False,
1786155972.549839,engram-node01,202,AA8C24573F1F4AB91E6C3484D02EAA4D70063C782AB7E216A349430E3A661AB3,False,RECOVERING,2,0,False,
1786155972.5557692,engram-node02,202,AA8C24573F1F4AB91E6C3484D02EAA4D70063C782AB7E216A349430E3A661AB3,False,RECOVERING,2,0,False,
1786155972.561346,engram-node03,202,AA8C24573F1F4AB91E6C3484D02EAA4D70063C782AB7E216A349430E3A661AB3,False,RECOVERING,2,0,False,
1786155972.5665689,engram-node04,202,AA8C24573F1F4AB91E6C3484D02EAA4D70063C782AB7E216A349430E3A661AB3,False,RECOVERING,2,0,False,
1786155977.576758,engram-node01,202,AA8C24573F1F4AB91E6C3484D02EAA4D70063C782AB7E216A349430E3A661AB3,False,RECOVERING,2,0,False,
1786155977.586158,engram-node02,202,AA8C24573F1F4AB91E6C3484D02EAA4D70063C782AB7E216A349430E3A661AB3,False,RECOVERING,2,0,False,
1786155977.59324,engram-node03,202,AA8C24573F1F4AB91E6C3484D02EAA4D70063C782AB7E216A349430E3A661AB3,False,RECOVERING,2,0,False,
1786155977.59894,engram-node04,202,AA8C24573F1F4AB91E6C3484D02EAA4D70063C782AB7E216A349430E3A661AB3,False,RECOVERING,2,0,False,
1786155982.6063218,engram-node01,202,AA8C24573F1F4AB91E6C3484D02EAA4D70063C782AB7E216A349430E3A661AB3,False,RECOVERING,2,0,False,
1786155982.6130729,engram-node02,202,AA8C24573F1F4AB91E6C3484D02EAA4D70063C782AB7E216A349430E3A661AB3,False,RECOVERING,2,0,False,
1786155982.618891,engram-node03,202,AA8C24573F1F4AB91E6C3484D02EAA4D70063C782AB7E216A349430E3A661AB3,False,RECOVERING,2,0,False,
1786155982.6244109,engram-node04,202,AA8C24573F1F4AB91E6C3484D02EAA4D70063C782AB7E216A349430E3A661AB3,False,RECOVERING,2,0,False,
1786155987.631964,engram-node01,202,AA8C24573F1F4AB91E6C3484D02EAA4D70063C782AB7E216A349430E3A661AB3,False,RECOVERING,2,0,False,
1786155987.642318,engram-node02,202,AA8C24573F1F4AB91E6C3484D02EAA4D70063C782AB7E216A349430E3A661AB3,False,RECOVERING,2,0,False,
1786155987.6483111,engram-node03,202,AA8C24573F1F4AB91E6C3484D02EAA4D70063C782AB7E216A349430E3A661AB3,False,RECOVERING,2,0,False,
1786155987.654019,engram-node04,202,AA8C24573F1F4AB91E6C3484D02EAA4D70063C782AB7E216A349430E3A661AB3,False,RECOVERING,2,0,False,
1786155992.660026,engram-node01,202,AA8C24573F1F4AB91E6C3484D02EAA4D70063C782AB7E216A349430E3A661AB3,False,RECOVERING,2,0,False,
1786155992.668017,engram-node02,202,AA8C24573F1F4AB91E6C3484D02EAA4D70063C782AB7E216A349430E3A661AB3,False,RECOVERING,2,0,False,
1786155992.674166,engram-node03,202,AA8C24573F1F4AB91E6C3484D02EAA4D70063C782AB7E216A349430E3A661AB3,False,RECOVERING,2,0,False,
1786155992.678902,engram-node04,202,AA8C24573F1F4AB91E6C3484D02EAA4D70063C782AB7E216A349430E3A661AB3,False,RECOVERING,2,0,False,
1786155997.683996,engram-node01,202,AA8C24573F1F4AB91E6C3484D02EAA4D70063C782AB7E216A349430E3A661AB3,False,RECOVERING,2,0,False,
1786155997.688464,engram-node02,202,AA8C24573F1F4AB91E6C3484D02EAA4D70063C782AB7E216A349430E3A661AB3,False,RECOVERING,2,0,False,
1786155997.6921868,engram-node03,202,AA8C24573F1F4AB91E6C3484D02EAA4D70063C782AB7E216A349430E3A661AB3,False,RECOVERING,2,0,False,
1786155997.69571,engram-node04,202,AA8C24573F1F4AB91E6C3484D02EAA4D70063C782AB7E216A349430E3A661AB3,False,RECOVERING,2,0,False,
1786156002.69941,engram-node01,202,AA8C24573F1F4AB91E6C3484D02EAA4D70063C782AB7E216A349430E3A661AB3,False,RECOVERING,2,0,False,
1786156002.7075589,engram-node02,202,AA8C24573F1F4AB91E6C3484D02EAA4D70063C782AB7E216A349430E3A661AB3,False,RECOVERING,2,0,False,
1786156002.713853,engram-node03,202,AA8C24573F1F4AB91E6C3484D02EAA4D70063C782AB7E216A349430E3A661AB3,False,RECOVERING,2,0,False,
1786156002.721725,engram-node04,202,AA8C24573F1F4AB91E6C3484D02EAA4D70063C782AB7E216A349430E3A661AB3,False,RECOVERING,2,0,False,
1786156007.732018,engram-node01,202,AA8C24573F1F4AB91E6C3484D02EAA4D70063C782AB7E216A349430E3A661AB3,False,RECOVERING,2,0,False,
1786156007.739048,engram-node02,202,AA8C24573F1F4AB91E6C3484D02EAA4D70063C782AB7E216A349430E3A661AB3,False,RECOVERING,2,0,False,
1786156007.743707,engram-node03,202,AA8C24573F1F4AB91E6C3484D02EAA4D70063C782AB7E216A349430E3A661AB3,False,RECOVERING,2,0,False,
1786156007.748359,engram-node04,202,AA8C24573F1F4AB91E6C3484D02EAA4D70063C782AB7E216A349430E3A661AB3,False,RECOVERING,2,0,False,
1786156012.752486,engram-node01,203,E774BD6F9BB77BF50DB757AC7A6C25317EB72BD8C2CDD577BEF752EC589305A0,False,SOVEREIGN,0,0,False,
1786156012.759635,engram-node02,203,E774BD6F9BB77BF50DB757AC7A6C25317EB72BD8C2CDD577BEF752EC589305A0,False,SOVEREIGN,0,0,False,
1786156012.766307,engram-node03,203,E774BD6F9BB77BF50DB757AC7A6C25317EB72BD8C2CDD577BEF752EC589305A0,False,SOVEREIGN,0,0,False,
1786156012.7765372,engram-node04,203,E774BD6F9BB77BF50DB757AC7A6C25317EB72BD8C2CDD577BEF752EC589305A0,False,SOVEREIGN,0,0,False,
1786156017.7873359,engram-node01,206,D1DCAD3B3B606BA684BB0DDA25CCE39B10D765EAB1785B9F805B4F48308D3A68,False,RECOVERING,2,0,False,
1786156017.794576,engram-node02,206,D1DCAD3B3B606BA684BB0DDA25CCE39B10D765EAB1785B9F805B4F48308D3A68,False,RECOVERING,2,0,False,
1786156017.800232,engram-node03,206,D1DCAD3B3B606BA684BB0DDA25CCE39B10D765EAB1785B9F805B4F48308D3A68,False,RECOVERING,2,0,False,
1786156017.8059142,engram-node04,206,D1DCAD3B3B606BA684BB0DDA25CCE39B10D765EAB1785B9F805B4F48308D3A68,False,RECOVERING,2,0,False,
1786156022.813132,engram-node01,206,D1DCAD3B3B606BA684BB0DDA25CCE39B10D765EAB1785B9F805B4F48308D3A68,False,RECOVERING,2,0,False,
1786156022.8268769,engram-node02,206,D1DCAD3B3B606BA684BB0DDA25CCE39B10D765EAB1785B9F805B4F48308D3A68,False,RECOVERING,2,0,False,
1786156022.833437,engram-node03,206,D1DCAD3B3B606BA684BB0DDA25CCE39B10D765EAB1785B9F805B4F48308D3A68,False,RECOVERING,2,0,False,
1786156022.8393788,engram-node04,206,D1DCAD3B3B606BA684BB0DDA25CCE39B10D765EAB1785B9F805B4F48308D3A68,False,RECOVERING,2,0,False,
1786156027.850219,engram-node01,206,D1DCAD3B3B606BA684BB0DDA25CCE39B10D765EAB1785B9F805B4F48308D3A68,False,RECOVERING,2,0,False,
1786156027.854475,engram-node02,206,D1DCAD3B3B606BA684BB0DDA25CCE39B10D765EAB1785B9F805B4F48308D3A68,False,RECOVERING,2,0,False,
1786156027.857763,engram-node03,206,D1DCAD3B3B606BA684BB0DDA25CCE39B10D765EAB1785B9F805B4F48308D3A68,False,RECOVERING,2,0,False,
1786156027.860943,engram-node04,206,D1DCAD3B3B606BA684BB0DDA25CCE39B10D765EAB1785B9F805B4F48308D3A68,False,RECOVERING,2,0,False,
1786156032.865807,engram-node01,206,D1DCAD3B3B606BA684BB0DDA25CCE39B10D765EAB1785B9F805B4F48308D3A68,False,RECOVERING,2,0,False,
1786156032.872372,engram-node02,206,D1DCAD3B3B606BA684BB0DDA25CCE39B10D765EAB1785B9F805B4F48308D3A68,False,RECOVERING,2,0,False,
1786156032.8770728,engram-node03,206,D1DCAD3B3B606BA684BB0DDA25CCE39B10D765EAB1785B9F805B4F48308D3A68,False,RECOVERING,2,0,False,
1786156032.88155,engram-node04,206,D1DCAD3B3B606BA684BB0DDA25CCE39B10D765EAB1785B9F805B4F48308D3A68,False,RECOVERING,2,0,False,
1786156037.8910751,engram-node01,206,D1DCAD3B3B606BA684BB0DDA25CCE39B10D765EAB1785B9F805B4F48308D3A68,False,RECOVERING,2,0,False,
1786156037.900036,engram-node02,206,D1DCAD3B3B606BA684BB0DDA25CCE39B10D765EAB1785B9F805B4F48308D3A68,False,RECOVERING,2,0,False,
1786156037.908989,engram-node03,206,D1DCAD3B3B606BA684BB0DDA25CCE39B10D765EAB1785B9F805B4F48308D3A68,False,RECOVERING,2,0,False,
1786156037.917575,engram-node04,206,D1DCAD3B3B606BA684BB0DDA25CCE39B10D765EAB1785B9F805B4F48308D3A68,False,RECOVERING,2,0,False,
1786156042.9264529,engram-node01,206,D1DCAD3B3B606BA684BB0DDA25CCE39B10D765EAB1785B9F805B4F48308D3A68,False,RECOVERING,2,0,False,
1786156042.931576,engram-node02,206,D1DCAD3B3B606BA684BB0DDA25CCE39B10D765EAB1785B9F805B4F48308D3A68,False,RECOVERING,2,0,False,
1786156042.9348779,engram-node03,206,D1DCAD3B3B606BA684BB0DDA25CCE39B10D765EAB1785B9F805B4F48308D3A68,False,RECOVERING,2,0,False,
1786156042.9377081,engram-node04,206,D1DCAD3B3B606BA684BB0DDA25CCE39B10D765EAB1785B9F805B4F48308D3A68,False,RECOVERING,2,0,False,
1786156047.94536,engram-node01,206,D1DCAD3B3B606BA684BB0DDA25CCE39B10D765EAB1785B9F805B4F48308D3A68,False,RECOVERING,2,0,False,
1786156047.953482,engram-node02,206,D1DCAD3B3B606BA684BB0DDA25CCE39B10D765EAB1785B9F805B4F48308D3A68,False,RECOVERING,2,0,False,
1786156047.9595132,engram-node03,206,D1DCAD3B3B606BA684BB0DDA25CCE39B10D765EAB1785B9F805B4F48308D3A68,False,RECOVERING,2,0,False,
1786156047.9667578,engram-node04,206,D1DCAD3B3B606BA684BB0DDA25CCE39B10D765EAB1785B9F805B4F48308D3A68,False,RECOVERING,2,0,False,
1786156052.973321,engram-node01,206,D1DCAD3B3B606BA684BB0DDA25CCE39B10D765EAB1785B9F805B4F48308D3A68,False,RECOVERING,2,0,False,
1786156052.979095,engram-node02,206,D1DCAD3B3B606BA684BB0DDA25CCE39B10D765EAB1785B9F805B4F48308D3A68,False,RECOVERING,2,0,False,
1786156052.9836612,engram-node03,206,D1DCAD3B3B606BA684BB0DDA25CCE39B10D765EAB1785B9F805B4F48308D3A68,False,RECOVERING,2,0,False,
1786156052.988159,engram-node04,206,D1DCAD3B3B606BA684BB0DDA25CCE39B10D765EAB1785B9F805B4F48308D3A68,False,RECOVERING,2,0,False,
1786156057.994577,engram-node01,206,D1DCAD3B3B606BA684BB0DDA25CCE39B10D765EAB1785B9F805B4F48308D3A68,False,RECOVERING,2,0,False,
1786156058.0024261,engram-node02,206,D1DCAD3B3B606BA684BB0DDA25CCE39B10D765EAB1785B9F805B4F48308D3A68,False,RECOVERING,2,0,False,
1786156058.006944,engram-node03,206,D1DCAD3B3B606BA684BB0DDA25CCE39B10D765EAB1785B9F805B4F48308D3A68,False,RECOVERING,2,0,False,
1786156058.010292,engram-node04,206,D1DCAD3B3B606BA684BB0DDA25CCE39B10D765EAB1785B9F805B4F48308D3A68,False,RECOVERING,2,0,False,
1786156063.0136268,engram-node01,206,D1DCAD3B3B606BA684BB0DDA25CCE39B10D765EAB1785B9F805B4F48308D3A68,False,RECOVERING,2,0,False,
1786156063.021104,engram-node02,206,D1DCAD3B3B606BA684BB0DDA25CCE39B10D765EAB1785B9F805B4F48308D3A68,False,RECOVERING,2,0,False,
1786156063.026447,engram-node03,206,D1DCAD3B3B606BA684BB0DDA25CCE39B10D765EAB1785B9F805B4F48308D3A68,False,RECOVERING,2,0,False,
1786156063.031295,engram-node04,206,D1DCAD3B3B606BA684BB0DDA25CCE39B10D765EAB1785B9F805B4F48308D3A68,False,RECOVERING,2,0,False,
1786156068.040698,engram-node01,206,D1DCAD3B3B606BA684BB0DDA25CCE39B10D765EAB1785B9F805B4F48308D3A68,False,RECOVERING,2,0,False,
1786156068.0495129,engram-node02,206,D1DCAD3B3B606BA684BB0DDA25CCE39B10D765EAB1785B9F805B4F48308D3A68,False,RECOVERING,2,0,False,
1786156068.056235,engram-node03,206,D1DCAD3B3B606BA684BB0DDA25CCE39B10D765EAB1785B9F805B4F48308D3A68,False,RECOVERING,2,0,False,
1786156068.0634391,engram-node04,206,D1DCAD3B3B606BA684BB0DDA25CCE39B10D765EAB1785B9F805B4F48308D3A68,False,RECOVERING,2,0,False,
1786156073.0694258,engram-node01,206,D1DCAD3B3B606BA684BB0DDA25CCE39B10D765EAB1785B9F805B4F48308D3A68,False,RECOVERING,2,0,False,
1786156073.076245,engram-node02,206,D1DCAD3B3B606BA684BB0DDA25CCE39B10D765EAB1785B9F805B4F48308D3A68,False,RECOVERING,2,0,False,
1786156073.082069,engram-node03,206,D1DCAD3B3B606BA684BB0DDA25CCE39B10D765EAB1785B9F805B4F48308D3A68,False,RECOVERING,2,0,False,
1786156073.086234,engram-node04,206,D1DCAD3B3B606BA684BB0DDA25CCE39B10D765EAB1785B9F805B4F48308D3A68,False,RECOVERING,2,0,False,
1786156078.0945249,engram-node01,206,D1DCAD3B3B606BA684BB0DDA25CCE39B10D765EAB1785B9F805B4F48308D3A68,False,RECOVERING,2,0,False,
1786156078.10203,engram-node02,206,D1DCAD3B3B606BA684BB0DDA25CCE39B10D765EAB1785B9F805B4F48308D3A68,False,RECOVERING,2,0,False,
1786156078.1074188,engram-node03,206,D1DCAD3B3B606BA684BB0DDA25CCE39B10D765EAB1785B9F805B4F48308D3A68,False,RECOVERING,2,0,False,
1786156078.11282,engram-node04,206,D1DCAD3B3B606BA684BB0DDA25CCE39B10D765EAB1785B9F805B4F48308D3A68,False,RECOVERING,2,0,False,
1786156083.123378,engram-node01,210,1C2D5C1C8C06AE986927D545AFFE46AE327621A230B9FA41FE3BD2BCAFCD83CC,False,RECOVERING,2,0,False,
1786156083.132007,engram-node02,210,1C2D5C1C8C06AE986927D545AFFE46AE327621A230B9FA41FE3BD2BCAFCD83CC,False,RECOVERING,2,0,False,
1786156083.138391,engram-node03,210,1C2D5C1C8C06AE986927D545AFFE46AE327621A230B9FA41FE3BD2BCAFCD83CC,False,RECOVERING,2,0,False,
1786156083.144115,engram-node04,210,1C2D5C1C8C06AE986927D545AFFE46AE327621A230B9FA41FE3BD2BCAFCD83CC,False,RECOVERING,2,0,False,
1786156088.154544,engram-node01,210,1C2D5C1C8C06AE986927D545AFFE46AE327621A230B9FA41FE3BD2BCAFCD83CC,False,RECOVERING,2,0,False,
1786156088.165112,engram-node02,210,1C2D5C1C8C06AE986927D545AFFE46AE327621A230B9FA41FE3BD2BCAFCD83CC,False,RECOVERING,2,0,False,
1786156088.171484,engram-node03,210,1C2D5C1C8C06AE986927D545AFFE46AE327621A230B9FA41FE3BD2BCAFCD83CC,False,RECOVERING,2,0,False,
1786156088.177353,engram-node04,210,1C2D5C1C8C06AE986927D545AFFE46AE327621A230B9FA41FE3BD2BCAFCD83CC,False,RECOVERING,2,0,False,
1786156093.18724,engram-node01,210,1C2D5C1C8C06AE986927D545AFFE46AE327621A230B9FA41FE3BD2BCAFCD83CC,False,RECOVERING,2,0,False,
1786156093.1954749,engram-node02,210,1C2D5C1C8C06AE986927D545AFFE46AE327621A230B9FA41FE3BD2BCAFCD83CC,False,RECOVERING,2,0,False,
1786156093.203765,engram-node03,210,1C2D5C1C8C06AE986927D545AFFE46AE327621A230B9FA41FE3BD2BCAFCD83CC,False,RECOVERING,2,0,False,
1786156093.210298,engram-node04,210,1C2D5C1C8C06AE986927D545AFFE46AE327621A230B9FA41FE3BD2BCAFCD83CC,False,RECOVERING,2,0,False,
1786156098.218287,engram-node01,210,1C2D5C1C8C06AE986927D545AFFE46AE327621A230B9FA41FE3BD2BCAFCD83CC,False,RECOVERING,2,0,False,
1786156098.226364,engram-node02,210,1C2D5C1C8C06AE986927D545AFFE46AE327621A230B9FA41FE3BD2BCAFCD83CC,False,RECOVERING,2,0,False,
1786156098.2337432,engram-node03,210,1C2D5C1C8C06AE986927D545AFFE46AE327621A230B9FA41FE3BD2BCAFCD83CC,False,RECOVERING,2,0,False,
1786156098.2403278,engram-node04,210,1C2D5C1C8C06AE986927D545AFFE46AE327621A230B9FA41FE3BD2BCAFCD83CC,False,RECOVERING,2,0,False,
1786156103.2486389,engram-node01,210,1C2D5C1C8C06AE986927D545AFFE46AE327621A230B9FA41FE3BD2BCAFCD83CC,False,RECOVERING,2,0,False,
1786156103.2543209,engram-node02,210,1C2D5C1C8C06AE986927D545AFFE46AE327621A230B9FA41FE3BD2BCAFCD83CC,False,RECOVERING,2,0,False,
1786156103.258236,engram-node03,210,1C2D5C1C8C06AE986927D545AFFE46AE327621A230B9FA41FE3BD2BCAFCD83CC,False,RECOVERING,2,0,False,
1786156103.262211,engram-node04,210,1C2D5C1C8C06AE986927D545AFFE46AE327621A230B9FA41FE3BD2BCAFCD83CC,False,RECOVERING,2,0,False,
1786156108.2709818,engram-node01,210,1C2D5C1C8C06AE986927D545AFFE46AE327621A230B9FA41FE3BD2BCAFCD83CC,False,RECOVERING,2,0,False,
1786156108.2819479,engram-node02,210,1C2D5C1C8C06AE986927D545AFFE46AE327621A230B9FA41FE3BD2BCAFCD83CC,False,RECOVERING,2,0,False,
1786156108.289474,engram-node03,210,1C2D5C1C8C06AE986927D545AFFE46AE327621A230B9FA41FE3BD2BCAFCD83CC,False,RECOVERING,2,0,False,
1786156108.2967832,engram-node04,210,1C2D5C1C8C06AE986927D545AFFE46AE327621A230B9FA41FE3BD2BCAFCD83CC,False,RECOVERING,2,0,False,
1786156113.30823,engram-node01,210,1C2D5C1C8C06AE986927D545AFFE46AE327621A230B9FA41FE3BD2BCAFCD83CC,False,RECOVERING,2,0,False,
1786156113.31536,engram-node02,210,1C2D5C1C8C06AE986927D545AFFE46AE327621A230B9FA41FE3BD2BCAFCD83CC,False,RECOVERING,2,0,False,
1786156113.321712,engram-node03,210,1C2D5C1C8C06AE986927D545AFFE46AE327621A230B9FA41FE3BD2BCAFCD83CC,False,RECOVERING,2,0,False,
1786156113.3294,engram-node04,210,1C2D5C1C8C06AE986927D545AFFE46AE327621A230B9FA41FE3BD2BCAFCD83CC,False,RECOVERING,2,0,False,
1786156118.338957,engram-node01,210,1C2D5C1C8C06AE986927D545AFFE46AE327621A230B9FA41FE3BD2BCAFCD83CC,False,RECOVERING,2,0,False,
1786156118.345118,engram-node02,210,1C2D5C1C8C06AE986927D545AFFE46AE327621A230B9FA41FE3BD2BCAFCD83CC,False,RECOVERING,2,0,False,
1786156118.349644,engram-node03,210,1C2D5C1C8C06AE986927D545AFFE46AE327621A230B9FA41FE3BD2BCAFCD83CC,False,RECOVERING,2,0,False,
1786156118.353827,engram-node04,210,1C2D5C1C8C06AE986927D545AFFE46AE327621A230B9FA41FE3BD2BCAFCD83CC,False,RECOVERING,2,0,False,
1786156123.362732,engram-node01,210,1C2D5C1C8C06AE986927D545AFFE46AE327621A230B9FA41FE3BD2BCAFCD83CC,False,RECOVERING,2,0,False,
1786156123.3722408,engram-node02,210,1C2D5C1C8C06AE986927D545AFFE46AE327621A230B9FA41FE3BD2BCAFCD83CC,False,RECOVERING,2,0,False,
1786156123.380317,engram-node03,210,1C2D5C1C8C06AE986927D545AFFE46AE327621A230B9FA41FE3BD2BCAFCD83CC,False,RECOVERING,2,0,False,
1786156123.3859048,engram-node04,210,1C2D5C1C8C06AE986927D545AFFE46AE327621A230B9FA41FE3BD2BCAFCD83CC,False,RECOVERING,2,0,False,
1786156128.393124,engram-node01,210,1C2D5C1C8C06AE986927D545AFFE46AE327621A230B9FA41FE3BD2BCAFCD83CC,False,RECOVERING,2,0,False,
1786156128.402022,engram-node02,210,1C2D5C1C8C06AE986927D545AFFE46AE327621A230B9FA41FE3BD2BCAFCD83CC,False,RECOVERING,2,0,False,
1786156128.409176,engram-node03,210,1C2D5C1C8C06AE986927D545AFFE46AE327621A230B9FA41FE3BD2BCAFCD83CC,False,RECOVERING,2,0,False,
1786156128.4133818,engram-node04,210,1C2D5C1C8C06AE986927D545AFFE46AE327621A230B9FA41FE3BD2BCAFCD83CC,False,RECOVERING,2,0,False,
1786156133.4205272,engram-node01,212,A316BF0E8589CB6AA71338AF586E70CDA478A62CBA644AEF4C6B66F4A4034FFA,False,RECOVERING,0,0,False,
1786156133.4284,engram-node02,212,A316BF0E8589CB6AA71338AF586E70CDA478A62CBA644AEF4C6B66F4A4034FFA,False,RECOVERING,0,0,False,
1786156133.43348,engram-node03,212,A316BF0E8589CB6AA71338AF586E70CDA478A62CBA644AEF4C6B66F4A4034FFA,False,RECOVERING,0,0,False,
1786156133.437449,engram-node04,212,A316BF0E8589CB6AA71338AF586E70CDA478A62CBA644AEF4C6B66F4A4034FFA,False,RECOVERING,0,0,False,
1786156138.443137,engram-node01,214,4B73A02D3DAB496DB0FC154BAA0F495637BAB43863AD9A5A37A701F58407257A,False,RECOVERING,2,0,False,
1786156138.447482,engram-node02,214,4B73A02D3DAB496DB0FC154BAA0F495637BAB43863AD9A5A37A701F58407257A,False,RECOVERING,2,0,False,
1786156138.451233,engram-node03,214,4B73A02D3DAB496DB0FC154BAA0F495637BAB43863AD9A5A37A701F58407257A,False,RECOVERING,2,0,False,
1786156138.45501,engram-node04,214,4B73A02D3DAB496DB0FC154BAA0F495637BAB43863AD9A5A37A701F58407257A,False,RECOVERING,2,0,False,
1786156143.4615521,engram-node01,214,4B73A02D3DAB496DB0FC154BAA0F495637BAB43863AD9A5A37A701F58407257A,False,RECOVERING,2,0,False,
1786156143.470664,engram-node02,214,4B73A02D3DAB496DB0FC154BAA0F495637BAB43863AD9A5A37A701F58407257A,False,RECOVERING,2,0,False,
1786156143.4767869,engram-node03,214,4B73A02D3DAB496DB0FC154BAA0F495637BAB43863AD9A5A37A701F58407257A,False,RECOVERING,2,0,False,
1786156143.48286,engram-node04,214,4B73A02D3DAB496DB0FC154BAA0F495637BAB43863AD9A5A37A701F58407257A,False,RECOVERING,2,0,False,
1786156148.493351,engram-node01,214,4B73A02D3DAB496DB0FC154BAA0F495637BAB43863AD9A5A37A701F58407257A,False,RECOVERING,2,0,False,
1786156148.499286,engram-node02,214,4B73A02D3DAB496DB0FC154BAA0F495637BAB43863AD9A5A37A701F58407257A,False,RECOVERING,2,0,False,
1786156148.503086,engram-node03,214,4B73A02D3DAB496DB0FC154BAA0F495637BAB43863AD9A5A37A701F58407257A,False,RECOVERING,2,0,False,
1786156148.506788,engram-node04,214,4B73A02D3DAB496DB0FC154BAA0F495637BAB43863AD9A5A37A701F58407257A,False,RECOVERING,2,0,False,
1786156153.5146549,engram-node01,214,4B73A02D3DAB496DB0FC154BAA0F495637BAB43863AD9A5A37A701F58407257A,False,RECOVERING,2,0,False,
1786156153.521257,engram-node02,214,4B73A02D3DAB496DB0FC154BAA0F495637BAB43863AD9A5A37A701F58407257A,False,RECOVERING,2,0,False,
1786156153.5268211,engram-node03,214,4B73A02D3DAB496DB0FC154BAA0F495637BAB43863AD9A5A37A701F58407257A,False,RECOVERING,2,0,False,
1786156153.532148,engram-node04,214,4B73A02D3DAB496DB0FC154BAA0F495637BAB43863AD9A5A37A701F58407257A,False,RECOVERING,2,0,False,
1786156158.5386062,engram-node01,214,4B73A02D3DAB496DB0FC154BAA0F495637BAB43863AD9A5A37A701F58407257A,False,RECOVERING,2,0,False,
1786156158.545268,engram-node02,214,4B73A02D3DAB496DB0FC154BAA0F495637BAB43863AD9A5A37A701F58407257A,False,RECOVERING,2,0,False,
1786156158.5502331,engram-node03,214,4B73A02D3DAB496DB0FC154BAA0F495637BAB43863AD9A5A37A701F58407257A,False,RECOVERING,2,0,False,
1786156158.5544682,engram-node04,214,4B73A02D3DAB496DB0FC154BAA0F495637BAB43863AD9A5A37A701F58407257A,False,RECOVERING,2,0,False,
1786156163.559816,engram-node01,214,4B73A02D3DAB496DB0FC154BAA0F495637BAB43863AD9A5A37A701F58407257A,False,RECOVERING,2,0,False,
1786156163.565299,engram-node02,214,4B73A02D3DAB496DB0FC154BAA0F495637BAB43863AD9A5A37A701F58407257A,False,RECOVERING,2,0,False,
1786156163.5695958,engram-node03,214,4B73A02D3DAB496DB0FC154BAA0F495637BAB43863AD9A5A37A701F58407257A,False,RECOVERING,2,0,False,
1786156163.5732632,engram-node04,214,4B73A02D3DAB496DB0FC154BAA0F495637BAB43863AD9A5A37A701F58407257A,False,RECOVERING,2,0,False,
1786156168.582238,engram-node01,214,4B73A02D3DAB496DB0FC154BAA0F495637BAB43863AD9A5A37A701F58407257A,False,RECOVERING,2,0,False,
1786156168.5882812,engram-node02,214,4B73A02D3DAB496DB0FC154BAA0F495637BAB43863AD9A5A37A701F58407257A,False,RECOVERING,2,0,False,
1786156168.5922801,engram-node03,214,4B73A02D3DAB496DB0FC154BAA0F495637BAB43863AD9A5A37A701F58407257A,False,RECOVERING,2,0,False,
1786156168.5960839,engram-node04,214,4B73A02D3DAB496DB0FC154BAA0F495637BAB43863AD9A5A37A701F58407257A,False,RECOVERING,2,0,False,
1786156173.6049259,engram-node01,214,4B73A02D3DAB496DB0FC154BAA0F495637BAB43863AD9A5A37A701F58407257A,False,RECOVERING,2,0,False,
1786156173.6129029,engram-node02,214,4B73A02D3DAB496DB0FC154BAA0F495637BAB43863AD9A5A37A701F58407257A,False,RECOVERING,2,0,False,
1786156173.620459,engram-node03,214,4B73A02D3DAB496DB0FC154BAA0F495637BAB43863AD9A5A37A701F58407257A,False,RECOVERING,2,0,False,
1786156173.6260211,engram-node04,214,4B73A02D3DAB496DB0FC154BAA0F495637BAB43863AD9A5A37A701F58407257A,False,RECOVERING,2,0,False,
1786156178.634167,engram-node01,214,4B73A02D3DAB496DB0FC154BAA0F495637BAB43863AD9A5A37A701F58407257A,False,RECOVERING,2,0,False,
1786156178.64146,engram-node02,214,4B73A02D3DAB496DB0FC154BAA0F495637BAB43863AD9A5A37A701F58407257A,False,RECOVERING,2,0,False,
1786156178.648459,engram-node03,214,4B73A02D3DAB496DB0FC154BAA0F495637BAB43863AD9A5A37A701F58407257A,False,RECOVERING,2,0,False,
1786156178.653195,engram-node04,214,4B73A02D3DAB496DB0FC154BAA0F495637BAB43863AD9A5A37A701F58407257A,False,RECOVERING,2,0,False,
1786156183.6628458,engram-node01,214,4B73A02D3DAB496DB0FC154BAA0F495637BAB43863AD9A5A37A701F58407257A,False,RECOVERING,2,0,False,
1786156183.669399,engram-node02,214,4B73A02D3DAB496DB0FC154BAA0F495637BAB43863AD9A5A37A701F58407257A,False,RECOVERING,2,0,False,
1786156183.673174,engram-node03,214,4B73A02D3DAB496DB0FC154BAA0F495637BAB43863AD9A5A37A701F58407257A,False,RECOVERING,2,0,False,
1786156183.676525,engram-node04,214,4B73A02D3DAB496DB0FC154BAA0F495637BAB43863AD9A5A37A701F58407257A,False,RECOVERING,2,0,False,
1786156188.684674,engram-node01,214,4B73A02D3DAB496DB0FC154BAA0F495637BAB43863AD9A5A37A701F58407257A,False,RECOVERING,2,0,False,
1786156188.690049,engram-node02,214,4B73A02D3DAB496DB0FC154BAA0F495637BAB43863AD9A5A37A701F58407257A,False,RECOVERING,2,0,False,
1786156188.6943202,engram-node03,214,4B73A02D3DAB496DB0FC154BAA0F495637BAB43863AD9A5A37A701F58407257A,False,RECOVERING,2,0,False,
1786156188.698445,engram-node04,214,4B73A02D3DAB496DB0FC154BAA0F495637BAB43863AD9A5A37A701F58407257A,False,RECOVERING,2,0,False,
1786156193.7077749,engram-node01,214,4B73A02D3DAB496DB0FC154BAA0F495637BAB43863AD9A5A37A701F58407257A,False,RECOVERING,2,0,False,
1786156193.7151601,engram-node02,214,4B73A02D3DAB496DB0FC154BAA0F495637BAB43863AD9A5A37A701F58407257A,False,RECOVERING,2,0,False,
1786156193.721185,engram-node03,214,4B73A02D3DAB496DB0FC154BAA0F495637BAB43863AD9A5A37A701F58407257A,False,RECOVERING,2,0,False,
1786156193.726441,engram-node04,214,4B73A02D3DAB496DB0FC154BAA0F495637BAB43863AD9A5A37A701F58407257A,False,RECOVERING,2,0,False,
1786156198.7358289,engram-node01,214,4B73A02D3DAB496DB0FC154BAA0F495637BAB43863AD9A5A37A701F58407257A,False,RECOVERING,2,0,False,
1786156198.742226,engram-node02,214,4B73A02D3DAB496DB0FC154BAA0F495637BAB43863AD9A5A37A701F58407257A,False,RECOVERING,2,0,False,
1786156198.747057,engram-node03,214,4B73A02D3DAB496DB0FC154BAA0F495637BAB43863AD9A5A37A701F58407257A,False,RECOVERING,2,0,False,
1786156198.750531,engram-node04,214,4B73A02D3DAB496DB0FC154BAA0F495637BAB43863AD9A5A37A701F58407257A,False,RECOVERING,2,0,False,
1786156203.759948,engram-node01,218,ED4947FD5D17C8F86E5014FDF27FF141B7802F7D4AF13E32C86C3C17FFD14630,False,RECOVERING,2,0,False,
1786156203.765886,engram-node02,218,ED4947FD5D17C8F86E5014FDF27FF141B7802F7D4AF13E32C86C3C17FFD14630,False,RECOVERING,2,0,False,
1786156203.770875,engram-node03,218,ED4947FD5D17C8F86E5014FDF27FF141B7802F7D4AF13E32C86C3C17FFD14630,False,RECOVERING,2,0,False,
1786156203.7745678,engram-node04,218,ED4947FD5D17C8F86E5014FDF27FF141B7802F7D4AF13E32C86C3C17FFD14630,False,RECOVERING,2,0,False,
1786156208.786968,engram-node01,218,ED4947FD5D17C8F86E5014FDF27FF141B7802F7D4AF13E32C86C3C17FFD14630,False,RECOVERING,2,0,False,
1786156208.794878,engram-node02,218,ED4947FD5D17C8F86E5014FDF27FF141B7802F7D4AF13E32C86C3C17FFD14630,False,RECOVERING,2,0,False,
1786156208.8020842,engram-node03,218,ED4947FD5D17C8F86E5014FDF27FF141B7802F7D4AF13E32C86C3C17FFD14630,False,RECOVERING,2,0,False,
1786156208.808934,engram-node04,218,ED4947FD5D17C8F86E5014FDF27FF141B7802F7D4AF13E32C86C3C17FFD14630,False,RECOVERING,2,0,False,
1786156213.819048,engram-node01,218,ED4947FD5D17C8F86E5014FDF27FF141B7802F7D4AF13E32C86C3C17FFD14630,False,RECOVERING,2,0,False,
1786156213.82621,engram-node02,218,ED4947FD5D17C8F86E5014FDF27FF141B7802F7D4AF13E32C86C3C17FFD14630,False,RECOVERING,2,0,False,
1786156213.83219,engram-node03,218,ED4947FD5D17C8F86E5014FDF27FF141B7802F7D4AF13E32C86C3C17FFD14630,False,RECOVERING,2,0,False,
1786156213.839376,engram-node04,218,ED4947FD5D17C8F86E5014FDF27FF141B7802F7D4AF13E32C86C3C17FFD14630,False,RECOVERING,2,0,False,
1786156218.850423,engram-node01,218,ED4947FD5D17C8F86E5014FDF27FF141B7802F7D4AF13E32C86C3C17FFD14630,False,RECOVERING,2,0,False,
1786156218.855959,engram-node02,218,ED4947FD5D17C8F86E5014FDF27FF141B7802F7D4AF13E32C86C3C17FFD14630,False,RECOVERING,2,0,False,
1786156218.860779,engram-node03,218,ED4947FD5D17C8F86E5014FDF27FF141B7802F7D4AF13E32C86C3C17FFD14630,False,RECOVERING,2,0,False,
1786156218.8664582,engram-node04,218,ED4947FD5D17C8F86E5014FDF27FF141B7802F7D4AF13E32C86C3C17FFD14630,False,RECOVERING,2,0,False,
1786156223.8779032,engram-node01,218,ED4947FD5D17C8F86E5014FDF27FF141B7802F7D4AF13E32C86C3C17FFD14630,False,RECOVERING,2,0,False,
1786156223.885751,engram-node02,218,ED4947FD5D17C8F86E5014FDF27FF141B7802F7D4AF13E32C86C3C17FFD14630,False,RECOVERING,2,0,False,
1786156223.891644,engram-node03,218,ED4947FD5D17C8F86E5014FDF27FF141B7802F7D4AF13E32C86C3C17FFD14630,False,RECOVERING,2,0,False,
1786156223.897077,engram-node04,218,ED4947FD5D17C8F86E5014FDF27FF141B7802F7D4AF13E32C86C3C17FFD14630,False,RECOVERING,2,0,False,
1786156228.90549,engram-node01,218,ED4947FD5D17C8F86E5014FDF27FF141B7802F7D4AF13E32C86C3C17FFD14630,False,RECOVERING,2,0,False,
1786156228.914731,engram-node02,218,ED4947FD5D17C8F86E5014FDF27FF141B7802F7D4AF13E32C86C3C17FFD14630,False,RECOVERING,2,0,False,
1786156228.921758,engram-node03,218,ED4947FD5D17C8F86E5014FDF27FF141B7802F7D4AF13E32C86C3C17FFD14630,False,RECOVERING,2,0,False,
1786156228.927665,engram-node04,218,ED4947FD5D17C8F86E5014FDF27FF141B7802F7D4AF13E32C86C3C17FFD14630,False,RECOVERING,2,0,False,
1786156233.935055,engram-node01,218,ED4947FD5D17C8F86E5014FDF27FF141B7802F7D4AF13E32C86C3C17FFD14630,False,RECOVERING,2,0,False,
1786156233.94333,engram-node02,218,ED4947FD5D17C8F86E5014FDF27FF141B7802F7D4AF13E32C86C3C17FFD14630,False,RECOVERING,2,0,False,
1786156233.950548,engram-node03,218,ED4947FD5D17C8F86E5014FDF27FF141B7802F7D4AF13E32C86C3C17FFD14630,False,RECOVERING,2,0,False,
1786156233.9562602,engram-node04,218,ED4947FD5D17C8F86E5014FDF27FF141B7802F7D4AF13E32C86C3C17FFD14630,False,RECOVERING,2,0,False,
1786156238.9676008,engram-node01,218,ED4947FD5D17C8F86E5014FDF27FF141B7802F7D4AF13E32C86C3C17FFD14630,False,RECOVERING,2,0,False,
1786156238.978445,engram-node02,218,ED4947FD5D17C8F86E5014FDF27FF141B7802F7D4AF13E32C86C3C17FFD14630,False,RECOVERING,2,0,False,
1786156238.986855,engram-node03,218,ED4947FD5D17C8F86E5014FDF27FF141B7802F7D4AF13E32C86C3C17FFD14630,False,RECOVERING,2,0,False,
1786156238.9928389,engram-node04,218,ED4947FD5D17C8F86E5014FDF27FF141B7802F7D4AF13E32C86C3C17FFD14630,False,RECOVERING,2,0,False,
1786156244.001777,engram-node01,218,ED4947FD5D17C8F86E5014FDF27FF141B7802F7D4AF13E32C86C3C17FFD14630,False,RECOVERING,2,0,False,
1786156244.008279,engram-node02,218,ED4947FD5D17C8F86E5014FDF27FF141B7802F7D4AF13E32C86C3C17FFD14630,False,RECOVERING,2,0,False,
1786156244.012813,engram-node03,218,ED4947FD5D17C8F86E5014FDF27FF141B7802F7D4AF13E32C86C3C17FFD14630,False,RECOVERING,2,0,False,
1786156244.017697,engram-node04,218,ED4947FD5D17C8F86E5014FDF27FF141B7802F7D4AF13E32C86C3C17FFD14630,False,RECOVERING,2,0,False,
1786156249.0237792,engram-node01,218,ED4947FD5D17C8F86E5014FDF27FF141B7802F7D4AF13E32C86C3C17FFD14630,False,RECOVERING,2,0,False,
1786156249.031041,engram-node02,218,ED4947FD5D17C8F86E5014FDF27FF141B7802F7D4AF13E32C86C3C17FFD14630,False,RECOVERING,2,0,False,
1786156249.0377758,engram-node03,218,ED4947FD5D17C8F86E5014FDF27FF141B7802F7D4AF13E32C86C3C17FFD14630,False,RECOVERING,2,0,False,
1786156249.0434098,engram-node04,218,ED4947FD5D17C8F86E5014FDF27FF141B7802F7D4AF13E32C86C3C17FFD14630,False,RECOVERING,2,0,False,
1786156254.0538611,engram-node01,218,ED4947FD5D17C8F86E5014FDF27FF141B7802F7D4AF13E32C86C3C17FFD14630,False,RECOVERING,2,0,False,
1786156254.063287,engram-node02,218,ED4947FD5D17C8F86E5014FDF27FF141B7802F7D4AF13E32C86C3C17FFD14630,False,RECOVERING,2,0,False,
1786156254.070432,engram-node03,218,ED4947FD5D17C8F86E5014FDF27FF141B7802F7D4AF13E32C86C3C17FFD14630,False,RECOVERING,2,0,False,
1786156254.0757382,engram-node04,218,ED4947FD5D17C8F86E5014FDF27FF141B7802F7D4AF13E32C86C3C17FFD14630,False,RECOVERING,2,0,False,
1786156259.086015,engram-node01,219,BA540B7FE61B2F7D673822A8CF7C6179C871F2E4D0ED8C20CA7C74CE2DC1F27F,False,SOVEREIGN,0,0,False,
1786156259.096265,engram-node02,219,BA540B7FE61B2F7D673822A8CF7C6179C871F2E4D0ED8C20CA7C74CE2DC1F27F,False,SOVEREIGN,0,0,False,
1786156259.1045618,engram-node03,219,BA540B7FE61B2F7D673822A8CF7C6179C871F2E4D0ED8C20CA7C74CE2DC1F27F,False,SOVEREIGN,0,0,False,
1786156259.110592,engram-node04,219,BA540B7FE61B2F7D673822A8CF7C6179C871F2E4D0ED8C20CA7C74CE2DC1F27F,False,SOVEREIGN,0,0,False,
1786156264.1200142,engram-node01,222,51C522DE0688B8B4688F1C7DBCE61A17B4A085EEDF8821F5E68D4EE7B1FD5D7F,False,RECOVERING,2,0,False,
1786156264.1249092,engram-node02,222,51C522DE0688B8B4688F1C7DBCE61A17B4A085EEDF8821F5E68D4EE7B1FD5D7F,False,RECOVERING,2,0,False,
1786156264.128544,engram-node03,222,51C522DE0688B8B4688F1C7DBCE61A17B4A085EEDF8821F5E68D4EE7B1FD5D7F,False,RECOVERING,2,0,False,
1786156264.1322188,engram-node04,222,51C522DE0688B8B4688F1C7DBCE61A17B4A085EEDF8821F5E68D4EE7B1FD5D7F,False,RECOVERING,2,0,False,
1786156269.139251,engram-node01,222,51C522DE0688B8B4688F1C7DBCE61A17B4A085EEDF8821F5E68D4EE7B1FD5D7F,False,RECOVERING,2,0,False,
1786156269.146372,engram-node02,222,51C522DE0688B8B4688F1C7DBCE61A17B4A085EEDF8821F5E68D4EE7B1FD5D7F,False,RECOVERING,2,0,False,
1786156269.151359,engram-node03,222,51C522DE0688B8B4688F1C7DBCE61A17B4A085EEDF8821F5E68D4EE7B1FD5D7F,False,RECOVERING,2,0,False,
1786156269.155772,engram-node04,222,51C522DE0688B8B4688F1C7DBCE61A17B4A085EEDF8821F5E68D4EE7B1FD5D7F,False,RECOVERING,2,0,False,
1786156274.162155,engram-node01,222,51C522DE0688B8B4688F1C7DBCE61A17B4A085EEDF8821F5E68D4EE7B1FD5D7F,False,RECOVERING,2,0,False,
1786156274.167037,engram-node02,222,51C522DE0688B8B4688F1C7DBCE61A17B4A085EEDF8821F5E68D4EE7B1FD5D7F,False,RECOVERING,2,0,False,
1786156274.17118,engram-node03,222,51C522DE0688B8B4688F1C7DBCE61A17B4A085EEDF8821F5E68D4EE7B1FD5D7F,False,RECOVERING,2,0,False,
1786156274.174954,engram-node04,222,51C522DE0688B8B4688F1C7DBCE61A17B4A085EEDF8821F5E68D4EE7B1FD5D7F,False,RECOVERING,2,0,False,
1786156279.179866,engram-node01,222,51C522DE0688B8B4688F1C7DBCE61A17B4A085EEDF8821F5E68D4EE7B1FD5D7F,False,RECOVERING,2,0,False,
1786156279.18769,engram-node02,222,51C522DE0688B8B4688F1C7DBCE61A17B4A085EEDF8821F5E68D4EE7B1FD5D7F,False,RECOVERING,2,0,False,
1786156279.194437,engram-node03,222,51C522DE0688B8B4688F1C7DBCE61A17B4A085EEDF8821F5E68D4EE7B1FD5D7F,False,RECOVERING,2,0,False,
1786156279.1998148,engram-node04,222,51C522DE0688B8B4688F1C7DBCE61A17B4A085EEDF8821F5E68D4EE7B1FD5D7F,False,RECOVERING,2,0,False,
1786156284.2084968,engram-node01,222,51C522DE0688B8B4688F1C7DBCE61A17B4A085EEDF8821F5E68D4EE7B1FD5D7F,False,RECOVERING,2,0,False,
1786156284.2170901,engram-node02,222,51C522DE0688B8B4688F1C7DBCE61A17B4A085EEDF8821F5E68D4EE7B1FD5D7F,False,RECOVERING,2,0,False,
1786156284.2237692,engram-node03,222,51C522DE0688B8B4688F1C7DBCE61A17B4A085EEDF8821F5E68D4EE7B1FD5D7F,False,RECOVERING,2,0,False,
1786156284.229679,engram-node04,222,51C522DE0688B8B4688F1C7DBCE61A17B4A085EEDF8821F5E68D4EE7B1FD5D7F,False,RECOVERING,2,0,False,
1786156289.237822,engram-node01,222,51C522DE0688B8B4688F1C7DBCE61A17B4A085EEDF8821F5E68D4EE7B1FD5D7F,False,RECOVERING,2,0,False,
1786156289.24717,engram-node02,222,51C522DE0688B8B4688F1C7DBCE61A17B4A085EEDF8821F5E68D4EE7B1FD5D7F,False,RECOVERING,2,0,False,
1786156289.2533839,engram-node03,222,51C522DE0688B8B4688F1C7DBCE61A17B4A085EEDF8821F5E68D4EE7B1FD5D7F,False,RECOVERING,2,0,False,
1786156289.258791,engram-node04,222,51C522DE0688B8B4688F1C7DBCE61A17B4A085EEDF8821F5E68D4EE7B1FD5D7F,False,RECOVERING,2,0,False,
1786156294.269584,engram-node01,222,51C522DE0688B8B4688F1C7DBCE61A17B4A085EEDF8821F5E68D4EE7B1FD5D7F,False,RECOVERING,2,0,False,
1786156294.2766368,engram-node02,222,51C522DE0688B8B4688F1C7DBCE61A17B4A085EEDF8821F5E68D4EE7B1FD5D7F,False,RECOVERING,2,0,False,
1786156294.283605,engram-node03,222,51C522DE0688B8B4688F1C7DBCE61A17B4A085EEDF8821F5E68D4EE7B1FD5D7F,False,RECOVERING,2,0,False,
1786156294.2898,engram-node04,222,51C522DE0688B8B4688F1C7DBCE61A17B4A085EEDF8821F5E68D4EE7B1FD5D7F,False,RECOVERING,2,0,False,
1786156299.299094,engram-node01,222,51C522DE0688B8B4688F1C7DBCE61A17B4A085EEDF8821F5E68D4EE7B1FD5D7F,False,RECOVERING,2,0,False,
1786156299.3069692,engram-node02,222,51C522DE0688B8B4688F1C7DBCE61A17B4A085EEDF8821F5E68D4EE7B1FD5D7F,False,RECOVERING,2,0,False,
1786156299.3152509,engram-node03,222,51C522DE0688B8B4688F1C7DBCE61A17B4A085EEDF8821F5E68D4EE7B1FD5D7F,False,RECOVERING,2,0,False,
1786156299.321462,engram-node04,222,51C522DE0688B8B4688F1C7DBCE61A17B4A085EEDF8821F5E68D4EE7B1FD5D7F,False,RECOVERING,2,0,False,
1786156304.33292,engram-node01,222,51C522DE0688B8B4688F1C7DBCE61A17B4A085EEDF8821F5E68D4EE7B1FD5D7F,False,RECOVERING,2,0,False,
1786156304.340705,engram-node02,222,51C522DE0688B8B4688F1C7DBCE61A17B4A085EEDF8821F5E68D4EE7B1FD5D7F,False,RECOVERING,2,0,False,
1786156304.3458009,engram-node03,222,51C522DE0688B8B4688F1C7DBCE61A17B4A085EEDF8821F5E68D4EE7B1FD5D7F,False,RECOVERING,2,0,False,
1786156304.34912,engram-node04,222,51C522DE0688B8B4688F1C7DBCE61A17B4A085EEDF8821F5E68D4EE7B1FD5D7F,False,RECOVERING,2,0,False,
1786156309.3572621,engram-node01,222,51C522DE0688B8B4688F1C7DBCE61A17B4A085EEDF8821F5E68D4EE7B1FD5D7F,False,RECOVERING,2,0,False,
1786156309.3649778,engram-node02,222,51C522DE0688B8B4688F1C7DBCE61A17B4A085EEDF8821F5E68D4EE7B1FD5D7F,False,RECOVERING,2,0,False,
1786156309.370194,engram-node03,222,51C522DE0688B8B4688F1C7DBCE61A17B4A085EEDF8821F5E68D4EE7B1FD5D7F,False,RECOVERING,2,0,False,
1786156309.37489,engram-node04,222,51C522DE0688B8B4688F1C7DBCE61A17B4A085EEDF8821F5E68D4EE7B1FD5D7F,False,RECOVERING,2,0,False,
1786156314.380148,engram-node01,222,51C522DE0688B8B4688F1C7DBCE61A17B4A085EEDF8821F5E68D4EE7B1FD5D7F,False,RECOVERING,2,0,False,
1786156314.3876932,engram-node02,222,51C522DE0688B8B4688F1C7DBCE61A17B4A085EEDF8821F5E68D4EE7B1FD5D7F,False,RECOVERING,2,0,False,
1786156314.393711,engram-node03,222,51C522DE0688B8B4688F1C7DBCE61A17B4A085EEDF8821F5E68D4EE7B1FD5D7F,False,RECOVERING,2,0,False,
1786156314.399364,engram-node04,222,51C522DE0688B8B4688F1C7DBCE61A17B4A085EEDF8821F5E68D4EE7B1FD5D7F,False,RECOVERING,2,0,False,
1786156319.404597,engram-node01,224,2BD3A931F210D55618F769719F45211880C9909A7EDAE6F44F904BBC2E3163E8,False,RECOVERING,0,0,False,
1786156319.413684,engram-node02,224,2BD3A931F210D55618F769719F45211880C9909A7EDAE6F44F904BBC2E3163E8,False,RECOVERING,0,0,False,
1786156319.421242,engram-node03,224,2BD3A931F210D55618F769719F45211880C9909A7EDAE6F44F904BBC2E3163E8,False,RECOVERING,0,0,False,
1786156319.427285,engram-node04,224,2BD3A931F210D55618F769719F45211880C9909A7EDAE6F44F904BBC2E3163E8,False,RECOVERING,0,0,False,
1786156324.435476,engram-node01,226,81EC295E1A2F0DC3ACCD0767E1C979B55FB21BB182070E75DC21549EC9277849,False,RECOVERING,2,0,False,
1786156324.4456162,engram-node02,226,81EC295E1A2F0DC3ACCD0767E1C979B55FB21BB182070E75DC21549EC9277849,False,RECOVERING,2,0,False,
1786156324.450968,engram-node03,226,81EC295E1A2F0DC3ACCD0767E1C979B55FB21BB182070E75DC21549EC9277849,False,RECOVERING,2,0,False,
1786156324.456079,engram-node04,226,81EC295E1A2F0DC3ACCD0767E1C979B55FB21BB182070E75DC21549EC9277849,False,RECOVERING,2,0,False,
1786156329.462324,engram-node01,226,81EC295E1A2F0DC3ACCD0767E1C979B55FB21BB182070E75DC21549EC9277849,False,RECOVERING,2,0,False,
1786156329.470994,engram-node02,226,81EC295E1A2F0DC3ACCD0767E1C979B55FB21BB182070E75DC21549EC9277849,False,RECOVERING,2,0,False,
1786156329.47742,engram-node03,226,81EC295E1A2F0DC3ACCD0767E1C979B55FB21BB182070E75DC21549EC9277849,False,RECOVERING,2,0,False,
1786156329.483265,engram-node04,226,81EC295E1A2F0DC3ACCD0767E1C979B55FB21BB182070E75DC21549EC9277849,False,RECOVERING,2,0,False,
1786156334.492685,engram-node01,226,81EC295E1A2F0DC3ACCD0767E1C979B55FB21BB182070E75DC21549EC9277849,False,RECOVERING,2,0,False,
1786156334.502918,engram-node02,226,81EC295E1A2F0DC3ACCD0767E1C979B55FB21BB182070E75DC21549EC9277849,False,RECOVERING,2,0,False,
1786156334.509164,engram-node03,226,81EC295E1A2F0DC3ACCD0767E1C979B55FB21BB182070E75DC21549EC9277849,False,RECOVERING,2,0,False,
1786156334.514671,engram-node04,226,81EC295E1A2F0DC3ACCD0767E1C979B55FB21BB182070E75DC21549EC9277849,False,RECOVERING,2,0,False,
1786156339.5206668,engram-node01,226,81EC295E1A2F0DC3ACCD0767E1C979B55FB21BB182070E75DC21549EC9277849,False,RECOVERING,2,0,False,
1786156339.5277371,engram-node02,226,81EC295E1A2F0DC3ACCD0767E1C979B55FB21BB182070E75DC21549EC9277849,False,RECOVERING,2,0,False,
1786156339.532727,engram-node03,226,81EC295E1A2F0DC3ACCD0767E1C979B55FB21BB182070E75DC21549EC9277849,False,RECOVERING,2,0,False,
1786156339.537308,engram-node04,226,81EC295E1A2F0DC3ACCD0767E1C979B55FB21BB182070E75DC21549EC9277849,False,RECOVERING,2,0,False,
1786156344.547722,engram-node01,226,81EC295E1A2F0DC3ACCD0767E1C979B55FB21BB182070E75DC21549EC9277849,False,RECOVERING,2,0,False,
1786156344.560544,engram-node02,226,81EC295E1A2F0DC3ACCD0767E1C979B55FB21BB182070E75DC21549EC9277849,False,RECOVERING,2,0,False,
1786156344.5670881,engram-node03,226,81EC295E1A2F0DC3ACCD0767E1C979B55FB21BB182070E75DC21549EC9277849,False,RECOVERING,2,0,False,
1786156344.573397,engram-node04,226,81EC295E1A2F0DC3ACCD0767E1C979B55FB21BB182070E75DC21549EC9277849,False,RECOVERING,2,0,False,
1786156349.5824609,engram-node01,226,81EC295E1A2F0DC3ACCD0767E1C979B55FB21BB182070E75DC21549EC9277849,False,RECOVERING,2,0,False,
1786156349.5888052,engram-node02,226,81EC295E1A2F0DC3ACCD0767E1C979B55FB21BB182070E75DC21549EC9277849,False,RECOVERING,2,0,False,
1786156349.594281,engram-node03,226,81EC295E1A2F0DC3ACCD0767E1C979B55FB21BB182070E75DC21549EC9277849,False,RECOVERING,2,0,False,
1786156349.600071,engram-node04,226,81EC295E1A2F0DC3ACCD0767E1C979B55FB21BB182070E75DC21549EC9277849,False,RECOVERING,2,0,False,
1786156354.606844,engram-node01,226,81EC295E1A2F0DC3ACCD0767E1C979B55FB21BB182070E75DC21549EC9277849,False,RECOVERING,2,0,False,
1786156354.612892,engram-node02,226,81EC295E1A2F0DC3ACCD0767E1C979B55FB21BB182070E75DC21549EC9277849,False,RECOVERING,2,0,False,
1786156354.617377,engram-node03,226,81EC295E1A2F0DC3ACCD0767E1C979B55FB21BB182070E75DC21549EC9277849,False,RECOVERING,2,0,False,
1786156354.621736,engram-node04,226,81EC295E1A2F0DC3ACCD0767E1C979B55FB21BB182070E75DC21549EC9277849,False,RECOVERING,2,0,False,
1786156359.630334,engram-node01,226,81EC295E1A2F0DC3ACCD0767E1C979B55FB21BB182070E75DC21549EC9277849,False,RECOVERING,2,0,False,
1786156359.639215,engram-node02,226,81EC295E1A2F0DC3ACCD0767E1C979B55FB21BB182070E75DC21549EC9277849,False,RECOVERING,2,0,False,
1786156359.644518,engram-node03,226,81EC295E1A2F0DC3ACCD0767E1C979B55FB21BB182070E75DC21549EC9277849,False,RECOVERING,2,0,False,
1786156359.6486819,engram-node04,226,81EC295E1A2F0DC3ACCD0767E1C979B55FB21BB182070E75DC21549EC9277849,False,RECOVERING,2,0,False,
1786156364.6572359,engram-node01,226,81EC295E1A2F0DC3ACCD0767E1C979B55FB21BB182070E75DC21549EC9277849,False,RECOVERING,2,0,False,
1786156364.663352,engram-node02,226,81EC295E1A2F0DC3ACCD0767E1C979B55FB21BB182070E75DC21549EC9277849,False,RECOVERING,2,0,False,
1786156364.668097,engram-node03,226,81EC295E1A2F0DC3ACCD0767E1C979B55FB21BB182070E75DC21549EC9277849,False,RECOVERING,2,0,False,
1786156364.6714602,engram-node04,226,81EC295E1A2F0DC3ACCD0767E1C979B55FB21BB182070E75DC21549EC9277849,False,RECOVERING,2,0,False,
1786156369.679541,engram-node01,226,81EC295E1A2F0DC3ACCD0767E1C979B55FB21BB182070E75DC21549EC9277849,False,RECOVERING,2,0,False,
1786156369.691884,engram-node02,226,81EC295E1A2F0DC3ACCD0767E1C979B55FB21BB182070E75DC21549EC9277849,False,RECOVERING,2,0,False,
1786156369.696176,engram-node03,226,81EC295E1A2F0DC3ACCD0767E1C979B55FB21BB182070E75DC21549EC9277849,False,RECOVERING,2,0,False,
1786156369.7002199,engram-node04,226,81EC295E1A2F0DC3ACCD0767E1C979B55FB21BB182070E75DC21549EC9277849,False,RECOVERING,2,0,False,
1786156374.7095292,engram-node01,226,81EC295E1A2F0DC3ACCD0767E1C979B55FB21BB182070E75DC21549EC9277849,False,RECOVERING,2,0,False,
1786156374.7182012,engram-node02,226,81EC295E1A2F0DC3ACCD0767E1C979B55FB21BB182070E75DC21549EC9277849,False,RECOVERING,2,0,False,
1786156374.72276,engram-node03,226,81EC295E1A2F0DC3ACCD0767E1C979B55FB21BB182070E75DC21549EC9277849,False,RECOVERING,2,0,False,
1786156374.726337,engram-node04,226,81EC295E1A2F0DC3ACCD0767E1C979B55FB21BB182070E75DC21549EC9277849,False,RECOVERING,2,0,False,
1786156379.7304351,engram-node01,228,FF6988F605AFBEEF0F89808FCF6DD2B0145A6F7FD5A3B5A7196F2CBFAC47CE17,False,RECOVERING,0,0,False,
1786156379.740442,engram-node02,228,FF6988F605AFBEEF0F89808FCF6DD2B0145A6F7FD5A3B5A7196F2CBFAC47CE17,False,RECOVERING,0,0,False,
1786156379.746162,engram-node03,228,FF6988F605AFBEEF0F89808FCF6DD2B0145A6F7FD5A3B5A7196F2CBFAC47CE17,False,RECOVERING,0,0,False,
1786156379.751275,engram-node04,228,FF6988F605AFBEEF0F89808FCF6DD2B0145A6F7FD5A3B5A7196F2CBFAC47CE17,False,RECOVERING,0,0,False,
1786156384.759263,engram-node01,230,45E74B5A483E78E247AFFEAC25FA534DA6465D97061D648D0C75DCF915EB4C65,False,RECOVERING,2,0,False,
1786156384.767034,engram-node02,230,45E74B5A483E78E247AFFEAC25FA534DA6465D97061D648D0C75DCF915EB4C65,False,RECOVERING,2,0,False,
1786156384.774063,engram-node03,230,45E74B5A483E78E247AFFEAC25FA534DA6465D97061D648D0C75DCF915EB4C65,False,RECOVERING,2,0,False,
1786156384.778053,engram-node04,230,45E74B5A483E78E247AFFEAC25FA534DA6465D97061D648D0C75DCF915EB4C65,False,RECOVERING,2,0,False,
1786156389.783075,engram-node01,230,45E74B5A483E78E247AFFEAC25FA534DA6465D97061D648D0C75DCF915EB4C65,False,RECOVERING,2,0,False,
1786156389.7877371,engram-node02,230,45E74B5A483E78E247AFFEAC25FA534DA6465D97061D648D0C75DCF915EB4C65,False,RECOVERING,2,0,False,
1786156389.791709,engram-node03,230,45E74B5A483E78E247AFFEAC25FA534DA6465D97061D648D0C75DCF915EB4C65,False,RECOVERING,2,0,False,
1786156389.795727,engram-node04,230,45E74B5A483E78E247AFFEAC25FA534DA6465D97061D648D0C75DCF915EB4C65,False,RECOVERING,2,0,False,
1786156394.800464,engram-node01,230,45E74B5A483E78E247AFFEAC25FA534DA6465D97061D648D0C75DCF915EB4C65,False,RECOVERING,2,0,False,
1786156394.805109,engram-node02,230,45E74B5A483E78E247AFFEAC25FA534DA6465D97061D648D0C75DCF915EB4C65,False,RECOVERING,2,0,False,
1786156394.808653,engram-node03,230,45E74B5A483E78E247AFFEAC25FA534DA6465D97061D648D0C75DCF915EB4C65,False,RECOVERING,2,0,False,
1786156394.81218,engram-node04,230,45E74B5A483E78E247AFFEAC25FA534DA6465D97061D648D0C75DCF915EB4C65,False,RECOVERING,2,0,False,
1786156399.820529,engram-node01,230,45E74B5A483E78E247AFFEAC25FA534DA6465D97061D648D0C75DCF915EB4C65,False,RECOVERING,2,0,False,
1786156399.830581,engram-node02,230,45E74B5A483E78E247AFFEAC25FA534DA6465D97061D648D0C75DCF915EB4C65,False,RECOVERING,2,0,False,
1786156399.8374631,engram-node03,230,45E74B5A483E78E247AFFEAC25FA534DA6465D97061D648D0C75DCF915EB4C65,False,RECOVERING,2,0,False,
1786156399.841533,engram-node04,230,45E74B5A483E78E247AFFEAC25FA534DA6465D97061D648D0C75DCF915EB4C65,False,RECOVERING,2,0,False,
1786156404.8483431,engram-node01,230,45E74B5A483E78E247AFFEAC25FA534DA6465D97061D648D0C75DCF915EB4C65,False,RECOVERING,2,0,False,
1786156404.856691,engram-node02,230,45E74B5A483E78E247AFFEAC25FA534DA6465D97061D648D0C75DCF915EB4C65,False,RECOVERING,2,0,False,
1786156404.8626418,engram-node03,230,45E74B5A483E78E247AFFEAC25FA534DA6465D97061D648D0C75DCF915EB4C65,False,RECOVERING,2,0,False,
1786156404.8679821,engram-node04,230,45E74B5A483E78E247AFFEAC25FA534DA6465D97061D648D0C75DCF915EB4C65,False,RECOVERING,2,0,False,
1786156409.873106,engram-node01,230,45E74B5A483E78E247AFFEAC25FA534DA6465D97061D648D0C75DCF915EB4C65,False,RECOVERING,2,0,False,
1786156409.8802361,engram-node02,230,45E74B5A483E78E247AFFEAC25FA534DA6465D97061D648D0C75DCF915EB4C65,False,RECOVERING,2,0,False,
1786156409.8849401,engram-node03,230,45E74B5A483E78E247AFFEAC25FA534DA6465D97061D648D0C75DCF915EB4C65,False,RECOVERING,2,0,False,
1786156409.888159,engram-node04,230,45E74B5A483E78E247AFFEAC25FA534DA6465D97061D648D0C75DCF915EB4C65,False,RECOVERING,2,0,False,
1786156414.897208,engram-node01,230,45E74B5A483E78E247AFFEAC25FA534DA6465D97061D648D0C75DCF915EB4C65,False,RECOVERING,2,0,False,
1786156414.9079309,engram-node02,230,45E74B5A483E78E247AFFEAC25FA534DA6465D97061D648D0C75DCF915EB4C65,False,RECOVERING,2,0,False,
1786156414.9151602,engram-node03,230,45E74B5A483E78E247AFFEAC25FA534DA6465D97061D648D0C75DCF915EB4C65,False,RECOVERING,2,0,False,
1786156414.92039,engram-node04,230,45E74B5A483E78E247AFFEAC25FA534DA6465D97061D648D0C75DCF915EB4C65,False,RECOVERING,2,0,False,
1786156419.929226,engram-node01,230,45E74B5A483E78E247AFFEAC25FA534DA6465D97061D648D0C75DCF915EB4C65,False,RECOVERING,2,0,False,
1786156419.937498,engram-node02,230,45E74B5A483E78E247AFFEAC25FA534DA6465D97061D648D0C75DCF915EB4C65,False,RECOVERING,2,0,False,
1786156419.943936,engram-node03,230,45E74B5A483E78E247AFFEAC25FA534DA6465D97061D648D0C75DCF915EB4C65,False,RECOVERING,2,0,False,
1786156419.950144,engram-node04,230,45E74B5A483E78E247AFFEAC25FA534DA6465D97061D648D0C75DCF915EB4C65,False,RECOVERING,2,0,False,
1786156424.95579,engram-node01,230,45E74B5A483E78E247AFFEAC25FA534DA6465D97061D648D0C75DCF915EB4C65,False,RECOVERING,2,0,False,
1786156424.961053,engram-node02,230,45E74B5A483E78E247AFFEAC25FA534DA6465D97061D648D0C75DCF915EB4C65,False,RECOVERING,2,0,False,
1786156424.9645288,engram-node03,230,45E74B5A483E78E247AFFEAC25FA534DA6465D97061D648D0C75DCF915EB4C65,False,RECOVERING,2,0,False,
1786156424.968223,engram-node04,230,45E74B5A483E78E247AFFEAC25FA534DA6465D97061D648D0C75DCF915EB4C65,False,RECOVERING,2,0,False,
1786156429.9771578,engram-node01,230,45E74B5A483E78E247AFFEAC25FA534DA6465D97061D648D0C75DCF915EB4C65,False,RECOVERING,2,0,False,
1786156429.985877,engram-node02,230,45E74B5A483E78E247AFFEAC25FA534DA6465D97061D648D0C75DCF915EB4C65,False,RECOVERING,2,0,False,
1786156429.993036,engram-node03,230,45E74B5A483E78E247AFFEAC25FA534DA6465D97061D648D0C75DCF915EB4C65,False,RECOVERING,2,0,False,
1786156430.005978,engram-node04,230,45E74B5A483E78E247AFFEAC25FA534DA6465D97061D648D0C75DCF915EB4C65,False,RECOVERING,2,0,False,
1786156435.015069,engram-node01,230,45E74B5A483E78E247AFFEAC25FA534DA6465D97061D648D0C75DCF915EB4C65,False,RECOVERING,2,0,False,
1786156435.020342,engram-node02,230,45E74B5A483E78E247AFFEAC25FA534DA6465D97061D648D0C75DCF915EB4C65,False,RECOVERING,2,0,False,
1786156435.025312,engram-node03,230,45E74B5A483E78E247AFFEAC25FA534DA6465D97061D648D0C75DCF915EB4C65,False,RECOVERING,2,0,False,
1786156435.030506,engram-node04,230,45E74B5A483E78E247AFFEAC25FA534DA6465D97061D648D0C75DCF915EB4C65,False,RECOVERING,2,0,False,
1786156440.039514,engram-node01,232,79BB24D868C86804A674715665728826DB7654B25D4F934289C7C94B6509F6F4,False,RECOVERING,0,0,False,
1786156440.045547,engram-node02,232,79BB24D868C86804A674715665728826DB7654B25D4F934289C7C94B6509F6F4,False,RECOVERING,0,0,False,
1786156440.049641,engram-node03,232,79BB24D868C86804A674715665728826DB7654B25D4F934289C7C94B6509F6F4,False,RECOVERING,0,0,False,
1786156440.053498,engram-node04,232,79BB24D868C86804A674715665728826DB7654B25D4F934289C7C94B6509F6F4,False,RECOVERING,0,0,False,
1786156445.058806,engram-node01,234,2CB79592EE546DE41FF60A5A30A626FB48E23EB91C968E422B0505A3162CAEED,False,RECOVERING,2,0,False,
1786156445.0681448,engram-node02,234,2CB79592EE546DE41FF60A5A30A626FB48E23EB91C968E422B0505A3162CAEED,False,RECOVERING,2,0,False,
1786156445.074007,engram-node03,234,2CB79592EE546DE41FF60A5A30A626FB48E23EB91C968E422B0505A3162CAEED,False,RECOVERING,2,0,False,
1786156445.078702,engram-node04,234,2CB79592EE546DE41FF60A5A30A626FB48E23EB91C968E422B0505A3162CAEED,False,RECOVERING,2,0,False,
1786156450.083523,engram-node01,234,2CB79592EE546DE41FF60A5A30A626FB48E23EB91C968E422B0505A3162CAEED,False,RECOVERING,2,0,False,
1786156450.089778,engram-node02,234,2CB79592EE546DE41FF60A5A30A626FB48E23EB91C968E422B0505A3162CAEED,False,RECOVERING,2,0,False,
1786156450.093554,engram-node03,234,2CB79592EE546DE41FF60A5A30A626FB48E23EB91C968E422B0505A3162CAEED,False,RECOVERING,2,0,False,
1786156450.096334,engram-node04,234,2CB79592EE546DE41FF60A5A30A626FB48E23EB91C968E422B0505A3162CAEED,False,RECOVERING,2,0,False,
1786156455.103908,engram-node01,234,2CB79592EE546DE41FF60A5A30A626FB48E23EB91C968E422B0505A3162CAEED,False,RECOVERING,2,0,False,
1786156455.11025,engram-node02,234,2CB79592EE546DE41FF60A5A30A626FB48E23EB91C968E422B0505A3162CAEED,False,RECOVERING,2,0,False,
1786156455.115784,engram-node03,234,2CB79592EE546DE41FF60A5A30A626FB48E23EB91C968E422B0505A3162CAEED,False,RECOVERING,2,0,False,
1786156455.120091,engram-node04,234,2CB79592EE546DE41FF60A5A30A626FB48E23EB91C968E422B0505A3162CAEED,False,RECOVERING,2,0,False,
1786156460.129245,engram-node01,234,2CB79592EE546DE41FF60A5A30A626FB48E23EB91C968E422B0505A3162CAEED,False,RECOVERING,2,0,False,
1786156460.1357708,engram-node02,234,2CB79592EE546DE41FF60A5A30A626FB48E23EB91C968E422B0505A3162CAEED,False,RECOVERING,2,0,False,
1786156460.141521,engram-node03,234,2CB79592EE546DE41FF60A5A30A626FB48E23EB91C968E422B0505A3162CAEED,False,RECOVERING,2,0,False,
1786156460.146891,engram-node04,234,2CB79592EE546DE41FF60A5A30A626FB48E23EB91C968E422B0505A3162CAEED,False,RECOVERING,2,0,False,
1786156465.157465,engram-node01,-1,,False,,0,0,False,<urlopen error [Errno 61] Connection refused>
1786156465.1608388,engram-node02,-1,,False,,0,0,False,<urlopen error [Errno 61] Connection refused>
1786156465.161715,engram-node03,-1,,False,,0,0,False,<urlopen error [Errno 61] Connection refused>
1786156465.162665,engram-node04,-1,,False,,0,0,False,<urlopen error [Errno 61] Connection refused>
1786156470.1641972,engram-node01,-1,,False,,0,0,False,<urlopen error [Errno 61] Connection refused>
1786156470.16578,engram-node02,-1,,False,,0,0,False,<urlopen error [Errno 61] Connection refused>
1786156470.1662972,engram-node03,-1,,False,,0,0,False,<urlopen error [Errno 61] Connection refused>
1786156470.166913,engram-node04,-1,,False,,0,0,False,<urlopen error [Errno 61] Connection refused>
1786156475.172787,engram-node01,-1,,False,,0,0,False,abci_query error: engramd is not ready; please wait for first block: invalid height
1786156475.1815581,engram-node02,-1,,False,,0,0,False,abci_query error: engramd is not ready; please wait for first block: invalid height
1786156475.187808,engram-node03,-1,,False,,0,0,False,abci_query error: engramd is not ready; please wait for first block: invalid height
1786156475.193534,engram-node04,-1,,False,,0,0,False,abci_query error: engramd is not ready; please wait for first block: invalid height
1786156480.201092,engram-node01,-1,,False,,0,0,False,abci_query error: engramd is not ready; please wait for first block: invalid height
1786156480.206667,engram-node02,-1,,False,,0,0,False,abci_query error: engramd is not ready; please wait for first block: invalid height
1786156480.210409,engram-node03,-1,,False,,0,0,False,abci_query error: engramd is not ready; please wait for first block: invalid height
1786156480.213693,engram-node04,-1,,False,,0,0,False,abci_query error: engramd is not ready; please wait for first block: invalid height
1786156485.221941,engram-node01,-1,,False,,0,0,False,abci_query error: engramd is not ready; please wait for first block: invalid height
1786156485.229385,engram-node02,-1,,False,,0,0,False,abci_query error: engramd is not ready; please wait for first block: invalid height
1786156485.235143,engram-node03,-1,,False,,0,0,False,abci_query error: engramd is not ready; please wait for first block: invalid height
1786156485.241097,engram-node04,-1,,False,,0,0,False,abci_query error: engramd is not ready; please wait for first block: invalid height
1786156490.247606,engram-node01,-1,,False,,0,0,False,abci_query error: engramd is not ready; please wait for first block: invalid height
1786156490.253699,engram-node02,-1,,False,,0,0,False,abci_query error: engramd is not ready; please wait for first block: invalid height
1786156490.260641,engram-node03,-1,,False,,0,0,False,abci_query error: engramd is not ready; please wait for first block: invalid height
1786156490.2656,engram-node04,-1,,False,,0,0,False,abci_query error: engramd is not ready; please wait for first block: invalid height
1786156495.270508,engram-node01,-1,,False,,0,0,False,abci_query error: engramd is not ready; please wait for first block: invalid height
1786156495.277066,engram-node02,-1,,False,,0,0,False,abci_query error: engramd is not ready; please wait for first block: invalid height
1786156495.282346,engram-node03,-1,,False,,0,0,False,abci_query error: engramd is not ready; please wait for first block: invalid height
1786156495.2874188,engram-node04,-1,,False,,0,0,False,abci_query error: engramd is not ready; please wait for first block: invalid height
1786156500.295806,engram-node01,-1,,False,,0,0,False,abci_query error: engramd is not ready; please wait for first block: invalid height
1786156500.303322,engram-node02,-1,,False,,0,0,False,abci_query error: engramd is not ready; please wait for first block: invalid height
1786156500.308533,engram-node03,-1,,False,,0,0,False,abci_query error: engramd is not ready; please wait for first block: invalid height
1786156500.314805,engram-node04,-1,,False,,0,0,False,abci_query error: engramd is not ready; please wait for first block: invalid height
1786156505.324702,engram-node01,-1,,False,,0,0,False,abci_query error: engramd is not ready; please wait for first block: invalid height
1786156505.334273,engram-node02,-1,,False,,0,0,False,abci_query error: engramd is not ready; please wait for first block: invalid height
1786156505.3403819,engram-node03,-1,,False,,0,0,False,abci_query error: engramd is not ready; please wait for first block: invalid height
1786156505.3445299,engram-node04,-1,,False,,0,0,False,abci_query error: engramd is not ready; please wait for first block: invalid height
1786156510.352672,engram-node01,-1,,False,,0,0,False,abci_query error: engramd is not ready; please wait for first block: invalid height
1786156510.3603442,engram-node02,-1,,False,,0,0,False,abci_query error: engramd is not ready; please wait for first block: invalid height
1786156510.364479,engram-node03,-1,,False,,0,0,False,abci_query error: engramd is not ready; please wait for first block: invalid height
1786156510.368758,engram-node04,-1,,False,,0,0,False,abci_query error: engramd is not ready; please wait for first block: invalid height
1786156515.375325,engram-node01,-1,,False,,0,0,False,abci_query error: engramd is not ready; please wait for first block: invalid height
1786156515.379267,engram-node02,-1,,False,,0,0,False,abci_query error: engramd is not ready; please wait for first block: invalid height
1786156515.3825548,engram-node03,-1,,False,,0,0,False,abci_query error: engramd is not ready; please wait for first block: invalid height
1786156515.385396,engram-node04,-1,,False,,0,0,False,abci_query error: engramd is not ready; please wait for first block: invalid height
1786156520.393075,engram-node01,-1,,False,,0,0,False,abci_query error: engramd is not ready; please wait for first block: invalid height
1786156520.398706,engram-node02,-1,,False,,0,0,False,abci_query error: engramd is not ready; please wait for first block: invalid height
1786156520.4036312,engram-node03,-1,,False,,0,0,False,abci_query error: engramd is not ready; please wait for first block: invalid height
1786156520.408297,engram-node04,-1,,False,,0,0,False,abci_query error: engramd is not ready; please wait for first block: invalid height
1786156525.413287,engram-node01,-1,,False,,0,0,False,abci_query error: engramd is not ready; please wait for first block: invalid height
1786156525.420172,engram-node02,-1,,False,,0,0,False,abci_query error: engramd is not ready; please wait for first block: invalid height
1786156525.425053,engram-node03,-1,,False,,0,0,False,abci_query error: engramd is not ready; please wait for first block: invalid height
1786156525.42857,engram-node04,-1,,False,,0,0,False,abci_query error: engramd is not ready; please wait for first block: invalid height
1786156530.437259,engram-node01,-1,,False,,0,0,False,abci_query error: engramd is not ready; please wait for first block: invalid height
1786156530.442126,engram-node02,-1,,False,,0,0,False,abci_query error: engramd is not ready; please wait for first block: invalid height
1786156530.444844,engram-node03,-1,,False,,0,0,False,abci_query error: engramd is not ready; please wait for first block: invalid height
1786156530.447572,engram-node04,-1,,False,,0,0,False,abci_query error: engramd is not ready; please wait for first block: invalid height
1786156535.4555788,engram-node01,-1,,False,,0,0,False,abci_query error: engramd is not ready; please wait for first block: invalid height
1786156535.4621592,engram-node02,-1,,False,,0,0,False,abci_query error: engramd is not ready; please wait for first block: invalid height
1786156535.467042,engram-node03,-1,,False,,0,0,False,abci_query error: engramd is not ready; please wait for first block: invalid height
1786156535.47197,engram-node04,-1,,False,,0,0,False,abci_query error: engramd is not ready; please wait for first block: invalid height
1786156540.4802508,engram-node01,3,8681631AD9B50168A445047367A065858A973E2FC98360E468D5BE56D91C2E19,False,SOVEREIGN,0,0,False,
1786156540.4862368,engram-node02,3,8681631AD9B50168A445047367A065858A973E2FC98360E468D5BE56D91C2E19,False,SOVEREIGN,0,0,False,
1786156540.490905,engram-node03,3,8681631AD9B50168A445047367A065858A973E2FC98360E468D5BE56D91C2E19,False,SOVEREIGN,0,0,False,
1786156540.4952588,engram-node04,3,8681631AD9B50168A445047367A065858A973E2FC98360E468D5BE56D91C2E19,False,SOVEREIGN,0,0,False,
1786156545.5088289,engram-node01,7,D584DC4E20791422FD3C695D84E3C783CC9DC11CBFA1C05C07530A8EBEA7FB49,False,SOVEREIGN,0,0,False,
1786156545.5145411,engram-node02,7,D584DC4E20791422FD3C695D84E3C783CC9DC11CBFA1C05C07530A8EBEA7FB49,False,SOVEREIGN,0,0,False,
1786156545.5221398,engram-node03,7,D584DC4E20791422FD3C695D84E3C783CC9DC11CBFA1C05C07530A8EBEA7FB49,False,SOVEREIGN,0,0,False,
1786156545.525621,engram-node04,7,D584DC4E20791422FD3C695D84E3C783CC9DC11CBFA1C05C07530A8EBEA7FB49,False,SOVEREIGN,0,0,False,
1786156550.530039,engram-node01,11,9E8639495AC225D11B8DA5363AFB0AB2A6C6C986F96E09AEC06659C07A2CA9D5,False,SOVEREIGN,0,0,False,
1786156550.536216,engram-node02,11,9E8639495AC225D11B8DA5363AFB0AB2A6C6C986F96E09AEC06659C07A2CA9D5,False,SOVEREIGN,0,0,False,
1786156550.540077,engram-node03,11,9E8639495AC225D11B8DA5363AFB0AB2A6C6C986F96E09AEC06659C07A2CA9D5,False,SOVEREIGN,0,0,False,
1786156550.544002,engram-node04,11,9E8639495AC225D11B8DA5363AFB0AB2A6C6C986F96E09AEC06659C07A2CA9D5,False,SOVEREIGN,0,0,False,
1786156555.5510871,engram-node01,15,2F17304B0520CADC24F305FD70EC70AA4DAA1496D272DE617CC8CA29993DFD66,False,SOVEREIGN,0,0,False,
1786156555.558645,engram-node02,15,2F17304B0520CADC24F305FD70EC70AA4DAA1496D272DE617CC8CA29993DFD66,False,SOVEREIGN,0,0,False,
1786156555.563522,engram-node03,15,2F17304B0520CADC24F305FD70EC70AA4DAA1496D272DE617CC8CA29993DFD66,False,SOVEREIGN,0,0,False,
1786156555.5681129,engram-node04,15,2F17304B0520CADC24F305FD70EC70AA4DAA1496D272DE617CC8CA29993DFD66,False,SOVEREIGN,0,0,False,
1786156560.577366,engram-node01,19,233D84980CA5FC45574328DB000EAB8607EE01713E79E216C2A97D2714452CBB,False,SOVEREIGN,0,0,False,
1786156560.586289,engram-node02,19,233D84980CA5FC45574328DB000EAB8607EE01713E79E216C2A97D2714452CBB,False,SOVEREIGN,0,0,False,
1786156560.592538,engram-node03,19,233D84980CA5FC45574328DB000EAB8607EE01713E79E216C2A97D2714452CBB,False,SOVEREIGN,0,0,False,
1786156560.5972638,engram-node04,19,233D84980CA5FC45574328DB000EAB8607EE01713E79E216C2A97D2714452CBB,False,SOVEREIGN,0,0,False,
1786156565.6047099,engram-node01,23,2AA1D92B7A8FDC29767E5ABC072F08381E47D74C06A5D70B5C4941C84D75A454,False,SOVEREIGN,0,0,False,
1786156565.6098619,engram-node02,23,2AA1D92B7A8FDC29767E5ABC072F08381E47D74C06A5D70B5C4941C84D75A454,False,SOVEREIGN,0,0,False,
1786156565.6144571,engram-node03,23,2AA1D92B7A8FDC29767E5ABC072F08381E47D74C06A5D70B5C4941C84D75A454,False,SOVEREIGN,0,0,False,
1786156565.6183438,engram-node04,23,2AA1D92B7A8FDC29767E5ABC072F08381E47D74C06A5D70B5C4941C84D75A454,False,SOVEREIGN,0,0,False,
1786156570.6225548,engram-node01,27,B205CAAD9CAEC4DC6329D9DDD6C9FC818CDF911A58C82879CF4E51972836CA9B,False,SOVEREIGN,0,0,False,
1786156570.627946,engram-node02,27,B205CAAD9CAEC4DC6329D9DDD6C9FC818CDF911A58C82879CF4E51972836CA9B,False,SOVEREIGN,0,0,False,
1786156570.631787,engram-node03,27,B205CAAD9CAEC4DC6329D9DDD6C9FC818CDF911A58C82879CF4E51972836CA9B,False,SOVEREIGN,0,0,False,
1786156570.635382,engram-node04,27,B205CAAD9CAEC4DC6329D9DDD6C9FC818CDF911A58C82879CF4E51972836CA9B,False,SOVEREIGN,0,0,False,
1786156575.6403358,engram-node01,31,1E946558B931AF1F1BE1F34AA6CB8305113AB419187BB4F0760C245048BC0312,False,SOVEREIGN,0,0,False,
1786156575.6496441,engram-node02,31,1E946558B931AF1F1BE1F34AA6CB8305113AB419187BB4F0760C245048BC0312,False,SOVEREIGN,0,0,False,
1786156575.656258,engram-node03,31,1E946558B931AF1F1BE1F34AA6CB8305113AB419187BB4F0760C245048BC0312,False,SOVEREIGN,0,0,False,
1786156575.662257,engram-node04,31,1E946558B931AF1F1BE1F34AA6CB8305113AB419187BB4F0760C245048BC0312,False,SOVEREIGN,0,0,False,
1786156580.6729338,engram-node01,35,F8E32635B0D654B8637C4219CC7218317EAC63648AFB07FF03F53BDC8A6C6E13,False,SOVEREIGN,0,0,False,
1786156580.679452,engram-node02,35,F8E32635B0D654B8637C4219CC7218317EAC63648AFB07FF03F53BDC8A6C6E13,False,SOVEREIGN,0,0,False,
1786156580.685295,engram-node03,35,F8E32635B0D654B8637C4219CC7218317EAC63648AFB07FF03F53BDC8A6C6E13,False,SOVEREIGN,0,0,False,
1786156580.691916,engram-node04,35,F8E32635B0D654B8637C4219CC7218317EAC63648AFB07FF03F53BDC8A6C6E13,False,SOVEREIGN,0,0,False,
1786156585.69805,engram-node01,39,BC711D328B5E995BDFF1567FC30EC259DF22523EFD16D14DDB0EE862932484BE,False,SOVEREIGN,0,0,False,
1786156585.7027478,engram-node02,39,BC711D328B5E995BDFF1567FC30EC259DF22523EFD16D14DDB0EE862932484BE,False,SOVEREIGN,0,0,False,
1786156585.705905,engram-node03,39,BC711D328B5E995BDFF1567FC30EC259DF22523EFD16D14DDB0EE862932484BE,False,SOVEREIGN,0,0,False,
1786156585.7087638,engram-node04,39,BC711D328B5E995BDFF1567FC30EC259DF22523EFD16D14DDB0EE862932484BE,False,SOVEREIGN,0,0,False,
1786156590.7159328,engram-node01,43,A466C05C333B0690FE4D7E0A987E1A1C67A82FC3E96D014281DB9B627F52A160,False,SOVEREIGN,0,0,False,
1786156590.722413,engram-node02,43,A466C05C333B0690FE4D7E0A987E1A1C67A82FC3E96D014281DB9B627F52A160,False,SOVEREIGN,0,0,False,
1786156590.727574,engram-node03,43,A466C05C333B0690FE4D7E0A987E1A1C67A82FC3E96D014281DB9B627F52A160,False,SOVEREIGN,0,0,False,
1786156590.730905,engram-node04,43,A466C05C333B0690FE4D7E0A987E1A1C67A82FC3E96D014281DB9B627F52A160,False,SOVEREIGN,0,0,False,
1786156595.73566,engram-node01,47,EF1966F3417ED419FD8DEC2F579EE6B8A070F71131C55E7A3FE849413E53EC95,False,SOVEREIGN,0,0,False,
1786156595.740036,engram-node02,47,EF1966F3417ED419FD8DEC2F579EE6B8A070F71131C55E7A3FE849413E53EC95,False,SOVEREIGN,0,0,False,
1786156595.74354,engram-node03,47,EF1966F3417ED419FD8DEC2F579EE6B8A070F71131C55E7A3FE849413E53EC95,False,SOVEREIGN,0,0,False,
1786156595.746263,engram-node04,47,EF1966F3417ED419FD8DEC2F579EE6B8A070F71131C55E7A3FE849413E53EC95,False,SOVEREIGN,0,0,False,
1786156600.754247,engram-node01,52,0DA96D2FB9A42ACF8AD39D023DEC572213F355FDB54B0FD336B633AB63CA1579,False,SOVEREIGN,0,0,False,
1786156600.757868,engram-node02,51,5DE66399057DA28C2222B97C4508B0C2D34B1A6561412735FA9CDECB48E3B2DD,False,SOVEREIGN,0,0,False,
1786156600.761145,engram-node03,52,0DA96D2FB9A42ACF8AD39D023DEC572213F355FDB54B0FD336B633AB63CA1579,False,SOVEREIGN,0,0,False,
1786156600.7652779,engram-node04,51,5DE66399057DA28C2222B97C4508B0C2D34B1A6561412735FA9CDECB48E3B2DD,False,SOVEREIGN,0,0,False,
1786156605.774347,engram-node01,56,49A174456E05FAF82C42AAAE0C3C68F81562BB91BC749FEA1D65EF5F9272D28E,False,SOVEREIGN,0,0,False,
1786156605.7792482,engram-node02,56,49A174456E05FAF82C42AAAE0C3C68F81562BB91BC749FEA1D65EF5F9272D28E,False,SOVEREIGN,0,0,False,
1786156605.7861938,engram-node03,56,49A174456E05FAF82C42AAAE0C3C68F81562BB91BC749FEA1D65EF5F9272D28E,False,SOVEREIGN,0,0,False,
1786156605.7908092,engram-node04,56,49A174456E05FAF82C42AAAE0C3C68F81562BB91BC749FEA1D65EF5F9272D28E,False,SOVEREIGN,0,0,False,
1786156610.79834,engram-node01,60,4A76876A8D8FD7D183F86DA7BC653F7954E34F808ACC751D2BDC3903E67067C0,False,SOVEREIGN,0,0,False,
1786156610.804228,engram-node02,60,4A76876A8D8FD7D183F86DA7BC653F7954E34F808ACC751D2BDC3903E67067C0,False,SOVEREIGN,0,0,False,
1786156610.814798,engram-node03,60,4A76876A8D8FD7D183F86DA7BC653F7954E34F808ACC751D2BDC3903E67067C0,False,SOVEREIGN,0,0,False,
1786156610.823081,engram-node04,60,4A76876A8D8FD7D183F86DA7BC653F7954E34F808ACC751D2BDC3903E67067C0,False,SOVEREIGN,0,0,False,
1786156615.831685,engram-node01,64,65587A0C033B6CD8692B3FCAA625D5FCFE7FE7E1DF0504F32D0998A13299D3E5,False,SOVEREIGN,0,0,False,
1786156615.839861,engram-node02,64,65587A0C033B6CD8692B3FCAA625D5FCFE7FE7E1DF0504F32D0998A13299D3E5,False,SOVEREIGN,0,0,False,
1786156615.845373,engram-node03,64,65587A0C033B6CD8692B3FCAA625D5FCFE7FE7E1DF0504F32D0998A13299D3E5,False,SOVEREIGN,0,0,False,
1786156615.850606,engram-node04,64,65587A0C033B6CD8692B3FCAA625D5FCFE7FE7E1DF0504F32D0998A13299D3E5,False,SOVEREIGN,0,0,False,
1786156620.856222,engram-node01,68,C2F9EECB2C1393B61FF9B5318D059CD52040DEE3710FFBE6EF4BB39FC7C0F713,False,SOVEREIGN,0,0,False,
1786156620.8599098,engram-node02,68,C2F9EECB2C1393B61FF9B5318D059CD52040DEE3710FFBE6EF4BB39FC7C0F713,False,SOVEREIGN,0,0,False,
1786156620.862512,engram-node03,68,C2F9EECB2C1393B61FF9B5318D059CD52040DEE3710FFBE6EF4BB39FC7C0F713,False,SOVEREIGN,0,0,False,
1786156620.8653598,engram-node04,68,C2F9EECB2C1393B61FF9B5318D059CD52040DEE3710FFBE6EF4BB39FC7C0F713,False,SOVEREIGN,0,0,False,
1786156625.870152,engram-node01,73,8FA20F24D9C1E1247E9A160876FBBDDD0F3E0B4F10962A9D65A876005FEEC48C,False,SOVEREIGN,0,0,False,
1786156625.875047,engram-node02,73,8FA20F24D9C1E1247E9A160876FBBDDD0F3E0B4F10962A9D65A876005FEEC48C,False,SOVEREIGN,0,0,False,
1786156625.878764,engram-node03,73,8FA20F24D9C1E1247E9A160876FBBDDD0F3E0B4F10962A9D65A876005FEEC48C,False,SOVEREIGN,0,0,False,
1786156625.882643,engram-node04,73,8FA20F24D9C1E1247E9A160876FBBDDD0F3E0B4F10962A9D65A876005FEEC48C,False,SOVEREIGN,0,0,False,
1786156630.887017,engram-node01,77,C1FB965C4DBCE097CA89993158CCD9C32B77E076837F78444E79C73EA6477C4E,False,SOVEREIGN,0,0,False,
1786156630.8935082,engram-node02,77,C1FB965C4DBCE097CA89993158CCD9C32B77E076837F78444E79C73EA6477C4E,False,SOVEREIGN,0,0,False,
1786156630.901068,engram-node03,77,C1FB965C4DBCE097CA89993158CCD9C32B77E076837F78444E79C73EA6477C4E,False,SOVEREIGN,0,0,False,
1786156630.906498,engram-node04,77,C1FB965C4DBCE097CA89993158CCD9C32B77E076837F78444E79C73EA6477C4E,False,SOVEREIGN,0,0,False,
1786156635.914855,engram-node01,81,A7DE243D9BEE8E62EE64BD8F66BC58A20D6EA8867C439CE4B30BDA8ECBC4DE08,False,SOVEREIGN,0,0,False,
1786156635.922273,engram-node02,81,A7DE243D9BEE8E62EE64BD8F66BC58A20D6EA8867C439CE4B30BDA8ECBC4DE08,False,SOVEREIGN,0,0,False,
1786156635.927257,engram-node03,81,A7DE243D9BEE8E62EE64BD8F66BC58A20D6EA8867C439CE4B30BDA8ECBC4DE08,False,SOVEREIGN,0,0,False,
1786156635.933429,engram-node04,81,A7DE243D9BEE8E62EE64BD8F66BC58A20D6EA8867C439CE4B30BDA8ECBC4DE08,False,SOVEREIGN,0,0,False,
1786156640.938331,engram-node01,85,6522D505C17C7F5DB997572B8D615D4F0F3EE749D99CFD5F24FAD28C699C38D5,False,SOVEREIGN,0,0,False,
1786156640.9469461,engram-node02,85,6522D505C17C7F5DB997572B8D615D4F0F3EE749D99CFD5F24FAD28C699C38D5,False,SOVEREIGN,0,0,False,
1786156640.9531379,engram-node03,85,6522D505C17C7F5DB997572B8D615D4F0F3EE749D99CFD5F24FAD28C699C38D5,False,SOVEREIGN,0,0,False,
1786156640.957664,engram-node04,85,6522D505C17C7F5DB997572B8D615D4F0F3EE749D99CFD5F24FAD28C699C38D5,False,SOVEREIGN,0,0,False,
1786156645.965285,engram-node01,89,DA0879B07BDB26CA0D7C3EEFF783A1DF078246843597F01E66E2085377948B35,False,SOVEREIGN,0,0,False,
1786156645.974043,engram-node02,89,DA0879B07BDB26CA0D7C3EEFF783A1DF078246843597F01E66E2085377948B35,False,SOVEREIGN,0,0,False,
1786156645.981964,engram-node03,89,DA0879B07BDB26CA0D7C3EEFF783A1DF078246843597F01E66E2085377948B35,False,SOVEREIGN,0,0,False,
1786156645.987095,engram-node04,89,DA0879B07BDB26CA0D7C3EEFF783A1DF078246843597F01E66E2085377948B35,False,SOVEREIGN,0,0,False,
1786156650.9986691,engram-node01,93,796CF0A9BB127DB4ED66A9E5AAAF81A76D28CA908CD9DF2B5415931EB8EF08C4,False,SOVEREIGN,0,0,False,
1786156651.009912,engram-node02,93,796CF0A9BB127DB4ED66A9E5AAAF81A76D28CA908CD9DF2B5415931EB8EF08C4,False,SOVEREIGN,0,0,False,
1786156651.020736,engram-node03,93,796CF0A9BB127DB4ED66A9E5AAAF81A76D28CA908CD9DF2B5415931EB8EF08C4,False,SOVEREIGN,0,0,False,
1786156651.023965,engram-node04,93,796CF0A9BB127DB4ED66A9E5AAAF81A76D28CA908CD9DF2B5415931EB8EF08C4,False,SOVEREIGN,0,0,False,
1786156656.026935,engram-node01,97,6EBEE3BFCEFCE711CB0677A237A6A2C5468DB63776A243298E847C41F5732F5F,False,SOVEREIGN,0,0,False,
1786156656.033391,engram-node02,97,6EBEE3BFCEFCE711CB0677A237A6A2C5468DB63776A243298E847C41F5732F5F,False,SOVEREIGN,0,0,False,
1786156656.037652,engram-node03,97,6EBEE3BFCEFCE711CB0677A237A6A2C5468DB63776A243298E847C41F5732F5F,False,SOVEREIGN,0,0,False,
1786156656.041585,engram-node04,97,6EBEE3BFCEFCE711CB0677A237A6A2C5468DB63776A243298E847C41F5732F5F,False,SOVEREIGN,0,0,False,
1786156661.0457852,engram-node01,100,F4AA84C30835E7CA05456DC530CD45CBB79B60D529684188A16B93564E1310FE,False,SOVEREIGN,0,0,False,
1786156661.050821,engram-node02,100,F4AA84C30835E7CA05456DC530CD45CBB79B60D529684188A16B93564E1310FE,False,SOVEREIGN,0,0,False,
1786156661.054338,engram-node03,100,F4AA84C30835E7CA05456DC530CD45CBB79B60D529684188A16B93564E1310FE,False,SOVEREIGN,0,0,False,
1786156661.05802,engram-node04,100,F4AA84C30835E7CA05456DC530CD45CBB79B60D529684188A16B93564E1310FE,False,SOVEREIGN,0,0,False,
1786156666.065523,engram-node01,104,6738E8DF520835896EA4B04ABF13F3F89EAC61BD1FF1037D5566C8F0936C89F7,False,SOVEREIGN,0,0,False,
1786156666.070266,engram-node02,104,6738E8DF520835896EA4B04ABF13F3F89EAC61BD1FF1037D5566C8F0936C89F7,False,SOVEREIGN,0,0,False,
1786156666.0738502,engram-node03,104,6738E8DF520835896EA4B04ABF13F3F89EAC61BD1FF1037D5566C8F0936C89F7,False,SOVEREIGN,0,0,False,
1786156666.077015,engram-node04,104,6738E8DF520835896EA4B04ABF13F3F89EAC61BD1FF1037D5566C8F0936C89F7,False,SOVEREIGN,0,0,False,
1786156671.0840478,engram-node01,109,FDE1B2BC51EFFDFE7736AF6022DED37F7031EA15AE35373E238C2B9F5E28A181,False,SOVEREIGN,0,0,False,
1786156671.08865,engram-node02,109,FDE1B2BC51EFFDFE7736AF6022DED37F7031EA15AE35373E238C2B9F5E28A181,False,SOVEREIGN,0,0,False,
1786156671.092154,engram-node03,109,FDE1B2BC51EFFDFE7736AF6022DED37F7031EA15AE35373E238C2B9F5E28A181,False,SOVEREIGN,0,0,False,
1786156671.095316,engram-node04,109,FDE1B2BC51EFFDFE7736AF6022DED37F7031EA15AE35373E238C2B9F5E28A181,False,SOVEREIGN,0,0,False,
1786156676.101231,engram-node01,113,DA06597B988562B4DB60FA814DCECBBB8710F1E707320006A7280BF767247AA8,False,SOVEREIGN,0,0,False,
1786156676.105883,engram-node02,113,DA06597B988562B4DB60FA814DCECBBB8710F1E707320006A7280BF767247AA8,False,SOVEREIGN,0,0,False,
1786156676.1098838,engram-node03,113,DA06597B988562B4DB60FA814DCECBBB8710F1E707320006A7280BF767247AA8,False,SOVEREIGN,0,0,False,
1786156676.113127,engram-node04,113,DA06597B988562B4DB60FA814DCECBBB8710F1E707320006A7280BF767247AA8,False,SOVEREIGN,0,0,False,
1786156681.12094,engram-node01,117,52544BFB72781062EF7F2D363365EE4BDAF4DC90C2FF6234CB7F8BA239A72854,False,SOVEREIGN,0,0,False,
1786156681.13061,engram-node02,117,52544BFB72781062EF7F2D363365EE4BDAF4DC90C2FF6234CB7F8BA239A72854,False,SOVEREIGN,0,0,False,
1786156681.137603,engram-node03,117,52544BFB72781062EF7F2D363365EE4BDAF4DC90C2FF6234CB7F8BA239A72854,False,SOVEREIGN,0,0,False,
1786156681.142827,engram-node04,117,52544BFB72781062EF7F2D363365EE4BDAF4DC90C2FF6234CB7F8BA239A72854,False,SOVEREIGN,0,0,False,
1786156686.15022,engram-node01,121,0DFA162AEC99ED0D970B517D7F29B30E24231E8A1A3342BCAA41E2F3020EF4B9,False,SOVEREIGN,0,0,False,
1786156686.157988,engram-node02,121,0DFA162AEC99ED0D970B517D7F29B30E24231E8A1A3342BCAA41E2F3020EF4B9,False,SOVEREIGN,0,0,False,
1786156686.163541,engram-node03,121,0DFA162AEC99ED0D970B517D7F29B30E24231E8A1A3342BCAA41E2F3020EF4B9,False,SOVEREIGN,0,0,False,
1786156686.168148,engram-node04,121,0DFA162AEC99ED0D970B517D7F29B30E24231E8A1A3342BCAA41E2F3020EF4B9,False,SOVEREIGN,0,0,False,
1786156691.176696,engram-node01,125,2C365D4A523F91E34F0B6EEFAF6AEDE518F9C83DA4EBD81254C0395EC703837E,False,SOVEREIGN,0,0,False,
1786156691.183131,engram-node02,125,2C365D4A523F91E34F0B6EEFAF6AEDE518F9C83DA4EBD81254C0395EC703837E,False,SOVEREIGN,0,0,False,
1786156691.1888618,engram-node03,125,2C365D4A523F91E34F0B6EEFAF6AEDE518F9C83DA4EBD81254C0395EC703837E,False,SOVEREIGN,0,0,False,
1786156691.19471,engram-node04,125,2C365D4A523F91E34F0B6EEFAF6AEDE518F9C83DA4EBD81254C0395EC703837E,False,SOVEREIGN,0,0,False,
1786156696.200491,engram-node01,129,6A485F4665BC710305D4DE10A3E32802E91CA565FD0B2749C0BF2FAF7FC4AA4A,False,SOVEREIGN,0,0,False,
1786156696.2042298,engram-node02,129,6A485F4665BC710305D4DE10A3E32802E91CA565FD0B2749C0BF2FAF7FC4AA4A,False,SOVEREIGN,0,0,False,
1786156696.206744,engram-node03,129,6A485F4665BC710305D4DE10A3E32802E91CA565FD0B2749C0BF2FAF7FC4AA4A,False,SOVEREIGN,0,0,False,
1786156696.209168,engram-node04,129,6A485F4665BC710305D4DE10A3E32802E91CA565FD0B2749C0BF2FAF7FC4AA4A,False,SOVEREIGN,0,0,False,
1786156701.215765,engram-node01,134,5179B4AE02ACB0D61165BD1DAE65C9D7DF04C80C48064A478AE3D97F12A9707D,False,SOVEREIGN,0,0,False,
1786156701.2378082,engram-node02,134,5179B4AE02ACB0D61165BD1DAE65C9D7DF04C80C48064A478AE3D97F12A9707D,False,SOVEREIGN,0,0,False,
1786156701.24716,engram-node03,134,5179B4AE02ACB0D61165BD1DAE65C9D7DF04C80C48064A478AE3D97F12A9707D,False,SOVEREIGN,0,0,False,
1786156701.2518249,engram-node04,134,5179B4AE02ACB0D61165BD1DAE65C9D7DF04C80C48064A478AE3D97F12A9707D,False,SOVEREIGN,0,0,False,
1786156706.2593899,engram-node01,138,49032BE2ECBF881B97D04B436322B3564DEB1383D9F7FDE562A935DDE4AAA4E5,False,SOVEREIGN,0,0,False,
1786156706.265794,engram-node02,138,49032BE2ECBF881B97D04B436322B3564DEB1383D9F7FDE562A935DDE4AAA4E5,False,SOVEREIGN,0,0,False,
1786156706.2710311,engram-node03,138,49032BE2ECBF881B97D04B436322B3564DEB1383D9F7FDE562A935DDE4AAA4E5,False,SOVEREIGN,0,0,False,
1786156706.2752059,engram-node04,138,49032BE2ECBF881B97D04B436322B3564DEB1383D9F7FDE562A935DDE4AAA4E5,False,SOVEREIGN,0,0,False,
1786156711.282623,engram-node01,142,B7E49763196D645A3B990AE984538961F9DA339D4FEC49121AA7A5FDE4393D0C,False,SOVEREIGN,0,0,False,
1786156711.291289,engram-node02,142,B7E49763196D645A3B990AE984538961F9DA339D4FEC49121AA7A5FDE4393D0C,False,SOVEREIGN,0,0,False,
1786156711.2965848,engram-node03,142,B7E49763196D645A3B990AE984538961F9DA339D4FEC49121AA7A5FDE4393D0C,False,SOVEREIGN,0,0,False,
1786156711.3012118,engram-node04,142,B7E49763196D645A3B990AE984538961F9DA339D4FEC49121AA7A5FDE4393D0C,False,SOVEREIGN,0,0,False,
1786156716.306944,engram-node01,146,2C2CAF607BB52E4ADBB0413EE42DBDB7A46C81842C4A1BA6D64B3B1B3A2CADC4,False,SOVEREIGN,0,0,False,
1786156716.314075,engram-node02,146,2C2CAF607BB52E4ADBB0413EE42DBDB7A46C81842C4A1BA6D64B3B1B3A2CADC4,False,SOVEREIGN,0,0,False,
1786156716.318945,engram-node03,146,2C2CAF607BB52E4ADBB0413EE42DBDB7A46C81842C4A1BA6D64B3B1B3A2CADC4,False,SOVEREIGN,0,0,False,
1786156716.323064,engram-node04,146,2C2CAF607BB52E4ADBB0413EE42DBDB7A46C81842C4A1BA6D64B3B1B3A2CADC4,False,SOVEREIGN,0,0,False,
1786156721.32939,engram-node01,151,56E8D0FB9CE1C23150D8EDFAE2EE9764A122DB6B549408FD88E3803595E3EE20,False,SOVEREIGN,0,0,False,
1786156721.33405,engram-node02,151,56E8D0FB9CE1C23150D8EDFAE2EE9764A122DB6B549408FD88E3803595E3EE20,False,SOVEREIGN,0,0,False,
1786156721.337404,engram-node03,151,56E8D0FB9CE1C23150D8EDFAE2EE9764A122DB6B549408FD88E3803595E3EE20,False,SOVEREIGN,0,0,False,
1786156721.3404028,engram-node04,151,56E8D0FB9CE1C23150D8EDFAE2EE9764A122DB6B549408FD88E3803595E3EE20,False,SOVEREIGN,0,0,False,
1786156726.350333,engram-node01,155,A4264C6B8FA5A26632902F2C44A963A4F412E68D69D8C36284125D290D71629E,False,SOVEREIGN,0,0,False,
1786156726.356596,engram-node02,155,A4264C6B8FA5A26632902F2C44A963A4F412E68D69D8C36284125D290D71629E,False,SOVEREIGN,0,0,False,
1786156726.362425,engram-node03,155,A4264C6B8FA5A26632902F2C44A963A4F412E68D69D8C36284125D290D71629E,False,SOVEREIGN,0,0,False,
1786156726.3692648,engram-node04,155,A4264C6B8FA5A26632902F2C44A963A4F412E68D69D8C36284125D290D71629E,False,SOVEREIGN,0,0,False,
1786156731.3788202,engram-node01,159,B55282ED17164CDBC65B912B7B6AEF9EE684DCEFBF52B1C6BF0EECB8C5885A00,False,SOVEREIGN,0,0,False,
1786156731.388213,engram-node02,159,B55282ED17164CDBC65B912B7B6AEF9EE684DCEFBF52B1C6BF0EECB8C5885A00,False,SOVEREIGN,0,0,False,
1786156731.3937469,engram-node03,159,B55282ED17164CDBC65B912B7B6AEF9EE684DCEFBF52B1C6BF0EECB8C5885A00,False,SOVEREIGN,0,0,False,
1786156731.399085,engram-node04,159,B55282ED17164CDBC65B912B7B6AEF9EE684DCEFBF52B1C6BF0EECB8C5885A00,False,SOVEREIGN,0,0,False,
1786156736.4092119,engram-node01,163,AB10BA755BFF100BF58A85018609D197D1437088260A20B1CD703642D8AE6D40,False,SOVEREIGN,0,0,False,
1786156736.4160151,engram-node02,163,AB10BA755BFF100BF58A85018609D197D1437088260A20B1CD703642D8AE6D40,False,SOVEREIGN,0,0,False,
1786156736.421443,engram-node03,163,AB10BA755BFF100BF58A85018609D197D1437088260A20B1CD703642D8AE6D40,False,SOVEREIGN,0,0,False,
1786156736.427107,engram-node04,163,AB10BA755BFF100BF58A85018609D197D1437088260A20B1CD703642D8AE6D40,False,SOVEREIGN,0,0,False,
1786156741.433059,engram-node01,168,6EFF83E571E03D918AAABA6E60B801762877606111EAA7935F6DD9BCDFDC3C79,False,SOVEREIGN,0,0,False,
1786156741.4371011,engram-node02,167,21618EB8BD39968CD55C62DC6C6A0F38306CA8BED411942F2B82E4EB5DCA486C,False,SOVEREIGN,0,0,False,
1786156741.439958,engram-node03,168,6EFF83E571E03D918AAABA6E60B801762877606111EAA7935F6DD9BCDFDC3C79,False,SOVEREIGN,0,0,False,
1786156741.4431412,engram-node04,167,21618EB8BD39968CD55C62DC6C6A0F38306CA8BED411942F2B82E4EB5DCA486C,False,SOVEREIGN,0,0,False,
1786156746.446097,engram-node01,172,7B55A81ED7888DC2A14A467128BBF0380A696B9C331F7F69F67E67A30724E112,False,SOVEREIGN,0,0,False,
1786156746.452957,engram-node02,172,7B55A81ED7888DC2A14A467128BBF0380A696B9C331F7F69F67E67A30724E112,False,SOVEREIGN,0,0,False,
1786156746.4584022,engram-node03,172,7B55A81ED7888DC2A14A467128BBF0380A696B9C331F7F69F67E67A30724E112,False,SOVEREIGN,0,0,False,
1786156746.4622169,engram-node04,172,7B55A81ED7888DC2A14A467128BBF0380A696B9C331F7F69F67E67A30724E112,False,SOVEREIGN,0,0,False,
1786156751.470475,engram-node01,176,056B461800D248E9E2A7A99A94E83F2B4B97F66F0737583F7BE59801DA68F380,False,SOVEREIGN,0,0,False,
1786156751.476371,engram-node02,176,056B461800D248E9E2A7A99A94E83F2B4B97F66F0737583F7BE59801DA68F380,False,SOVEREIGN,0,0,False,
1786156751.481727,engram-node03,176,056B461800D248E9E2A7A99A94E83F2B4B97F66F0737583F7BE59801DA68F380,False,SOVEREIGN,0,0,False,
1786156751.486958,engram-node04,176,056B461800D248E9E2A7A99A94E83F2B4B97F66F0737583F7BE59801DA68F380,False,SOVEREIGN,0,0,False,
1786156756.49645,engram-node01,180,DE28743AD12457D219FAC434E463123FB960AA2A974309F2467A91DD8EB1738F,False,SOVEREIGN,0,0,False,
1786156756.50598,engram-node02,180,DE28743AD12457D219FAC434E463123FB960AA2A974309F2467A91DD8EB1738F,False,SOVEREIGN,0,0,False,
1786156756.508786,engram-node03,180,DE28743AD12457D219FAC434E463123FB960AA2A974309F2467A91DD8EB1738F,False,SOVEREIGN,0,0,False,
1786156756.511429,engram-node04,180,DE28743AD12457D219FAC434E463123FB960AA2A974309F2467A91DD8EB1738F,False,SOVEREIGN,0,0,False,
1786156761.517149,engram-node01,184,26484DF4B1B24060D67D980A493C4969950CD86B807B6FB1B7A3AC56EB44B9A6,False,SOVEREIGN,0,0,False,
1786156761.521896,engram-node02,184,26484DF4B1B24060D67D980A493C4969950CD86B807B6FB1B7A3AC56EB44B9A6,False,SOVEREIGN,0,0,False,
1786156761.526677,engram-node03,184,26484DF4B1B24060D67D980A493C4969950CD86B807B6FB1B7A3AC56EB44B9A6,False,SOVEREIGN,0,0,False,
1786156761.532078,engram-node04,184,26484DF4B1B24060D67D980A493C4969950CD86B807B6FB1B7A3AC56EB44B9A6,False,SOVEREIGN,0,0,False,
1786156766.5411258,engram-node01,189,3C3A1C56AA98AC1E6572447B080D30E63EF39AB89060AC5283AB2C1E2A38A613,False,SOVEREIGN,0,0,False,
1786156766.5498931,engram-node02,189,3C3A1C56AA98AC1E6572447B080D30E63EF39AB89060AC5283AB2C1E2A38A613,False,SOVEREIGN,0,0,False,
1786156766.554834,engram-node03,189,3C3A1C56AA98AC1E6572447B080D30E63EF39AB89060AC5283AB2C1E2A38A613,False,SOVEREIGN,0,0,False,
1786156766.558144,engram-node04,189,3C3A1C56AA98AC1E6572447B080D30E63EF39AB89060AC5283AB2C1E2A38A613,False,SOVEREIGN,0,0,False,
1786156771.5662239,engram-node01,193,4BE8491853F0FB3B9EC6E038A79589D674E0FE706FD0C10B31B70F322347DF53,False,SOVEREIGN,0,0,False,
1786156771.570645,engram-node02,193,4BE8491853F0FB3B9EC6E038A79589D674E0FE706FD0C10B31B70F322347DF53,False,SOVEREIGN,0,0,False,
1786156771.57504,engram-node03,193,4BE8491853F0FB3B9EC6E038A79589D674E0FE706FD0C10B31B70F322347DF53,False,SOVEREIGN,0,0,False,
1786156771.5792708,engram-node04,193,4BE8491853F0FB3B9EC6E038A79589D674E0FE706FD0C10B31B70F322347DF53,False,SOVEREIGN,0,0,False,
1786156776.588651,engram-node01,197,BDDA412FA97EA0580AAE84FDA5F5B09A98E1E54EC09EA2079D74FE302FD1E3CE,False,SOVEREIGN,0,0,False,
1786156776.595646,engram-node02,197,BDDA412FA97EA0580AAE84FDA5F5B09A98E1E54EC09EA2079D74FE302FD1E3CE,False,SOVEREIGN,0,0,False,
1786156776.600327,engram-node03,197,BDDA412FA97EA0580AAE84FDA5F5B09A98E1E54EC09EA2079D74FE302FD1E3CE,False,SOVEREIGN,0,0,False,
1786156776.6047611,engram-node04,197,BDDA412FA97EA0580AAE84FDA5F5B09A98E1E54EC09EA2079D74FE302FD1E3CE,False,SOVEREIGN,0,0,False,
1786156781.610937,engram-node01,200,CAB70910340C2B8FF3768BF401979CFE42D9109619FE9400C601628F9C9870FE,False,RECOVERING,2,0,False,
1786156781.617051,engram-node02,200,CAB70910340C2B8FF3768BF401979CFE42D9109619FE9400C601628F9C9870FE,False,RECOVERING,2,0,False,
1786156781.6244822,engram-node03,200,CAB70910340C2B8FF3768BF401979CFE42D9109619FE9400C601628F9C9870FE,False,RECOVERING,2,0,False,
1786156781.6287942,engram-node04,200,CAB70910340C2B8FF3768BF401979CFE42D9109619FE9400C601628F9C9870FE,False,RECOVERING,2,0,False,
1786156786.634741,engram-node01,200,CAB70910340C2B8FF3768BF401979CFE42D9109619FE9400C601628F9C9870FE,False,RECOVERING,2,0,False,
1786156786.641323,engram-node02,200,CAB70910340C2B8FF3768BF401979CFE42D9109619FE9400C601628F9C9870FE,False,RECOVERING,2,0,False,
1786156786.645345,engram-node03,200,CAB70910340C2B8FF3768BF401979CFE42D9109619FE9400C601628F9C9870FE,False,RECOVERING,2,0,False,
1786156786.648384,engram-node04,200,CAB70910340C2B8FF3768BF401979CFE42D9109619FE9400C601628F9C9870FE,False,RECOVERING,2,0,False,
1786156791.656495,engram-node01,200,CAB70910340C2B8FF3768BF401979CFE42D9109619FE9400C601628F9C9870FE,False,RECOVERING,2,0,False,
1786156791.6662972,engram-node02,200,CAB70910340C2B8FF3768BF401979CFE42D9109619FE9400C601628F9C9870FE,False,RECOVERING,2,0,False,
1786156791.669933,engram-node03,200,CAB70910340C2B8FF3768BF401979CFE42D9109619FE9400C601628F9C9870FE,False,RECOVERING,2,0,False,
1786156791.674277,engram-node04,200,CAB70910340C2B8FF3768BF401979CFE42D9109619FE9400C601628F9C9870FE,False,RECOVERING,2,0,False,
1786156796.683249,engram-node01,200,CAB70910340C2B8FF3768BF401979CFE42D9109619FE9400C601628F9C9870FE,False,RECOVERING,2,0,False,
1786156796.6879601,engram-node02,200,CAB70910340C2B8FF3768BF401979CFE42D9109619FE9400C601628F9C9870FE,False,RECOVERING,2,0,False,
1786156796.692066,engram-node03,200,CAB70910340C2B8FF3768BF401979CFE42D9109619FE9400C601628F9C9870FE,False,RECOVERING,2,0,False,
1786156796.695424,engram-node04,200,CAB70910340C2B8FF3768BF401979CFE42D9109619FE9400C601628F9C9870FE,False,RECOVERING,2,0,False,
1786156801.7025669,engram-node01,200,CAB70910340C2B8FF3768BF401979CFE42D9109619FE9400C601628F9C9870FE,False,RECOVERING,2,0,False,
1786156801.706431,engram-node02,200,CAB70910340C2B8FF3768BF401979CFE42D9109619FE9400C601628F9C9870FE,False,RECOVERING,2,0,False,
1786156801.709336,engram-node03,200,CAB70910340C2B8FF3768BF401979CFE42D9109619FE9400C601628F9C9870FE,False,RECOVERING,2,0,False,
1786156801.71227,engram-node04,200,CAB70910340C2B8FF3768BF401979CFE42D9109619FE9400C601628F9C9870FE,False,RECOVERING,2,0,False,
1786156806.71627,engram-node01,200,CAB70910340C2B8FF3768BF401979CFE42D9109619FE9400C601628F9C9870FE,False,RECOVERING,2,0,False,
1786156806.722501,engram-node02,200,CAB70910340C2B8FF3768BF401979CFE42D9109619FE9400C601628F9C9870FE,False,RECOVERING,2,0,False,
1786156806.7271,engram-node03,200,CAB70910340C2B8FF3768BF401979CFE42D9109619FE9400C601628F9C9870FE,False,RECOVERING,2,0,False,
1786156806.731503,engram-node04,200,CAB70910340C2B8FF3768BF401979CFE42D9109619FE9400C601628F9C9870FE,False,RECOVERING,2,0,False,
1786156811.740542,engram-node01,200,CAB70910340C2B8FF3768BF401979CFE42D9109619FE9400C601628F9C9870FE,False,RECOVERING,2,0,False,
1786156811.7443771,engram-node02,200,CAB70910340C2B8FF3768BF401979CFE42D9109619FE9400C601628F9C9870FE,False,RECOVERING,2,0,False,
1786156811.7473469,engram-node03,200,CAB70910340C2B8FF3768BF401979CFE42D9109619FE9400C601628F9C9870FE,False,RECOVERING,2,0,False,
1786156811.750659,engram-node04,200,CAB70910340C2B8FF3768BF401979CFE42D9109619FE9400C601628F9C9870FE,False,RECOVERING,2,0,False,
1786156816.75748,engram-node01,200,CAB70910340C2B8FF3768BF401979CFE42D9109619FE9400C601628F9C9870FE,False,RECOVERING,2,0,False,
1786156816.765713,engram-node02,200,CAB70910340C2B8FF3768BF401979CFE42D9109619FE9400C601628F9C9870FE,False,RECOVERING,2,0,False,
1786156816.7707462,engram-node03,200,CAB70910340C2B8FF3768BF401979CFE42D9109619FE9400C601628F9C9870FE,False,RECOVERING,2,0,False,
1786156816.775279,engram-node04,200,CAB70910340C2B8FF3768BF401979CFE42D9109619FE9400C601628F9C9870FE,False,RECOVERING,2,0,False,
1786156821.782743,engram-node01,200,CAB70910340C2B8FF3768BF401979CFE42D9109619FE9400C601628F9C9870FE,False,RECOVERING,2,0,False,
1786156821.787127,engram-node02,200,CAB70910340C2B8FF3768BF401979CFE42D9109619FE9400C601628F9C9870FE,False,RECOVERING,2,0,False,
1786156821.790428,engram-node03,200,CAB70910340C2B8FF3768BF401979CFE42D9109619FE9400C601628F9C9870FE,False,RECOVERING,2,0,False,
1786156821.793663,engram-node04,200,CAB70910340C2B8FF3768BF401979CFE42D9109619FE9400C601628F9C9870FE,False,RECOVERING,2,0,False,
1786156826.8002298,engram-node01,200,CAB70910340C2B8FF3768BF401979CFE42D9109619FE9400C601628F9C9870FE,False,RECOVERING,2,0,False,
1786156826.8065128,engram-node02,200,CAB70910340C2B8FF3768BF401979CFE42D9109619FE9400C601628F9C9870FE,False,RECOVERING,2,0,False,
1786156826.8126569,engram-node03,200,CAB70910340C2B8FF3768BF401979CFE42D9109619FE9400C601628F9C9870FE,False,RECOVERING,2,0,False,
1786156826.818186,engram-node04,200,CAB70910340C2B8FF3768BF401979CFE42D9109619FE9400C601628F9C9870FE,False,RECOVERING,2,0,False,
1786156831.826541,engram-node01,200,CAB70910340C2B8FF3768BF401979CFE42D9109619FE9400C601628F9C9870FE,False,RECOVERING,2,0,False,
1786156831.8315861,engram-node02,200,CAB70910340C2B8FF3768BF401979CFE42D9109619FE9400C601628F9C9870FE,False,RECOVERING,2,0,False,
1786156831.835087,engram-node03,200,CAB70910340C2B8FF3768BF401979CFE42D9109619FE9400C601628F9C9870FE,False,RECOVERING,2,0,False,
1786156831.838649,engram-node04,200,CAB70910340C2B8FF3768BF401979CFE42D9109619FE9400C601628F9C9870FE,False,RECOVERING,2,0,False,
1786156836.846912,engram-node01,202,BC5BE917B5A0786BC1E355F9CC078F2B3763650D282AA45CDD1A5585C0C66BA9,False,RECOVERING,0,0,False,
1786156836.852916,engram-node02,202,BC5BE917B5A0786BC1E355F9CC078F2B3763650D282AA45CDD1A5585C0C66BA9,False,RECOVERING,0,0,False,
1786156836.857049,engram-node03,202,BC5BE917B5A0786BC1E355F9CC078F2B3763650D282AA45CDD1A5585C0C66BA9,False,RECOVERING,0,0,False,
1786156836.860824,engram-node04,202,BC5BE917B5A0786BC1E355F9CC078F2B3763650D282AA45CDD1A5585C0C66BA9,False,RECOVERING,0,0,False,
1786156841.865677,engram-node01,204,82DCEA9123D207552E6E019C50E1546F6D191577CD0D2675FE77AEE259CDF083,False,RECOVERING,2,0,False,
1786156841.870205,engram-node02,204,82DCEA9123D207552E6E019C50E1546F6D191577CD0D2675FE77AEE259CDF083,False,RECOVERING,2,0,False,
1786156841.8745039,engram-node03,204,82DCEA9123D207552E6E019C50E1546F6D191577CD0D2675FE77AEE259CDF083,False,RECOVERING,2,0,False,
1786156841.878913,engram-node04,204,82DCEA9123D207552E6E019C50E1546F6D191577CD0D2675FE77AEE259CDF083,False,RECOVERING,2,0,False,
1786156846.883755,engram-node01,204,82DCEA9123D207552E6E019C50E1546F6D191577CD0D2675FE77AEE259CDF083,False,RECOVERING,2,0,False,
1786156846.889278,engram-node02,204,82DCEA9123D207552E6E019C50E1546F6D191577CD0D2675FE77AEE259CDF083,False,RECOVERING,2,0,False,
1786156846.8943958,engram-node03,204,82DCEA9123D207552E6E019C50E1546F6D191577CD0D2675FE77AEE259CDF083,False,RECOVERING,2,0,False,
1786156846.898613,engram-node04,204,82DCEA9123D207552E6E019C50E1546F6D191577CD0D2675FE77AEE259CDF083,False,RECOVERING,2,0,False,
1786156851.9059432,engram-node01,204,82DCEA9123D207552E6E019C50E1546F6D191577CD0D2675FE77AEE259CDF083,False,RECOVERING,2,0,False,
1786156851.910561,engram-node02,204,82DCEA9123D207552E6E019C50E1546F6D191577CD0D2675FE77AEE259CDF083,False,RECOVERING,2,0,False,
1786156851.913957,engram-node03,204,82DCEA9123D207552E6E019C50E1546F6D191577CD0D2675FE77AEE259CDF083,False,RECOVERING,2,0,False,
1786156851.9173188,engram-node04,204,82DCEA9123D207552E6E019C50E1546F6D191577CD0D2675FE77AEE259CDF083,False,RECOVERING,2,0,False,
1786156856.925215,engram-node01,204,82DCEA9123D207552E6E019C50E1546F6D191577CD0D2675FE77AEE259CDF083,False,RECOVERING,2,0,False,
1786156856.9328399,engram-node02,204,82DCEA9123D207552E6E019C50E1546F6D191577CD0D2675FE77AEE259CDF083,False,RECOVERING,2,0,False,
1786156856.9383192,engram-node03,204,82DCEA9123D207552E6E019C50E1546F6D191577CD0D2675FE77AEE259CDF083,False,RECOVERING,2,0,False,
1786156856.944109,engram-node04,204,82DCEA9123D207552E6E019C50E1546F6D191577CD0D2675FE77AEE259CDF083,False,RECOVERING,2,0,False,
1786156861.956091,engram-node01,204,82DCEA9123D207552E6E019C50E1546F6D191577CD0D2675FE77AEE259CDF083,False,RECOVERING,2,0,False,
1786156861.965012,engram-node02,204,82DCEA9123D207552E6E019C50E1546F6D191577CD0D2675FE77AEE259CDF083,False,RECOVERING,2,0,False,
1786156861.970935,engram-node03,204,82DCEA9123D207552E6E019C50E1546F6D191577CD0D2675FE77AEE259CDF083,False,RECOVERING,2,0,False,
1786156861.974991,engram-node04,204,82DCEA9123D207552E6E019C50E1546F6D191577CD0D2675FE77AEE259CDF083,False,RECOVERING,2,0,False,
1786156866.980843,engram-node01,204,82DCEA9123D207552E6E019C50E1546F6D191577CD0D2675FE77AEE259CDF083,False,RECOVERING,2,0,False,
1786156866.987883,engram-node02,204,82DCEA9123D207552E6E019C50E1546F6D191577CD0D2675FE77AEE259CDF083,False,RECOVERING,2,0,False,
1786156866.992013,engram-node03,204,82DCEA9123D207552E6E019C50E1546F6D191577CD0D2675FE77AEE259CDF083,False,RECOVERING,2,0,False,
1786156866.996044,engram-node04,204,82DCEA9123D207552E6E019C50E1546F6D191577CD0D2675FE77AEE259CDF083,False,RECOVERING,2,0,False,
1786156872.0013251,engram-node01,204,82DCEA9123D207552E6E019C50E1546F6D191577CD0D2675FE77AEE259CDF083,False,RECOVERING,2,0,False,
1786156872.006072,engram-node02,204,82DCEA9123D207552E6E019C50E1546F6D191577CD0D2675FE77AEE259CDF083,False,RECOVERING,2,0,False,
1786156872.0112152,engram-node03,204,82DCEA9123D207552E6E019C50E1546F6D191577CD0D2675FE77AEE259CDF083,False,RECOVERING,2,0,False,
1786156872.014339,engram-node04,204,82DCEA9123D207552E6E019C50E1546F6D191577CD0D2675FE77AEE259CDF083,False,RECOVERING,2,0,False,
1786156877.023704,engram-node01,204,82DCEA9123D207552E6E019C50E1546F6D191577CD0D2675FE77AEE259CDF083,False,RECOVERING,2,0,False,
1786156877.031253,engram-node02,204,82DCEA9123D207552E6E019C50E1546F6D191577CD0D2675FE77AEE259CDF083,False,RECOVERING,2,0,False,
1786156877.036482,engram-node03,204,82DCEA9123D207552E6E019C50E1546F6D191577CD0D2675FE77AEE259CDF083,False,RECOVERING,2,0,False,
1786156877.040735,engram-node04,204,82DCEA9123D207552E6E019C50E1546F6D191577CD0D2675FE77AEE259CDF083,False,RECOVERING,2,0,False,
1786156882.049084,engram-node01,204,82DCEA9123D207552E6E019C50E1546F6D191577CD0D2675FE77AEE259CDF083,False,RECOVERING,2,0,False,
1786156882.054304,engram-node02,204,82DCEA9123D207552E6E019C50E1546F6D191577CD0D2675FE77AEE259CDF083,False,RECOVERING,2,0,False,
1786156882.058465,engram-node03,204,82DCEA9123D207552E6E019C50E1546F6D191577CD0D2675FE77AEE259CDF083,False,RECOVERING,2,0,False,
1786156882.061721,engram-node04,204,82DCEA9123D207552E6E019C50E1546F6D191577CD0D2675FE77AEE259CDF083,False,RECOVERING,2,0,False,
1786156887.067633,engram-node01,204,82DCEA9123D207552E6E019C50E1546F6D191577CD0D2675FE77AEE259CDF083,False,RECOVERING,2,0,False,
1786156887.074256,engram-node02,204,82DCEA9123D207552E6E019C50E1546F6D191577CD0D2675FE77AEE259CDF083,False,RECOVERING,2,0,False,
1786156887.078773,engram-node03,204,82DCEA9123D207552E6E019C50E1546F6D191577CD0D2675FE77AEE259CDF083,False,RECOVERING,2,0,False,
1786156887.0835578,engram-node04,204,82DCEA9123D207552E6E019C50E1546F6D191577CD0D2675FE77AEE259CDF083,False,RECOVERING,2,0,False,
1786156892.088341,engram-node01,204,82DCEA9123D207552E6E019C50E1546F6D191577CD0D2675FE77AEE259CDF083,False,RECOVERING,2,0,False,
1786156892.0919838,engram-node02,204,82DCEA9123D207552E6E019C50E1546F6D191577CD0D2675FE77AEE259CDF083,False,RECOVERING,2,0,False,
1786156892.095331,engram-node03,204,82DCEA9123D207552E6E019C50E1546F6D191577CD0D2675FE77AEE259CDF083,False,RECOVERING,2,0,False,
1786156892.098295,engram-node04,204,82DCEA9123D207552E6E019C50E1546F6D191577CD0D2675FE77AEE259CDF083,False,RECOVERING,2,0,False,
1786156897.1008599,engram-node01,206,2A4DB5539ABC3FCAF798E7E9E66F785866CE1FF36AE4F2F3FFC92375DE60D8E7,False,RECOVERING,0,0,False,
1786156897.11993,engram-node02,206,2A4DB5539ABC3FCAF798E7E9E66F785866CE1FF36AE4F2F3FFC92375DE60D8E7,False,RECOVERING,0,0,False,
1786156897.13827,engram-node03,206,2A4DB5539ABC3FCAF798E7E9E66F785866CE1FF36AE4F2F3FFC92375DE60D8E7,False,RECOVERING,0,0,False,
1786156897.1529942,engram-node04,206,2A4DB5539ABC3FCAF798E7E9E66F785866CE1FF36AE4F2F3FFC92375DE60D8E7,False,RECOVERING,0,0,False,
1786156902.164269,engram-node01,208,95EAF287ED94AD235E05C098281202951CA51412AF427FBDF254762AA868C239,False,RECOVERING,2,0,False,
1786156902.168716,engram-node02,208,95EAF287ED94AD235E05C098281202951CA51412AF427FBDF254762AA868C239,False,RECOVERING,2,0,False,
1786156902.171883,engram-node03,208,95EAF287ED94AD235E05C098281202951CA51412AF427FBDF254762AA868C239,False,RECOVERING,2,0,False,
1786156902.1749032,engram-node04,208,95EAF287ED94AD235E05C098281202951CA51412AF427FBDF254762AA868C239,False,RECOVERING,2,0,False,
1786156907.180746,engram-node01,208,95EAF287ED94AD235E05C098281202951CA51412AF427FBDF254762AA868C239,False,RECOVERING,2,0,False,
1786156907.186444,engram-node02,208,95EAF287ED94AD235E05C098281202951CA51412AF427FBDF254762AA868C239,False,RECOVERING,2,0,False,
1786156907.191039,engram-node03,208,95EAF287ED94AD235E05C098281202951CA51412AF427FBDF254762AA868C239,False,RECOVERING,2,0,False,
1786156907.1975381,engram-node04,208,95EAF287ED94AD235E05C098281202951CA51412AF427FBDF254762AA868C239,False,RECOVERING,2,0,False,
1786156912.20387,engram-node01,208,95EAF287ED94AD235E05C098281202951CA51412AF427FBDF254762AA868C239,False,RECOVERING,2,0,False,
1786156912.208416,engram-node02,208,95EAF287ED94AD235E05C098281202951CA51412AF427FBDF254762AA868C239,False,RECOVERING,2,0,False,
1786156912.21134,engram-node03,208,95EAF287ED94AD235E05C098281202951CA51412AF427FBDF254762AA868C239,False,RECOVERING,2,0,False,
1786156912.214468,engram-node04,208,95EAF287ED94AD235E05C098281202951CA51412AF427FBDF254762AA868C239,False,RECOVERING,2,0,False,
1786156917.218692,engram-node01,-1,,False,,0,0,False,timed out
1786156920.2200708,engram-node02,-1,,False,,0,0,False,abci_query error: engramd is not ready; please wait for first block: invalid height
1786156920.223218,engram-node03,-1,,False,,0,0,False,abci_query error: engramd is not ready; please wait for first block: invalid height
1786156920.2258089,engram-node04,-1,,False,,0,0,False,abci_query error: engramd is not ready; please wait for first block: invalid height
1786156925.233533,engram-node01,-1,,False,,0,0,False,abci_query error: engramd is not ready; please wait for first block: invalid height
1786156925.241914,engram-node02,-1,,False,,0,0,False,abci_query error: engramd is not ready; please wait for first block: invalid height
1786156925.247073,engram-node03,-1,,False,,0,0,False,abci_query error: engramd is not ready; please wait for first block: invalid height
1786156925.253493,engram-node04,-1,,False,,0,0,False,abci_query error: engramd is not ready; please wait for first block: invalid height
1786156930.261918,engram-node01,-1,,False,,0,0,False,abci_query error: engramd is not ready; please wait for first block: invalid height
1786156930.269334,engram-node02,-1,,False,,0,0,False,abci_query error: engramd is not ready; please wait for first block: invalid height
1786156930.275133,engram-node03,-1,,False,,0,0,False,abci_query error: engramd is not ready; please wait for first block: invalid height
1786156930.279646,engram-node04,-1,,False,,0,0,False,abci_query error: engramd is not ready; please wait for first block: invalid height
1786156935.287874,engram-node01,-1,,False,,0,0,False,abci_query error: engramd is not ready; please wait for first block: invalid height
1786156935.2968478,engram-node02,-1,,False,,0,0,False,abci_query error: engramd is not ready; please wait for first block: invalid height
1786156935.303821,engram-node03,-1,,False,,0,0,False,abci_query error: engramd is not ready; please wait for first block: invalid height
1786156935.308149,engram-node04,-1,,False,,0,0,False,abci_query error: engramd is not ready; please wait for first block: invalid height
1786156940.316889,engram-node01,-1,,False,,0,0,False,abci_query error: engramd is not ready; please wait for first block: invalid height
1786156940.323605,engram-node02,-1,,False,,0,0,False,abci_query error: engramd is not ready; please wait for first block: invalid height
1786156940.327599,engram-node03,-1,,False,,0,0,False,abci_query error: engramd is not ready; please wait for first block: invalid height
1786156940.330267,engram-node04,-1,,False,,0,0,False,abci_query error: engramd is not ready; please wait for first block: invalid height
1786156945.337897,engram-node01,-1,,False,,0,0,False,abci_query error: engramd is not ready; please wait for first block: invalid height
1786156945.3475258,engram-node02,-1,,False,,0,0,False,abci_query error: engramd is not ready; please wait for first block: invalid height
1786156945.3550541,engram-node03,-1,,False,,0,0,False,abci_query error: engramd is not ready; please wait for first block: invalid height
1786156945.359658,engram-node04,-1,,False,,0,0,False,abci_query error: engramd is not ready; please wait for first block: invalid height
1786156950.3670368,engram-node01,-1,,False,,0,0,False,abci_query error: engramd is not ready; please wait for first block: invalid height
1786156950.373575,engram-node02,-1,,False,,0,0,False,abci_query error: engramd is not ready; please wait for first block: invalid height
1786156950.3807611,engram-node03,-1,,False,,0,0,False,abci_query error: engramd is not ready; please wait for first block: invalid height
1786156950.385977,engram-node04,-1,,False,,0,0,False,abci_query error: engramd is not ready; please wait for first block: invalid height
1786156955.39064,engram-node01,-1,,False,,0,0,False,abci_query error: engramd is not ready; please wait for first block: invalid height
1786156955.393816,engram-node02,-1,,False,,0,0,False,abci_query error: engramd is not ready; please wait for first block: invalid height
1786156955.396322,engram-node03,-1,,False,,0,0,False,abci_query error: engramd is not ready; please wait for first block: invalid height
1786156955.3988092,engram-node04,-1,,False,,0,0,False,abci_query error: engramd is not ready; please wait for first block: invalid height
1786156960.405349,engram-node01,-1,,False,,0,0,False,abci_query error: engramd is not ready; please wait for first block: invalid height
1786156960.4116852,engram-node02,-1,,False,,0,0,False,abci_query error: engramd is not ready; please wait for first block: invalid height
1786156960.416034,engram-node03,-1,,False,,0,0,False,abci_query error: engramd is not ready; please wait for first block: invalid height
1786156960.419894,engram-node04,-1,,False,,0,0,False,abci_query error: engramd is not ready; please wait for first block: invalid height
1786156965.428734,engram-node01,-1,,False,,0,0,False,abci_query error: engramd is not ready; please wait for first block: invalid height
1786156965.4345798,engram-node02,-1,,False,,0,0,False,abci_query error: engramd is not ready; please wait for first block: invalid height
1786156965.442813,engram-node03,-1,,False,,0,0,False,abci_query error: engramd is not ready; please wait for first block: invalid height
1786156965.4476092,engram-node04,-1,,False,,0,0,False,abci_query error: engramd is not ready; please wait for first block: invalid height
1786156970.455439,engram-node01,-1,,False,,0,0,False,abci_query error: engramd is not ready; please wait for first block: invalid height
1786156970.462958,engram-node02,-1,,False,,0,0,False,abci_query error: engramd is not ready; please wait for first block: invalid height
1786156970.469155,engram-node03,-1,,False,,0,0,False,abci_query error: engramd is not ready; please wait for first block: invalid height
1786156970.47391,engram-node04,-1,,False,,0,0,False,abci_query error: engramd is not ready; please wait for first block: invalid height
1786156975.4829051,engram-node01,-1,,False,,0,0,False,abci_query error: engramd is not ready; please wait for first block: invalid height
1786156975.487406,engram-node02,-1,,False,,0,0,False,abci_query error: engramd is not ready; please wait for first block: invalid height
1786156975.490417,engram-node03,-1,,False,,0,0,False,abci_query error: engramd is not ready; please wait for first block: invalid height
1786156975.493762,engram-node04,-1,,False,,0,0,False,abci_query error: engramd is not ready; please wait for first block: invalid height
1786156980.49794,engram-node01,-1,,False,,0,0,False,abci_query error: engramd is not ready; please wait for first block: invalid height
1786156980.505503,engram-node02,-1,,False,,0,0,False,abci_query error: engramd is not ready; please wait for first block: invalid height
1786156980.5107079,engram-node03,-1,,False,,0,0,False,abci_query error: engramd is not ready; please wait for first block: invalid height
1786156980.515214,engram-node04,-1,,False,,0,0,False,abci_query error: engramd is not ready; please wait for first block: invalid height
1786156985.5239239,engram-node01,2,1C9B9D7928BD68CCCDC15B75484F39FAB8C85FAB7374BD248C2B5446E379A7F6,False,SOVEREIGN,0,0,False,
1786156985.529278,engram-node02,2,1C9B9D7928BD68CCCDC15B75484F39FAB8C85FAB7374BD248C2B5446E379A7F6,False,SOVEREIGN,0,0,False,
1786156985.532585,engram-node03,2,1C9B9D7928BD68CCCDC15B75484F39FAB8C85FAB7374BD248C2B5446E379A7F6,False,SOVEREIGN,0,0,False,
1786156985.537604,engram-node04,2,1C9B9D7928BD68CCCDC15B75484F39FAB8C85FAB7374BD248C2B5446E379A7F6,False,SOVEREIGN,0,0,False,
1786156990.543662,engram-node01,6,3EAD6A1E025C72BE643A3B586B4A80A14A00D5F51EA0C470FDBB745811A54E29,False,SOVEREIGN,0,0,False,
1786156990.549731,engram-node02,6,3EAD6A1E025C72BE643A3B586B4A80A14A00D5F51EA0C470FDBB745811A54E29,False,SOVEREIGN,0,0,False,
1786156990.553795,engram-node03,6,3EAD6A1E025C72BE643A3B586B4A80A14A00D5F51EA0C470FDBB745811A54E29,False,SOVEREIGN,0,0,False,
1786156990.56102,engram-node04,6,3EAD6A1E025C72BE643A3B586B4A80A14A00D5F51EA0C470FDBB745811A54E29,False,SOVEREIGN,0,0,False,
1786156995.572442,engram-node01,10,7B98F0EFE9EB37F484233A305D304565774521F4DB6FB01B27A3EF54EE113B80,False,SOVEREIGN,0,0,False,
1786156995.57814,engram-node02,10,7B98F0EFE9EB37F484233A305D304565774521F4DB6FB01B27A3EF54EE113B80,False,SOVEREIGN,0,0,False,
1786156995.583925,engram-node03,10,7B98F0EFE9EB37F484233A305D304565774521F4DB6FB01B27A3EF54EE113B80,False,SOVEREIGN,0,0,False,
1786156995.5902,engram-node04,10,7B98F0EFE9EB37F484233A305D304565774521F4DB6FB01B27A3EF54EE113B80,False,SOVEREIGN,0,0,False,
1786157000.5982568,engram-node01,14,A01078457267099AA9835FFDE9454E44E82B5271D680A0824A43F2B20690CC58,False,SOVEREIGN,0,0,False,
1786157000.60325,engram-node02,14,A01078457267099AA9835FFDE9454E44E82B5271D680A0824A43F2B20690CC58,False,SOVEREIGN,0,0,False,
1786157000.606528,engram-node03,14,A01078457267099AA9835FFDE9454E44E82B5271D680A0824A43F2B20690CC58,False,SOVEREIGN,0,0,False,
1786157000.6097548,engram-node04,14,A01078457267099AA9835FFDE9454E44E82B5271D680A0824A43F2B20690CC58,False,SOVEREIGN,0,0,False,
1786157005.6149561,engram-node01,18,C27AB9FA53B32377617BDF1021E6DD265882716314CF443684415731F1ECB354,False,SOVEREIGN,0,0,False,
1786157005.6225421,engram-node02,18,C27AB9FA53B32377617BDF1021E6DD265882716314CF443684415731F1ECB354,False,SOVEREIGN,0,0,False,
1786157005.62769,engram-node03,18,C27AB9FA53B32377617BDF1021E6DD265882716314CF443684415731F1ECB354,False,SOVEREIGN,0,0,False,
1786157005.631524,engram-node04,18,C27AB9FA53B32377617BDF1021E6DD265882716314CF443684415731F1ECB354,False,SOVEREIGN,0,0,False,
1786157010.63727,engram-node01,22,B45B12AA94177FA82E39CD6A2864DC0C95D2B195909870C919DE4AFE86503C7E,False,SOVEREIGN,0,0,False,
1786157010.645241,engram-node02,22,B45B12AA94177FA82E39CD6A2864DC0C95D2B195909870C919DE4AFE86503C7E,False,SOVEREIGN,0,0,False,
1786157010.651419,engram-node03,22,B45B12AA94177FA82E39CD6A2864DC0C95D2B195909870C919DE4AFE86503C7E,False,SOVEREIGN,0,0,False,
1786157010.656267,engram-node04,22,B45B12AA94177FA82E39CD6A2864DC0C95D2B195909870C919DE4AFE86503C7E,False,SOVEREIGN,0,0,False,
1786157015.664691,engram-node01,26,CEA8EEAB07B8B60A095EA8709A23DBCA2B9E8CE53B44CBBCC12A80D17CA6A0FD,False,SOVEREIGN,0,0,False,
1786157015.68206,engram-node02,26,CEA8EEAB07B8B60A095EA8709A23DBCA2B9E8CE53B44CBBCC12A80D17CA6A0FD,False,SOVEREIGN,0,0,False,
1786157015.6950028,engram-node03,26,CEA8EEAB07B8B60A095EA8709A23DBCA2B9E8CE53B44CBBCC12A80D17CA6A0FD,False,SOVEREIGN,0,0,False,
1786157015.707722,engram-node04,26,CEA8EEAB07B8B60A095EA8709A23DBCA2B9E8CE53B44CBBCC12A80D17CA6A0FD,False,SOVEREIGN,0,0,False,
1786157020.72462,engram-node01,30,6FBEB5BFEEBFA6C4F23FA11679AE581D7B51F3856FE07023661257BB35896104,False,SOVEREIGN,0,0,False,
1786157020.757254,engram-node02,30,6FBEB5BFEEBFA6C4F23FA11679AE581D7B51F3856FE07023661257BB35896104,False,SOVEREIGN,0,0,False,
1786157020.783023,engram-node03,30,6FBEB5BFEEBFA6C4F23FA11679AE581D7B51F3856FE07023661257BB35896104,False,SOVEREIGN,0,0,False,
1786157020.800456,engram-node04,30,6FBEB5BFEEBFA6C4F23FA11679AE581D7B51F3856FE07023661257BB35896104,False,SOVEREIGN,0,0,False,
1786157025.8364851,engram-node01,34,5ABC8C321D669C9F0369FBAA404254D6536F218F71E6D48F21E8A556384571BB,False,SOVEREIGN,0,0,False,
1786157025.841513,engram-node02,34,5ABC8C321D669C9F0369FBAA404254D6536F218F71E6D48F21E8A556384571BB,False,SOVEREIGN,0,0,False,
1786157025.8460329,engram-node03,34,5ABC8C321D669C9F0369FBAA404254D6536F218F71E6D48F21E8A556384571BB,False,SOVEREIGN,0,0,False,
1786157025.8501928,engram-node04,34,5ABC8C321D669C9F0369FBAA404254D6536F218F71E6D48F21E8A556384571BB,False,SOVEREIGN,0,0,False,
1786157030.855604,engram-node01,38,255D6A78D832551F0130E9EB0E15F96BCF796397DBB82E1120F6C7631834464D,False,SOVEREIGN,0,0,False,
1786157030.861672,engram-node02,38,255D6A78D832551F0130E9EB0E15F96BCF796397DBB82E1120F6C7631834464D,False,SOVEREIGN,0,0,False,
1786157030.871157,engram-node03,38,255D6A78D832551F0130E9EB0E15F96BCF796397DBB82E1120F6C7631834464D,False,SOVEREIGN,0,0,False,
1786157030.875238,engram-node04,38,255D6A78D832551F0130E9EB0E15F96BCF796397DBB82E1120F6C7631834464D,False,SOVEREIGN,0,0,False,
1786157035.883892,engram-node01,43,B060D3E9F94D3B1A812AAC5189C5F5F6FD45AC70A41532ADD7C45C253B1782EB,False,SOVEREIGN,0,0,False,
1786157035.891242,engram-node02,43,B060D3E9F94D3B1A812AAC5189C5F5F6FD45AC70A41532ADD7C45C253B1782EB,False,SOVEREIGN,0,0,False,
1786157035.897095,engram-node03,43,B060D3E9F94D3B1A812AAC5189C5F5F6FD45AC70A41532ADD7C45C253B1782EB,False,SOVEREIGN,0,0,False,
1786157035.9015229,engram-node04,43,B060D3E9F94D3B1A812AAC5189C5F5F6FD45AC70A41532ADD7C45C253B1782EB,False,SOVEREIGN,0,0,False,
1786157040.9110022,engram-node01,47,691D311B0B797396F88270F97C188994EE63DBD5219DF03908A0B7222CF1C657,False,SOVEREIGN,0,0,False,
1786157040.916955,engram-node02,47,691D311B0B797396F88270F97C188994EE63DBD5219DF03908A0B7222CF1C657,False,SOVEREIGN,0,0,False,
1786157040.922327,engram-node03,47,691D311B0B797396F88270F97C188994EE63DBD5219DF03908A0B7222CF1C657,False,SOVEREIGN,0,0,False,
1786157040.927202,engram-node04,47,691D311B0B797396F88270F97C188994EE63DBD5219DF03908A0B7222CF1C657,False,SOVEREIGN,0,0,False,
1786157045.9357738,engram-node01,51,5E25189D8B25747BDFD7FEBF1BB79E7811862A44A6CC77EE622D9A4017342716,False,SOVEREIGN,0,0,False,
1786157045.9405692,engram-node02,51,5E25189D8B25747BDFD7FEBF1BB79E7811862A44A6CC77EE622D9A4017342716,False,SOVEREIGN,0,0,False,
1786157045.944608,engram-node03,51,5E25189D8B25747BDFD7FEBF1BB79E7811862A44A6CC77EE622D9A4017342716,False,SOVEREIGN,0,0,False,
1786157045.9477189,engram-node04,51,5E25189D8B25747BDFD7FEBF1BB79E7811862A44A6CC77EE622D9A4017342716,False,SOVEREIGN,0,0,False,
1786157050.9535758,engram-node01,55,C92D108F0D06686C324386A7F54E77203AB3337D71765380A6103405BC8728DE,False,SOVEREIGN,0,0,False,
1786157050.95791,engram-node02,55,C92D108F0D06686C324386A7F54E77203AB3337D71765380A6103405BC8728DE,False,SOVEREIGN,0,0,False,
1786157050.961092,engram-node03,55,C92D108F0D06686C324386A7F54E77203AB3337D71765380A6103405BC8728DE,False,SOVEREIGN,0,0,False,
1786157050.965287,engram-node04,55,C92D108F0D06686C324386A7F54E77203AB3337D71765380A6103405BC8728DE,False,SOVEREIGN,0,0,False,
1786157055.969333,engram-node01,59,80212C523EB7C1246C3D6AC62292ED4C85F565B36E684F47D42C860896A2802C,False,SOVEREIGN,0,0,False,
1786157055.975086,engram-node02,59,80212C523EB7C1246C3D6AC62292ED4C85F565B36E684F47D42C860896A2802C,False,SOVEREIGN,0,0,False,
1786157055.979808,engram-node03,59,80212C523EB7C1246C3D6AC62292ED4C85F565B36E684F47D42C860896A2802C,False,SOVEREIGN,0,0,False,
1786157055.982835,engram-node04,59,80212C523EB7C1246C3D6AC62292ED4C85F565B36E684F47D42C860896A2802C,False,SOVEREIGN,0,0,False,
1786157060.986342,engram-node01,63,7DFDF3CDBB56F7FCFC085D67067657A0122E32D5A9FE5188EA58E5547B883E85,False,SOVEREIGN,0,0,False,
1786157060.9907231,engram-node02,63,7DFDF3CDBB56F7FCFC085D67067657A0122E32D5A9FE5188EA58E5547B883E85,False,SOVEREIGN,0,0,False,
1786157060.994713,engram-node03,63,7DFDF3CDBB56F7FCFC085D67067657A0122E32D5A9FE5188EA58E5547B883E85,False,SOVEREIGN,0,0,False,
1786157060.998894,engram-node04,63,7DFDF3CDBB56F7FCFC085D67067657A0122E32D5A9FE5188EA58E5547B883E85,False,SOVEREIGN,0,0,False,
1786157066.0504682,engram-node01,67,304191F55CA555D93C13F92D74A3AA1FD35FDBFB7ED0F38BD45DC1A9A6B559D7,False,SOVEREIGN,0,0,False,
1786157066.056816,engram-node02,67,304191F55CA555D93C13F92D74A3AA1FD35FDBFB7ED0F38BD45DC1A9A6B559D7,False,SOVEREIGN,0,0,False,
1786157066.061667,engram-node03,67,304191F55CA555D93C13F92D74A3AA1FD35FDBFB7ED0F38BD45DC1A9A6B559D7,False,SOVEREIGN,0,0,False,
1786157066.0670762,engram-node04,67,304191F55CA555D93C13F92D74A3AA1FD35FDBFB7ED0F38BD45DC1A9A6B559D7,False,SOVEREIGN,0,0,False,
1786157071.070905,engram-node01,71,D000767A1F4EF15A15EC68BEB4CE0A7034B90E6948489C3D68883A5F7888AEB2,False,SOVEREIGN,0,0,False,
1786157071.0789828,engram-node02,71,D000767A1F4EF15A15EC68BEB4CE0A7034B90E6948489C3D68883A5F7888AEB2,False,SOVEREIGN,0,0,False,
1786157071.0846982,engram-node03,71,D000767A1F4EF15A15EC68BEB4CE0A7034B90E6948489C3D68883A5F7888AEB2,False,SOVEREIGN,0,0,False,
1786157071.090038,engram-node04,71,D000767A1F4EF15A15EC68BEB4CE0A7034B90E6948489C3D68883A5F7888AEB2,False,SOVEREIGN,0,0,False,
1786157076.099414,engram-node01,74,BE80EF305601DC363233B53F115C74CCC9E9E217681AF7A65F0CF8CAD1A1790D,False,SOVEREIGN,0,0,False,
1786157076.106292,engram-node02,74,BE80EF305601DC363233B53F115C74CCC9E9E217681AF7A65F0CF8CAD1A1790D,False,SOVEREIGN,0,0,False,
1786157076.1111722,engram-node03,74,BE80EF305601DC363233B53F115C74CCC9E9E217681AF7A65F0CF8CAD1A1790D,False,SOVEREIGN,0,0,False,
1786157076.115836,engram-node04,74,BE80EF305601DC363233B53F115C74CCC9E9E217681AF7A65F0CF8CAD1A1790D,False,SOVEREIGN,0,0,False,
1786157081.120811,engram-node01,78,3CAA8826ECB6EF1175E29DBB52380DBEBE1E6B10D75103B9485389D67145E66F,False,SOVEREIGN,0,0,False,
1786157081.129846,engram-node02,78,3CAA8826ECB6EF1175E29DBB52380DBEBE1E6B10D75103B9485389D67145E66F,False,SOVEREIGN,0,0,False,
1786157081.134659,engram-node03,78,3CAA8826ECB6EF1175E29DBB52380DBEBE1E6B10D75103B9485389D67145E66F,False,SOVEREIGN,0,0,False,
1786157081.139203,engram-node04,78,3CAA8826ECB6EF1175E29DBB52380DBEBE1E6B10D75103B9485389D67145E66F,False,SOVEREIGN,0,0,False,
1786157086.1473432,engram-node01,82,DA65A1CD1138743EA6BDE6514D3A61A5C836657EDF207DBB166E1B5025D8264E,False,SOVEREIGN,0,0,False,
1786157086.1555011,engram-node02,82,DA65A1CD1138743EA6BDE6514D3A61A5C836657EDF207DBB166E1B5025D8264E,False,SOVEREIGN,0,0,False,
1786157086.161515,engram-node03,82,DA65A1CD1138743EA6BDE6514D3A61A5C836657EDF207DBB166E1B5025D8264E,False,SOVEREIGN,0,0,False,
1786157086.167139,engram-node04,82,DA65A1CD1138743EA6BDE6514D3A61A5C836657EDF207DBB166E1B5025D8264E,False,SOVEREIGN,0,0,False,
1786157091.177612,engram-node01,86,D31F06F36D0278BA5173847842743928BB14D6B4CC8A96C221037EA8FE6874D0,False,SOVEREIGN,0,0,False,
1786157091.1834502,engram-node02,86,D31F06F36D0278BA5173847842743928BB14D6B4CC8A96C221037EA8FE6874D0,False,SOVEREIGN,0,0,False,
1786157091.1891809,engram-node03,86,D31F06F36D0278BA5173847842743928BB14D6B4CC8A96C221037EA8FE6874D0,False,SOVEREIGN,0,0,False,
1786157091.194262,engram-node04,86,D31F06F36D0278BA5173847842743928BB14D6B4CC8A96C221037EA8FE6874D0,False,SOVEREIGN,0,0,False,
1786157096.2030778,engram-node01,90,B513BE087B8CDED9864657EE1EBC0FE94787612EAB93D9D49A110F504D56EF87,False,SOVEREIGN,0,0,False,
1786157096.208889,engram-node02,90,B513BE087B8CDED9864657EE1EBC0FE94787612EAB93D9D49A110F504D56EF87,False,SOVEREIGN,0,0,False,
1786157096.214723,engram-node03,90,B513BE087B8CDED9864657EE1EBC0FE94787612EAB93D9D49A110F504D56EF87,False,SOVEREIGN,0,0,False,
1786157096.218601,engram-node04,90,B513BE087B8CDED9864657EE1EBC0FE94787612EAB93D9D49A110F504D56EF87,False,SOVEREIGN,0,0,False,
1786157101.2268028,engram-node01,94,38C9624F4CF28198F7CECFD83B6E10FAB00BF66C1A8AC309B8D8FB707D07F862,False,SOVEREIGN,0,0,False,
1786157101.232071,engram-node02,94,38C9624F4CF28198F7CECFD83B6E10FAB00BF66C1A8AC309B8D8FB707D07F862,False,SOVEREIGN,0,0,False,
1786157101.235927,engram-node03,94,38C9624F4CF28198F7CECFD83B6E10FAB00BF66C1A8AC309B8D8FB707D07F862,False,SOVEREIGN,0,0,False,
1786157101.242269,engram-node04,94,38C9624F4CF28198F7CECFD83B6E10FAB00BF66C1A8AC309B8D8FB707D07F862,False,SOVEREIGN,0,0,False,
1786157106.2491572,engram-node01,97,42FECF28AF413C7E0275152D2AF13AF2EF024BBA19C75A331406A2BC7811B28A,False,SOVEREIGN,0,0,False,
1786157106.2543502,engram-node02,98,744F269C236D2EACE811549EB8337AE1ED90CABC91206675DFCFE797C824DE0F,False,SOVEREIGN,0,0,False,
1786157106.285011,engram-node03,98,744F269C236D2EACE811549EB8337AE1ED90CABC91206675DFCFE797C824DE0F,False,SOVEREIGN,0,0,False,
1786157106.2918458,engram-node04,98,744F269C236D2EACE811549EB8337AE1ED90CABC91206675DFCFE797C824DE0F,False,SOVEREIGN,0,0,False,
1786157111.296522,engram-node01,101,F2EAA270271044151E57FBD18814475BD0A365CA37BA40AD6CED49A45DA54A3D,False,SOVEREIGN,0,0,False,
1786157111.303414,engram-node02,101,F2EAA270271044151E57FBD18814475BD0A365CA37BA40AD6CED49A45DA54A3D,False,SOVEREIGN,0,0,False,
1786157111.318382,engram-node03,101,F2EAA270271044151E57FBD18814475BD0A365CA37BA40AD6CED49A45DA54A3D,False,SOVEREIGN,0,0,False,
1786157111.3251462,engram-node04,101,F2EAA270271044151E57FBD18814475BD0A365CA37BA40AD6CED49A45DA54A3D,False,SOVEREIGN,0,0,False,
1786157116.329422,engram-node01,105,711DE3EA38C7FA0F3DC358D5E1BCFAED3F50D8D6B33EFDA50312B2A483A305BB,False,SOVEREIGN,0,0,False,
1786157116.333527,engram-node02,105,711DE3EA38C7FA0F3DC358D5E1BCFAED3F50D8D6B33EFDA50312B2A483A305BB,False,SOVEREIGN,0,0,False,
1786157116.337646,engram-node03,105,711DE3EA38C7FA0F3DC358D5E1BCFAED3F50D8D6B33EFDA50312B2A483A305BB,False,SOVEREIGN,0,0,False,
1786157116.341301,engram-node04,105,711DE3EA38C7FA0F3DC358D5E1BCFAED3F50D8D6B33EFDA50312B2A483A305BB,False,SOVEREIGN,0,0,False,
1786157121.346566,engram-node01,109,01FBDB6C9B372A083EF19970D626245F313AEDFD1050AD9EFE8F8BD67EF6E879,False,SOVEREIGN,0,0,False,
1786157121.351625,engram-node02,109,01FBDB6C9B372A083EF19970D626245F313AEDFD1050AD9EFE8F8BD67EF6E879,False,SOVEREIGN,0,0,False,
1786157121.3571808,engram-node03,109,01FBDB6C9B372A083EF19970D626245F313AEDFD1050AD9EFE8F8BD67EF6E879,False,SOVEREIGN,0,0,False,
1786157121.3609269,engram-node04,109,01FBDB6C9B372A083EF19970D626245F313AEDFD1050AD9EFE8F8BD67EF6E879,False,SOVEREIGN,0,0,False,
1786157126.3706172,engram-node01,113,49C0202EF30AA5FC948535F2AE12D6F21DA9A9E083E499837889D448371CC896,False,SOVEREIGN,0,0,False,
1786157126.378701,engram-node02,113,49C0202EF30AA5FC948535F2AE12D6F21DA9A9E083E499837889D448371CC896,False,SOVEREIGN,0,0,False,
1786157126.3883588,engram-node03,113,49C0202EF30AA5FC948535F2AE12D6F21DA9A9E083E499837889D448371CC896,False,SOVEREIGN,0,0,False,
1786157126.394548,engram-node04,113,49C0202EF30AA5FC948535F2AE12D6F21DA9A9E083E499837889D448371CC896,False,SOVEREIGN,0,0,False,
1786157131.403954,engram-node01,117,9F1D6782C91550752AE8A83AFE6BB5C95A6304ADFFCFCCE49BAFF917BE980516,False,SOVEREIGN,0,0,False,
1786157131.412332,engram-node02,117,9F1D6782C91550752AE8A83AFE6BB5C95A6304ADFFCFCCE49BAFF917BE980516,False,SOVEREIGN,0,0,False,
1786157131.418277,engram-node03,117,9F1D6782C91550752AE8A83AFE6BB5C95A6304ADFFCFCCE49BAFF917BE980516,False,SOVEREIGN,0,0,False,
1786157131.426749,engram-node04,117,9F1D6782C91550752AE8A83AFE6BB5C95A6304ADFFCFCCE49BAFF917BE980516,False,SOVEREIGN,0,0,False,
1786157136.430778,engram-node01,122,080826E8FC09767A5B01B5043AECB007C41703E177DC75E993EA9B3066DEBD9F,False,SOVEREIGN,0,0,False,
1786157136.434059,engram-node02,122,080826E8FC09767A5B01B5043AECB007C41703E177DC75E993EA9B3066DEBD9F,False,SOVEREIGN,0,0,False,
1786157136.437077,engram-node03,122,080826E8FC09767A5B01B5043AECB007C41703E177DC75E993EA9B3066DEBD9F,False,SOVEREIGN,0,0,False,
1786157136.440064,engram-node04,122,080826E8FC09767A5B01B5043AECB007C41703E177DC75E993EA9B3066DEBD9F,False,SOVEREIGN,0,0,False,
1786157141.4468029,engram-node01,126,EF9033A165C2BE22D57B86B4423DF976E51E25C1680D5F752BDC23A88344DE29,False,SOVEREIGN,0,0,False,
1786157141.454038,engram-node02,126,EF9033A165C2BE22D57B86B4423DF976E51E25C1680D5F752BDC23A88344DE29,False,SOVEREIGN,0,0,False,
1786157141.460961,engram-node03,126,EF9033A165C2BE22D57B86B4423DF976E51E25C1680D5F752BDC23A88344DE29,False,SOVEREIGN,0,0,False,
1786157141.467277,engram-node04,126,EF9033A165C2BE22D57B86B4423DF976E51E25C1680D5F752BDC23A88344DE29,False,SOVEREIGN,0,0,False,
1786157146.47592,engram-node01,130,4A060BFF1326C7DE15848FF77106A0C449BFD1D1D7DDC153906B0CBFD7E9EA8A,False,SOVEREIGN,0,0,False,
1786157146.480784,engram-node02,130,4A060BFF1326C7DE15848FF77106A0C449BFD1D1D7DDC153906B0CBFD7E9EA8A,False,SOVEREIGN,0,0,False,
1786157146.483513,engram-node03,130,4A060BFF1326C7DE15848FF77106A0C449BFD1D1D7DDC153906B0CBFD7E9EA8A,False,SOVEREIGN,0,0,False,
1786157146.486209,engram-node04,130,4A060BFF1326C7DE15848FF77106A0C449BFD1D1D7DDC153906B0CBFD7E9EA8A,False,SOVEREIGN,0,0,False,
1786157151.4921558,engram-node01,134,EDD40E7212165801B8C4FDBE0AF408FCE773D7FDAECAB0C0C160DD4298CF806B,False,SOVEREIGN,0,0,False,
1786157151.500163,engram-node02,134,EDD40E7212165801B8C4FDBE0AF408FCE773D7FDAECAB0C0C160DD4298CF806B,False,SOVEREIGN,0,0,False,
1786157151.506536,engram-node03,134,EDD40E7212165801B8C4FDBE0AF408FCE773D7FDAECAB0C0C160DD4298CF806B,False,SOVEREIGN,0,0,False,
1786157151.511832,engram-node04,134,EDD40E7212165801B8C4FDBE0AF408FCE773D7FDAECAB0C0C160DD4298CF806B,False,SOVEREIGN,0,0,False,
1786157156.522291,engram-node01,138,75234FF00ECB6AEF4D879B593DE30CA9BE9AC88F5D730508452C316B81C0D337,False,SOVEREIGN,0,0,False,
1786157156.533949,engram-node02,138,75234FF00ECB6AEF4D879B593DE30CA9BE9AC88F5D730508452C316B81C0D337,False,SOVEREIGN,0,0,False,
1786157156.540427,engram-node03,138,75234FF00ECB6AEF4D879B593DE30CA9BE9AC88F5D730508452C316B81C0D337,False,SOVEREIGN,0,0,False,
1786157156.545063,engram-node04,138,75234FF00ECB6AEF4D879B593DE30CA9BE9AC88F5D730508452C316B81C0D337,False,SOVEREIGN,0,0,False,
1786157161.5530019,engram-node01,142,BB8D7984B76C108C55621FAC858833FB0FE98AC11008DF7D7912ECA355DDC556,False,SOVEREIGN,0,0,False,
1786157161.5569322,engram-node02,142,BB8D7984B76C108C55621FAC858833FB0FE98AC11008DF7D7912ECA355DDC556,False,SOVEREIGN,0,0,False,
1786157161.560334,engram-node03,142,BB8D7984B76C108C55621FAC858833FB0FE98AC11008DF7D7912ECA355DDC556,False,SOVEREIGN,0,0,False,
1786157161.563564,engram-node04,142,BB8D7984B76C108C55621FAC858833FB0FE98AC11008DF7D7912ECA355DDC556,False,SOVEREIGN,0,0,False,
1786157166.573262,engram-node01,145,1FE7151C3AAB9A8B7DD9ED226C9B520F914651FBEB87BC5165D651F7620A5115,False,SOVEREIGN,0,0,False,
1786157166.578187,engram-node02,145,1FE7151C3AAB9A8B7DD9ED226C9B520F914651FBEB87BC5165D651F7620A5115,False,SOVEREIGN,0,0,False,
1786157166.582602,engram-node03,145,1FE7151C3AAB9A8B7DD9ED226C9B520F914651FBEB87BC5165D651F7620A5115,False,SOVEREIGN,0,0,False,
1786157166.586785,engram-node04,145,1FE7151C3AAB9A8B7DD9ED226C9B520F914651FBEB87BC5165D651F7620A5115,False,SOVEREIGN,0,0,False,
1786157171.593467,engram-node01,149,233511E52870101E68E3A22B20CDBC060063A38AD578BC16196DAFDA14C0F01B,False,SOVEREIGN,0,0,False,
1786157171.600938,engram-node02,149,233511E52870101E68E3A22B20CDBC060063A38AD578BC16196DAFDA14C0F01B,False,SOVEREIGN,0,0,False,
1786157171.605484,engram-node03,149,233511E52870101E68E3A22B20CDBC060063A38AD578BC16196DAFDA14C0F01B,False,SOVEREIGN,0,0,False,
1786157171.6089768,engram-node04,149,233511E52870101E68E3A22B20CDBC060063A38AD578BC16196DAFDA14C0F01B,False,SOVEREIGN,0,0,False,
1786157176.61987,engram-node01,153,734706B200787B22EFC477210B06E28F6BC6FB8E0AD4CC5705BAEBE8CF318CA3,False,SOVEREIGN,0,0,False,
1786157176.625979,engram-node02,153,734706B200787B22EFC477210B06E28F6BC6FB8E0AD4CC5705BAEBE8CF318CA3,False,SOVEREIGN,0,0,False,
1786157176.633733,engram-node03,153,734706B200787B22EFC477210B06E28F6BC6FB8E0AD4CC5705BAEBE8CF318CA3,False,SOVEREIGN,0,0,False,
1786157176.6381,engram-node04,153,734706B200787B22EFC477210B06E28F6BC6FB8E0AD4CC5705BAEBE8CF318CA3,False,SOVEREIGN,0,0,False,
1786157181.64239,engram-node01,157,0AF2EDA121B6AE859F1E4AD32FEF9E2EE72D8BB04B2D92A8E585CFCC52FDA6A9,False,SOVEREIGN,0,0,False,
1786157181.6501088,engram-node02,157,0AF2EDA121B6AE859F1E4AD32FEF9E2EE72D8BB04B2D92A8E585CFCC52FDA6A9,False,SOVEREIGN,0,0,False,
1786157181.6546838,engram-node03,157,0AF2EDA121B6AE859F1E4AD32FEF9E2EE72D8BB04B2D92A8E585CFCC52FDA6A9,False,SOVEREIGN,0,0,False,
1786157181.659014,engram-node04,157,0AF2EDA121B6AE859F1E4AD32FEF9E2EE72D8BB04B2D92A8E585CFCC52FDA6A9,False,SOVEREIGN,0,0,False,
1786157186.668865,engram-node01,161,E1C96740EB35EFC45C92BC2C10F17ECD3CBF4CC0333D37DAD55B9EBDFD700BB7,False,SOVEREIGN,0,0,False,
1786157186.675966,engram-node02,161,E1C96740EB35EFC45C92BC2C10F17ECD3CBF4CC0333D37DAD55B9EBDFD700BB7,False,SOVEREIGN,0,0,False,
1786157186.680817,engram-node03,161,E1C96740EB35EFC45C92BC2C10F17ECD3CBF4CC0333D37DAD55B9EBDFD700BB7,False,SOVEREIGN,0,0,False,
1786157186.686285,engram-node04,161,E1C96740EB35EFC45C92BC2C10F17ECD3CBF4CC0333D37DAD55B9EBDFD700BB7,False,SOVEREIGN,0,0,False,
1786157191.693722,engram-node01,165,47B91529190D7ECA257323B1943F66B1F9B29C00E4EA2C49323D5B76F6A31275,False,SOVEREIGN,0,0,False,
1786157191.697902,engram-node02,165,47B91529190D7ECA257323B1943F66B1F9B29C00E4EA2C49323D5B76F6A31275,False,SOVEREIGN,0,0,False,
1786157191.701827,engram-node03,165,47B91529190D7ECA257323B1943F66B1F9B29C00E4EA2C49323D5B76F6A31275,False,SOVEREIGN,0,0,False,
1786157191.7060502,engram-node04,165,47B91529190D7ECA257323B1943F66B1F9B29C00E4EA2C49323D5B76F6A31275,False,SOVEREIGN,0,0,False,
1786157196.7125561,engram-node01,170,88A8AB9061C18A6BA0F305316BD638C4BEB9A73E82DCC9E9A18F6AF2C0AF4BD3,False,SOVEREIGN,0,0,False,
1786157196.716798,engram-node02,170,88A8AB9061C18A6BA0F305316BD638C4BEB9A73E82DCC9E9A18F6AF2C0AF4BD3,False,SOVEREIGN,0,0,False,
1786157196.7198238,engram-node03,170,88A8AB9061C18A6BA0F305316BD638C4BEB9A73E82DCC9E9A18F6AF2C0AF4BD3,False,SOVEREIGN,0,0,False,
1786157196.723219,engram-node04,170,88A8AB9061C18A6BA0F305316BD638C4BEB9A73E82DCC9E9A18F6AF2C0AF4BD3,False,SOVEREIGN,0,0,False,
1786157201.7307808,engram-node01,174,0B032ECC3B7915449743CC9FF78238B902F76FC1B49BAB3326210BCB3F3DDD3D,False,SOVEREIGN,0,0,False,
1786157201.73724,engram-node02,174,0B032ECC3B7915449743CC9FF78238B902F76FC1B49BAB3326210BCB3F3DDD3D,False,SOVEREIGN,0,0,False,
1786157201.7433112,engram-node03,174,0B032ECC3B7915449743CC9FF78238B902F76FC1B49BAB3326210BCB3F3DDD3D,False,SOVEREIGN,0,0,False,
1786157201.749059,engram-node04,174,0B032ECC3B7915449743CC9FF78238B902F76FC1B49BAB3326210BCB3F3DDD3D,False,SOVEREIGN,0,0,False,
1786157206.756644,engram-node01,178,EC34A3FCABB9DE22D830C102A511B45CD2C08803FB15A9B02E501DDDDDA7B4CB,False,SOVEREIGN,0,0,False,
1786157206.767118,engram-node02,178,EC34A3FCABB9DE22D830C102A511B45CD2C08803FB15A9B02E501DDDDDA7B4CB,False,SOVEREIGN,0,0,False,
1786157206.772404,engram-node03,178,EC34A3FCABB9DE22D830C102A511B45CD2C08803FB15A9B02E501DDDDDA7B4CB,False,SOVEREIGN,0,0,False,
1786157206.777712,engram-node04,178,EC34A3FCABB9DE22D830C102A511B45CD2C08803FB15A9B02E501DDDDDA7B4CB,False,SOVEREIGN,0,0,False,
1786157211.782756,engram-node01,182,BEA5AAB0999D2C8D862DE5BB4C4E246F92C4F0C61D3ACF9FACFDB730BA2450F5,False,SOVEREIGN,0,0,False,
1786157211.78927,engram-node02,182,BEA5AAB0999D2C8D862DE5BB4C4E246F92C4F0C61D3ACF9FACFDB730BA2450F5,False,SOVEREIGN,0,0,False,
1786157211.792501,engram-node03,182,BEA5AAB0999D2C8D862DE5BB4C4E246F92C4F0C61D3ACF9FACFDB730BA2450F5,False,SOVEREIGN,0,0,False,
1786157211.795593,engram-node04,182,BEA5AAB0999D2C8D862DE5BB4C4E246F92C4F0C61D3ACF9FACFDB730BA2450F5,False,SOVEREIGN,0,0,False,
1786157216.80378,engram-node01,186,F1C940B60F8F4974ECF9547C27AC782192F5A42D11963760C5519647AE18B68B,False,SOVEREIGN,0,0,False,
1786157216.8116648,engram-node02,186,F1C940B60F8F4974ECF9547C27AC782192F5A42D11963760C5519647AE18B68B,False,SOVEREIGN,0,0,False,
1786157216.816878,engram-node03,186,F1C940B60F8F4974ECF9547C27AC782192F5A42D11963760C5519647AE18B68B,False,SOVEREIGN,0,0,False,
1786157216.822952,engram-node04,186,F1C940B60F8F4974ECF9547C27AC782192F5A42D11963760C5519647AE18B68B,False,SOVEREIGN,0,0,False,
1786157221.8302321,engram-node01,190,402EA5B9CFC335C35856478410E5288422A87E4AE7AE283BCB9FBF2AFC14FE54,False,SOVEREIGN,0,0,False,
1786157221.8334222,engram-node02,190,402EA5B9CFC335C35856478410E5288422A87E4AE7AE283BCB9FBF2AFC14FE54,False,SOVEREIGN,0,0,False,
1786157221.8361468,engram-node03,190,402EA5B9CFC335C35856478410E5288422A87E4AE7AE283BCB9FBF2AFC14FE54,False,SOVEREIGN,0,0,False,
1786157221.8394072,engram-node04,190,402EA5B9CFC335C35856478410E5288422A87E4AE7AE283BCB9FBF2AFC14FE54,False,SOVEREIGN,0,0,False,
1786157226.8433201,engram-node01,193,D5A559A65A30D2B98ABE551FD3718B150F171C08AD871587B5A11DBCBB45F50F,False,RECOVERING,2,0,False,
1786157226.847486,engram-node02,193,D5A559A65A30D2B98ABE551FD3718B150F171C08AD871587B5A11DBCBB45F50F,False,RECOVERING,2,0,False,
1786157226.8511848,engram-node03,193,D5A559A65A30D2B98ABE551FD3718B150F171C08AD871587B5A11DBCBB45F50F,False,RECOVERING,2,0,False,
1786157226.853943,engram-node04,193,D5A559A65A30D2B98ABE551FD3718B150F171C08AD871587B5A11DBCBB45F50F,False,RECOVERING,2,0,False,
1786157231.860102,engram-node01,193,D5A559A65A30D2B98ABE551FD3718B150F171C08AD871587B5A11DBCBB45F50F,False,RECOVERING,2,0,False,
1786157231.864234,engram-node02,193,D5A559A65A30D2B98ABE551FD3718B150F171C08AD871587B5A11DBCBB45F50F,False,RECOVERING,2,0,False,
1786157231.867488,engram-node03,193,D5A559A65A30D2B98ABE551FD3718B150F171C08AD871587B5A11DBCBB45F50F,False,RECOVERING,2,0,False,
1786157231.870848,engram-node04,193,D5A559A65A30D2B98ABE551FD3718B150F171C08AD871587B5A11DBCBB45F50F,False,RECOVERING,2,0,False,
1786157236.8784199,engram-node01,193,D5A559A65A30D2B98ABE551FD3718B150F171C08AD871587B5A11DBCBB45F50F,False,RECOVERING,2,0,False,
1786157236.884025,engram-node02,193,D5A559A65A30D2B98ABE551FD3718B150F171C08AD871587B5A11DBCBB45F50F,False,RECOVERING,2,0,False,
1786157236.888112,engram-node03,193,D5A559A65A30D2B98ABE551FD3718B150F171C08AD871587B5A11DBCBB45F50F,False,RECOVERING,2,0,False,
1786157236.891784,engram-node04,193,D5A559A65A30D2B98ABE551FD3718B150F171C08AD871587B5A11DBCBB45F50F,False,RECOVERING,2,0,False,
1786157241.896588,engram-node01,193,D5A559A65A30D2B98ABE551FD3718B150F171C08AD871587B5A11DBCBB45F50F,False,RECOVERING,2,0,False,
1786157241.900448,engram-node02,193,D5A559A65A30D2B98ABE551FD3718B150F171C08AD871587B5A11DBCBB45F50F,False,RECOVERING,2,0,False,
1786157241.9037042,engram-node03,193,D5A559A65A30D2B98ABE551FD3718B150F171C08AD871587B5A11DBCBB45F50F,False,RECOVERING,2,0,False,
1786157241.906569,engram-node04,193,D5A559A65A30D2B98ABE551FD3718B150F171C08AD871587B5A11DBCBB45F50F,False,RECOVERING,2,0,False,
1786157246.911948,engram-node01,193,D5A559A65A30D2B98ABE551FD3718B150F171C08AD871587B5A11DBCBB45F50F,False,RECOVERING,2,0,False,
1786157246.920992,engram-node02,193,D5A559A65A30D2B98ABE551FD3718B150F171C08AD871587B5A11DBCBB45F50F,False,RECOVERING,2,0,False,
1786157246.9270139,engram-node03,193,D5A559A65A30D2B98ABE551FD3718B150F171C08AD871587B5A11DBCBB45F50F,False,RECOVERING,2,0,False,
1786157246.9329238,engram-node04,193,D5A559A65A30D2B98ABE551FD3718B150F171C08AD871587B5A11DBCBB45F50F,False,RECOVERING,2,0,False,
1786157251.939808,engram-node01,193,D5A559A65A30D2B98ABE551FD3718B150F171C08AD871587B5A11DBCBB45F50F,False,RECOVERING,2,0,False,
1786157251.9457762,engram-node02,193,D5A559A65A30D2B98ABE551FD3718B150F171C08AD871587B5A11DBCBB45F50F,False,RECOVERING,2,0,False,
1786157251.950339,engram-node03,193,D5A559A65A30D2B98ABE551FD3718B150F171C08AD871587B5A11DBCBB45F50F,False,RECOVERING,2,0,False,
1786157251.9543948,engram-node04,193,D5A559A65A30D2B98ABE551FD3718B150F171C08AD871587B5A11DBCBB45F50F,False,RECOVERING,2,0,False,
1786157256.9635441,engram-node01,193,D5A559A65A30D2B98ABE551FD3718B150F171C08AD871587B5A11DBCBB45F50F,False,RECOVERING,2,0,False,
1786157256.9741929,engram-node02,193,D5A559A65A30D2B98ABE551FD3718B150F171C08AD871587B5A11DBCBB45F50F,False,RECOVERING,2,0,False,
1786157256.9803789,engram-node03,193,D5A559A65A30D2B98ABE551FD3718B150F171C08AD871587B5A11DBCBB45F50F,False,RECOVERING,2,0,False,
1786157256.9847941,engram-node04,193,D5A559A65A30D2B98ABE551FD3718B150F171C08AD871587B5A11DBCBB45F50F,False,RECOVERING,2,0,False,
1786157261.993031,engram-node01,193,D5A559A65A30D2B98ABE551FD3718B150F171C08AD871587B5A11DBCBB45F50F,False,RECOVERING,2,0,False,
1786157262.0001988,engram-node02,193,D5A559A65A30D2B98ABE551FD3718B150F171C08AD871587B5A11DBCBB45F50F,False,RECOVERING,2,0,False,
1786157262.0044658,engram-node03,193,D5A559A65A30D2B98ABE551FD3718B150F171C08AD871587B5A11DBCBB45F50F,False,RECOVERING,2,0,False,
1786157262.010685,engram-node04,193,D5A559A65A30D2B98ABE551FD3718B150F171C08AD871587B5A11DBCBB45F50F,False,RECOVERING,2,0,False,
1786157267.018304,engram-node01,193,D5A559A65A30D2B98ABE551FD3718B150F171C08AD871587B5A11DBCBB45F50F,False,RECOVERING,2,0,False,
1786157267.0248241,engram-node02,193,D5A559A65A30D2B98ABE551FD3718B150F171C08AD871587B5A11DBCBB45F50F,False,RECOVERING,2,0,False,
1786157267.0308638,engram-node03,193,D5A559A65A30D2B98ABE551FD3718B150F171C08AD871587B5A11DBCBB45F50F,False,RECOVERING,2,0,False,
1786157267.037399,engram-node04,193,D5A559A65A30D2B98ABE551FD3718B150F171C08AD871587B5A11DBCBB45F50F,False,RECOVERING,2,0,False,
1786157272.050584,engram-node01,193,D5A559A65A30D2B98ABE551FD3718B150F171C08AD871587B5A11DBCBB45F50F,False,RECOVERING,2,0,False,
1786157272.057578,engram-node02,193,D5A559A65A30D2B98ABE551FD3718B150F171C08AD871587B5A11DBCBB45F50F,False,RECOVERING,2,0,False,
1786157272.0628102,engram-node03,193,D5A559A65A30D2B98ABE551FD3718B150F171C08AD871587B5A11DBCBB45F50F,False,RECOVERING,2,0,False,
1786157272.069191,engram-node04,193,D5A559A65A30D2B98ABE551FD3718B150F171C08AD871587B5A11DBCBB45F50F,False,RECOVERING,2,0,False,
1786157277.078484,engram-node01,193,D5A559A65A30D2B98ABE551FD3718B150F171C08AD871587B5A11DBCBB45F50F,False,RECOVERING,2,0,False,
1786157277.084843,engram-node02,193,D5A559A65A30D2B98ABE551FD3718B150F171C08AD871587B5A11DBCBB45F50F,False,RECOVERING,2,0,False,
1786157277.088953,engram-node03,193,D5A559A65A30D2B98ABE551FD3718B150F171C08AD871587B5A11DBCBB45F50F,False,RECOVERING,2,0,False,
1786157277.0921311,engram-node04,193,D5A559A65A30D2B98ABE551FD3718B150F171C08AD871587B5A11DBCBB45F50F,False,RECOVERING,2,0,False,
1786157282.0961761,engram-node01,195,DC96310A9969CB1E38A8EEF5F439248BA05998AF27BA09D7E711F922D634D12B,False,RECOVERING,0,0,False,
1786157282.101181,engram-node02,195,DC96310A9969CB1E38A8EEF5F439248BA05998AF27BA09D7E711F922D634D12B,False,RECOVERING,0,0,False,
1786157282.105151,engram-node03,195,DC96310A9969CB1E38A8EEF5F439248BA05998AF27BA09D7E711F922D634D12B,False,RECOVERING,0,0,False,
1786157282.108742,engram-node04,195,DC96310A9969CB1E38A8EEF5F439248BA05998AF27BA09D7E711F922D634D12B,False,RECOVERING,0,0,False,
1786157287.117871,engram-node01,197,771D968CBFC950CC9D17B07D6D291E55D842340A2D86CA13A5921EB74F2831A0,False,RECOVERING,2,0,False,
1786157287.122491,engram-node02,197,771D968CBFC950CC9D17B07D6D291E55D842340A2D86CA13A5921EB74F2831A0,False,RECOVERING,2,0,False,
1786157287.128577,engram-node03,197,771D968CBFC950CC9D17B07D6D291E55D842340A2D86CA13A5921EB74F2831A0,False,RECOVERING,2,0,False,
1786157287.1327941,engram-node04,197,771D968CBFC950CC9D17B07D6D291E55D842340A2D86CA13A5921EB74F2831A0,False,RECOVERING,2,0,False,
1786157292.1412349,engram-node01,197,771D968CBFC950CC9D17B07D6D291E55D842340A2D86CA13A5921EB74F2831A0,False,RECOVERING,2,0,False,
1786157292.146555,engram-node02,197,771D968CBFC950CC9D17B07D6D291E55D842340A2D86CA13A5921EB74F2831A0,False,RECOVERING,2,0,False,
1786157292.1522229,engram-node03,197,771D968CBFC950CC9D17B07D6D291E55D842340A2D86CA13A5921EB74F2831A0,False,RECOVERING,2,0,False,
1786157292.156169,engram-node04,197,771D968CBFC950CC9D17B07D6D291E55D842340A2D86CA13A5921EB74F2831A0,False,RECOVERING,2,0,False,
1786157297.1646311,engram-node01,197,771D968CBFC950CC9D17B07D6D291E55D842340A2D86CA13A5921EB74F2831A0,False,RECOVERING,2,0,False,
1786157297.174239,engram-node02,197,771D968CBFC950CC9D17B07D6D291E55D842340A2D86CA13A5921EB74F2831A0,False,RECOVERING,2,0,False,
1786157297.180885,engram-node03,197,771D968CBFC950CC9D17B07D6D291E55D842340A2D86CA13A5921EB74F2831A0,False,RECOVERING,2,0,False,
1786157297.186383,engram-node04,197,771D968CBFC950CC9D17B07D6D291E55D842340A2D86CA13A5921EB74F2831A0,False,RECOVERING,2,0,False,
1786157302.1963232,engram-node01,197,771D968CBFC950CC9D17B07D6D291E55D842340A2D86CA13A5921EB74F2831A0,False,RECOVERING,2,0,False,
1786157302.199757,engram-node02,197,771D968CBFC950CC9D17B07D6D291E55D842340A2D86CA13A5921EB74F2831A0,False,RECOVERING,2,0,False,
1786157302.203346,engram-node03,197,771D968CBFC950CC9D17B07D6D291E55D842340A2D86CA13A5921EB74F2831A0,False,RECOVERING,2,0,False,
1786157302.207517,engram-node04,197,771D968CBFC950CC9D17B07D6D291E55D842340A2D86CA13A5921EB74F2831A0,False,RECOVERING,2,0,False,
1786157307.216701,engram-node01,197,771D968CBFC950CC9D17B07D6D291E55D842340A2D86CA13A5921EB74F2831A0,False,RECOVERING,2,0,False,
1786157307.2269351,engram-node02,197,771D968CBFC950CC9D17B07D6D291E55D842340A2D86CA13A5921EB74F2831A0,False,RECOVERING,2,0,False,
1786157307.23361,engram-node03,197,771D968CBFC950CC9D17B07D6D291E55D842340A2D86CA13A5921EB74F2831A0,False,RECOVERING,2,0,False,
1786157307.239011,engram-node04,197,771D968CBFC950CC9D17B07D6D291E55D842340A2D86CA13A5921EB74F2831A0,False,RECOVERING,2,0,False,
1786157312.248867,engram-node01,197,771D968CBFC950CC9D17B07D6D291E55D842340A2D86CA13A5921EB74F2831A0,False,RECOVERING,2,0,False,
1786157312.2601862,engram-node02,197,771D968CBFC950CC9D17B07D6D291E55D842340A2D86CA13A5921EB74F2831A0,False,RECOVERING,2,0,False,
1786157312.265186,engram-node03,197,771D968CBFC950CC9D17B07D6D291E55D842340A2D86CA13A5921EB74F2831A0,False,RECOVERING,2,0,False,
1786157312.2695339,engram-node04,197,771D968CBFC950CC9D17B07D6D291E55D842340A2D86CA13A5921EB74F2831A0,False,RECOVERING,2,0,False,
1786157317.275807,engram-node01,197,771D968CBFC950CC9D17B07D6D291E55D842340A2D86CA13A5921EB74F2831A0,False,RECOVERING,2,0,False,
1786157317.2832901,engram-node02,197,771D968CBFC950CC9D17B07D6D291E55D842340A2D86CA13A5921EB74F2831A0,False,RECOVERING,2,0,False,
1786157317.288227,engram-node03,197,771D968CBFC950CC9D17B07D6D291E55D842340A2D86CA13A5921EB74F2831A0,False,RECOVERING,2,0,False,
1786157317.291497,engram-node04,197,771D968CBFC950CC9D17B07D6D291E55D842340A2D86CA13A5921EB74F2831A0,False,RECOVERING,2,0,False,
1786157322.299864,engram-node01,197,771D968CBFC950CC9D17B07D6D291E55D842340A2D86CA13A5921EB74F2831A0,False,RECOVERING,2,0,False,
1786157322.309006,engram-node02,197,771D968CBFC950CC9D17B07D6D291E55D842340A2D86CA13A5921EB74F2831A0,False,RECOVERING,2,0,False,
1786157322.31532,engram-node03,197,771D968CBFC950CC9D17B07D6D291E55D842340A2D86CA13A5921EB74F2831A0,False,RECOVERING,2,0,False,
1786157322.32032,engram-node04,197,771D968CBFC950CC9D17B07D6D291E55D842340A2D86CA13A5921EB74F2831A0,False,RECOVERING,2,0,False,
1786157327.3276448,engram-node01,197,771D968CBFC950CC9D17B07D6D291E55D842340A2D86CA13A5921EB74F2831A0,False,RECOVERING,2,0,False,
1786157327.334283,engram-node02,197,771D968CBFC950CC9D17B07D6D291E55D842340A2D86CA13A5921EB74F2831A0,False,RECOVERING,2,0,False,
1786157327.340632,engram-node03,197,771D968CBFC950CC9D17B07D6D291E55D842340A2D86CA13A5921EB74F2831A0,False,RECOVERING,2,0,False,
1786157327.346432,engram-node04,197,771D968CBFC950CC9D17B07D6D291E55D842340A2D86CA13A5921EB74F2831A0,False,RECOVERING,2,0,False,
1786157332.357829,engram-node01,197,771D968CBFC950CC9D17B07D6D291E55D842340A2D86CA13A5921EB74F2831A0,False,RECOVERING,2,0,False,
1786157332.362518,engram-node02,197,771D968CBFC950CC9D17B07D6D291E55D842340A2D86CA13A5921EB74F2831A0,False,RECOVERING,2,0,False,
1786157332.3669639,engram-node03,197,771D968CBFC950CC9D17B07D6D291E55D842340A2D86CA13A5921EB74F2831A0,False,RECOVERING,2,0,False,
1786157332.371001,engram-node04,197,771D968CBFC950CC9D17B07D6D291E55D842340A2D86CA13A5921EB74F2831A0,False,RECOVERING,2,0,False,
1786157337.378905,engram-node01,197,771D968CBFC950CC9D17B07D6D291E55D842340A2D86CA13A5921EB74F2831A0,False,RECOVERING,2,0,False,
1786157337.385414,engram-node02,197,771D968CBFC950CC9D17B07D6D291E55D842340A2D86CA13A5921EB74F2831A0,False,RECOVERING,2,0,False,
1786157337.3910542,engram-node03,197,771D968CBFC950CC9D17B07D6D291E55D842340A2D86CA13A5921EB74F2831A0,False,RECOVERING,2,0,False,
1786157337.396888,engram-node04,197,771D968CBFC950CC9D17B07D6D291E55D842340A2D86CA13A5921EB74F2831A0,False,RECOVERING,2,0,False,
1786157342.408215,engram-node01,200,B62564CE50EF909725BB9044E2EB9F4A1BF25CA3D5CEE8D72296107B20BDECB3,False,RECOVERING,1,0,False,
1786157342.41636,engram-node02,200,B62564CE50EF909725BB9044E2EB9F4A1BF25CA3D5CEE8D72296107B20BDECB3,False,RECOVERING,1,0,False,
1786157342.422017,engram-node03,200,B62564CE50EF909725BB9044E2EB9F4A1BF25CA3D5CEE8D72296107B20BDECB3,False,RECOVERING,1,0,False,
1786157342.4274619,engram-node04,200,B62564CE50EF909725BB9044E2EB9F4A1BF25CA3D5CEE8D72296107B20BDECB3,False,RECOVERING,1,0,False,
1786157347.433011,engram-node01,201,2E18AA28035B035F0C6963AFC7D7E857801F1C6440795FD8F1913AC682946DAC,False,RECOVERING,2,0,False,
1786157347.438966,engram-node02,201,2E18AA28035B035F0C6963AFC7D7E857801F1C6440795FD8F1913AC682946DAC,False,RECOVERING,2,0,False,
1786157347.444843,engram-node03,201,2E18AA28035B035F0C6963AFC7D7E857801F1C6440795FD8F1913AC682946DAC,False,RECOVERING,2,0,False,
1786157347.448384,engram-node04,201,2E18AA28035B035F0C6963AFC7D7E857801F1C6440795FD8F1913AC682946DAC,False,RECOVERING,2,0,False,
1786157352.452873,engram-node01,201,2E18AA28035B035F0C6963AFC7D7E857801F1C6440795FD8F1913AC682946DAC,False,RECOVERING,2,0,False,
1786157352.459219,engram-node02,201,2E18AA28035B035F0C6963AFC7D7E857801F1C6440795FD8F1913AC682946DAC,False,RECOVERING,2,0,False,
1786157352.4633,engram-node03,201,2E18AA28035B035F0C6963AFC7D7E857801F1C6440795FD8F1913AC682946DAC,False,RECOVERING,2,0,False,
1786157352.466754,engram-node04,201,2E18AA28035B035F0C6963AFC7D7E857801F1C6440795FD8F1913AC682946DAC,False,RECOVERING,2,0,False,
1786157357.47087,engram-node01,201,2E18AA28035B035F0C6963AFC7D7E857801F1C6440795FD8F1913AC682946DAC,False,RECOVERING,2,0,False,
1786157357.477249,engram-node02,201,2E18AA28035B035F0C6963AFC7D7E857801F1C6440795FD8F1913AC682946DAC,False,RECOVERING,2,0,False,
1786157357.4815948,engram-node03,201,2E18AA28035B035F0C6963AFC7D7E857801F1C6440795FD8F1913AC682946DAC,False,RECOVERING,2,0,False,
1786157357.4861262,engram-node04,201,2E18AA28035B035F0C6963AFC7D7E857801F1C6440795FD8F1913AC682946DAC,False,RECOVERING,2,0,False,
1786157362.4949682,engram-node01,201,2E18AA28035B035F0C6963AFC7D7E857801F1C6440795FD8F1913AC682946DAC,False,RECOVERING,2,0,False,
1786157362.502698,engram-node02,201,2E18AA28035B035F0C6963AFC7D7E857801F1C6440795FD8F1913AC682946DAC,False,RECOVERING,2,0,False,
1786157362.509391,engram-node03,201,2E18AA28035B035F0C6963AFC7D7E857801F1C6440795FD8F1913AC682946DAC,False,RECOVERING,2,0,False,
1786157362.5147772,engram-node04,201,2E18AA28035B035F0C6963AFC7D7E857801F1C6440795FD8F1913AC682946DAC,False,RECOVERING,2,0,False,
1786157367.5254982,engram-node01,201,2E18AA28035B035F0C6963AFC7D7E857801F1C6440795FD8F1913AC682946DAC,False,RECOVERING,2,0,False,
1786157367.5367181,engram-node02,201,2E18AA28035B035F0C6963AFC7D7E857801F1C6440795FD8F1913AC682946DAC,False,RECOVERING,2,0,False,
1786157367.54395,engram-node03,201,2E18AA28035B035F0C6963AFC7D7E857801F1C6440795FD8F1913AC682946DAC,False,RECOVERING,2,0,False,
1786157367.549162,engram-node04,201,2E18AA28035B035F0C6963AFC7D7E857801F1C6440795FD8F1913AC682946DAC,False,RECOVERING,2,0,False,
1786157372.555202,engram-node01,201,2E18AA28035B035F0C6963AFC7D7E857801F1C6440795FD8F1913AC682946DAC,False,RECOVERING,2,0,False,
1786157372.561772,engram-node02,201,2E18AA28035B035F0C6963AFC7D7E857801F1C6440795FD8F1913AC682946DAC,False,RECOVERING,2,0,False,
1786157372.5662389,engram-node03,201,2E18AA28035B035F0C6963AFC7D7E857801F1C6440795FD8F1913AC682946DAC,False,RECOVERING,2,0,False,
1786157372.5702028,engram-node04,201,2E18AA28035B035F0C6963AFC7D7E857801F1C6440795FD8F1913AC682946DAC,False,RECOVERING,2,0,False,
1786157377.576213,engram-node01,201,2E18AA28035B035F0C6963AFC7D7E857801F1C6440795FD8F1913AC682946DAC,False,RECOVERING,2,0,False,
1786157377.5856798,engram-node02,201,2E18AA28035B035F0C6963AFC7D7E857801F1C6440795FD8F1913AC682946DAC,False,RECOVERING,2,0,False,
1786157377.5910468,engram-node03,201,2E18AA28035B035F0C6963AFC7D7E857801F1C6440795FD8F1913AC682946DAC,False,RECOVERING,2,0,False,
1786157377.5968242,engram-node04,201,2E18AA28035B035F0C6963AFC7D7E857801F1C6440795FD8F1913AC682946DAC,False,RECOVERING,2,0,False,
1786157382.606981,engram-node01,201,2E18AA28035B035F0C6963AFC7D7E857801F1C6440795FD8F1913AC682946DAC,False,RECOVERING,2,0,False,
1786157382.6139252,engram-node02,201,2E18AA28035B035F0C6963AFC7D7E857801F1C6440795FD8F1913AC682946DAC,False,RECOVERING,2,0,False,
1786157382.621645,engram-node03,201,2E18AA28035B035F0C6963AFC7D7E857801F1C6440795FD8F1913AC682946DAC,False,RECOVERING,2,0,False,
1786157382.627692,engram-node04,201,2E18AA28035B035F0C6963AFC7D7E857801F1C6440795FD8F1913AC682946DAC,False,RECOVERING,2,0,False,
1786157387.637842,engram-node01,201,2E18AA28035B035F0C6963AFC7D7E857801F1C6440795FD8F1913AC682946DAC,False,RECOVERING,2,0,False,
1786157387.647312,engram-node02,201,2E18AA28035B035F0C6963AFC7D7E857801F1C6440795FD8F1913AC682946DAC,False,RECOVERING,2,0,False,
1786157387.653357,engram-node03,201,2E18AA28035B035F0C6963AFC7D7E857801F1C6440795FD8F1913AC682946DAC,False,RECOVERING,2,0,False,
1786157387.658595,engram-node04,201,2E18AA28035B035F0C6963AFC7D7E857801F1C6440795FD8F1913AC682946DAC,False,RECOVERING,2,0,False,
1786157392.6694772,engram-node01,201,2E18AA28035B035F0C6963AFC7D7E857801F1C6440795FD8F1913AC682946DAC,False,RECOVERING,2,0,False,
1786157392.679125,engram-node02,201,2E18AA28035B035F0C6963AFC7D7E857801F1C6440795FD8F1913AC682946DAC,False,RECOVERING,2,0,False,
1786157392.684288,engram-node03,201,2E18AA28035B035F0C6963AFC7D7E857801F1C6440795FD8F1913AC682946DAC,False,RECOVERING,2,0,False,
1786157392.6884558,engram-node04,201,2E18AA28035B035F0C6963AFC7D7E857801F1C6440795FD8F1913AC682946DAC,False,RECOVERING,2,0,False,
1786157397.697537,engram-node01,201,2E18AA28035B035F0C6963AFC7D7E857801F1C6440795FD8F1913AC682946DAC,False,RECOVERING,2,0,False,
1786157397.702948,engram-node02,201,2E18AA28035B035F0C6963AFC7D7E857801F1C6440795FD8F1913AC682946DAC,False,RECOVERING,2,0,False,
1786157397.707933,engram-node03,201,2E18AA28035B035F0C6963AFC7D7E857801F1C6440795FD8F1913AC682946DAC,False,RECOVERING,2,0,False,
1786157397.711391,engram-node04,201,2E18AA28035B035F0C6963AFC7D7E857801F1C6440795FD8F1913AC682946DAC,False,RECOVERING,2,0,False,
1786157402.714965,engram-node01,204,85A1B4743E3CE526D34921D92B2A3B81C7F076DB601362D63304037B8912FF43,False,RECOVERING,1,0,False,
1786157402.7205088,engram-node02,204,85A1B4743E3CE526D34921D92B2A3B81C7F076DB601362D63304037B8912FF43,False,RECOVERING,1,0,False,
1786157402.726729,engram-node03,204,85A1B4743E3CE526D34921D92B2A3B81C7F076DB601362D63304037B8912FF43,False,RECOVERING,1,0,False,
1786157402.730041,engram-node04,204,85A1B4743E3CE526D34921D92B2A3B81C7F076DB601362D63304037B8912FF43,False,RECOVERING,1,0,False,
1786157407.736554,engram-node01,205,EF25143973F1284CBDEBCE71EF7627F39C4ADFBA5197553E52BA08F6869607D0,False,RECOVERING,2,0,False,
1786157407.744546,engram-node02,205,EF25143973F1284CBDEBCE71EF7627F39C4ADFBA5197553E52BA08F6869607D0,False,RECOVERING,2,0,False,
1786157407.7507179,engram-node03,205,EF25143973F1284CBDEBCE71EF7627F39C4ADFBA5197553E52BA08F6869607D0,False,RECOVERING,2,0,False,
1786157407.756075,engram-node04,205,EF25143973F1284CBDEBCE71EF7627F39C4ADFBA5197553E52BA08F6869607D0,False,RECOVERING,2,0,False,
1786157412.7671108,engram-node01,205,EF25143973F1284CBDEBCE71EF7627F39C4ADFBA5197553E52BA08F6869607D0,False,RECOVERING,2,0,False,
1786157412.7756019,engram-node02,205,EF25143973F1284CBDEBCE71EF7627F39C4ADFBA5197553E52BA08F6869607D0,False,RECOVERING,2,0,False,
1786157412.780279,engram-node03,205,EF25143973F1284CBDEBCE71EF7627F39C4ADFBA5197553E52BA08F6869607D0,False,RECOVERING,2,0,False,
1786157412.785891,engram-node04,205,EF25143973F1284CBDEBCE71EF7627F39C4ADFBA5197553E52BA08F6869607D0,False,RECOVERING,2,0,False,
1786157417.7922099,engram-node01,205,EF25143973F1284CBDEBCE71EF7627F39C4ADFBA5197553E52BA08F6869607D0,False,RECOVERING,2,0,False,
1786157417.798729,engram-node02,205,EF25143973F1284CBDEBCE71EF7627F39C4ADFBA5197553E52BA08F6869607D0,False,RECOVERING,2,0,False,
1786157417.801978,engram-node03,205,EF25143973F1284CBDEBCE71EF7627F39C4ADFBA5197553E52BA08F6869607D0,False,RECOVERING,2,0,False,
1786157417.805328,engram-node04,205,EF25143973F1284CBDEBCE71EF7627F39C4ADFBA5197553E52BA08F6869607D0,False,RECOVERING,2,0,False,
1786157422.813625,engram-node01,205,EF25143973F1284CBDEBCE71EF7627F39C4ADFBA5197553E52BA08F6869607D0,False,RECOVERING,2,0,False,
1786157422.824474,engram-node02,205,EF25143973F1284CBDEBCE71EF7627F39C4ADFBA5197553E52BA08F6869607D0,False,RECOVERING,2,0,False,
1786157422.829972,engram-node03,205,EF25143973F1284CBDEBCE71EF7627F39C4ADFBA5197553E52BA08F6869607D0,False,RECOVERING,2,0,False,
1786157422.836606,engram-node04,205,EF25143973F1284CBDEBCE71EF7627F39C4ADFBA5197553E52BA08F6869607D0,False,RECOVERING,2,0,False,
1786157427.846289,engram-node01,205,EF25143973F1284CBDEBCE71EF7627F39C4ADFBA5197553E52BA08F6869607D0,False,RECOVERING,2,0,False,
1786157427.854923,engram-node02,205,EF25143973F1284CBDEBCE71EF7627F39C4ADFBA5197553E52BA08F6869607D0,False,RECOVERING,2,0,False,
1786157427.861418,engram-node03,205,EF25143973F1284CBDEBCE71EF7627F39C4ADFBA5197553E52BA08F6869607D0,False,RECOVERING,2,0,False,
1786157427.866858,engram-node04,205,EF25143973F1284CBDEBCE71EF7627F39C4ADFBA5197553E52BA08F6869607D0,False,RECOVERING,2,0,False,
1786157432.87538,engram-node01,205,EF25143973F1284CBDEBCE71EF7627F39C4ADFBA5197553E52BA08F6869607D0,False,RECOVERING,2,0,False,
1786157432.88655,engram-node02,205,EF25143973F1284CBDEBCE71EF7627F39C4ADFBA5197553E52BA08F6869607D0,False,RECOVERING,2,0,False,
1786157432.895039,engram-node03,205,EF25143973F1284CBDEBCE71EF7627F39C4ADFBA5197553E52BA08F6869607D0,False,RECOVERING,2,0,False,
1786157432.8999271,engram-node04,205,EF25143973F1284CBDEBCE71EF7627F39C4ADFBA5197553E52BA08F6869607D0,False,RECOVERING,2,0,False,
1786157437.908434,engram-node01,205,EF25143973F1284CBDEBCE71EF7627F39C4ADFBA5197553E52BA08F6869607D0,False,RECOVERING,2,0,False,
1786157437.9153018,engram-node02,205,EF25143973F1284CBDEBCE71EF7627F39C4ADFBA5197553E52BA08F6869607D0,False,RECOVERING,2,0,False,
1786157437.920019,engram-node03,205,EF25143973F1284CBDEBCE71EF7627F39C4ADFBA5197553E52BA08F6869607D0,False,RECOVERING,2,0,False,
1786157437.9238021,engram-node04,205,EF25143973F1284CBDEBCE71EF7627F39C4ADFBA5197553E52BA08F6869607D0,False,RECOVERING,2,0,False,
1786157442.9322429,engram-node01,205,EF25143973F1284CBDEBCE71EF7627F39C4ADFBA5197553E52BA08F6869607D0,False,RECOVERING,2,0,False,
1786157442.938517,engram-node02,205,EF25143973F1284CBDEBCE71EF7627F39C4ADFBA5197553E52BA08F6869607D0,False,RECOVERING,2,0,False,
1786157442.942235,engram-node03,205,EF25143973F1284CBDEBCE71EF7627F39C4ADFBA5197553E52BA08F6869607D0,False,RECOVERING,2,0,False,
1786157442.9454458,engram-node04,205,EF25143973F1284CBDEBCE71EF7627F39C4ADFBA5197553E52BA08F6869607D0,False,RECOVERING,2,0,False,
1786157447.951877,engram-node01,205,EF25143973F1284CBDEBCE71EF7627F39C4ADFBA5197553E52BA08F6869607D0,False,RECOVERING,2,0,False,
1786157447.958663,engram-node02,205,EF25143973F1284CBDEBCE71EF7627F39C4ADFBA5197553E52BA08F6869607D0,False,RECOVERING,2,0,False,
1786157447.964733,engram-node03,205,EF25143973F1284CBDEBCE71EF7627F39C4ADFBA5197553E52BA08F6869607D0,False,RECOVERING,2,0,False,
1786157447.970622,engram-node04,205,EF25143973F1284CBDEBCE71EF7627F39C4ADFBA5197553E52BA08F6869607D0,False,RECOVERING,2,0,False,
1786157452.978558,engram-node01,205,EF25143973F1284CBDEBCE71EF7627F39C4ADFBA5197553E52BA08F6869607D0,False,RECOVERING,2,0,False,
1786157452.982243,engram-node02,205,EF25143973F1284CBDEBCE71EF7627F39C4ADFBA5197553E52BA08F6869607D0,False,RECOVERING,2,0,False,
1786157452.9852989,engram-node03,205,EF25143973F1284CBDEBCE71EF7627F39C4ADFBA5197553E52BA08F6869607D0,False,RECOVERING,2,0,False,
1786157452.988819,engram-node04,205,EF25143973F1284CBDEBCE71EF7627F39C4ADFBA5197553E52BA08F6869607D0,False,RECOVERING,2,0,False,
1786157457.998383,engram-node01,205,EF25143973F1284CBDEBCE71EF7627F39C4ADFBA5197553E52BA08F6869607D0,False,RECOVERING,2,0,False,
1786157458.0064929,engram-node02,205,EF25143973F1284CBDEBCE71EF7627F39C4ADFBA5197553E52BA08F6869607D0,False,RECOVERING,2,0,False,
1786157458.013652,engram-node03,205,EF25143973F1284CBDEBCE71EF7627F39C4ADFBA5197553E52BA08F6869607D0,False,RECOVERING,2,0,False,
1786157458.018281,engram-node04,205,EF25143973F1284CBDEBCE71EF7627F39C4ADFBA5197553E52BA08F6869607D0,False,RECOVERING,2,0,False,
1786157463.024398,engram-node01,208,4AF9DF2AF864E88D18373F30DC9A94CD79584AE2BC866C450D43CA134AE67EA9,False,RECOVERING,1,0,False,
1786157463.0294862,engram-node02,208,4AF9DF2AF864E88D18373F30DC9A94CD79584AE2BC866C450D43CA134AE67EA9,False,RECOVERING,1,0,False,
1786157463.0350468,engram-node03,208,4AF9DF2AF864E88D18373F30DC9A94CD79584AE2BC866C450D43CA134AE67EA9,False,RECOVERING,1,0,False,
1786157463.0397198,engram-node04,208,4AF9DF2AF864E88D18373F30DC9A94CD79584AE2BC866C450D43CA134AE67EA9,False,RECOVERING,1,0,False,
1786157468.0498781,engram-node01,209,A3D41A5E33B091364F93A5EFA6F7E04F6DD6B741F13AC1BEA896F0CB6F65E8D6,False,RECOVERING,2,0,False,
1786157468.060822,engram-node02,209,A3D41A5E33B091364F93A5EFA6F7E04F6DD6B741F13AC1BEA896F0CB6F65E8D6,False,RECOVERING,2,0,False,
1786157468.066815,engram-node03,209,A3D41A5E33B091364F93A5EFA6F7E04F6DD6B741F13AC1BEA896F0CB6F65E8D6,False,RECOVERING,2,0,False,
1786157468.0722408,engram-node04,209,A3D41A5E33B091364F93A5EFA6F7E04F6DD6B741F13AC1BEA896F0CB6F65E8D6,False,RECOVERING,2,0,False,
1786157473.078196,engram-node01,209,A3D41A5E33B091364F93A5EFA6F7E04F6DD6B741F13AC1BEA896F0CB6F65E8D6,False,RECOVERING,2,0,False,
1786157473.084815,engram-node02,209,A3D41A5E33B091364F93A5EFA6F7E04F6DD6B741F13AC1BEA896F0CB6F65E8D6,False,RECOVERING,2,0,False,
1786157473.088767,engram-node03,209,A3D41A5E33B091364F93A5EFA6F7E04F6DD6B741F13AC1BEA896F0CB6F65E8D6,False,RECOVERING,2,0,False,
1786157473.091681,engram-node04,209,A3D41A5E33B091364F93A5EFA6F7E04F6DD6B741F13AC1BEA896F0CB6F65E8D6,False,RECOVERING,2,0,False,
1786157478.099298,engram-node01,209,A3D41A5E33B091364F93A5EFA6F7E04F6DD6B741F13AC1BEA896F0CB6F65E8D6,False,RECOVERING,2,0,False,
1786157478.108741,engram-node02,209,A3D41A5E33B091364F93A5EFA6F7E04F6DD6B741F13AC1BEA896F0CB6F65E8D6,False,RECOVERING,2,0,False,
1786157478.11425,engram-node03,209,A3D41A5E33B091364F93A5EFA6F7E04F6DD6B741F13AC1BEA896F0CB6F65E8D6,False,RECOVERING,2,0,False,
1786157478.1184268,engram-node04,209,A3D41A5E33B091364F93A5EFA6F7E04F6DD6B741F13AC1BEA896F0CB6F65E8D6,False,RECOVERING,2,0,False,
1786157483.124614,engram-node01,209,A3D41A5E33B091364F93A5EFA6F7E04F6DD6B741F13AC1BEA896F0CB6F65E8D6,False,RECOVERING,2,0,False,
1786157483.133833,engram-node02,209,A3D41A5E33B091364F93A5EFA6F7E04F6DD6B741F13AC1BEA896F0CB6F65E8D6,False,RECOVERING,2,0,False,
1786157483.139148,engram-node03,209,A3D41A5E33B091364F93A5EFA6F7E04F6DD6B741F13AC1BEA896F0CB6F65E8D6,False,RECOVERING,2,0,False,
1786157483.143447,engram-node04,209,A3D41A5E33B091364F93A5EFA6F7E04F6DD6B741F13AC1BEA896F0CB6F65E8D6,False,RECOVERING,2,0,False,
1786157488.148596,engram-node01,209,A3D41A5E33B091364F93A5EFA6F7E04F6DD6B741F13AC1BEA896F0CB6F65E8D6,False,RECOVERING,2,0,False,
1786157488.156381,engram-node02,209,A3D41A5E33B091364F93A5EFA6F7E04F6DD6B741F13AC1BEA896F0CB6F65E8D6,False,RECOVERING,2,0,False,
1786157488.161046,engram-node03,209,A3D41A5E33B091364F93A5EFA6F7E04F6DD6B741F13AC1BEA896F0CB6F65E8D6,False,RECOVERING,2,0,False,
1786157488.165039,engram-node04,209,A3D41A5E33B091364F93A5EFA6F7E04F6DD6B741F13AC1BEA896F0CB6F65E8D6,False,RECOVERING,2,0,False,
1786157493.170644,engram-node01,209,A3D41A5E33B091364F93A5EFA6F7E04F6DD6B741F13AC1BEA896F0CB6F65E8D6,False,RECOVERING,2,0,False,
1786157493.177676,engram-node02,209,A3D41A5E33B091364F93A5EFA6F7E04F6DD6B741F13AC1BEA896F0CB6F65E8D6,False,RECOVERING,2,0,False,
1786157493.182986,engram-node03,209,A3D41A5E33B091364F93A5EFA6F7E04F6DD6B741F13AC1BEA896F0CB6F65E8D6,False,RECOVERING,2,0,False,
1786157493.187249,engram-node04,209,A3D41A5E33B091364F93A5EFA6F7E04F6DD6B741F13AC1BEA896F0CB6F65E8D6,False,RECOVERING,2,0,False,
1786157498.196235,engram-node01,209,A3D41A5E33B091364F93A5EFA6F7E04F6DD6B741F13AC1BEA896F0CB6F65E8D6,False,RECOVERING,2,0,False,
1786157498.207814,engram-node02,209,A3D41A5E33B091364F93A5EFA6F7E04F6DD6B741F13AC1BEA896F0CB6F65E8D6,False,RECOVERING,2,0,False,
1786157498.2130308,engram-node03,209,A3D41A5E33B091364F93A5EFA6F7E04F6DD6B741F13AC1BEA896F0CB6F65E8D6,False,RECOVERING,2,0,False,
1786157498.21768,engram-node04,209,A3D41A5E33B091364F93A5EFA6F7E04F6DD6B741F13AC1BEA896F0CB6F65E8D6,False,RECOVERING,2,0,False,
1786157503.227312,engram-node01,209,A3D41A5E33B091364F93A5EFA6F7E04F6DD6B741F13AC1BEA896F0CB6F65E8D6,False,RECOVERING,2,0,False,
1786157503.234145,engram-node02,209,A3D41A5E33B091364F93A5EFA6F7E04F6DD6B741F13AC1BEA896F0CB6F65E8D6,False,RECOVERING,2,0,False,
1786157503.238837,engram-node03,209,A3D41A5E33B091364F93A5EFA6F7E04F6DD6B741F13AC1BEA896F0CB6F65E8D6,False,RECOVERING,2,0,False,
1786157503.2431529,engram-node04,209,A3D41A5E33B091364F93A5EFA6F7E04F6DD6B741F13AC1BEA896F0CB6F65E8D6,False,RECOVERING,2,0,False,
1786157508.247427,engram-node01,209,A3D41A5E33B091364F93A5EFA6F7E04F6DD6B741F13AC1BEA896F0CB6F65E8D6,False,RECOVERING,2,0,False,
1786157508.258796,engram-node02,209,A3D41A5E33B091364F93A5EFA6F7E04F6DD6B741F13AC1BEA896F0CB6F65E8D6,False,RECOVERING,2,0,False,
1786157508.266378,engram-node03,209,A3D41A5E33B091364F93A5EFA6F7E04F6DD6B741F13AC1BEA896F0CB6F65E8D6,False,RECOVERING,2,0,False,
1786157508.273676,engram-node04,209,A3D41A5E33B091364F93A5EFA6F7E04F6DD6B741F13AC1BEA896F0CB6F65E8D6,False,RECOVERING,2,0,False,
1786157513.284508,engram-node01,209,A3D41A5E33B091364F93A5EFA6F7E04F6DD6B741F13AC1BEA896F0CB6F65E8D6,False,RECOVERING,2,0,False,
1786157513.293598,engram-node02,209,A3D41A5E33B091364F93A5EFA6F7E04F6DD6B741F13AC1BEA896F0CB6F65E8D6,False,RECOVERING,2,0,False,
1786157513.328761,engram-node03,209,A3D41A5E33B091364F93A5EFA6F7E04F6DD6B741F13AC1BEA896F0CB6F65E8D6,False,RECOVERING,2,0,False,
1786157513.340866,engram-node04,209,A3D41A5E33B091364F93A5EFA6F7E04F6DD6B741F13AC1BEA896F0CB6F65E8D6,False,RECOVERING,2,0,False,
1786157518.349072,engram-node01,209,A3D41A5E33B091364F93A5EFA6F7E04F6DD6B741F13AC1BEA896F0CB6F65E8D6,False,RECOVERING,2,0,False,
1786157518.359652,engram-node02,209,A3D41A5E33B091364F93A5EFA6F7E04F6DD6B741F13AC1BEA896F0CB6F65E8D6,False,RECOVERING,2,0,False,
1786157518.364785,engram-node03,209,A3D41A5E33B091364F93A5EFA6F7E04F6DD6B741F13AC1BEA896F0CB6F65E8D6,False,RECOVERING,2,0,False,
1786157518.3694441,engram-node04,209,A3D41A5E33B091364F93A5EFA6F7E04F6DD6B741F13AC1BEA896F0CB6F65E8D6,False,RECOVERING,2,0,False,
1786157523.3751092,engram-node01,213,A9B54941D005A3B1D482D1859C9B2CE9C4C18C24ADCEB2BA4718798D0D04C6FA,False,RECOVERING,2,0,False,
1786157523.380775,engram-node02,213,A9B54941D005A3B1D482D1859C9B2CE9C4C18C24ADCEB2BA4718798D0D04C6FA,False,RECOVERING,2,0,False,
1786157523.385952,engram-node03,213,A9B54941D005A3B1D482D1859C9B2CE9C4C18C24ADCEB2BA4718798D0D04C6FA,False,RECOVERING,2,0,False,
1786157523.389653,engram-node04,213,A9B54941D005A3B1D482D1859C9B2CE9C4C18C24ADCEB2BA4718798D0D04C6FA,False,RECOVERING,2,0,False,
1786157528.3979049,engram-node01,213,A9B54941D005A3B1D482D1859C9B2CE9C4C18C24ADCEB2BA4718798D0D04C6FA,False,RECOVERING,2,0,False,
1786157528.409049,engram-node02,213,A9B54941D005A3B1D482D1859C9B2CE9C4C18C24ADCEB2BA4718798D0D04C6FA,False,RECOVERING,2,0,False,
1786157528.413993,engram-node03,213,A9B54941D005A3B1D482D1859C9B2CE9C4C18C24ADCEB2BA4718798D0D04C6FA,False,RECOVERING,2,0,False,
1786157528.418858,engram-node04,213,A9B54941D005A3B1D482D1859C9B2CE9C4C18C24ADCEB2BA4718798D0D04C6FA,False,RECOVERING,2,0,False,
1786157533.4254878,engram-node01,213,A9B54941D005A3B1D482D1859C9B2CE9C4C18C24ADCEB2BA4718798D0D04C6FA,False,RECOVERING,2,0,False,
1786157533.435214,engram-node02,213,A9B54941D005A3B1D482D1859C9B2CE9C4C18C24ADCEB2BA4718798D0D04C6FA,False,RECOVERING,2,0,False,
1786157533.440351,engram-node03,213,A9B54941D005A3B1D482D1859C9B2CE9C4C18C24ADCEB2BA4718798D0D04C6FA,False,RECOVERING,2,0,False,
1786157533.445455,engram-node04,213,A9B54941D005A3B1D482D1859C9B2CE9C4C18C24ADCEB2BA4718798D0D04C6FA,False,RECOVERING,2,0,False,
1786157538.4503481,engram-node01,213,A9B54941D005A3B1D482D1859C9B2CE9C4C18C24ADCEB2BA4718798D0D04C6FA,False,RECOVERING,2,0,False,
1786157538.4547951,engram-node02,213,A9B54941D005A3B1D482D1859C9B2CE9C4C18C24ADCEB2BA4718798D0D04C6FA,False,RECOVERING,2,0,False,
1786157538.459009,engram-node03,213,A9B54941D005A3B1D482D1859C9B2CE9C4C18C24ADCEB2BA4718798D0D04C6FA,False,RECOVERING,2,0,False,
1786157538.463369,engram-node04,213,A9B54941D005A3B1D482D1859C9B2CE9C4C18C24ADCEB2BA4718798D0D04C6FA,False,RECOVERING,2,0,False,
1786157543.46718,engram-node01,213,A9B54941D005A3B1D482D1859C9B2CE9C4C18C24ADCEB2BA4718798D0D04C6FA,False,RECOVERING,2,0,False,
1786157543.473048,engram-node02,213,A9B54941D005A3B1D482D1859C9B2CE9C4C18C24ADCEB2BA4718798D0D04C6FA,False,RECOVERING,2,0,False,
1786157543.478227,engram-node03,213,A9B54941D005A3B1D482D1859C9B2CE9C4C18C24ADCEB2BA4718798D0D04C6FA,False,RECOVERING,2,0,False,
1786157543.4829462,engram-node04,213,A9B54941D005A3B1D482D1859C9B2CE9C4C18C24ADCEB2BA4718798D0D04C6FA,False,RECOVERING,2,0,False,
1786157548.492336,engram-node01,213,A9B54941D005A3B1D482D1859C9B2CE9C4C18C24ADCEB2BA4718798D0D04C6FA,False,RECOVERING,2,0,False,
1786157548.500175,engram-node02,213,A9B54941D005A3B1D482D1859C9B2CE9C4C18C24ADCEB2BA4718798D0D04C6FA,False,RECOVERING,2,0,False,
1786157548.50625,engram-node03,213,A9B54941D005A3B1D482D1859C9B2CE9C4C18C24ADCEB2BA4718798D0D04C6FA,False,RECOVERING,2,0,False,
1786157548.512799,engram-node04,213,A9B54941D005A3B1D482D1859C9B2CE9C4C18C24ADCEB2BA4718798D0D04C6FA,False,RECOVERING,2,0,False,
1786157553.5203981,engram-node01,213,A9B54941D005A3B1D482D1859C9B2CE9C4C18C24ADCEB2BA4718798D0D04C6FA,False,RECOVERING,2,0,False,
1786157553.526515,engram-node02,213,A9B54941D005A3B1D482D1859C9B2CE9C4C18C24ADCEB2BA4718798D0D04C6FA,False,RECOVERING,2,0,False,
1786157553.53151,engram-node03,213,A9B54941D005A3B1D482D1859C9B2CE9C4C18C24ADCEB2BA4718798D0D04C6FA,False,RECOVERING,2,0,False,
1786157553.537172,engram-node04,213,A9B54941D005A3B1D482D1859C9B2CE9C4C18C24ADCEB2BA4718798D0D04C6FA,False,RECOVERING,2,0,False,
1786157558.5472581,engram-node01,213,A9B54941D005A3B1D482D1859C9B2CE9C4C18C24ADCEB2BA4718798D0D04C6FA,False,RECOVERING,2,0,False,
1786157558.555636,engram-node02,213,A9B54941D005A3B1D482D1859C9B2CE9C4C18C24ADCEB2BA4718798D0D04C6FA,False,RECOVERING,2,0,False,
1786157558.560834,engram-node03,213,A9B54941D005A3B1D482D1859C9B2CE9C4C18C24ADCEB2BA4718798D0D04C6FA,False,RECOVERING,2,0,False,
1786157558.565689,engram-node04,213,A9B54941D005A3B1D482D1859C9B2CE9C4C18C24ADCEB2BA4718798D0D04C6FA,False,RECOVERING,2,0,False,
1786157563.575021,engram-node01,213,A9B54941D005A3B1D482D1859C9B2CE9C4C18C24ADCEB2BA4718798D0D04C6FA,False,RECOVERING,2,0,False,
1786157563.582677,engram-node02,213,A9B54941D005A3B1D482D1859C9B2CE9C4C18C24ADCEB2BA4718798D0D04C6FA,False,RECOVERING,2,0,False,
1786157563.5893178,engram-node03,213,A9B54941D005A3B1D482D1859C9B2CE9C4C18C24ADCEB2BA4718798D0D04C6FA,False,RECOVERING,2,0,False,
1786157563.595742,engram-node04,213,A9B54941D005A3B1D482D1859C9B2CE9C4C18C24ADCEB2BA4718798D0D04C6FA,False,RECOVERING,2,0,False,
1786157568.605366,engram-node01,213,A9B54941D005A3B1D482D1859C9B2CE9C4C18C24ADCEB2BA4718798D0D04C6FA,False,RECOVERING,2,0,False,
1786157568.6151738,engram-node02,213,A9B54941D005A3B1D482D1859C9B2CE9C4C18C24ADCEB2BA4718798D0D04C6FA,False,RECOVERING,2,0,False,
1786157568.6234329,engram-node03,213,A9B54941D005A3B1D482D1859C9B2CE9C4C18C24ADCEB2BA4718798D0D04C6FA,False,RECOVERING,2,0,False,
1786157568.629054,engram-node04,213,A9B54941D005A3B1D482D1859C9B2CE9C4C18C24ADCEB2BA4718798D0D04C6FA,False,RECOVERING,2,0,False,
1786157573.637163,engram-node01,213,A9B54941D005A3B1D482D1859C9B2CE9C4C18C24ADCEB2BA4718798D0D04C6FA,False,RECOVERING,2,0,False,
1786157573.643496,engram-node02,213,A9B54941D005A3B1D482D1859C9B2CE9C4C18C24ADCEB2BA4718798D0D04C6FA,False,RECOVERING,2,0,False,
1786157573.648059,engram-node03,213,A9B54941D005A3B1D482D1859C9B2CE9C4C18C24ADCEB2BA4718798D0D04C6FA,False,RECOVERING,2,0,False,
1786157573.6520152,engram-node04,213,A9B54941D005A3B1D482D1859C9B2CE9C4C18C24ADCEB2BA4718798D0D04C6FA,False,RECOVERING,2,0,False,
1786157578.6599748,engram-node01,213,A9B54941D005A3B1D482D1859C9B2CE9C4C18C24ADCEB2BA4718798D0D04C6FA,False,RECOVERING,2,0,False,
1786157578.6631942,engram-node02,213,A9B54941D005A3B1D482D1859C9B2CE9C4C18C24ADCEB2BA4718798D0D04C6FA,False,RECOVERING,2,0,False,
1786157578.6660979,engram-node03,213,A9B54941D005A3B1D482D1859C9B2CE9C4C18C24ADCEB2BA4718798D0D04C6FA,False,RECOVERING,2,0,False,
1786157578.669771,engram-node04,213,A9B54941D005A3B1D482D1859C9B2CE9C4C18C24ADCEB2BA4718798D0D04C6FA,False,RECOVERING,2,0,False,
1786157583.677407,engram-node01,217,02DF998AA4052663861DFD7CA2D8663971F33C91668CD727F18377B5977FF063,False,RECOVERING,2,0,False,
1786157583.682498,engram-node02,217,02DF998AA4052663861DFD7CA2D8663971F33C91668CD727F18377B5977FF063,False,RECOVERING,2,0,False,
1786157583.6874912,engram-node03,217,02DF998AA4052663861DFD7CA2D8663971F33C91668CD727F18377B5977FF063,False,RECOVERING,2,0,False,
1786157583.69233,engram-node04,217,02DF998AA4052663861DFD7CA2D8663971F33C91668CD727F18377B5977FF063,False,RECOVERING,2,0,False,
1786157588.701133,engram-node01,217,02DF998AA4052663861DFD7CA2D8663971F33C91668CD727F18377B5977FF063,False,RECOVERING,2,0,False,
1786157588.707028,engram-node02,217,02DF998AA4052663861DFD7CA2D8663971F33C91668CD727F18377B5977FF063,False,RECOVERING,2,0,False,
1786157588.7115688,engram-node03,217,02DF998AA4052663861DFD7CA2D8663971F33C91668CD727F18377B5977FF063,False,RECOVERING,2,0,False,
1786157588.715938,engram-node04,217,02DF998AA4052663861DFD7CA2D8663971F33C91668CD727F18377B5977FF063,False,RECOVERING,2,0,False,
1786157593.723029,engram-node01,217,02DF998AA4052663861DFD7CA2D8663971F33C91668CD727F18377B5977FF063,False,RECOVERING,2,0,False,
1786157593.731881,engram-node02,217,02DF998AA4052663861DFD7CA2D8663971F33C91668CD727F18377B5977FF063,False,RECOVERING,2,0,False,
1786157593.73824,engram-node03,217,02DF998AA4052663861DFD7CA2D8663971F33C91668CD727F18377B5977FF063,False,RECOVERING,2,0,False,
1786157593.7435222,engram-node04,217,02DF998AA4052663861DFD7CA2D8663971F33C91668CD727F18377B5977FF063,False,RECOVERING,2,0,False,
1786157598.752946,engram-node01,217,02DF998AA4052663861DFD7CA2D8663971F33C91668CD727F18377B5977FF063,False,RECOVERING,2,0,False,
1786157598.7612832,engram-node02,217,02DF998AA4052663861DFD7CA2D8663971F33C91668CD727F18377B5977FF063,False,RECOVERING,2,0,False,
1786157598.768096,engram-node03,217,02DF998AA4052663861DFD7CA2D8663971F33C91668CD727F18377B5977FF063,False,RECOVERING,2,0,False,
1786157598.772824,engram-node04,217,02DF998AA4052663861DFD7CA2D8663971F33C91668CD727F18377B5977FF063,False,RECOVERING,2,0,False,
1786157603.781556,engram-node01,217,02DF998AA4052663861DFD7CA2D8663971F33C91668CD727F18377B5977FF063,False,RECOVERING,2,0,False,
1786157603.791369,engram-node02,217,02DF998AA4052663861DFD7CA2D8663971F33C91668CD727F18377B5977FF063,False,RECOVERING,2,0,False,
1786157603.797627,engram-node03,217,02DF998AA4052663861DFD7CA2D8663971F33C91668CD727F18377B5977FF063,False,RECOVERING,2,0,False,
1786157603.80246,engram-node04,217,02DF998AA4052663861DFD7CA2D8663971F33C91668CD727F18377B5977FF063,False,RECOVERING,2,0,False,
1786157608.809082,engram-node01,217,02DF998AA4052663861DFD7CA2D8663971F33C91668CD727F18377B5977FF063,False,RECOVERING,2,0,False,
1786157608.815131,engram-node02,217,02DF998AA4052663861DFD7CA2D8663971F33C91668CD727F18377B5977FF063,False,RECOVERING,2,0,False,
1786157608.821343,engram-node03,217,02DF998AA4052663861DFD7CA2D8663971F33C91668CD727F18377B5977FF063,False,RECOVERING,2,0,False,
1786157608.827225,engram-node04,217,02DF998AA4052663861DFD7CA2D8663971F33C91668CD727F18377B5977FF063,False,RECOVERING,2,0,False,
1786157613.839766,engram-node01,217,02DF998AA4052663861DFD7CA2D8663971F33C91668CD727F18377B5977FF063,False,RECOVERING,2,0,False,
1786157613.85113,engram-node02,217,02DF998AA4052663861DFD7CA2D8663971F33C91668CD727F18377B5977FF063,False,RECOVERING,2,0,False,
1786157613.856079,engram-node03,217,02DF998AA4052663861DFD7CA2D8663971F33C91668CD727F18377B5977FF063,False,RECOVERING,2,0,False,
1786157613.8604228,engram-node04,217,02DF998AA4052663861DFD7CA2D8663971F33C91668CD727F18377B5977FF063,False,RECOVERING,2,0,False,
1786157618.86893,engram-node01,217,02DF998AA4052663861DFD7CA2D8663971F33C91668CD727F18377B5977FF063,False,RECOVERING,2,0,False,
1786157618.873933,engram-node02,217,02DF998AA4052663861DFD7CA2D8663971F33C91668CD727F18377B5977FF063,False,RECOVERING,2,0,False,
1786157618.87853,engram-node03,217,02DF998AA4052663861DFD7CA2D8663971F33C91668CD727F18377B5977FF063,False,RECOVERING,2,0,False,
1786157618.881963,engram-node04,217,02DF998AA4052663861DFD7CA2D8663971F33C91668CD727F18377B5977FF063,False,RECOVERING,2,0,False,
1786157623.8877802,engram-node01,217,02DF998AA4052663861DFD7CA2D8663971F33C91668CD727F18377B5977FF063,False,RECOVERING,2,0,False,
1786157623.896016,engram-node02,217,02DF998AA4052663861DFD7CA2D8663971F33C91668CD727F18377B5977FF063,False,RECOVERING,2,0,False,
1786157623.9011788,engram-node03,217,02DF998AA4052663861DFD7CA2D8663971F33C91668CD727F18377B5977FF063,False,RECOVERING,2,0,False,
1786157623.905737,engram-node04,217,02DF998AA4052663861DFD7CA2D8663971F33C91668CD727F18377B5977FF063,False,RECOVERING,2,0,False,
1786157628.9135869,engram-node01,217,02DF998AA4052663861DFD7CA2D8663971F33C91668CD727F18377B5977FF063,False,RECOVERING,2,0,False,
1786157628.918273,engram-node02,217,02DF998AA4052663861DFD7CA2D8663971F33C91668CD727F18377B5977FF063,False,RECOVERING,2,0,False,
1786157628.921082,engram-node03,217,02DF998AA4052663861DFD7CA2D8663971F33C91668CD727F18377B5977FF063,False,RECOVERING,2,0,False,
1786157628.92386,engram-node04,217,02DF998AA4052663861DFD7CA2D8663971F33C91668CD727F18377B5977FF063,False,RECOVERING,2,0,False,
1786157633.928948,engram-node01,217,02DF998AA4052663861DFD7CA2D8663971F33C91668CD727F18377B5977FF063,False,RECOVERING,2,0,False,
1786157633.938186,engram-node02,217,02DF998AA4052663861DFD7CA2D8663971F33C91668CD727F18377B5977FF063,False,RECOVERING,2,0,False,
1786157633.943986,engram-node03,217,02DF998AA4052663861DFD7CA2D8663971F33C91668CD727F18377B5977FF063,False,RECOVERING,2,0,False,
1786157633.94843,engram-node04,217,02DF998AA4052663861DFD7CA2D8663971F33C91668CD727F18377B5977FF063,False,RECOVERING,2,0,False,
1786157638.952631,engram-node01,217,02DF998AA4052663861DFD7CA2D8663971F33C91668CD727F18377B5977FF063,False,RECOVERING,2,0,False,
1786157638.956928,engram-node02,217,02DF998AA4052663861DFD7CA2D8663971F33C91668CD727F18377B5977FF063,False,RECOVERING,2,0,False,
1786157638.960595,engram-node03,217,02DF998AA4052663861DFD7CA2D8663971F33C91668CD727F18377B5977FF063,False,RECOVERING,2,0,False,
1786157638.9634628,engram-node04,217,02DF998AA4052663861DFD7CA2D8663971F33C91668CD727F18377B5977FF063,False,RECOVERING,2,0,False,
1786157643.967198,engram-node01,221,6775ACF4224A1AE716B4DA070E76BAE7E354E9FDB3E1C63316FC56D4A678B324,False,RECOVERING,2,0,False,
1786157643.9723158,engram-node02,221,6775ACF4224A1AE716B4DA070E76BAE7E354E9FDB3E1C63316FC56D4A678B324,False,RECOVERING,2,0,False,
1786157643.978732,engram-node03,221,6775ACF4224A1AE716B4DA070E76BAE7E354E9FDB3E1C63316FC56D4A678B324,False,RECOVERING,2,0,False,
1786157643.985631,engram-node04,221,6775ACF4224A1AE716B4DA070E76BAE7E354E9FDB3E1C63316FC56D4A678B324,False,RECOVERING,2,0,False,
1786157648.996693,engram-node01,221,6775ACF4224A1AE716B4DA070E76BAE7E354E9FDB3E1C63316FC56D4A678B324,False,RECOVERING,2,0,False,
1786157649.0014699,engram-node02,221,6775ACF4224A1AE716B4DA070E76BAE7E354E9FDB3E1C63316FC56D4A678B324,False,RECOVERING,2,0,False,
1786157649.006592,engram-node03,221,6775ACF4224A1AE716B4DA070E76BAE7E354E9FDB3E1C63316FC56D4A678B324,False,RECOVERING,2,0,False,
1786157649.011528,engram-node04,221,6775ACF4224A1AE716B4DA070E76BAE7E354E9FDB3E1C63316FC56D4A678B324,False,RECOVERING,2,0,False,
1786157654.015519,engram-node01,221,6775ACF4224A1AE716B4DA070E76BAE7E354E9FDB3E1C63316FC56D4A678B324,False,RECOVERING,2,0,False,
1786157654.024197,engram-node02,221,6775ACF4224A1AE716B4DA070E76BAE7E354E9FDB3E1C63316FC56D4A678B324,False,RECOVERING,2,0,False,
1786157654.03317,engram-node03,221,6775ACF4224A1AE716B4DA070E76BAE7E354E9FDB3E1C63316FC56D4A678B324,False,RECOVERING,2,0,False,
1786157654.04048,engram-node04,221,6775ACF4224A1AE716B4DA070E76BAE7E354E9FDB3E1C63316FC56D4A678B324,False,RECOVERING,2,0,False,
1786157659.044747,engram-node01,221,6775ACF4224A1AE716B4DA070E76BAE7E354E9FDB3E1C63316FC56D4A678B324,False,RECOVERING,2,0,False,
1786157659.051659,engram-node02,221,6775ACF4224A1AE716B4DA070E76BAE7E354E9FDB3E1C63316FC56D4A678B324,False,RECOVERING,2,0,False,
1786157659.058273,engram-node03,221,6775ACF4224A1AE716B4DA070E76BAE7E354E9FDB3E1C63316FC56D4A678B324,False,RECOVERING,2,0,False,
1786157659.0671842,engram-node04,221,6775ACF4224A1AE716B4DA070E76BAE7E354E9FDB3E1C63316FC56D4A678B324,False,RECOVERING,2,0,False,
1786157664.081573,engram-node01,221,6775ACF4224A1AE716B4DA070E76BAE7E354E9FDB3E1C63316FC56D4A678B324,False,RECOVERING,2,0,False,
1786157664.086842,engram-node02,221,6775ACF4224A1AE716B4DA070E76BAE7E354E9FDB3E1C63316FC56D4A678B324,False,RECOVERING,2,0,False,
1786157664.090948,engram-node03,221,6775ACF4224A1AE716B4DA070E76BAE7E354E9FDB3E1C63316FC56D4A678B324,False,RECOVERING,2,0,False,
1786157664.095225,engram-node04,221,6775ACF4224A1AE716B4DA070E76BAE7E354E9FDB3E1C63316FC56D4A678B324,False,RECOVERING,2,0,False,
1786157669.102974,engram-node01,221,6775ACF4224A1AE716B4DA070E76BAE7E354E9FDB3E1C63316FC56D4A678B324,False,RECOVERING,2,0,False,
1786157669.11076,engram-node02,221,6775ACF4224A1AE716B4DA070E76BAE7E354E9FDB3E1C63316FC56D4A678B324,False,RECOVERING,2,0,False,
1786157669.115138,engram-node03,221,6775ACF4224A1AE716B4DA070E76BAE7E354E9FDB3E1C63316FC56D4A678B324,False,RECOVERING,2,0,False,
1786157669.1195252,engram-node04,221,6775ACF4224A1AE716B4DA070E76BAE7E354E9FDB3E1C63316FC56D4A678B324,False,RECOVERING,2,0,False,
1786157674.130075,engram-node01,221,6775ACF4224A1AE716B4DA070E76BAE7E354E9FDB3E1C63316FC56D4A678B324,False,RECOVERING,2,0,False,
1786157674.1359072,engram-node02,221,6775ACF4224A1AE716B4DA070E76BAE7E354E9FDB3E1C63316FC56D4A678B324,False,RECOVERING,2,0,False,
1786157674.149429,engram-node03,221,6775ACF4224A1AE716B4DA070E76BAE7E354E9FDB3E1C63316FC56D4A678B324,False,RECOVERING,2,0,False,
1786157674.1527512,engram-node04,221,6775ACF4224A1AE716B4DA070E76BAE7E354E9FDB3E1C63316FC56D4A678B324,False,RECOVERING,2,0,False,
1786157679.1607108,engram-node01,221,6775ACF4224A1AE716B4DA070E76BAE7E354E9FDB3E1C63316FC56D4A678B324,False,RECOVERING,2,0,False,
1786157679.170402,engram-node02,221,6775ACF4224A1AE716B4DA070E76BAE7E354E9FDB3E1C63316FC56D4A678B324,False,RECOVERING,2,0,False,
1786157679.176,engram-node03,221,6775ACF4224A1AE716B4DA070E76BAE7E354E9FDB3E1C63316FC56D4A678B324,False,RECOVERING,2,0,False,
1786157679.180623,engram-node04,221,6775ACF4224A1AE716B4DA070E76BAE7E354E9FDB3E1C63316FC56D4A678B324,False,RECOVERING,2,0,False,
1786157684.188544,engram-node01,221,6775ACF4224A1AE716B4DA070E76BAE7E354E9FDB3E1C63316FC56D4A678B324,False,RECOVERING,2,0,False,
1786157684.1958652,engram-node02,221,6775ACF4224A1AE716B4DA070E76BAE7E354E9FDB3E1C63316FC56D4A678B324,False,RECOVERING,2,0,False,
1786157684.2017071,engram-node03,221,6775ACF4224A1AE716B4DA070E76BAE7E354E9FDB3E1C63316FC56D4A678B324,False,RECOVERING,2,0,False,
1786157684.206434,engram-node04,221,6775ACF4224A1AE716B4DA070E76BAE7E354E9FDB3E1C63316FC56D4A678B324,False,RECOVERING,2,0,False,
1786157689.215392,engram-node01,221,6775ACF4224A1AE716B4DA070E76BAE7E354E9FDB3E1C63316FC56D4A678B324,False,RECOVERING,2,0,False,
1786157689.222511,engram-node02,221,6775ACF4224A1AE716B4DA070E76BAE7E354E9FDB3E1C63316FC56D4A678B324,False,RECOVERING,2,0,False,
1786157689.226662,engram-node03,221,6775ACF4224A1AE716B4DA070E76BAE7E354E9FDB3E1C63316FC56D4A678B324,False,RECOVERING,2,0,False,
1786157689.2303202,engram-node04,221,6775ACF4224A1AE716B4DA070E76BAE7E354E9FDB3E1C63316FC56D4A678B324,False,RECOVERING,2,0,False,
1786157694.238327,engram-node01,221,6775ACF4224A1AE716B4DA070E76BAE7E354E9FDB3E1C63316FC56D4A678B324,False,RECOVERING,2,0,False,
1786157694.24787,engram-node02,221,6775ACF4224A1AE716B4DA070E76BAE7E354E9FDB3E1C63316FC56D4A678B324,False,RECOVERING,2,0,False,
1786157694.2525811,engram-node03,221,6775ACF4224A1AE716B4DA070E76BAE7E354E9FDB3E1C63316FC56D4A678B324,False,RECOVERING,2,0,False,
1786157694.257639,engram-node04,221,6775ACF4224A1AE716B4DA070E76BAE7E354E9FDB3E1C63316FC56D4A678B324,False,RECOVERING,2,0,False,
1786157699.261744,engram-node01,221,6775ACF4224A1AE716B4DA070E76BAE7E354E9FDB3E1C63316FC56D4A678B324,False,RECOVERING,2,0,False,
1786157699.2727292,engram-node02,221,6775ACF4224A1AE716B4DA070E76BAE7E354E9FDB3E1C63316FC56D4A678B324,False,RECOVERING,2,0,False,
1786157699.280022,engram-node03,221,6775ACF4224A1AE716B4DA070E76BAE7E354E9FDB3E1C63316FC56D4A678B324,False,RECOVERING,2,0,False,
1786157699.284899,engram-node04,221,6775ACF4224A1AE716B4DA070E76BAE7E354E9FDB3E1C63316FC56D4A678B324,False,RECOVERING,2,0,False,
1786157704.29343,engram-node01,225,1B9FF3501801887C4B8952E223C1B76A3BC17D57074206BE0A26E2124F0D019D,False,RECOVERING,2,0,False,
1786157704.303353,engram-node02,225,1B9FF3501801887C4B8952E223C1B76A3BC17D57074206BE0A26E2124F0D019D,False,RECOVERING,2,0,False,
1786157704.3100889,engram-node03,225,1B9FF3501801887C4B8952E223C1B76A3BC17D57074206BE0A26E2124F0D019D,False,RECOVERING,2,0,False,
1786157704.318023,engram-node04,225,1B9FF3501801887C4B8952E223C1B76A3BC17D57074206BE0A26E2124F0D019D,False,RECOVERING,2,0,False,
1786157709.322774,engram-node01,225,1B9FF3501801887C4B8952E223C1B76A3BC17D57074206BE0A26E2124F0D019D,False,RECOVERING,2,0,False,
1786157709.332256,engram-node02,225,1B9FF3501801887C4B8952E223C1B76A3BC17D57074206BE0A26E2124F0D019D,False,RECOVERING,2,0,False,
1786157709.337653,engram-node03,225,1B9FF3501801887C4B8952E223C1B76A3BC17D57074206BE0A26E2124F0D019D,False,RECOVERING,2,0,False,
1786157709.3423,engram-node04,225,1B9FF3501801887C4B8952E223C1B76A3BC17D57074206BE0A26E2124F0D019D,False,RECOVERING,2,0,False,
1786157714.35023,engram-node01,225,1B9FF3501801887C4B8952E223C1B76A3BC17D57074206BE0A26E2124F0D019D,False,RECOVERING,2,0,False,
1786157714.354419,engram-node02,225,1B9FF3501801887C4B8952E223C1B76A3BC17D57074206BE0A26E2124F0D019D,False,RECOVERING,2,0,False,
1786157714.357475,engram-node03,225,1B9FF3501801887C4B8952E223C1B76A3BC17D57074206BE0A26E2124F0D019D,False,RECOVERING,2,0,False,
1786157714.360696,engram-node04,225,1B9FF3501801887C4B8952E223C1B76A3BC17D57074206BE0A26E2124F0D019D,False,RECOVERING,2,0,False,
1786157719.367923,engram-node01,225,1B9FF3501801887C4B8952E223C1B76A3BC17D57074206BE0A26E2124F0D019D,False,RECOVERING,2,0,False,
1786157719.376123,engram-node02,225,1B9FF3501801887C4B8952E223C1B76A3BC17D57074206BE0A26E2124F0D019D,False,RECOVERING,2,0,False,
1786157719.381143,engram-node03,225,1B9FF3501801887C4B8952E223C1B76A3BC17D57074206BE0A26E2124F0D019D,False,RECOVERING,2,0,False,
1786157719.386231,engram-node04,225,1B9FF3501801887C4B8952E223C1B76A3BC17D57074206BE0A26E2124F0D019D,False,RECOVERING,2,0,False,
1786157724.3912861,engram-node01,225,1B9FF3501801887C4B8952E223C1B76A3BC17D57074206BE0A26E2124F0D019D,False,RECOVERING,2,0,False,
1786157724.40129,engram-node02,225,1B9FF3501801887C4B8952E223C1B76A3BC17D57074206BE0A26E2124F0D019D,False,RECOVERING,2,0,False,
1786157724.4098182,engram-node03,225,1B9FF3501801887C4B8952E223C1B76A3BC17D57074206BE0A26E2124F0D019D,False,RECOVERING,2,0,False,
1786157724.4193559,engram-node04,225,1B9FF3501801887C4B8952E223C1B76A3BC17D57074206BE0A26E2124F0D019D,False,RECOVERING,2,0,False,
1786157729.431147,engram-node01,225,1B9FF3501801887C4B8952E223C1B76A3BC17D57074206BE0A26E2124F0D019D,False,RECOVERING,2,0,False,
1786157729.443093,engram-node02,225,1B9FF3501801887C4B8952E223C1B76A3BC17D57074206BE0A26E2124F0D019D,False,RECOVERING,2,0,False,
1786157729.448692,engram-node03,225,1B9FF3501801887C4B8952E223C1B76A3BC17D57074206BE0A26E2124F0D019D,False,RECOVERING,2,0,False,
1786157729.455761,engram-node04,225,1B9FF3501801887C4B8952E223C1B76A3BC17D57074206BE0A26E2124F0D019D,False,RECOVERING,2,0,False,
1786157734.4635258,engram-node01,225,1B9FF3501801887C4B8952E223C1B76A3BC17D57074206BE0A26E2124F0D019D,False,RECOVERING,2,0,False,
1786157734.4681458,engram-node02,225,1B9FF3501801887C4B8952E223C1B76A3BC17D57074206BE0A26E2124F0D019D,False,RECOVERING,2,0,False,
1786157734.471648,engram-node03,225,1B9FF3501801887C4B8952E223C1B76A3BC17D57074206BE0A26E2124F0D019D,False,RECOVERING,2,0,False,
1786157734.4745011,engram-node04,225,1B9FF3501801887C4B8952E223C1B76A3BC17D57074206BE0A26E2124F0D019D,False,RECOVERING,2,0,False,
1786157739.4807308,engram-node01,225,1B9FF3501801887C4B8952E223C1B76A3BC17D57074206BE0A26E2124F0D019D,False,RECOVERING,2,0,False,
1786157739.487417,engram-node02,225,1B9FF3501801887C4B8952E223C1B76A3BC17D57074206BE0A26E2124F0D019D,False,RECOVERING,2,0,False,
1786157739.495342,engram-node03,225,1B9FF3501801887C4B8952E223C1B76A3BC17D57074206BE0A26E2124F0D019D,False,RECOVERING,2,0,False,
1786157739.50089,engram-node04,225,1B9FF3501801887C4B8952E223C1B76A3BC17D57074206BE0A26E2124F0D019D,False,RECOVERING,2,0,False,
1786157744.506645,engram-node01,225,1B9FF3501801887C4B8952E223C1B76A3BC17D57074206BE0A26E2124F0D019D,False,RECOVERING,2,0,False,
1786157744.513453,engram-node02,225,1B9FF3501801887C4B8952E223C1B76A3BC17D57074206BE0A26E2124F0D019D,False,RECOVERING,2,0,False,
1786157744.518444,engram-node03,225,1B9FF3501801887C4B8952E223C1B76A3BC17D57074206BE0A26E2124F0D019D,False,RECOVERING,2,0,False,
1786157744.522827,engram-node04,225,1B9FF3501801887C4B8952E223C1B76A3BC17D57074206BE0A26E2124F0D019D,False,RECOVERING,2,0,False,
1786157749.532053,engram-node01,225,1B9FF3501801887C4B8952E223C1B76A3BC17D57074206BE0A26E2124F0D019D,False,RECOVERING,2,0,False,
1786157749.5435781,engram-node02,225,1B9FF3501801887C4B8952E223C1B76A3BC17D57074206BE0A26E2124F0D019D,False,RECOVERING,2,0,False,
1786157749.548793,engram-node03,225,1B9FF3501801887C4B8952E223C1B76A3BC17D57074206BE0A26E2124F0D019D,False,RECOVERING,2,0,False,
1786157749.553903,engram-node04,225,1B9FF3501801887C4B8952E223C1B76A3BC17D57074206BE0A26E2124F0D019D,False,RECOVERING,2,0,False,
1786157754.560912,engram-node01,225,1B9FF3501801887C4B8952E223C1B76A3BC17D57074206BE0A26E2124F0D019D,False,RECOVERING,2,0,False,
1786157754.566489,engram-node02,225,1B9FF3501801887C4B8952E223C1B76A3BC17D57074206BE0A26E2124F0D019D,False,RECOVERING,2,0,False,
1786157754.571713,engram-node03,225,1B9FF3501801887C4B8952E223C1B76A3BC17D57074206BE0A26E2124F0D019D,False,RECOVERING,2,0,False,
1786157754.576444,engram-node04,225,1B9FF3501801887C4B8952E223C1B76A3BC17D57074206BE0A26E2124F0D019D,False,RECOVERING,2,0,False,
1786157759.5862348,engram-node01,225,1B9FF3501801887C4B8952E223C1B76A3BC17D57074206BE0A26E2124F0D019D,False,RECOVERING,2,0,False,
1786157759.594399,engram-node02,225,1B9FF3501801887C4B8952E223C1B76A3BC17D57074206BE0A26E2124F0D019D,False,RECOVERING,2,0,False,
1786157759.5997288,engram-node03,225,1B9FF3501801887C4B8952E223C1B76A3BC17D57074206BE0A26E2124F0D019D,False,RECOVERING,2,0,False,
1786157759.604661,engram-node04,225,1B9FF3501801887C4B8952E223C1B76A3BC17D57074206BE0A26E2124F0D019D,False,RECOVERING,2,0,False,
1786157764.613133,engram-node01,229,EA3151B505DE2FC8AD6482806EC5A6A9BE8687D2B55791600C230321690C5436,False,RECOVERING,2,0,False,
1786157764.6192331,engram-node02,229,EA3151B505DE2FC8AD6482806EC5A6A9BE8687D2B55791600C230321690C5436,False,RECOVERING,2,0,False,
1786157764.623343,engram-node03,229,EA3151B505DE2FC8AD6482806EC5A6A9BE8687D2B55791600C230321690C5436,False,RECOVERING,2,0,False,
1786157764.6283798,engram-node04,229,EA3151B505DE2FC8AD6482806EC5A6A9BE8687D2B55791600C230321690C5436,False,RECOVERING,2,0,False,
1786157769.637135,engram-node01,229,EA3151B505DE2FC8AD6482806EC5A6A9BE8687D2B55791600C230321690C5436,False,RECOVERING,2,0,False,
1786157769.6442611,engram-node02,229,EA3151B505DE2FC8AD6482806EC5A6A9BE8687D2B55791600C230321690C5436,False,RECOVERING,2,0,False,
1786157769.649525,engram-node03,229,EA3151B505DE2FC8AD6482806EC5A6A9BE8687D2B55791600C230321690C5436,False,RECOVERING,2,0,False,
1786157769.6544828,engram-node04,229,EA3151B505DE2FC8AD6482806EC5A6A9BE8687D2B55791600C230321690C5436,False,RECOVERING,2,0,False,
1786157774.663991,engram-node01,229,EA3151B505DE2FC8AD6482806EC5A6A9BE8687D2B55791600C230321690C5436,False,RECOVERING,2,0,False,
1786157774.6745431,engram-node02,229,EA3151B505DE2FC8AD6482806EC5A6A9BE8687D2B55791600C230321690C5436,False,RECOVERING,2,0,False,
1786157774.6797178,engram-node03,229,EA3151B505DE2FC8AD6482806EC5A6A9BE8687D2B55791600C230321690C5436,False,RECOVERING,2,0,False,
1786157774.6841521,engram-node04,229,EA3151B505DE2FC8AD6482806EC5A6A9BE8687D2B55791600C230321690C5436,False,RECOVERING,2,0,False,
1786157779.691212,engram-node01,229,EA3151B505DE2FC8AD6482806EC5A6A9BE8687D2B55791600C230321690C5436,False,RECOVERING,2,0,False,
1786157779.699585,engram-node02,229,EA3151B505DE2FC8AD6482806EC5A6A9BE8687D2B55791600C230321690C5436,False,RECOVERING,2,0,False,
1786157779.705589,engram-node03,229,EA3151B505DE2FC8AD6482806EC5A6A9BE8687D2B55791600C230321690C5436,False,RECOVERING,2,0,False,
1786157779.710581,engram-node04,229,EA3151B505DE2FC8AD6482806EC5A6A9BE8687D2B55791600C230321690C5436,False,RECOVERING,2,0,False,
1786157784.716062,engram-node01,229,EA3151B505DE2FC8AD6482806EC5A6A9BE8687D2B55791600C230321690C5436,False,RECOVERING,2,0,False,
1786157784.7216341,engram-node02,229,EA3151B505DE2FC8AD6482806EC5A6A9BE8687D2B55791600C230321690C5436,False,RECOVERING,2,0,False,
1786157784.725804,engram-node03,229,EA3151B505DE2FC8AD6482806EC5A6A9BE8687D2B55791600C230321690C5436,False,RECOVERING,2,0,False,
1786157784.729404,engram-node04,229,EA3151B505DE2FC8AD6482806EC5A6A9BE8687D2B55791600C230321690C5436,False,RECOVERING,2,0,False,
1786157789.7345002,engram-node01,229,EA3151B505DE2FC8AD6482806EC5A6A9BE8687D2B55791600C230321690C5436,False,RECOVERING,2,0,False,
1786157789.7417998,engram-node02,229,EA3151B505DE2FC8AD6482806EC5A6A9BE8687D2B55791600C230321690C5436,False,RECOVERING,2,0,False,
1786157789.747508,engram-node03,229,EA3151B505DE2FC8AD6482806EC5A6A9BE8687D2B55791600C230321690C5436,False,RECOVERING,2,0,False,
1786157789.753289,engram-node04,229,EA3151B505DE2FC8AD6482806EC5A6A9BE8687D2B55791600C230321690C5436,False,RECOVERING,2,0,False,
1786157794.7606888,engram-node01,229,EA3151B505DE2FC8AD6482806EC5A6A9BE8687D2B55791600C230321690C5436,False,RECOVERING,2,0,False,
1786157794.767659,engram-node02,229,EA3151B505DE2FC8AD6482806EC5A6A9BE8687D2B55791600C230321690C5436,False,RECOVERING,2,0,False,
1786157794.773087,engram-node03,229,EA3151B505DE2FC8AD6482806EC5A6A9BE8687D2B55791600C230321690C5436,False,RECOVERING,2,0,False,
1786157794.778243,engram-node04,229,EA3151B505DE2FC8AD6482806EC5A6A9BE8687D2B55791600C230321690C5436,False,RECOVERING,2,0,False,
1786157799.7860742,engram-node01,229,EA3151B505DE2FC8AD6482806EC5A6A9BE8687D2B55791600C230321690C5436,False,RECOVERING,2,0,False,
1786157799.789166,engram-node02,229,EA3151B505DE2FC8AD6482806EC5A6A9BE8687D2B55791600C230321690C5436,False,RECOVERING,2,0,False,
1786157799.792428,engram-node03,229,EA3151B505DE2FC8AD6482806EC5A6A9BE8687D2B55791600C230321690C5436,False,RECOVERING,2,0,False,
1786157799.7958348,engram-node04,229,EA3151B505DE2FC8AD6482806EC5A6A9BE8687D2B55791600C230321690C5436,False,RECOVERING,2,0,False,
1786157804.802542,engram-node01,229,EA3151B505DE2FC8AD6482806EC5A6A9BE8687D2B55791600C230321690C5436,False,RECOVERING,2,0,False,
1786157804.809103,engram-node02,229,EA3151B505DE2FC8AD6482806EC5A6A9BE8687D2B55791600C230321690C5436,False,RECOVERING,2,0,False,
1786157804.8154602,engram-node03,229,EA3151B505DE2FC8AD6482806EC5A6A9BE8687D2B55791600C230321690C5436,False,RECOVERING,2,0,False,
1786157804.819627,engram-node04,229,EA3151B505DE2FC8AD6482806EC5A6A9BE8687D2B55791600C230321690C5436,False,RECOVERING,2,0,False,
1786157809.830286,engram-node01,229,EA3151B505DE2FC8AD6482806EC5A6A9BE8687D2B55791600C230321690C5436,False,RECOVERING,2,0,False,
1786157809.8359869,engram-node02,229,EA3151B505DE2FC8AD6482806EC5A6A9BE8687D2B55791600C230321690C5436,False,RECOVERING,2,0,False,
1786157809.842016,engram-node03,229,EA3151B505DE2FC8AD6482806EC5A6A9BE8687D2B55791600C230321690C5436,False,RECOVERING,2,0,False,
1786157809.8506,engram-node04,229,EA3151B505DE2FC8AD6482806EC5A6A9BE8687D2B55791600C230321690C5436,False,RECOVERING,2,0,False,
1786157814.858776,engram-node01,229,EA3151B505DE2FC8AD6482806EC5A6A9BE8687D2B55791600C230321690C5436,False,RECOVERING,2,0,False,
1786157814.8685498,engram-node02,229,EA3151B505DE2FC8AD6482806EC5A6A9BE8687D2B55791600C230321690C5436,False,RECOVERING,2,0,False,
1786157814.876321,engram-node03,229,EA3151B505DE2FC8AD6482806EC5A6A9BE8687D2B55791600C230321690C5436,False,RECOVERING,2,0,False,
1786157814.88099,engram-node04,229,EA3151B505DE2FC8AD6482806EC5A6A9BE8687D2B55791600C230321690C5436,False,RECOVERING,2,0,False,
1786157819.88818,engram-node01,229,EA3151B505DE2FC8AD6482806EC5A6A9BE8687D2B55791600C230321690C5436,False,RECOVERING,2,0,False,
1786157819.897693,engram-node02,229,EA3151B505DE2FC8AD6482806EC5A6A9BE8687D2B55791600C230321690C5436,False,RECOVERING,2,0,False,
1786157819.905659,engram-node03,229,EA3151B505DE2FC8AD6482806EC5A6A9BE8687D2B55791600C230321690C5436,False,RECOVERING,2,0,False,
1786157819.910644,engram-node04,229,EA3151B505DE2FC8AD6482806EC5A6A9BE8687D2B55791600C230321690C5436,False,RECOVERING,2,0,False,
1786157824.924763,engram-node01,233,2DC0BE4FCFCB533BAB52E289377032BA2D43B91D61EE2AEE39BC1B6863944410,False,RECOVERING,2,0,False,
1786157824.936527,engram-node02,233,2DC0BE4FCFCB533BAB52E289377032BA2D43B91D61EE2AEE39BC1B6863944410,False,RECOVERING,2,0,False,
1786157824.942612,engram-node03,233,2DC0BE4FCFCB533BAB52E289377032BA2D43B91D61EE2AEE39BC1B6863944410,False,RECOVERING,2,0,False,
1786157824.948398,engram-node04,233,2DC0BE4FCFCB533BAB52E289377032BA2D43B91D61EE2AEE39BC1B6863944410,False,RECOVERING,2,0,False,
1786157829.953887,engram-node01,233,2DC0BE4FCFCB533BAB52E289377032BA2D43B91D61EE2AEE39BC1B6863944410,False,RECOVERING,2,0,False,
1786157829.957566,engram-node02,233,2DC0BE4FCFCB533BAB52E289377032BA2D43B91D61EE2AEE39BC1B6863944410,False,RECOVERING,2,0,False,
1786157829.9609542,engram-node03,233,2DC0BE4FCFCB533BAB52E289377032BA2D43B91D61EE2AEE39BC1B6863944410,False,RECOVERING,2,0,False,
1786157829.964591,engram-node04,233,2DC0BE4FCFCB533BAB52E289377032BA2D43B91D61EE2AEE39BC1B6863944410,False,RECOVERING,2,0,False,
1786157834.97226,engram-node01,233,2DC0BE4FCFCB533BAB52E289377032BA2D43B91D61EE2AEE39BC1B6863944410,False,RECOVERING,2,0,False,
1786157834.9804668,engram-node02,233,2DC0BE4FCFCB533BAB52E289377032BA2D43B91D61EE2AEE39BC1B6863944410,False,RECOVERING,2,0,False,
1786157834.9867861,engram-node03,233,2DC0BE4FCFCB533BAB52E289377032BA2D43B91D61EE2AEE39BC1B6863944410,False,RECOVERING,2,0,False,
1786157834.992787,engram-node04,233,2DC0BE4FCFCB533BAB52E289377032BA2D43B91D61EE2AEE39BC1B6863944410,False,RECOVERING,2,0,False,
1786157839.9991198,engram-node01,233,2DC0BE4FCFCB533BAB52E289377032BA2D43B91D61EE2AEE39BC1B6863944410,False,RECOVERING,2,0,False,
1786157840.003308,engram-node02,233,2DC0BE4FCFCB533BAB52E289377032BA2D43B91D61EE2AEE39BC1B6863944410,False,RECOVERING,2,0,False,
1786157840.007713,engram-node03,233,2DC0BE4FCFCB533BAB52E289377032BA2D43B91D61EE2AEE39BC1B6863944410,False,RECOVERING,2,0,False,
1786157840.011335,engram-node04,233,2DC0BE4FCFCB533BAB52E289377032BA2D43B91D61EE2AEE39BC1B6863944410,False,RECOVERING,2,0,False,
1786157845.0199602,engram-node01,233,2DC0BE4FCFCB533BAB52E289377032BA2D43B91D61EE2AEE39BC1B6863944410,False,RECOVERING,2,0,False,
1786157845.02719,engram-node02,233,2DC0BE4FCFCB533BAB52E289377032BA2D43B91D61EE2AEE39BC1B6863944410,False,RECOVERING,2,0,False,
1786157845.033851,engram-node03,233,2DC0BE4FCFCB533BAB52E289377032BA2D43B91D61EE2AEE39BC1B6863944410,False,RECOVERING,2,0,False,
1786157845.040153,engram-node04,233,2DC0BE4FCFCB533BAB52E289377032BA2D43B91D61EE2AEE39BC1B6863944410,False,RECOVERING,2,0,False,
1786157850.050573,engram-node01,233,2DC0BE4FCFCB533BAB52E289377032BA2D43B91D61EE2AEE39BC1B6863944410,False,RECOVERING,2,0,False,
1786157850.059936,engram-node02,233,2DC0BE4FCFCB533BAB52E289377032BA2D43B91D61EE2AEE39BC1B6863944410,False,RECOVERING,2,0,False,
1786157850.067543,engram-node03,233,2DC0BE4FCFCB533BAB52E289377032BA2D43B91D61EE2AEE39BC1B6863944410,False,RECOVERING,2,0,False,
1786157850.072852,engram-node04,233,2DC0BE4FCFCB533BAB52E289377032BA2D43B91D61EE2AEE39BC1B6863944410,False,RECOVERING,2,0,False,
1786157855.082399,engram-node01,233,2DC0BE4FCFCB533BAB52E289377032BA2D43B91D61EE2AEE39BC1B6863944410,False,RECOVERING,2,0,False,
1786157855.092169,engram-node02,233,2DC0BE4FCFCB533BAB52E289377032BA2D43B91D61EE2AEE39BC1B6863944410,False,RECOVERING,2,0,False,
1786157855.100132,engram-node03,233,2DC0BE4FCFCB533BAB52E289377032BA2D43B91D61EE2AEE39BC1B6863944410,False,RECOVERING,2,0,False,
1786157855.1055849,engram-node04,233,2DC0BE4FCFCB533BAB52E289377032BA2D43B91D61EE2AEE39BC1B6863944410,False,RECOVERING,2,0,False,
1786157860.112415,engram-node01,233,2DC0BE4FCFCB533BAB52E289377032BA2D43B91D61EE2AEE39BC1B6863944410,False,RECOVERING,2,0,False,
1786157860.118569,engram-node02,233,2DC0BE4FCFCB533BAB52E289377032BA2D43B91D61EE2AEE39BC1B6863944410,False,RECOVERING,2,0,False,
1786157860.1242292,engram-node03,233,2DC0BE4FCFCB533BAB52E289377032BA2D43B91D61EE2AEE39BC1B6863944410,False,RECOVERING,2,0,False,
1786157860.1288252,engram-node04,233,2DC0BE4FCFCB533BAB52E289377032BA2D43B91D61EE2AEE39BC1B6863944410,False,RECOVERING,2,0,False,
1786157865.132873,engram-node01,233,2DC0BE4FCFCB533BAB52E289377032BA2D43B91D61EE2AEE39BC1B6863944410,False,RECOVERING,2,0,False,
1786157865.1402712,engram-node02,233,2DC0BE4FCFCB533BAB52E289377032BA2D43B91D61EE2AEE39BC1B6863944410,False,RECOVERING,2,0,False,
1786157865.1473138,engram-node03,233,2DC0BE4FCFCB533BAB52E289377032BA2D43B91D61EE2AEE39BC1B6863944410,False,RECOVERING,2,0,False,
1786157865.1546938,engram-node04,233,2DC0BE4FCFCB533BAB52E289377032BA2D43B91D61EE2AEE39BC1B6863944410,False,RECOVERING,2,0,False,
1786157870.164861,engram-node01,233,2DC0BE4FCFCB533BAB52E289377032BA2D43B91D61EE2AEE39BC1B6863944410,False,RECOVERING,2,0,False,
1786157870.170203,engram-node02,233,2DC0BE4FCFCB533BAB52E289377032BA2D43B91D61EE2AEE39BC1B6863944410,False,RECOVERING,2,0,False,
1786157870.176102,engram-node03,233,2DC0BE4FCFCB533BAB52E289377032BA2D43B91D61EE2AEE39BC1B6863944410,False,RECOVERING,2,0,False,
1786157870.181155,engram-node04,233,2DC0BE4FCFCB533BAB52E289377032BA2D43B91D61EE2AEE39BC1B6863944410,False,RECOVERING,2,0,False,
1786157875.1874912,engram-node01,233,2DC0BE4FCFCB533BAB52E289377032BA2D43B91D61EE2AEE39BC1B6863944410,False,RECOVERING,2,0,False,
1786157875.192497,engram-node02,233,2DC0BE4FCFCB533BAB52E289377032BA2D43B91D61EE2AEE39BC1B6863944410,False,RECOVERING,2,0,False,
1786157875.1967292,engram-node03,233,2DC0BE4FCFCB533BAB52E289377032BA2D43B91D61EE2AEE39BC1B6863944410,False,RECOVERING,2,0,False,
1786157875.200516,engram-node04,233,2DC0BE4FCFCB533BAB52E289377032BA2D43B91D61EE2AEE39BC1B6863944410,False,RECOVERING,2,0,False,
1786157880.208199,engram-node01,233,2DC0BE4FCFCB533BAB52E289377032BA2D43B91D61EE2AEE39BC1B6863944410,False,RECOVERING,2,0,False,
1786157880.21401,engram-node02,233,2DC0BE4FCFCB533BAB52E289377032BA2D43B91D61EE2AEE39BC1B6863944410,False,RECOVERING,2,0,False,
1786157880.218413,engram-node03,233,2DC0BE4FCFCB533BAB52E289377032BA2D43B91D61EE2AEE39BC1B6863944410,False,RECOVERING,2,0,False,
1786157880.22259,engram-node04,233,2DC0BE4FCFCB533BAB52E289377032BA2D43B91D61EE2AEE39BC1B6863944410,False,RECOVERING,2,0,False,
1786157885.231155,engram-node01,233,2DC0BE4FCFCB533BAB52E289377032BA2D43B91D61EE2AEE39BC1B6863944410,False,RECOVERING,2,0,False,
1786157885.2389,engram-node02,233,2DC0BE4FCFCB533BAB52E289377032BA2D43B91D61EE2AEE39BC1B6863944410,False,RECOVERING,2,0,False,
1786157885.246454,engram-node03,233,2DC0BE4FCFCB533BAB52E289377032BA2D43B91D61EE2AEE39BC1B6863944410,False,RECOVERING,2,0,False,
1786157885.252026,engram-node04,233,2DC0BE4FCFCB533BAB52E289377032BA2D43B91D61EE2AEE39BC1B6863944410,False,RECOVERING,2,0,False,
1786157890.257886,engram-node01,236,59724FDC522DF31EDCBFC6FC0A72B7C0DD651109792CC4FFA0D16EBD49A7EA42,False,RECOVERING,1,0,False,
1786157890.263021,engram-node02,236,59724FDC522DF31EDCBFC6FC0A72B7C0DD651109792CC4FFA0D16EBD49A7EA42,False,RECOVERING,1,0,False,
1786157890.2677162,engram-node03,236,59724FDC522DF31EDCBFC6FC0A72B7C0DD651109792CC4FFA0D16EBD49A7EA42,False,RECOVERING,1,0,False,
1786157890.2751849,engram-node04,236,59724FDC522DF31EDCBFC6FC0A72B7C0DD651109792CC4FFA0D16EBD49A7EA42,False,RECOVERING,1,0,False,
1786157895.2806752,engram-node01,237,6399534F9CB2880AC93AFDCFD114FAE4447A2D7216096B7782C8943B947F885F,False,RECOVERING,2,0,False,
1786157895.2860281,engram-node02,237,6399534F9CB2880AC93AFDCFD114FAE4447A2D7216096B7782C8943B947F885F,False,RECOVERING,2,0,False,
1786157895.290501,engram-node03,237,6399534F9CB2880AC93AFDCFD114FAE4447A2D7216096B7782C8943B947F885F,False,RECOVERING,2,0,False,
1786157895.295656,engram-node04,237,6399534F9CB2880AC93AFDCFD114FAE4447A2D7216096B7782C8943B947F885F,False,RECOVERING,2,0,False,
1786157900.30142,engram-node01,237,6399534F9CB2880AC93AFDCFD114FAE4447A2D7216096B7782C8943B947F885F,False,RECOVERING,2,0,False,
1786157900.306866,engram-node02,237,6399534F9CB2880AC93AFDCFD114FAE4447A2D7216096B7782C8943B947F885F,False,RECOVERING,2,0,False,
1786157900.311433,engram-node03,237,6399534F9CB2880AC93AFDCFD114FAE4447A2D7216096B7782C8943B947F885F,False,RECOVERING,2,0,False,
1786157900.315192,engram-node04,237,6399534F9CB2880AC93AFDCFD114FAE4447A2D7216096B7782C8943B947F885F,False,RECOVERING,2,0,False,
1786157905.323211,engram-node01,237,6399534F9CB2880AC93AFDCFD114FAE4447A2D7216096B7782C8943B947F885F,False,RECOVERING,2,0,False,
1786157905.328741,engram-node02,237,6399534F9CB2880AC93AFDCFD114FAE4447A2D7216096B7782C8943B947F885F,False,RECOVERING,2,0,False,
1786157905.333805,engram-node03,237,6399534F9CB2880AC93AFDCFD114FAE4447A2D7216096B7782C8943B947F885F,False,RECOVERING,2,0,False,
1786157905.3382678,engram-node04,237,6399534F9CB2880AC93AFDCFD114FAE4447A2D7216096B7782C8943B947F885F,False,RECOVERING,2,0,False,
1786157910.348373,engram-node01,237,6399534F9CB2880AC93AFDCFD114FAE4447A2D7216096B7782C8943B947F885F,False,RECOVERING,2,0,False,
1786157910.3543968,engram-node02,237,6399534F9CB2880AC93AFDCFD114FAE4447A2D7216096B7782C8943B947F885F,False,RECOVERING,2,0,False,
1786157910.360018,engram-node03,237,6399534F9CB2880AC93AFDCFD114FAE4447A2D7216096B7782C8943B947F885F,False,RECOVERING,2,0,False,
1786157910.36412,engram-node04,237,6399534F9CB2880AC93AFDCFD114FAE4447A2D7216096B7782C8943B947F885F,False,RECOVERING,2,0,False,
1786157915.370516,engram-node01,237,6399534F9CB2880AC93AFDCFD114FAE4447A2D7216096B7782C8943B947F885F,False,RECOVERING,2,0,False,
1786157915.37797,engram-node02,237,6399534F9CB2880AC93AFDCFD114FAE4447A2D7216096B7782C8943B947F885F,False,RECOVERING,2,0,False,
1786157915.384655,engram-node03,237,6399534F9CB2880AC93AFDCFD114FAE4447A2D7216096B7782C8943B947F885F,False,RECOVERING,2,0,False,
1786157915.3899899,engram-node04,237,6399534F9CB2880AC93AFDCFD114FAE4447A2D7216096B7782C8943B947F885F,False,RECOVERING,2,0,False,
1786157920.399841,engram-node01,237,6399534F9CB2880AC93AFDCFD114FAE4447A2D7216096B7782C8943B947F885F,False,RECOVERING,2,0,False,
1786157920.4146829,engram-node02,237,6399534F9CB2880AC93AFDCFD114FAE4447A2D7216096B7782C8943B947F885F,False,RECOVERING,2,0,False,
1786157920.435369,engram-node03,237,6399534F9CB2880AC93AFDCFD114FAE4447A2D7216096B7782C8943B947F885F,False,RECOVERING,2,0,False,
1786157920.443305,engram-node04,237,6399534F9CB2880AC93AFDCFD114FAE4447A2D7216096B7782C8943B947F885F,False,RECOVERING,2,0,False,
1786157925.46076,engram-node01,237,6399534F9CB2880AC93AFDCFD114FAE4447A2D7216096B7782C8943B947F885F,False,RECOVERING,2,0,False,
1786157925.472488,engram-node02,237,6399534F9CB2880AC93AFDCFD114FAE4447A2D7216096B7782C8943B947F885F,False,RECOVERING,2,0,False,
1786157925.4783099,engram-node03,237,6399534F9CB2880AC93AFDCFD114FAE4447A2D7216096B7782C8943B947F885F,False,RECOVERING,2,0,False,
1786157925.483967,engram-node04,237,6399534F9CB2880AC93AFDCFD114FAE4447A2D7216096B7782C8943B947F885F,False,RECOVERING,2,0,False,
1786157930.4906611,engram-node01,237,6399534F9CB2880AC93AFDCFD114FAE4447A2D7216096B7782C8943B947F885F,False,RECOVERING,2,0,False,
1786157930.499882,engram-node02,237,6399534F9CB2880AC93AFDCFD114FAE4447A2D7216096B7782C8943B947F885F,False,RECOVERING,2,0,False,
1786157930.505546,engram-node03,237,6399534F9CB2880AC93AFDCFD114FAE4447A2D7216096B7782C8943B947F885F,False,RECOVERING,2,0,False,
1786157930.510777,engram-node04,237,6399534F9CB2880AC93AFDCFD114FAE4447A2D7216096B7782C8943B947F885F,False,RECOVERING,2,0,False,
1786157935.5185769,engram-node01,237,6399534F9CB2880AC93AFDCFD114FAE4447A2D7216096B7782C8943B947F885F,False,RECOVERING,2,0,False,
1786157935.527276,engram-node02,237,6399534F9CB2880AC93AFDCFD114FAE4447A2D7216096B7782C8943B947F885F,False,RECOVERING,2,0,False,
1786157935.5335932,engram-node03,237,6399534F9CB2880AC93AFDCFD114FAE4447A2D7216096B7782C8943B947F885F,False,RECOVERING,2,0,False,
1786157935.539435,engram-node04,237,6399534F9CB2880AC93AFDCFD114FAE4447A2D7216096B7782C8943B947F885F,False,RECOVERING,2,0,False,
1786157940.547884,engram-node01,237,6399534F9CB2880AC93AFDCFD114FAE4447A2D7216096B7782C8943B947F885F,False,RECOVERING,2,0,False,
1786157940.5528991,engram-node02,237,6399534F9CB2880AC93AFDCFD114FAE4447A2D7216096B7782C8943B947F885F,False,RECOVERING,2,0,False,
1786157940.5564811,engram-node03,237,6399534F9CB2880AC93AFDCFD114FAE4447A2D7216096B7782C8943B947F885F,False,RECOVERING,2,0,False,
1786157940.55992,engram-node04,237,6399534F9CB2880AC93AFDCFD114FAE4447A2D7216096B7782C8943B947F885F,False,RECOVERING,2,0,False,
1786157945.568228,engram-node01,237,6399534F9CB2880AC93AFDCFD114FAE4447A2D7216096B7782C8943B947F885F,False,RECOVERING,2,0,False,
1786157945.576666,engram-node02,237,6399534F9CB2880AC93AFDCFD114FAE4447A2D7216096B7782C8943B947F885F,False,RECOVERING,2,0,False,
1786157945.583424,engram-node03,237,6399534F9CB2880AC93AFDCFD114FAE4447A2D7216096B7782C8943B947F885F,False,RECOVERING,2,0,False,
1786157945.593833,engram-node04,237,6399534F9CB2880AC93AFDCFD114FAE4447A2D7216096B7782C8943B947F885F,False,RECOVERING,2,0,False,
1786157950.611509,engram-node01,240,86602C9CD6C713F5E4E0A8F83817686EAB0B449E1F50CC360348B0D8F67A1DB5,False,RECOVERING,1,0,False,
1786157950.628238,engram-node02,240,86602C9CD6C713F5E4E0A8F83817686EAB0B449E1F50CC360348B0D8F67A1DB5,False,RECOVERING,1,0,False,
1786157950.641665,engram-node03,240,86602C9CD6C713F5E4E0A8F83817686EAB0B449E1F50CC360348B0D8F67A1DB5,False,RECOVERING,1,0,False,
1786157950.6455228,engram-node04,240,86602C9CD6C713F5E4E0A8F83817686EAB0B449E1F50CC360348B0D8F67A1DB5,False,RECOVERING,1,0,False,
1786157955.6548429,engram-node01,241,F62033A92E4F4F4D0F908DB67D3C098B1D49580084A5D5122F3B786BAAB91DF7,False,RECOVERING,2,0,False,
1786157955.688711,engram-node02,241,F62033A92E4F4F4D0F908DB67D3C098B1D49580084A5D5122F3B786BAAB91DF7,False,RECOVERING,2,0,False,
1786157955.6943429,engram-node03,241,F62033A92E4F4F4D0F908DB67D3C098B1D49580084A5D5122F3B786BAAB91DF7,False,RECOVERING,2,0,False,
1786157955.704284,engram-node04,241,F62033A92E4F4F4D0F908DB67D3C098B1D49580084A5D5122F3B786BAAB91DF7,False,RECOVERING,2,0,False,
1786157960.714647,engram-node01,241,F62033A92E4F4F4D0F908DB67D3C098B1D49580084A5D5122F3B786BAAB91DF7,False,RECOVERING,2,0,False,
1786157960.723514,engram-node02,241,F62033A92E4F4F4D0F908DB67D3C098B1D49580084A5D5122F3B786BAAB91DF7,False,RECOVERING,2,0,False,
1786157960.72961,engram-node03,241,F62033A92E4F4F4D0F908DB67D3C098B1D49580084A5D5122F3B786BAAB91DF7,False,RECOVERING,2,0,False,
1786157960.735261,engram-node04,241,F62033A92E4F4F4D0F908DB67D3C098B1D49580084A5D5122F3B786BAAB91DF7,False,RECOVERING,2,0,False,
1786157965.746123,engram-node01,241,F62033A92E4F4F4D0F908DB67D3C098B1D49580084A5D5122F3B786BAAB91DF7,False,RECOVERING,2,0,False,
1786157965.752602,engram-node02,241,F62033A92E4F4F4D0F908DB67D3C098B1D49580084A5D5122F3B786BAAB91DF7,False,RECOVERING,2,0,False,
1786157965.7584,engram-node03,241,F62033A92E4F4F4D0F908DB67D3C098B1D49580084A5D5122F3B786BAAB91DF7,False,RECOVERING,2,0,False,
1786157965.7630541,engram-node04,241,F62033A92E4F4F4D0F908DB67D3C098B1D49580084A5D5122F3B786BAAB91DF7,False,RECOVERING,2,0,False,
1786157970.772094,engram-node01,241,F62033A92E4F4F4D0F908DB67D3C098B1D49580084A5D5122F3B786BAAB91DF7,False,RECOVERING,2,0,False,
1786157970.781866,engram-node02,241,F62033A92E4F4F4D0F908DB67D3C098B1D49580084A5D5122F3B786BAAB91DF7,False,RECOVERING,2,0,False,
1786157970.787523,engram-node03,241,F62033A92E4F4F4D0F908DB67D3C098B1D49580084A5D5122F3B786BAAB91DF7,False,RECOVERING,2,0,False,
1786157970.793735,engram-node04,241,F62033A92E4F4F4D0F908DB67D3C098B1D49580084A5D5122F3B786BAAB91DF7,False,RECOVERING,2,0,False,
1786157975.799741,engram-node01,241,F62033A92E4F4F4D0F908DB67D3C098B1D49580084A5D5122F3B786BAAB91DF7,False,RECOVERING,2,0,False,
1786157975.807508,engram-node02,241,F62033A92E4F4F4D0F908DB67D3C098B1D49580084A5D5122F3B786BAAB91DF7,False,RECOVERING,2,0,False,
1786157975.8118012,engram-node03,241,F62033A92E4F4F4D0F908DB67D3C098B1D49580084A5D5122F3B786BAAB91DF7,False,RECOVERING,2,0,False,
1786157975.8169842,engram-node04,241,F62033A92E4F4F4D0F908DB67D3C098B1D49580084A5D5122F3B786BAAB91DF7,False,RECOVERING,2,0,False,
1786157980.829809,engram-node01,241,F62033A92E4F4F4D0F908DB67D3C098B1D49580084A5D5122F3B786BAAB91DF7,False,RECOVERING,2,0,False,
1786157980.845866,engram-node02,241,F62033A92E4F4F4D0F908DB67D3C098B1D49580084A5D5122F3B786BAAB91DF7,False,RECOVERING,2,0,False,
1786157980.852279,engram-node03,241,F62033A92E4F4F4D0F908DB67D3C098B1D49580084A5D5122F3B786BAAB91DF7,False,RECOVERING,2,0,False,
1786157980.868311,engram-node04,241,F62033A92E4F4F4D0F908DB67D3C098B1D49580084A5D5122F3B786BAAB91DF7,False,RECOVERING,2,0,False,
1786157985.8795571,engram-node01,241,F62033A92E4F4F4D0F908DB67D3C098B1D49580084A5D5122F3B786BAAB91DF7,False,RECOVERING,2,0,False,
1786157985.888841,engram-node02,241,F62033A92E4F4F4D0F908DB67D3C098B1D49580084A5D5122F3B786BAAB91DF7,False,RECOVERING,2,0,False,
1786157985.894686,engram-node03,241,F62033A92E4F4F4D0F908DB67D3C098B1D49580084A5D5122F3B786BAAB91DF7,False,RECOVERING,2,0,False,
1786157985.899749,engram-node04,241,F62033A92E4F4F4D0F908DB67D3C098B1D49580084A5D5122F3B786BAAB91DF7,False,RECOVERING,2,0,False,
1786157990.907784,engram-node01,241,F62033A92E4F4F4D0F908DB67D3C098B1D49580084A5D5122F3B786BAAB91DF7,False,RECOVERING,2,0,False,
1786157990.9160829,engram-node02,241,F62033A92E4F4F4D0F908DB67D3C098B1D49580084A5D5122F3B786BAAB91DF7,False,RECOVERING,2,0,False,
1786157990.923253,engram-node03,241,F62033A92E4F4F4D0F908DB67D3C098B1D49580084A5D5122F3B786BAAB91DF7,False,RECOVERING,2,0,False,
1786157990.927839,engram-node04,241,F62033A92E4F4F4D0F908DB67D3C098B1D49580084A5D5122F3B786BAAB91DF7,False,RECOVERING,2,0,False,
1786157995.9327831,engram-node01,241,F62033A92E4F4F4D0F908DB67D3C098B1D49580084A5D5122F3B786BAAB91DF7,False,RECOVERING,2,0,False,
1786157995.944282,engram-node02,241,F62033A92E4F4F4D0F908DB67D3C098B1D49580084A5D5122F3B786BAAB91DF7,False,RECOVERING,2,0,False,
1786157995.950119,engram-node03,241,F62033A92E4F4F4D0F908DB67D3C098B1D49580084A5D5122F3B786BAAB91DF7,False,RECOVERING,2,0,False,
1786157995.954684,engram-node04,241,F62033A92E4F4F4D0F908DB67D3C098B1D49580084A5D5122F3B786BAAB91DF7,False,RECOVERING,2,0,False,
1786158000.962199,engram-node01,241,F62033A92E4F4F4D0F908DB67D3C098B1D49580084A5D5122F3B786BAAB91DF7,False,RECOVERING,2,0,False,
1786158000.97253,engram-node02,241,F62033A92E4F4F4D0F908DB67D3C098B1D49580084A5D5122F3B786BAAB91DF7,False,RECOVERING,2,0,False,
1786158000.978147,engram-node03,241,F62033A92E4F4F4D0F908DB67D3C098B1D49580084A5D5122F3B786BAAB91DF7,False,RECOVERING,2,0,False,
1786158000.983132,engram-node04,241,F62033A92E4F4F4D0F908DB67D3C098B1D49580084A5D5122F3B786BAAB91DF7,False,RECOVERING,2,0,False,
1786158005.9956732,engram-node01,241,F62033A92E4F4F4D0F908DB67D3C098B1D49580084A5D5122F3B786BAAB91DF7,False,RECOVERING,2,0,False,
1786158006.00694,engram-node02,241,F62033A92E4F4F4D0F908DB67D3C098B1D49580084A5D5122F3B786BAAB91DF7,False,RECOVERING,2,0,False,
1786158006.0135229,engram-node03,241,F62033A92E4F4F4D0F908DB67D3C098B1D49580084A5D5122F3B786BAAB91DF7,False,RECOVERING,2,0,False,
1786158006.018249,engram-node04,241,F62033A92E4F4F4D0F908DB67D3C098B1D49580084A5D5122F3B786BAAB91DF7,False,RECOVERING,2,0,False,
1786158011.0254269,engram-node01,245,1C58484D6B92F12DAC486FB74C4D6811A74C9FEEA785FCEAA07B471C1B009A76,False,RECOVERING,2,0,False,
1786158011.0319,engram-node02,245,1C58484D6B92F12DAC486FB74C4D6811A74C9FEEA785FCEAA07B471C1B009A76,False,RECOVERING,2,0,False,
1786158011.036247,engram-node03,245,1C58484D6B92F12DAC486FB74C4D6811A74C9FEEA785FCEAA07B471C1B009A76,False,RECOVERING,2,0,False,
1786158011.040433,engram-node04,245,1C58484D6B92F12DAC486FB74C4D6811A74C9FEEA785FCEAA07B471C1B009A76,False,RECOVERING,2,0,False,
1786158016.048139,engram-node01,245,1C58484D6B92F12DAC486FB74C4D6811A74C9FEEA785FCEAA07B471C1B009A76,False,RECOVERING,2,0,False,
1786158016.059222,engram-node02,245,1C58484D6B92F12DAC486FB74C4D6811A74C9FEEA785FCEAA07B471C1B009A76,False,RECOVERING,2,0,False,
1786158016.0641239,engram-node03,245,1C58484D6B92F12DAC486FB74C4D6811A74C9FEEA785FCEAA07B471C1B009A76,False,RECOVERING,2,0,False,
1786158016.068898,engram-node04,245,1C58484D6B92F12DAC486FB74C4D6811A74C9FEEA785FCEAA07B471C1B009A76,False,RECOVERING,2,0,False,
1786158021.078659,engram-node01,245,1C58484D6B92F12DAC486FB74C4D6811A74C9FEEA785FCEAA07B471C1B009A76,False,RECOVERING,2,0,False,
1786158021.084974,engram-node02,245,1C58484D6B92F12DAC486FB74C4D6811A74C9FEEA785FCEAA07B471C1B009A76,False,RECOVERING,2,0,False,
1786158021.088984,engram-node03,245,1C58484D6B92F12DAC486FB74C4D6811A74C9FEEA785FCEAA07B471C1B009A76,False,RECOVERING,2,0,False,
1786158021.0936909,engram-node04,245,1C58484D6B92F12DAC486FB74C4D6811A74C9FEEA785FCEAA07B471C1B009A76,False,RECOVERING,2,0,False,
1786158026.1007302,engram-node01,245,1C58484D6B92F12DAC486FB74C4D6811A74C9FEEA785FCEAA07B471C1B009A76,False,RECOVERING,2,0,False,
1786158026.106219,engram-node02,245,1C58484D6B92F12DAC486FB74C4D6811A74C9FEEA785FCEAA07B471C1B009A76,False,RECOVERING,2,0,False,
1786158026.1095092,engram-node03,245,1C58484D6B92F12DAC486FB74C4D6811A74C9FEEA785FCEAA07B471C1B009A76,False,RECOVERING,2,0,False,
1786158026.113585,engram-node04,245,1C58484D6B92F12DAC486FB74C4D6811A74C9FEEA785FCEAA07B471C1B009A76,False,RECOVERING,2,0,False,
1786158031.122381,engram-node01,245,1C58484D6B92F12DAC486FB74C4D6811A74C9FEEA785FCEAA07B471C1B009A76,False,RECOVERING,2,0,False,
1786158031.125936,engram-node02,245,1C58484D6B92F12DAC486FB74C4D6811A74C9FEEA785FCEAA07B471C1B009A76,False,RECOVERING,2,0,False,
1786158031.129289,engram-node03,245,1C58484D6B92F12DAC486FB74C4D6811A74C9FEEA785FCEAA07B471C1B009A76,False,RECOVERING,2,0,False,
1786158031.132353,engram-node04,245,1C58484D6B92F12DAC486FB74C4D6811A74C9FEEA785FCEAA07B471C1B009A76,False,RECOVERING,2,0,False,
1786158036.1404521,engram-node01,245,1C58484D6B92F12DAC486FB74C4D6811A74C9FEEA785FCEAA07B471C1B009A76,False,RECOVERING,2,0,False,
1786158036.149933,engram-node02,245,1C58484D6B92F12DAC486FB74C4D6811A74C9FEEA785FCEAA07B471C1B009A76,False,RECOVERING,2,0,False,
1786158036.155169,engram-node03,245,1C58484D6B92F12DAC486FB74C4D6811A74C9FEEA785FCEAA07B471C1B009A76,False,RECOVERING,2,0,False,
1786158036.160886,engram-node04,245,1C58484D6B92F12DAC486FB74C4D6811A74C9FEEA785FCEAA07B471C1B009A76,False,RECOVERING,2,0,False,
1786158041.1743412,engram-node01,245,1C58484D6B92F12DAC486FB74C4D6811A74C9FEEA785FCEAA07B471C1B009A76,False,RECOVERING,2,0,False,
1786158041.1888158,engram-node02,245,1C58484D6B92F12DAC486FB74C4D6811A74C9FEEA785FCEAA07B471C1B009A76,False,RECOVERING,2,0,False,
1786158041.201254,engram-node03,245,1C58484D6B92F12DAC486FB74C4D6811A74C9FEEA785FCEAA07B471C1B009A76,False,RECOVERING,2,0,False,
1786158041.2124002,engram-node04,245,1C58484D6B92F12DAC486FB74C4D6811A74C9FEEA785FCEAA07B471C1B009A76,False,RECOVERING,2,0,False,
1786158046.2258189,engram-node01,245,1C58484D6B92F12DAC486FB74C4D6811A74C9FEEA785FCEAA07B471C1B009A76,False,RECOVERING,2,0,False,
1786158046.2372322,engram-node02,245,1C58484D6B92F12DAC486FB74C4D6811A74C9FEEA785FCEAA07B471C1B009A76,False,RECOVERING,2,0,False,
1786158046.242392,engram-node03,245,1C58484D6B92F12DAC486FB74C4D6811A74C9FEEA785FCEAA07B471C1B009A76,False,RECOVERING,2,0,False,
1786158046.247392,engram-node04,245,1C58484D6B92F12DAC486FB74C4D6811A74C9FEEA785FCEAA07B471C1B009A76,False,RECOVERING,2,0,False,
1786158051.256112,engram-node01,245,1C58484D6B92F12DAC486FB74C4D6811A74C9FEEA785FCEAA07B471C1B009A76,False,RECOVERING,2,0,False,
1786158051.26707,engram-node02,245,1C58484D6B92F12DAC486FB74C4D6811A74C9FEEA785FCEAA07B471C1B009A76,False,RECOVERING,2,0,False,
1786158051.273664,engram-node03,245,1C58484D6B92F12DAC486FB74C4D6811A74C9FEEA785FCEAA07B471C1B009A76,False,RECOVERING,2,0,False,
1786158051.278752,engram-node04,245,1C58484D6B92F12DAC486FB74C4D6811A74C9FEEA785FCEAA07B471C1B009A76,False,RECOVERING,2,0,False,
1786158056.289077,engram-node01,245,1C58484D6B92F12DAC486FB74C4D6811A74C9FEEA785FCEAA07B471C1B009A76,False,RECOVERING,2,0,False,
1786158056.296674,engram-node02,245,1C58484D6B92F12DAC486FB74C4D6811A74C9FEEA785FCEAA07B471C1B009A76,False,RECOVERING,2,0,False,
1786158056.3018072,engram-node03,245,1C58484D6B92F12DAC486FB74C4D6811A74C9FEEA785FCEAA07B471C1B009A76,False,RECOVERING,2,0,False,
1786158056.306814,engram-node04,245,1C58484D6B92F12DAC486FB74C4D6811A74C9FEEA785FCEAA07B471C1B009A76,False,RECOVERING,2,0,False,
1786158061.314823,engram-node01,245,1C58484D6B92F12DAC486FB74C4D6811A74C9FEEA785FCEAA07B471C1B009A76,False,RECOVERING,2,0,False,
1786158061.321793,engram-node02,245,1C58484D6B92F12DAC486FB74C4D6811A74C9FEEA785FCEAA07B471C1B009A76,False,RECOVERING,2,0,False,
1786158061.326754,engram-node03,245,1C58484D6B92F12DAC486FB74C4D6811A74C9FEEA785FCEAA07B471C1B009A76,False,RECOVERING,2,0,False,
1786158061.33129,engram-node04,245,1C58484D6B92F12DAC486FB74C4D6811A74C9FEEA785FCEAA07B471C1B009A76,False,RECOVERING,2,0,False,
1786158066.339062,engram-node01,246,97BC51ABBFAB562686E6EB0E3EA0620CEE7545711B48BB2B42248E81FD3C942B,False,SOVEREIGN,0,0,False,
1786158066.3440268,engram-node02,246,97BC51ABBFAB562686E6EB0E3EA0620CEE7545711B48BB2B42248E81FD3C942B,False,SOVEREIGN,0,0,False,
1786158066.3480582,engram-node03,246,97BC51ABBFAB562686E6EB0E3EA0620CEE7545711B48BB2B42248E81FD3C942B,False,SOVEREIGN,0,0,False,
1786158066.352114,engram-node04,246,97BC51ABBFAB562686E6EB0E3EA0620CEE7545711B48BB2B42248E81FD3C942B,False,SOVEREIGN,0,0,False,
1786158071.356631,engram-node01,249,8F8A3E0210C3299928FB13B87AC3669DCEDA6AC412C84DBB8A44C1DEC961DEC8,False,RECOVERING,2,0,False,
1786158071.36798,engram-node02,249,8F8A3E0210C3299928FB13B87AC3669DCEDA6AC412C84DBB8A44C1DEC961DEC8,False,RECOVERING,2,0,False,
1786158071.373642,engram-node03,249,8F8A3E0210C3299928FB13B87AC3669DCEDA6AC412C84DBB8A44C1DEC961DEC8,False,RECOVERING,2,0,False,
1786158071.379447,engram-node04,249,8F8A3E0210C3299928FB13B87AC3669DCEDA6AC412C84DBB8A44C1DEC961DEC8,False,RECOVERING,2,0,False,
1786158076.3884,engram-node01,249,8F8A3E0210C3299928FB13B87AC3669DCEDA6AC412C84DBB8A44C1DEC961DEC8,False,RECOVERING,2,0,False,
1786158076.392493,engram-node02,249,8F8A3E0210C3299928FB13B87AC3669DCEDA6AC412C84DBB8A44C1DEC961DEC8,False,RECOVERING,2,0,False,
1786158076.395385,engram-node03,249,8F8A3E0210C3299928FB13B87AC3669DCEDA6AC412C84DBB8A44C1DEC961DEC8,False,RECOVERING,2,0,False,
1786158076.398182,engram-node04,249,8F8A3E0210C3299928FB13B87AC3669DCEDA6AC412C84DBB8A44C1DEC961DEC8,False,RECOVERING,2,0,False,
1786158081.404381,engram-node01,249,8F8A3E0210C3299928FB13B87AC3669DCEDA6AC412C84DBB8A44C1DEC961DEC8,False,RECOVERING,2,0,False,
1786158081.413766,engram-node02,249,8F8A3E0210C3299928FB13B87AC3669DCEDA6AC412C84DBB8A44C1DEC961DEC8,False,RECOVERING,2,0,False,
1786158081.4205382,engram-node03,249,8F8A3E0210C3299928FB13B87AC3669DCEDA6AC412C84DBB8A44C1DEC961DEC8,False,RECOVERING,2,0,False,
1786158081.425598,engram-node04,249,8F8A3E0210C3299928FB13B87AC3669DCEDA6AC412C84DBB8A44C1DEC961DEC8,False,RECOVERING,2,0,False,
1786158086.431818,engram-node01,249,8F8A3E0210C3299928FB13B87AC3669DCEDA6AC412C84DBB8A44C1DEC961DEC8,False,RECOVERING,2,0,False,
1786158086.4418921,engram-node02,249,8F8A3E0210C3299928FB13B87AC3669DCEDA6AC412C84DBB8A44C1DEC961DEC8,False,RECOVERING,2,0,False,
1786158086.448056,engram-node03,249,8F8A3E0210C3299928FB13B87AC3669DCEDA6AC412C84DBB8A44C1DEC961DEC8,False,RECOVERING,2,0,False,
1786158086.4525309,engram-node04,249,8F8A3E0210C3299928FB13B87AC3669DCEDA6AC412C84DBB8A44C1DEC961DEC8,False,RECOVERING,2,0,False,
1786158091.459983,engram-node01,249,8F8A3E0210C3299928FB13B87AC3669DCEDA6AC412C84DBB8A44C1DEC961DEC8,False,RECOVERING,2,0,False,
1786158091.46929,engram-node02,249,8F8A3E0210C3299928FB13B87AC3669DCEDA6AC412C84DBB8A44C1DEC961DEC8,False,RECOVERING,2,0,False,
1786158091.476362,engram-node03,249,8F8A3E0210C3299928FB13B87AC3669DCEDA6AC412C84DBB8A44C1DEC961DEC8,False,RECOVERING,2,0,False,
1786158091.4831161,engram-node04,249,8F8A3E0210C3299928FB13B87AC3669DCEDA6AC412C84DBB8A44C1DEC961DEC8,False,RECOVERING,2,0,False,
1786158096.4940002,engram-node01,249,8F8A3E0210C3299928FB13B87AC3669DCEDA6AC412C84DBB8A44C1DEC961DEC8,False,RECOVERING,2,0,False,
1786158096.5074282,engram-node02,249,8F8A3E0210C3299928FB13B87AC3669DCEDA6AC412C84DBB8A44C1DEC961DEC8,False,RECOVERING,2,0,False,
1786158096.514233,engram-node03,249,8F8A3E0210C3299928FB13B87AC3669DCEDA6AC412C84DBB8A44C1DEC961DEC8,False,RECOVERING,2,0,False,
1786158096.5204852,engram-node04,249,8F8A3E0210C3299928FB13B87AC3669DCEDA6AC412C84DBB8A44C1DEC961DEC8,False,RECOVERING,2,0,False,
1786158101.531423,engram-node01,249,8F8A3E0210C3299928FB13B87AC3669DCEDA6AC412C84DBB8A44C1DEC961DEC8,False,RECOVERING,2,0,False,
1786158101.5443342,engram-node02,249,8F8A3E0210C3299928FB13B87AC3669DCEDA6AC412C84DBB8A44C1DEC961DEC8,False,RECOVERING,2,0,False,
1786158101.553061,engram-node03,249,8F8A3E0210C3299928FB13B87AC3669DCEDA6AC412C84DBB8A44C1DEC961DEC8,False,RECOVERING,2,0,False,
1786158101.558935,engram-node04,249,8F8A3E0210C3299928FB13B87AC3669DCEDA6AC412C84DBB8A44C1DEC961DEC8,False,RECOVERING,2,0,False,
1786158106.5720892,engram-node01,249,8F8A3E0210C3299928FB13B87AC3669DCEDA6AC412C84DBB8A44C1DEC961DEC8,False,RECOVERING,2,0,False,
1786158106.587472,engram-node02,249,8F8A3E0210C3299928FB13B87AC3669DCEDA6AC412C84DBB8A44C1DEC961DEC8,False,RECOVERING,2,0,False,
1786158106.602138,engram-node03,249,8F8A3E0210C3299928FB13B87AC3669DCEDA6AC412C84DBB8A44C1DEC961DEC8,False,RECOVERING,2,0,False,
1786158106.609478,engram-node04,249,8F8A3E0210C3299928FB13B87AC3669DCEDA6AC412C84DBB8A44C1DEC961DEC8,False,RECOVERING,2,0,False,
1786158111.622077,engram-node01,249,8F8A3E0210C3299928FB13B87AC3669DCEDA6AC412C84DBB8A44C1DEC961DEC8,False,RECOVERING,2,0,False,
1786158111.628128,engram-node02,249,8F8A3E0210C3299928FB13B87AC3669DCEDA6AC412C84DBB8A44C1DEC961DEC8,False,RECOVERING,2,0,False,
1786158111.633512,engram-node03,249,8F8A3E0210C3299928FB13B87AC3669DCEDA6AC412C84DBB8A44C1DEC961DEC8,False,RECOVERING,2,0,False,
1786158111.6374788,engram-node04,249,8F8A3E0210C3299928FB13B87AC3669DCEDA6AC412C84DBB8A44C1DEC961DEC8,False,RECOVERING,2,0,False,
1786158116.645549,engram-node01,249,8F8A3E0210C3299928FB13B87AC3669DCEDA6AC412C84DBB8A44C1DEC961DEC8,False,RECOVERING,2,0,False,
1786158116.6536,engram-node02,249,8F8A3E0210C3299928FB13B87AC3669DCEDA6AC412C84DBB8A44C1DEC961DEC8,False,RECOVERING,2,0,False,
1786158116.661676,engram-node03,249,8F8A3E0210C3299928FB13B87AC3669DCEDA6AC412C84DBB8A44C1DEC961DEC8,False,RECOVERING,2,0,False,
1786158116.668745,engram-node04,249,8F8A3E0210C3299928FB13B87AC3669DCEDA6AC412C84DBB8A44C1DEC961DEC8,False,RECOVERING,2,0,False,
1786158121.67984,engram-node01,249,8F8A3E0210C3299928FB13B87AC3669DCEDA6AC412C84DBB8A44C1DEC961DEC8,False,RECOVERING,2,0,False,
1786158121.6859589,engram-node02,249,8F8A3E0210C3299928FB13B87AC3669DCEDA6AC412C84DBB8A44C1DEC961DEC8,False,RECOVERING,2,0,False,
1786158121.690542,engram-node03,249,8F8A3E0210C3299928FB13B87AC3669DCEDA6AC412C84DBB8A44C1DEC961DEC8,False,RECOVERING,2,0,False,
1786158121.694738,engram-node04,249,8F8A3E0210C3299928FB13B87AC3669DCEDA6AC412C84DBB8A44C1DEC961DEC8,False,RECOVERING,2,0,False,
1786158126.705847,engram-node01,250,66EF3E76A3CBACBCFC5E3365DFD4A6843ABA1082AFFF9ADA38A48366B3FD7239,False,RECOVERING,2,0,False,
1786158126.744226,engram-node02,250,66EF3E76A3CBACBCFC5E3365DFD4A6843ABA1082AFFF9ADA38A48366B3FD7239,False,RECOVERING,2,0,False,
1786158126.7837179,engram-node03,250,66EF3E76A3CBACBCFC5E3365DFD4A6843ABA1082AFFF9ADA38A48366B3FD7239,False,SOVEREIGN,0,0,False,
1786158126.810978,engram-node04,250,66EF3E76A3CBACBCFC5E3365DFD4A6843ABA1082AFFF9ADA38A48366B3FD7239,False,SOVEREIGN,0,0,False,
1786158131.8278248,engram-node01,253,AF89E49A552889607F87BA380A12EF540B8BD8EA49E0C42E367935B1E2836D23,False,RECOVERING,2,0,False,
1786158131.8371048,engram-node02,253,AF89E49A552889607F87BA380A12EF540B8BD8EA49E0C42E367935B1E2836D23,False,RECOVERING,2,0,False,
1786158131.842792,engram-node03,253,AF89E49A552889607F87BA380A12EF540B8BD8EA49E0C42E367935B1E2836D23,False,RECOVERING,2,0,False,
1786158131.8463979,engram-node04,253,AF89E49A552889607F87BA380A12EF540B8BD8EA49E0C42E367935B1E2836D23,False,RECOVERING,2,0,False,
1786158136.8526452,engram-node01,253,AF89E49A552889607F87BA380A12EF540B8BD8EA49E0C42E367935B1E2836D23,False,RECOVERING,2,0,False,
1786158136.859371,engram-node02,253,AF89E49A552889607F87BA380A12EF540B8BD8EA49E0C42E367935B1E2836D23,False,RECOVERING,2,0,False,
1786158136.86524,engram-node03,253,AF89E49A552889607F87BA380A12EF540B8BD8EA49E0C42E367935B1E2836D23,False,RECOVERING,2,0,False,
1786158136.870472,engram-node04,253,AF89E49A552889607F87BA380A12EF540B8BD8EA49E0C42E367935B1E2836D23,False,RECOVERING,2,0,False,
1786158141.878371,engram-node01,253,AF89E49A552889607F87BA380A12EF540B8BD8EA49E0C42E367935B1E2836D23,False,RECOVERING,2,0,False,
1786158141.8849,engram-node02,253,AF89E49A552889607F87BA380A12EF540B8BD8EA49E0C42E367935B1E2836D23,False,RECOVERING,2,0,False,
1786158141.888823,engram-node03,253,AF89E49A552889607F87BA380A12EF540B8BD8EA49E0C42E367935B1E2836D23,False,RECOVERING,2,0,False,
1786158141.8928099,engram-node04,253,AF89E49A552889607F87BA380A12EF540B8BD8EA49E0C42E367935B1E2836D23,False,RECOVERING,2,0,False,
1786158146.9018319,engram-node01,253,AF89E49A552889607F87BA380A12EF540B8BD8EA49E0C42E367935B1E2836D23,False,RECOVERING,2,0,False,
1786158146.909248,engram-node02,253,AF89E49A552889607F87BA380A12EF540B8BD8EA49E0C42E367935B1E2836D23,False,RECOVERING,2,0,False,
1786158146.914986,engram-node03,253,AF89E49A552889607F87BA380A12EF540B8BD8EA49E0C42E367935B1E2836D23,False,RECOVERING,2,0,False,
1786158146.919683,engram-node04,253,AF89E49A552889607F87BA380A12EF540B8BD8EA49E0C42E367935B1E2836D23,False,RECOVERING,2,0,False,
1786158151.929684,engram-node01,253,AF89E49A552889607F87BA380A12EF540B8BD8EA49E0C42E367935B1E2836D23,False,RECOVERING,2,0,False,
1786158151.939456,engram-node02,253,AF89E49A552889607F87BA380A12EF540B8BD8EA49E0C42E367935B1E2836D23,False,RECOVERING,2,0,False,
1786158151.9459908,engram-node03,253,AF89E49A552889607F87BA380A12EF540B8BD8EA49E0C42E367935B1E2836D23,False,RECOVERING,2,0,False,
1786158151.950799,engram-node04,253,AF89E49A552889607F87BA380A12EF540B8BD8EA49E0C42E367935B1E2836D23,False,RECOVERING,2,0,False,
1786158156.960802,engram-node01,253,AF89E49A552889607F87BA380A12EF540B8BD8EA49E0C42E367935B1E2836D23,False,RECOVERING,2,0,False,
1786158156.964131,engram-node02,253,AF89E49A552889607F87BA380A12EF540B8BD8EA49E0C42E367935B1E2836D23,False,RECOVERING,2,0,False,
1786158156.96734,engram-node03,253,AF89E49A552889607F87BA380A12EF540B8BD8EA49E0C42E367935B1E2836D23,False,RECOVERING,2,0,False,
1786158156.9707892,engram-node04,253,AF89E49A552889607F87BA380A12EF540B8BD8EA49E0C42E367935B1E2836D23,False,RECOVERING,2,0,False,
1786158161.975518,engram-node01,253,AF89E49A552889607F87BA380A12EF540B8BD8EA49E0C42E367935B1E2836D23,False,RECOVERING,2,0,False,
1786158161.980841,engram-node02,253,AF89E49A552889607F87BA380A12EF540B8BD8EA49E0C42E367935B1E2836D23,False,RECOVERING,2,0,False,
1786158161.986654,engram-node03,253,AF89E49A552889607F87BA380A12EF540B8BD8EA49E0C42E367935B1E2836D23,False,RECOVERING,2,0,False,
1786158161.991423,engram-node04,253,AF89E49A552889607F87BA380A12EF540B8BD8EA49E0C42E367935B1E2836D23,False,RECOVERING,2,0,False,
1786158167.0033338,engram-node01,253,AF89E49A552889607F87BA380A12EF540B8BD8EA49E0C42E367935B1E2836D23,False,RECOVERING,2,0,False,
1786158167.0099342,engram-node02,253,AF89E49A552889607F87BA380A12EF540B8BD8EA49E0C42E367935B1E2836D23,False,RECOVERING,2,0,False,
1786158167.0156312,engram-node03,253,AF89E49A552889607F87BA380A12EF540B8BD8EA49E0C42E367935B1E2836D23,False,RECOVERING,2,0,False,
1786158167.0206552,engram-node04,253,AF89E49A552889607F87BA380A12EF540B8BD8EA49E0C42E367935B1E2836D23,False,RECOVERING,2,0,False,
1786158172.026668,engram-node01,253,AF89E49A552889607F87BA380A12EF540B8BD8EA49E0C42E367935B1E2836D23,False,RECOVERING,2,0,False,
1786158172.034781,engram-node02,253,AF89E49A552889607F87BA380A12EF540B8BD8EA49E0C42E367935B1E2836D23,False,RECOVERING,2,0,False,
1786158172.040491,engram-node03,253,AF89E49A552889607F87BA380A12EF540B8BD8EA49E0C42E367935B1E2836D23,False,RECOVERING,2,0,False,
1786158172.045773,engram-node04,253,AF89E49A552889607F87BA380A12EF540B8BD8EA49E0C42E367935B1E2836D23,False,RECOVERING,2,0,False,
1786158177.054118,engram-node01,253,AF89E49A552889607F87BA380A12EF540B8BD8EA49E0C42E367935B1E2836D23,False,RECOVERING,2,0,False,
1786158177.061033,engram-node02,253,AF89E49A552889607F87BA380A12EF540B8BD8EA49E0C42E367935B1E2836D23,False,RECOVERING,2,0,False,
1786158177.066729,engram-node03,253,AF89E49A552889607F87BA380A12EF540B8BD8EA49E0C42E367935B1E2836D23,False,RECOVERING,2,0,False,
1786158177.081057,engram-node04,253,AF89E49A552889607F87BA380A12EF540B8BD8EA49E0C42E367935B1E2836D23,False,RECOVERING,2,0,False,
1786158182.0853472,engram-node01,253,AF89E49A552889607F87BA380A12EF540B8BD8EA49E0C42E367935B1E2836D23,False,RECOVERING,2,0,False,
1786158182.091573,engram-node02,253,AF89E49A552889607F87BA380A12EF540B8BD8EA49E0C42E367935B1E2836D23,False,RECOVERING,2,0,False,
1786158182.097654,engram-node03,253,AF89E49A552889607F87BA380A12EF540B8BD8EA49E0C42E367935B1E2836D23,False,RECOVERING,2,0,False,
1786158182.104081,engram-node04,253,AF89E49A552889607F87BA380A12EF540B8BD8EA49E0C42E367935B1E2836D23,False,RECOVERING,2,0,False,
1786158187.110482,engram-node01,253,AF89E49A552889607F87BA380A12EF540B8BD8EA49E0C42E367935B1E2836D23,False,RECOVERING,2,0,False,
1786158187.1169322,engram-node02,253,AF89E49A552889607F87BA380A12EF540B8BD8EA49E0C42E367935B1E2836D23,False,RECOVERING,2,0,False,
1786158187.121244,engram-node03,253,AF89E49A552889607F87BA380A12EF540B8BD8EA49E0C42E367935B1E2836D23,False,RECOVERING,2,0,False,
1786158187.1252851,engram-node04,253,AF89E49A552889607F87BA380A12EF540B8BD8EA49E0C42E367935B1E2836D23,False,RECOVERING,2,0,False,
1786158192.13282,engram-node01,257,AB237EFEE7AACCF97A1200B22DC6F8B251FBABA34DE83CA976B90C22922698F4,False,RECOVERING,2,0,False,
1786158192.171735,engram-node02,257,AB237EFEE7AACCF97A1200B22DC6F8B251FBABA34DE83CA976B90C22922698F4,False,RECOVERING,2,0,False,
1786158192.177883,engram-node03,257,AB237EFEE7AACCF97A1200B22DC6F8B251FBABA34DE83CA976B90C22922698F4,False,RECOVERING,2,0,False,
1786158192.1829371,engram-node04,257,AB237EFEE7AACCF97A1200B22DC6F8B251FBABA34DE83CA976B90C22922698F4,False,RECOVERING,2,0,False,
1786158197.207083,engram-node01,257,AB237EFEE7AACCF97A1200B22DC6F8B251FBABA34DE83CA976B90C22922698F4,False,RECOVERING,2,0,False,
1786158197.216466,engram-node02,257,AB237EFEE7AACCF97A1200B22DC6F8B251FBABA34DE83CA976B90C22922698F4,False,RECOVERING,2,0,False,
1786158197.221298,engram-node03,257,AB237EFEE7AACCF97A1200B22DC6F8B251FBABA34DE83CA976B90C22922698F4,False,RECOVERING,2,0,False,
1786158197.226194,engram-node04,257,AB237EFEE7AACCF97A1200B22DC6F8B251FBABA34DE83CA976B90C22922698F4,False,RECOVERING,2,0,False,
1786158202.231839,engram-node01,257,AB237EFEE7AACCF97A1200B22DC6F8B251FBABA34DE83CA976B90C22922698F4,False,RECOVERING,2,0,False,
1786158202.236592,engram-node02,257,AB237EFEE7AACCF97A1200B22DC6F8B251FBABA34DE83CA976B90C22922698F4,False,RECOVERING,2,0,False,
1786158202.241088,engram-node03,257,AB237EFEE7AACCF97A1200B22DC6F8B251FBABA34DE83CA976B90C22922698F4,False,RECOVERING,2,0,False,
1786158202.2455392,engram-node04,257,AB237EFEE7AACCF97A1200B22DC6F8B251FBABA34DE83CA976B90C22922698F4,False,RECOVERING,2,0,False,
1786158207.258236,engram-node01,257,AB237EFEE7AACCF97A1200B22DC6F8B251FBABA34DE83CA976B90C22922698F4,False,RECOVERING,2,0,False,
1786158207.2657778,engram-node02,257,AB237EFEE7AACCF97A1200B22DC6F8B251FBABA34DE83CA976B90C22922698F4,False,RECOVERING,2,0,False,
1786158207.269839,engram-node03,257,AB237EFEE7AACCF97A1200B22DC6F8B251FBABA34DE83CA976B90C22922698F4,False,RECOVERING,2,0,False,
1786158207.272657,engram-node04,257,AB237EFEE7AACCF97A1200B22DC6F8B251FBABA34DE83CA976B90C22922698F4,False,RECOVERING,2,0,False,
1786158212.278646,engram-node01,257,AB237EFEE7AACCF97A1200B22DC6F8B251FBABA34DE83CA976B90C22922698F4,False,RECOVERING,2,0,False,
1786158212.2832088,engram-node02,257,AB237EFEE7AACCF97A1200B22DC6F8B251FBABA34DE83CA976B90C22922698F4,False,RECOVERING,2,0,False,
1786158212.286539,engram-node03,257,AB237EFEE7AACCF97A1200B22DC6F8B251FBABA34DE83CA976B90C22922698F4,False,RECOVERING,2,0,False,
1786158212.2898939,engram-node04,257,AB237EFEE7AACCF97A1200B22DC6F8B251FBABA34DE83CA976B90C22922698F4,False,RECOVERING,2,0,False,
1786158217.296696,engram-node01,257,AB237EFEE7AACCF97A1200B22DC6F8B251FBABA34DE83CA976B90C22922698F4,False,RECOVERING,2,0,False,
1786158217.300332,engram-node02,257,AB237EFEE7AACCF97A1200B22DC6F8B251FBABA34DE83CA976B90C22922698F4,False,RECOVERING,2,0,False,
1786158217.3032022,engram-node03,257,AB237EFEE7AACCF97A1200B22DC6F8B251FBABA34DE83CA976B90C22922698F4,False,RECOVERING,2,0,False,
1786158217.30614,engram-node04,257,AB237EFEE7AACCF97A1200B22DC6F8B251FBABA34DE83CA976B90C22922698F4,False,RECOVERING,2,0,False,
1786158222.312372,engram-node01,257,AB237EFEE7AACCF97A1200B22DC6F8B251FBABA34DE83CA976B90C22922698F4,False,RECOVERING,2,0,False,
1786158222.320221,engram-node02,257,AB237EFEE7AACCF97A1200B22DC6F8B251FBABA34DE83CA976B90C22922698F4,False,RECOVERING,2,0,False,
1786158222.3237991,engram-node03,257,AB237EFEE7AACCF97A1200B22DC6F8B251FBABA34DE83CA976B90C22922698F4,False,RECOVERING,2,0,False,
1786158222.328156,engram-node04,257,AB237EFEE7AACCF97A1200B22DC6F8B251FBABA34DE83CA976B90C22922698F4,False,RECOVERING,2,0,False,
1786158227.336301,engram-node01,257,AB237EFEE7AACCF97A1200B22DC6F8B251FBABA34DE83CA976B90C22922698F4,False,RECOVERING,2,0,False,
1786158227.3470452,engram-node02,257,AB237EFEE7AACCF97A1200B22DC6F8B251FBABA34DE83CA976B90C22922698F4,False,RECOVERING,2,0,False,
1786158227.355835,engram-node03,257,AB237EFEE7AACCF97A1200B22DC6F8B251FBABA34DE83CA976B90C22922698F4,False,RECOVERING,2,0,False,
1786158227.363731,engram-node04,257,AB237EFEE7AACCF97A1200B22DC6F8B251FBABA34DE83CA976B90C22922698F4,False,RECOVERING,2,0,False,
1786158232.374141,engram-node01,257,AB237EFEE7AACCF97A1200B22DC6F8B251FBABA34DE83CA976B90C22922698F4,False,RECOVERING,2,0,False,
1786158232.3855202,engram-node02,257,AB237EFEE7AACCF97A1200B22DC6F8B251FBABA34DE83CA976B90C22922698F4,False,RECOVERING,2,0,False,
1786158232.3915641,engram-node03,257,AB237EFEE7AACCF97A1200B22DC6F8B251FBABA34DE83CA976B90C22922698F4,False,RECOVERING,2,0,False,
1786158232.396188,engram-node04,257,AB237EFEE7AACCF97A1200B22DC6F8B251FBABA34DE83CA976B90C22922698F4,False,RECOVERING,2,0,False,
1786158237.401998,engram-node01,257,AB237EFEE7AACCF97A1200B22DC6F8B251FBABA34DE83CA976B90C22922698F4,False,RECOVERING,2,0,False,
1786158237.415025,engram-node02,257,AB237EFEE7AACCF97A1200B22DC6F8B251FBABA34DE83CA976B90C22922698F4,False,RECOVERING,2,0,False,
1786158237.422904,engram-node03,257,AB237EFEE7AACCF97A1200B22DC6F8B251FBABA34DE83CA976B90C22922698F4,False,RECOVERING,2,0,False,
1786158237.43123,engram-node04,257,AB237EFEE7AACCF97A1200B22DC6F8B251FBABA34DE83CA976B90C22922698F4,False,RECOVERING,2,0,False,
1786158242.4394848,engram-node01,257,AB237EFEE7AACCF97A1200B22DC6F8B251FBABA34DE83CA976B90C22922698F4,False,RECOVERING,2,0,False,
1786158242.450443,engram-node02,257,AB237EFEE7AACCF97A1200B22DC6F8B251FBABA34DE83CA976B90C22922698F4,False,RECOVERING,2,0,False,
1786158242.4659,engram-node03,257,AB237EFEE7AACCF97A1200B22DC6F8B251FBABA34DE83CA976B90C22922698F4,False,RECOVERING,2,0,False,
1786158242.475729,engram-node04,257,AB237EFEE7AACCF97A1200B22DC6F8B251FBABA34DE83CA976B90C22922698F4,False,RECOVERING,2,0,False,
1786158247.5004642,engram-node01,257,AB237EFEE7AACCF97A1200B22DC6F8B251FBABA34DE83CA976B90C22922698F4,False,RECOVERING,2,0,False,
1786158247.532298,engram-node02,257,AB237EFEE7AACCF97A1200B22DC6F8B251FBABA34DE83CA976B90C22922698F4,False,RECOVERING,2,0,False,
1786158247.5590248,engram-node03,257,AB237EFEE7AACCF97A1200B22DC6F8B251FBABA34DE83CA976B90C22922698F4,False,RECOVERING,2,0,False,
1786158247.582688,engram-node04,257,AB237EFEE7AACCF97A1200B22DC6F8B251FBABA34DE83CA976B90C22922698F4,False,RECOVERING,2,0,False,
1786158252.5949361,engram-node01,261,B254C36B565012AB02A261F91BADFA6BB4137F7285CAE3D82A81F97C21A1C032,False,RECOVERING,2,0,False,
1786158252.603063,engram-node02,261,B254C36B565012AB02A261F91BADFA6BB4137F7285CAE3D82A81F97C21A1C032,False,RECOVERING,2,0,False,
1786158252.609596,engram-node03,261,B254C36B565012AB02A261F91BADFA6BB4137F7285CAE3D82A81F97C21A1C032,False,RECOVERING,2,0,False,
1786158252.61634,engram-node04,261,B254C36B565012AB02A261F91BADFA6BB4137F7285CAE3D82A81F97C21A1C032,False,RECOVERING,2,0,False,
1786158257.6280892,engram-node01,261,B254C36B565012AB02A261F91BADFA6BB4137F7285CAE3D82A81F97C21A1C032,False,RECOVERING,2,0,False,
1786158257.638509,engram-node02,261,B254C36B565012AB02A261F91BADFA6BB4137F7285CAE3D82A81F97C21A1C032,False,RECOVERING,2,0,False,
1786158257.644774,engram-node03,261,B254C36B565012AB02A261F91BADFA6BB4137F7285CAE3D82A81F97C21A1C032,False,RECOVERING,2,0,False,
1786158257.650121,engram-node04,261,B254C36B565012AB02A261F91BADFA6BB4137F7285CAE3D82A81F97C21A1C032,False,RECOVERING,2,0,False,
1786158262.657514,engram-node01,261,B254C36B565012AB02A261F91BADFA6BB4137F7285CAE3D82A81F97C21A1C032,False,RECOVERING,2,0,False,
1786158262.6637561,engram-node02,261,B254C36B565012AB02A261F91BADFA6BB4137F7285CAE3D82A81F97C21A1C032,False,RECOVERING,2,0,False,
1786158262.669984,engram-node03,261,B254C36B565012AB02A261F91BADFA6BB4137F7285CAE3D82A81F97C21A1C032,False,RECOVERING,2,0,False,
1786158262.6734872,engram-node04,261,B254C36B565012AB02A261F91BADFA6BB4137F7285CAE3D82A81F97C21A1C032,False,RECOVERING,2,0,False,
1786158267.677375,engram-node01,261,B254C36B565012AB02A261F91BADFA6BB4137F7285CAE3D82A81F97C21A1C032,False,RECOVERING,2,0,False,
1786158267.6901581,engram-node02,261,B254C36B565012AB02A261F91BADFA6BB4137F7285CAE3D82A81F97C21A1C032,False,RECOVERING,2,0,False,
1786158267.697994,engram-node03,261,B254C36B565012AB02A261F91BADFA6BB4137F7285CAE3D82A81F97C21A1C032,False,RECOVERING,2,0,False,
1786158267.7063,engram-node04,261,B254C36B565012AB02A261F91BADFA6BB4137F7285CAE3D82A81F97C21A1C032,False,RECOVERING,2,0,False,
1786158272.712128,engram-node01,261,B254C36B565012AB02A261F91BADFA6BB4137F7285CAE3D82A81F97C21A1C032,False,RECOVERING,2,0,False,
1786158272.7230248,engram-node02,261,B254C36B565012AB02A261F91BADFA6BB4137F7285CAE3D82A81F97C21A1C032,False,RECOVERING,2,0,False,
1786158272.729267,engram-node03,261,B254C36B565012AB02A261F91BADFA6BB4137F7285CAE3D82A81F97C21A1C032,False,RECOVERING,2,0,False,
1786158272.7348008,engram-node04,261,B254C36B565012AB02A261F91BADFA6BB4137F7285CAE3D82A81F97C21A1C032,False,RECOVERING,2,0,False,
1786158277.7455559,engram-node01,261,B254C36B565012AB02A261F91BADFA6BB4137F7285CAE3D82A81F97C21A1C032,False,RECOVERING,2,0,False,
1786158277.778539,engram-node02,261,B254C36B565012AB02A261F91BADFA6BB4137F7285CAE3D82A81F97C21A1C032,False,RECOVERING,2,0,False,
1786158277.806729,engram-node03,261,B254C36B565012AB02A261F91BADFA6BB4137F7285CAE3D82A81F97C21A1C032,False,RECOVERING,2,0,False,
1786158277.840541,engram-node04,261,B254C36B565012AB02A261F91BADFA6BB4137F7285CAE3D82A81F97C21A1C032,False,RECOVERING,2,0,False,
1786158282.872633,engram-node01,261,B254C36B565012AB02A261F91BADFA6BB4137F7285CAE3D82A81F97C21A1C032,False,RECOVERING,2,0,False,
1786158282.880358,engram-node02,261,B254C36B565012AB02A261F91BADFA6BB4137F7285CAE3D82A81F97C21A1C032,False,RECOVERING,2,0,False,
1786158282.884348,engram-node03,261,B254C36B565012AB02A261F91BADFA6BB4137F7285CAE3D82A81F97C21A1C032,False,RECOVERING,2,0,False,
1786158282.8887942,engram-node04,261,B254C36B565012AB02A261F91BADFA6BB4137F7285CAE3D82A81F97C21A1C032,False,RECOVERING,2,0,False,
1786158287.894582,engram-node01,261,B254C36B565012AB02A261F91BADFA6BB4137F7285CAE3D82A81F97C21A1C032,False,RECOVERING,2,0,False,
1786158287.898489,engram-node02,261,B254C36B565012AB02A261F91BADFA6BB4137F7285CAE3D82A81F97C21A1C032,False,RECOVERING,2,0,False,
1786158287.902082,engram-node03,261,B254C36B565012AB02A261F91BADFA6BB4137F7285CAE3D82A81F97C21A1C032,False,RECOVERING,2,0,False,
1786158287.9051049,engram-node04,261,B254C36B565012AB02A261F91BADFA6BB4137F7285CAE3D82A81F97C21A1C032,False,RECOVERING,2,0,False,
1786158292.908766,engram-node01,261,B254C36B565012AB02A261F91BADFA6BB4137F7285CAE3D82A81F97C21A1C032,False,RECOVERING,2,0,False,
1786158292.9163892,engram-node02,261,B254C36B565012AB02A261F91BADFA6BB4137F7285CAE3D82A81F97C21A1C032,False,RECOVERING,2,0,False,
1786158292.922698,engram-node03,261,B254C36B565012AB02A261F91BADFA6BB4137F7285CAE3D82A81F97C21A1C032,False,RECOVERING,2,0,False,
1786158292.92799,engram-node04,261,B254C36B565012AB02A261F91BADFA6BB4137F7285CAE3D82A81F97C21A1C032,False,RECOVERING,2,0,False,
1786158297.936457,engram-node01,261,B254C36B565012AB02A261F91BADFA6BB4137F7285CAE3D82A81F97C21A1C032,False,RECOVERING,2,0,False,
1786158297.942793,engram-node02,261,B254C36B565012AB02A261F91BADFA6BB4137F7285CAE3D82A81F97C21A1C032,False,RECOVERING,2,0,False,
1786158297.947212,engram-node03,261,B254C36B565012AB02A261F91BADFA6BB4137F7285CAE3D82A81F97C21A1C032,False,RECOVERING,2,0,False,
1786158297.9516091,engram-node04,261,B254C36B565012AB02A261F91BADFA6BB4137F7285CAE3D82A81F97C21A1C032,False,RECOVERING,2,0,False,
1786158302.9549608,engram-node01,261,B254C36B565012AB02A261F91BADFA6BB4137F7285CAE3D82A81F97C21A1C032,False,RECOVERING,2,0,False,
1786158302.9609878,engram-node02,261,B254C36B565012AB02A261F91BADFA6BB4137F7285CAE3D82A81F97C21A1C032,False,RECOVERING,2,0,False,
1786158302.9638898,engram-node03,261,B254C36B565012AB02A261F91BADFA6BB4137F7285CAE3D82A81F97C21A1C032,False,RECOVERING,2,0,False,
1786158302.967238,engram-node04,261,B254C36B565012AB02A261F91BADFA6BB4137F7285CAE3D82A81F97C21A1C032,False,RECOVERING,2,0,False,
1786158307.975314,engram-node01,261,B254C36B565012AB02A261F91BADFA6BB4137F7285CAE3D82A81F97C21A1C032,False,RECOVERING,2,0,False,
1786158307.984939,engram-node02,261,B254C36B565012AB02A261F91BADFA6BB4137F7285CAE3D82A81F97C21A1C032,False,RECOVERING,2,0,False,
1786158308.003119,engram-node03,261,B254C36B565012AB02A261F91BADFA6BB4137F7285CAE3D82A81F97C21A1C032,False,RECOVERING,2,0,False,
1786158308.010973,engram-node04,261,B254C36B565012AB02A261F91BADFA6BB4137F7285CAE3D82A81F97C21A1C032,False,RECOVERING,2,0,False,
1786158313.021276,engram-node01,265,E5A3C2EA5B1DDD19349A6C539C8EA855DF4B96EE0162E6798176A5E7624247EE,False,RECOVERING,2,0,False,
1786158313.029536,engram-node02,265,E5A3C2EA5B1DDD19349A6C539C8EA855DF4B96EE0162E6798176A5E7624247EE,False,RECOVERING,2,0,False,
1786158313.03351,engram-node03,265,E5A3C2EA5B1DDD19349A6C539C8EA855DF4B96EE0162E6798176A5E7624247EE,False,RECOVERING,2,0,False,
1786158313.0363789,engram-node04,265,E5A3C2EA5B1DDD19349A6C539C8EA855DF4B96EE0162E6798176A5E7624247EE,False,RECOVERING,2,0,False,
1786158318.040791,engram-node01,265,E5A3C2EA5B1DDD19349A6C539C8EA855DF4B96EE0162E6798176A5E7624247EE,False,RECOVERING,2,0,False,
1786158318.045794,engram-node02,265,E5A3C2EA5B1DDD19349A6C539C8EA855DF4B96EE0162E6798176A5E7624247EE,False,RECOVERING,2,0,False,
1786158318.050286,engram-node03,265,E5A3C2EA5B1DDD19349A6C539C8EA855DF4B96EE0162E6798176A5E7624247EE,False,RECOVERING,2,0,False,
1786158318.05425,engram-node04,265,E5A3C2EA5B1DDD19349A6C539C8EA855DF4B96EE0162E6798176A5E7624247EE,False,RECOVERING,2,0,False,
1786158323.05865,engram-node01,265,E5A3C2EA5B1DDD19349A6C539C8EA855DF4B96EE0162E6798176A5E7624247EE,False,RECOVERING,2,0,False,
1786158323.0636868,engram-node02,265,E5A3C2EA5B1DDD19349A6C539C8EA855DF4B96EE0162E6798176A5E7624247EE,False,RECOVERING,2,0,False,
1786158323.0690298,engram-node03,265,E5A3C2EA5B1DDD19349A6C539C8EA855DF4B96EE0162E6798176A5E7624247EE,False,RECOVERING,2,0,False,
1786158323.072858,engram-node04,265,E5A3C2EA5B1DDD19349A6C539C8EA855DF4B96EE0162E6798176A5E7624247EE,False,RECOVERING,2,0,False,
1786158328.081119,engram-node01,265,E5A3C2EA5B1DDD19349A6C539C8EA855DF4B96EE0162E6798176A5E7624247EE,False,RECOVERING,2,0,False,
1786158328.087959,engram-node02,265,E5A3C2EA5B1DDD19349A6C539C8EA855DF4B96EE0162E6798176A5E7624247EE,False,RECOVERING,2,0,False,
1786158328.091934,engram-node03,265,E5A3C2EA5B1DDD19349A6C539C8EA855DF4B96EE0162E6798176A5E7624247EE,False,RECOVERING,2,0,False,
1786158328.0950358,engram-node04,265,E5A3C2EA5B1DDD19349A6C539C8EA855DF4B96EE0162E6798176A5E7624247EE,False,RECOVERING,2,0,False,
1786158333.1043851,engram-node01,265,E5A3C2EA5B1DDD19349A6C539C8EA855DF4B96EE0162E6798176A5E7624247EE,False,RECOVERING,2,0,False,
1786158333.116168,engram-node02,265,E5A3C2EA5B1DDD19349A6C539C8EA855DF4B96EE0162E6798176A5E7624247EE,False,RECOVERING,2,0,False,
1786158333.126517,engram-node03,265,E5A3C2EA5B1DDD19349A6C539C8EA855DF4B96EE0162E6798176A5E7624247EE,False,RECOVERING,2,0,False,
1786158333.1358411,engram-node04,265,E5A3C2EA5B1DDD19349A6C539C8EA855DF4B96EE0162E6798176A5E7624247EE,False,RECOVERING,2,0,False,
1786158338.143203,engram-node01,265,E5A3C2EA5B1DDD19349A6C539C8EA855DF4B96EE0162E6798176A5E7624247EE,False,RECOVERING,2,0,False,
1786158338.155251,engram-node02,265,E5A3C2EA5B1DDD19349A6C539C8EA855DF4B96EE0162E6798176A5E7624247EE,False,RECOVERING,2,0,False,
1786158338.1637702,engram-node03,265,E5A3C2EA5B1DDD19349A6C539C8EA855DF4B96EE0162E6798176A5E7624247EE,False,RECOVERING,2,0,False,
1786158338.173502,engram-node04,265,E5A3C2EA5B1DDD19349A6C539C8EA855DF4B96EE0162E6798176A5E7624247EE,False,RECOVERING,2,0,False,
1786158343.184104,engram-node01,265,E5A3C2EA5B1DDD19349A6C539C8EA855DF4B96EE0162E6798176A5E7624247EE,False,RECOVERING,2,0,False,
1786158343.193629,engram-node02,265,E5A3C2EA5B1DDD19349A6C539C8EA855DF4B96EE0162E6798176A5E7624247EE,False,RECOVERING,2,0,False,
1786158343.2084181,engram-node03,265,E5A3C2EA5B1DDD19349A6C539C8EA855DF4B96EE0162E6798176A5E7624247EE,False,RECOVERING,2,0,False,
1786158343.217652,engram-node04,265,E5A3C2EA5B1DDD19349A6C539C8EA855DF4B96EE0162E6798176A5E7624247EE,False,RECOVERING,2,0,False,
1786158348.228032,engram-node01,265,E5A3C2EA5B1DDD19349A6C539C8EA855DF4B96EE0162E6798176A5E7624247EE,False,RECOVERING,2,0,False,
1786158348.238838,engram-node02,265,E5A3C2EA5B1DDD19349A6C539C8EA855DF4B96EE0162E6798176A5E7624247EE,False,RECOVERING,2,0,False,
1786158348.2478158,engram-node03,265,E5A3C2EA5B1DDD19349A6C539C8EA855DF4B96EE0162E6798176A5E7624247EE,False,RECOVERING,2,0,False,
1786158348.2548852,engram-node04,265,E5A3C2EA5B1DDD19349A6C539C8EA855DF4B96EE0162E6798176A5E7624247EE,False,RECOVERING,2,0,False,
1786158353.266082,engram-node01,265,E5A3C2EA5B1DDD19349A6C539C8EA855DF4B96EE0162E6798176A5E7624247EE,False,RECOVERING,2,0,False,
1786158353.280035,engram-node02,265,E5A3C2EA5B1DDD19349A6C539C8EA855DF4B96EE0162E6798176A5E7624247EE,False,RECOVERING,2,0,False,
1786158353.291091,engram-node03,265,E5A3C2EA5B1DDD19349A6C539C8EA855DF4B96EE0162E6798176A5E7624247EE,False,RECOVERING,2,0,False,
1786158353.303062,engram-node04,265,E5A3C2EA5B1DDD19349A6C539C8EA855DF4B96EE0162E6798176A5E7624247EE,False,RECOVERING,2,0,False,
1786158358.316973,engram-node01,265,E5A3C2EA5B1DDD19349A6C539C8EA855DF4B96EE0162E6798176A5E7624247EE,False,RECOVERING,2,0,False,
1786158358.325249,engram-node02,265,E5A3C2EA5B1DDD19349A6C539C8EA855DF4B96EE0162E6798176A5E7624247EE,False,RECOVERING,2,0,False,
1786158358.332643,engram-node03,265,E5A3C2EA5B1DDD19349A6C539C8EA855DF4B96EE0162E6798176A5E7624247EE,False,RECOVERING,2,0,False,
1786158358.3397582,engram-node04,265,E5A3C2EA5B1DDD19349A6C539C8EA855DF4B96EE0162E6798176A5E7624247EE,False,RECOVERING,2,0,False,
1786158363.351038,engram-node01,265,E5A3C2EA5B1DDD19349A6C539C8EA855DF4B96EE0162E6798176A5E7624247EE,False,RECOVERING,2,0,False,
1786158363.358866,engram-node02,265,E5A3C2EA5B1DDD19349A6C539C8EA855DF4B96EE0162E6798176A5E7624247EE,False,RECOVERING,2,0,False,
1786158363.366029,engram-node03,265,E5A3C2EA5B1DDD19349A6C539C8EA855DF4B96EE0162E6798176A5E7624247EE,False,RECOVERING,2,0,False,
1786158363.3758268,engram-node04,265,E5A3C2EA5B1DDD19349A6C539C8EA855DF4B96EE0162E6798176A5E7624247EE,False,RECOVERING,2,0,False,
1786158368.391176,engram-node01,266,F36312E9554482A573DA044AF0EB9FCEC89326AEE5C10FA78E27635167A64448,False,SOVEREIGN,0,0,False,
1786158368.409162,engram-node02,266,F36312E9554482A573DA044AF0EB9FCEC89326AEE5C10FA78E27635167A64448,False,SOVEREIGN,0,0,False,
1786158368.419138,engram-node03,266,F36312E9554482A573DA044AF0EB9FCEC89326AEE5C10FA78E27635167A64448,False,SOVEREIGN,0,0,False,
1786158368.427451,engram-node04,266,F36312E9554482A573DA044AF0EB9FCEC89326AEE5C10FA78E27635167A64448,False,SOVEREIGN,0,0,False,
1786158373.441445,engram-node01,269,12520048F47C3EA6965E1BE27AA9FDFE2D47E11CF6162B8737FD3F09F9B6C100,False,RECOVERING,2,0,False,
1786158373.445248,engram-node02,269,12520048F47C3EA6965E1BE27AA9FDFE2D47E11CF6162B8737FD3F09F9B6C100,False,RECOVERING,2,0,False,
1786158373.448055,engram-node03,269,12520048F47C3EA6965E1BE27AA9FDFE2D47E11CF6162B8737FD3F09F9B6C100,False,RECOVERING,2,0,False,
1786158373.451236,engram-node04,269,12520048F47C3EA6965E1BE27AA9FDFE2D47E11CF6162B8737FD3F09F9B6C100,False,RECOVERING,2,0,False,
1786158378.454855,engram-node01,269,12520048F47C3EA6965E1BE27AA9FDFE2D47E11CF6162B8737FD3F09F9B6C100,False,RECOVERING,2,0,False,
1786158378.463188,engram-node02,269,12520048F47C3EA6965E1BE27AA9FDFE2D47E11CF6162B8737FD3F09F9B6C100,False,RECOVERING,2,0,False,
1786158378.468244,engram-node03,269,12520048F47C3EA6965E1BE27AA9FDFE2D47E11CF6162B8737FD3F09F9B6C100,False,RECOVERING,2,0,False,
1786158378.473444,engram-node04,269,12520048F47C3EA6965E1BE27AA9FDFE2D47E11CF6162B8737FD3F09F9B6C100,False,RECOVERING,2,0,False,
1786158383.478385,engram-node01,269,12520048F47C3EA6965E1BE27AA9FDFE2D47E11CF6162B8737FD3F09F9B6C100,False,RECOVERING,2,0,False,
1786158383.484007,engram-node02,269,12520048F47C3EA6965E1BE27AA9FDFE2D47E11CF6162B8737FD3F09F9B6C100,False,RECOVERING,2,0,False,
1786158383.488344,engram-node03,269,12520048F47C3EA6965E1BE27AA9FDFE2D47E11CF6162B8737FD3F09F9B6C100,False,RECOVERING,2,0,False,
1786158383.4925828,engram-node04,269,12520048F47C3EA6965E1BE27AA9FDFE2D47E11CF6162B8737FD3F09F9B6C100,False,RECOVERING,2,0,False,
1786158388.500385,engram-node01,269,12520048F47C3EA6965E1BE27AA9FDFE2D47E11CF6162B8737FD3F09F9B6C100,False,RECOVERING,2,0,False,
1786158388.510871,engram-node02,269,12520048F47C3EA6965E1BE27AA9FDFE2D47E11CF6162B8737FD3F09F9B6C100,False,RECOVERING,2,0,False,
1786158388.51716,engram-node03,269,12520048F47C3EA6965E1BE27AA9FDFE2D47E11CF6162B8737FD3F09F9B6C100,False,RECOVERING,2,0,False,
1786158388.5216,engram-node04,269,12520048F47C3EA6965E1BE27AA9FDFE2D47E11CF6162B8737FD3F09F9B6C100,False,RECOVERING,2,0,False,
1786158393.527393,engram-node01,269,12520048F47C3EA6965E1BE27AA9FDFE2D47E11CF6162B8737FD3F09F9B6C100,False,RECOVERING,2,0,False,
1786158393.533911,engram-node02,269,12520048F47C3EA6965E1BE27AA9FDFE2D47E11CF6162B8737FD3F09F9B6C100,False,RECOVERING,2,0,False,
1786158393.5385401,engram-node03,269,12520048F47C3EA6965E1BE27AA9FDFE2D47E11CF6162B8737FD3F09F9B6C100,False,RECOVERING,2,0,False,
1786158393.542743,engram-node04,269,12520048F47C3EA6965E1BE27AA9FDFE2D47E11CF6162B8737FD3F09F9B6C100,False,RECOVERING,2,0,False,
1786158398.551868,engram-node01,269,12520048F47C3EA6965E1BE27AA9FDFE2D47E11CF6162B8737FD3F09F9B6C100,False,RECOVERING,2,0,False,
1786158398.563461,engram-node02,269,12520048F47C3EA6965E1BE27AA9FDFE2D47E11CF6162B8737FD3F09F9B6C100,False,RECOVERING,2,0,False,
1786158398.568372,engram-node03,269,12520048F47C3EA6965E1BE27AA9FDFE2D47E11CF6162B8737FD3F09F9B6C100,False,RECOVERING,2,0,False,
1786158398.573403,engram-node04,269,12520048F47C3EA6965E1BE27AA9FDFE2D47E11CF6162B8737FD3F09F9B6C100,False,RECOVERING,2,0,False,
1786158403.580291,engram-node01,269,12520048F47C3EA6965E1BE27AA9FDFE2D47E11CF6162B8737FD3F09F9B6C100,False,RECOVERING,2,0,False,
1786158403.584383,engram-node02,269,12520048F47C3EA6965E1BE27AA9FDFE2D47E11CF6162B8737FD3F09F9B6C100,False,RECOVERING,2,0,False,
1786158403.5877461,engram-node03,269,12520048F47C3EA6965E1BE27AA9FDFE2D47E11CF6162B8737FD3F09F9B6C100,False,RECOVERING,2,0,False,
1786158403.590934,engram-node04,269,12520048F47C3EA6965E1BE27AA9FDFE2D47E11CF6162B8737FD3F09F9B6C100,False,RECOVERING,2,0,False,
1786158408.5989618,engram-node01,269,12520048F47C3EA6965E1BE27AA9FDFE2D47E11CF6162B8737FD3F09F9B6C100,False,RECOVERING,2,0,False,
1786158408.607566,engram-node02,269,12520048F47C3EA6965E1BE27AA9FDFE2D47E11CF6162B8737FD3F09F9B6C100,False,RECOVERING,2,0,False,
1786158408.6139898,engram-node03,269,12520048F47C3EA6965E1BE27AA9FDFE2D47E11CF6162B8737FD3F09F9B6C100,False,RECOVERING,2,0,False,
1786158408.619943,engram-node04,269,12520048F47C3EA6965E1BE27AA9FDFE2D47E11CF6162B8737FD3F09F9B6C100,False,RECOVERING,2,0,False,
1786158413.630445,engram-node01,269,12520048F47C3EA6965E1BE27AA9FDFE2D47E11CF6162B8737FD3F09F9B6C100,False,RECOVERING,2,0,False,
1786158413.639056,engram-node02,269,12520048F47C3EA6965E1BE27AA9FDFE2D47E11CF6162B8737FD3F09F9B6C100,False,RECOVERING,2,0,False,
1786158413.645591,engram-node03,269,12520048F47C3EA6965E1BE27AA9FDFE2D47E11CF6162B8737FD3F09F9B6C100,False,RECOVERING,2,0,False,
1786158413.6503491,engram-node04,269,12520048F47C3EA6965E1BE27AA9FDFE2D47E11CF6162B8737FD3F09F9B6C100,False,RECOVERING,2,0,False,
1786158418.656883,engram-node01,269,12520048F47C3EA6965E1BE27AA9FDFE2D47E11CF6162B8737FD3F09F9B6C100,False,RECOVERING,2,0,False,
1786158418.667097,engram-node02,269,12520048F47C3EA6965E1BE27AA9FDFE2D47E11CF6162B8737FD3F09F9B6C100,False,RECOVERING,2,0,False,
1786158418.674328,engram-node03,269,12520048F47C3EA6965E1BE27AA9FDFE2D47E11CF6162B8737FD3F09F9B6C100,False,RECOVERING,2,0,False,
1786158418.680573,engram-node04,269,12520048F47C3EA6965E1BE27AA9FDFE2D47E11CF6162B8737FD3F09F9B6C100,False,RECOVERING,2,0,False,
1786158423.692777,engram-node01,269,12520048F47C3EA6965E1BE27AA9FDFE2D47E11CF6162B8737FD3F09F9B6C100,False,RECOVERING,2,0,False,
1786158423.698011,engram-node02,269,12520048F47C3EA6965E1BE27AA9FDFE2D47E11CF6162B8737FD3F09F9B6C100,False,RECOVERING,2,0,False,
1786158423.7029219,engram-node03,269,12520048F47C3EA6965E1BE27AA9FDFE2D47E11CF6162B8737FD3F09F9B6C100,False,RECOVERING,2,0,False,
1786158423.707096,engram-node04,269,12520048F47C3EA6965E1BE27AA9FDFE2D47E11CF6162B8737FD3F09F9B6C100,False,RECOVERING,2,0,False,
1786158428.715374,engram-node01,271,1C2F0560A7CBBB213BE85DAF99478ADC65F9D5D4CCC517AE758EFABEA77B11DB,False,RECOVERING,0,0,False,
1786158428.721896,engram-node02,271,1C2F0560A7CBBB213BE85DAF99478ADC65F9D5D4CCC517AE758EFABEA77B11DB,False,RECOVERING,0,0,False,
1786158428.7267451,engram-node03,271,1C2F0560A7CBBB213BE85DAF99478ADC65F9D5D4CCC517AE758EFABEA77B11DB,False,RECOVERING,0,0,False,
1786158428.7308748,engram-node04,271,1C2F0560A7CBBB213BE85DAF99478ADC65F9D5D4CCC517AE758EFABEA77B11DB,False,RECOVERING,0,0,False,
1786158433.739608,engram-node01,273,B7B7A40B76E6C5E01CF8DD2D052DD040BBF1E040AA937518C336BA8A81BF0063,False,RECOVERING,2,0,False,
1786158433.747097,engram-node02,273,B7B7A40B76E6C5E01CF8DD2D052DD040BBF1E040AA937518C336BA8A81BF0063,False,RECOVERING,2,0,False,
1786158433.751806,engram-node03,273,B7B7A40B76E6C5E01CF8DD2D052DD040BBF1E040AA937518C336BA8A81BF0063,False,RECOVERING,2,0,False,
1786158433.757052,engram-node04,273,B7B7A40B76E6C5E01CF8DD2D052DD040BBF1E040AA937518C336BA8A81BF0063,False,RECOVERING,2,0,False,
1786158438.766578,engram-node01,273,B7B7A40B76E6C5E01CF8DD2D052DD040BBF1E040AA937518C336BA8A81BF0063,False,RECOVERING,2,0,False,
1786158438.7760131,engram-node02,273,B7B7A40B76E6C5E01CF8DD2D052DD040BBF1E040AA937518C336BA8A81BF0063,False,RECOVERING,2,0,False,
1786158438.781559,engram-node03,273,B7B7A40B76E6C5E01CF8DD2D052DD040BBF1E040AA937518C336BA8A81BF0063,False,RECOVERING,2,0,False,
1786158438.787814,engram-node04,273,B7B7A40B76E6C5E01CF8DD2D052DD040BBF1E040AA937518C336BA8A81BF0063,False,RECOVERING,2,0,False,
1786158443.792824,engram-node01,273,B7B7A40B76E6C5E01CF8DD2D052DD040BBF1E040AA937518C336BA8A81BF0063,False,RECOVERING,2,0,False,
1786158443.79631,engram-node02,273,B7B7A40B76E6C5E01CF8DD2D052DD040BBF1E040AA937518C336BA8A81BF0063,False,RECOVERING,2,0,False,
1786158443.799962,engram-node03,273,B7B7A40B76E6C5E01CF8DD2D052DD040BBF1E040AA937518C336BA8A81BF0063,False,RECOVERING,2,0,False,
1786158443.8031511,engram-node04,273,B7B7A40B76E6C5E01CF8DD2D052DD040BBF1E040AA937518C336BA8A81BF0063,False,RECOVERING,2,0,False,
1786158448.81166,engram-node01,273,B7B7A40B76E6C5E01CF8DD2D052DD040BBF1E040AA937518C336BA8A81BF0063,False,RECOVERING,2,0,False,
1786158448.820684,engram-node02,273,B7B7A40B76E6C5E01CF8DD2D052DD040BBF1E040AA937518C336BA8A81BF0063,False,RECOVERING,2,0,False,
1786158448.833775,engram-node03,273,B7B7A40B76E6C5E01CF8DD2D052DD040BBF1E040AA937518C336BA8A81BF0063,False,RECOVERING,2,0,False,
1786158448.839786,engram-node04,273,B7B7A40B76E6C5E01CF8DD2D052DD040BBF1E040AA937518C336BA8A81BF0063,False,RECOVERING,2,0,False,
1786158453.851361,engram-node01,273,B7B7A40B76E6C5E01CF8DD2D052DD040BBF1E040AA937518C336BA8A81BF0063,False,RECOVERING,2,0,False,
1786158453.860117,engram-node02,273,B7B7A40B76E6C5E01CF8DD2D052DD040BBF1E040AA937518C336BA8A81BF0063,False,RECOVERING,2,0,False,
1786158453.8647418,engram-node03,273,B7B7A40B76E6C5E01CF8DD2D052DD040BBF1E040AA937518C336BA8A81BF0063,False,RECOVERING,2,0,False,
1786158453.868476,engram-node04,273,B7B7A40B76E6C5E01CF8DD2D052DD040BBF1E040AA937518C336BA8A81BF0063,False,RECOVERING,2,0,False,
1786158458.873599,engram-node01,273,B7B7A40B76E6C5E01CF8DD2D052DD040BBF1E040AA937518C336BA8A81BF0063,False,RECOVERING,2,0,False,
1786158458.8781528,engram-node02,273,B7B7A40B76E6C5E01CF8DD2D052DD040BBF1E040AA937518C336BA8A81BF0063,False,RECOVERING,2,0,False,
1786158458.881968,engram-node03,273,B7B7A40B76E6C5E01CF8DD2D052DD040BBF1E040AA937518C336BA8A81BF0063,False,RECOVERING,2,0,False,
1786158458.885919,engram-node04,273,B7B7A40B76E6C5E01CF8DD2D052DD040BBF1E040AA937518C336BA8A81BF0063,False,RECOVERING,2,0,False,
1786158463.889643,engram-node01,273,B7B7A40B76E6C5E01CF8DD2D052DD040BBF1E040AA937518C336BA8A81BF0063,False,RECOVERING,2,0,False,
1786158463.893611,engram-node02,273,B7B7A40B76E6C5E01CF8DD2D052DD040BBF1E040AA937518C336BA8A81BF0063,False,RECOVERING,2,0,False,
1786158463.89653,engram-node03,273,B7B7A40B76E6C5E01CF8DD2D052DD040BBF1E040AA937518C336BA8A81BF0063,False,RECOVERING,2,0,False,
1786158463.899372,engram-node04,273,B7B7A40B76E6C5E01CF8DD2D052DD040BBF1E040AA937518C336BA8A81BF0063,False,RECOVERING,2,0,False,
1786158468.908596,engram-node01,273,B7B7A40B76E6C5E01CF8DD2D052DD040BBF1E040AA937518C336BA8A81BF0063,False,RECOVERING,2,0,False,
1786158468.916193,engram-node02,273,B7B7A40B76E6C5E01CF8DD2D052DD040BBF1E040AA937518C336BA8A81BF0063,False,RECOVERING,2,0,False,
1786158468.9218402,engram-node03,273,B7B7A40B76E6C5E01CF8DD2D052DD040BBF1E040AA937518C336BA8A81BF0063,False,RECOVERING,2,0,False,
1786158468.926079,engram-node04,273,B7B7A40B76E6C5E01CF8DD2D052DD040BBF1E040AA937518C336BA8A81BF0063,False,RECOVERING,2,0,False,
1786158473.9346418,engram-node01,273,B7B7A40B76E6C5E01CF8DD2D052DD040BBF1E040AA937518C336BA8A81BF0063,False,RECOVERING,2,0,False,
1786158473.941741,engram-node02,273,B7B7A40B76E6C5E01CF8DD2D052DD040BBF1E040AA937518C336BA8A81BF0063,False,RECOVERING,2,0,False,
1786158473.946281,engram-node03,273,B7B7A40B76E6C5E01CF8DD2D052DD040BBF1E040AA937518C336BA8A81BF0063,False,RECOVERING,2,0,False,
1786158473.950707,engram-node04,273,B7B7A40B76E6C5E01CF8DD2D052DD040BBF1E040AA937518C336BA8A81BF0063,False,RECOVERING,2,0,False,
1786158478.960344,engram-node01,273,B7B7A40B76E6C5E01CF8DD2D052DD040BBF1E040AA937518C336BA8A81BF0063,False,RECOVERING,2,0,False,
1786158478.963745,engram-node02,273,B7B7A40B76E6C5E01CF8DD2D052DD040BBF1E040AA937518C336BA8A81BF0063,False,RECOVERING,2,0,False,
1786158478.96683,engram-node03,273,B7B7A40B76E6C5E01CF8DD2D052DD040BBF1E040AA937518C336BA8A81BF0063,False,RECOVERING,2,0,False,
1786158478.9698381,engram-node04,273,B7B7A40B76E6C5E01CF8DD2D052DD040BBF1E040AA937518C336BA8A81BF0063,False,RECOVERING,2,0,False,
1786158483.975782,engram-node01,273,B7B7A40B76E6C5E01CF8DD2D052DD040BBF1E040AA937518C336BA8A81BF0063,False,RECOVERING,2,0,False,
1786158483.980038,engram-node02,273,B7B7A40B76E6C5E01CF8DD2D052DD040BBF1E040AA937518C336BA8A81BF0063,False,RECOVERING,2,0,False,
1786158483.9830348,engram-node03,273,B7B7A40B76E6C5E01CF8DD2D052DD040BBF1E040AA937518C336BA8A81BF0063,False,RECOVERING,2,0,False,
1786158483.98559,engram-node04,273,B7B7A40B76E6C5E01CF8DD2D052DD040BBF1E040AA937518C336BA8A81BF0063,False,RECOVERING,2,0,False,
1786158488.991828,engram-node01,275,357235FDE9E76D646E7912FB3D599FD026B878524513AFCA1CEF4BBE574A1DB7,False,RECOVERING,0,0,False,
1786158489.001342,engram-node02,275,357235FDE9E76D646E7912FB3D599FD026B878524513AFCA1CEF4BBE574A1DB7,False,RECOVERING,0,0,False,
1786158489.007797,engram-node03,275,357235FDE9E76D646E7912FB3D599FD026B878524513AFCA1CEF4BBE574A1DB7,False,RECOVERING,0,0,False,
1786158489.014276,engram-node04,275,357235FDE9E76D646E7912FB3D599FD026B878524513AFCA1CEF4BBE574A1DB7,False,RECOVERING,0,0,False,
1786158494.0251179,engram-node01,277,ACD5980F1F6E82117AD4673273A61B78A8AC16F2416589E3631713140A40E87B,False,RECOVERING,2,0,False,
1786158494.041539,engram-node02,277,ACD5980F1F6E82117AD4673273A61B78A8AC16F2416589E3631713140A40E87B,False,RECOVERING,2,0,False,
1786158494.0493708,engram-node03,277,ACD5980F1F6E82117AD4673273A61B78A8AC16F2416589E3631713140A40E87B,False,RECOVERING,2,0,False,
1786158494.053937,engram-node04,277,ACD5980F1F6E82117AD4673273A61B78A8AC16F2416589E3631713140A40E87B,False,RECOVERING,2,0,False,
1786158499.059576,engram-node01,277,ACD5980F1F6E82117AD4673273A61B78A8AC16F2416589E3631713140A40E87B,False,RECOVERING,2,0,False,
1786158499.064066,engram-node02,277,ACD5980F1F6E82117AD4673273A61B78A8AC16F2416589E3631713140A40E87B,False,RECOVERING,2,0,False,
1786158499.068125,engram-node03,277,ACD5980F1F6E82117AD4673273A61B78A8AC16F2416589E3631713140A40E87B,False,RECOVERING,2,0,False,
1786158499.0719,engram-node04,277,ACD5980F1F6E82117AD4673273A61B78A8AC16F2416589E3631713140A40E87B,False,RECOVERING,2,0,False,
1786158504.077845,engram-node01,277,ACD5980F1F6E82117AD4673273A61B78A8AC16F2416589E3631713140A40E87B,False,RECOVERING,2,0,False,
1786158504.081753,engram-node02,277,ACD5980F1F6E82117AD4673273A61B78A8AC16F2416589E3631713140A40E87B,False,RECOVERING,2,0,False,
1786158504.0845592,engram-node03,277,ACD5980F1F6E82117AD4673273A61B78A8AC16F2416589E3631713140A40E87B,False,RECOVERING,2,0,False,
1786158504.087211,engram-node04,277,ACD5980F1F6E82117AD4673273A61B78A8AC16F2416589E3631713140A40E87B,False,RECOVERING,2,0,False,
1786158509.0946612,engram-node01,277,ACD5980F1F6E82117AD4673273A61B78A8AC16F2416589E3631713140A40E87B,False,RECOVERING,2,0,False,
1786158509.100588,engram-node02,277,ACD5980F1F6E82117AD4673273A61B78A8AC16F2416589E3631713140A40E87B,False,RECOVERING,2,0,False,
1786158509.104528,engram-node03,277,ACD5980F1F6E82117AD4673273A61B78A8AC16F2416589E3631713140A40E87B,False,RECOVERING,2,0,False,
1786158509.108597,engram-node04,277,ACD5980F1F6E82117AD4673273A61B78A8AC16F2416589E3631713140A40E87B,False,RECOVERING,2,0,False,
1786158514.1184099,engram-node01,277,ACD5980F1F6E82117AD4673273A61B78A8AC16F2416589E3631713140A40E87B,False,RECOVERING,2,0,False,
1786158514.128663,engram-node02,277,ACD5980F1F6E82117AD4673273A61B78A8AC16F2416589E3631713140A40E87B,False,RECOVERING,2,0,False,
1786158514.1342132,engram-node03,277,ACD5980F1F6E82117AD4673273A61B78A8AC16F2416589E3631713140A40E87B,False,RECOVERING,2,0,False,
1786158514.13961,engram-node04,277,ACD5980F1F6E82117AD4673273A61B78A8AC16F2416589E3631713140A40E87B,False,RECOVERING,2,0,False,
1786158519.1444988,engram-node01,277,ACD5980F1F6E82117AD4673273A61B78A8AC16F2416589E3631713140A40E87B,False,RECOVERING,2,0,False,
1786158519.153036,engram-node02,277,ACD5980F1F6E82117AD4673273A61B78A8AC16F2416589E3631713140A40E87B,False,RECOVERING,2,0,False,
1786158519.1570508,engram-node03,277,ACD5980F1F6E82117AD4673273A61B78A8AC16F2416589E3631713140A40E87B,False,RECOVERING,2,0,False,
1786158519.161898,engram-node04,277,ACD5980F1F6E82117AD4673273A61B78A8AC16F2416589E3631713140A40E87B,False,RECOVERING,2,0,False,
1786158524.1682959,engram-node01,277,ACD5980F1F6E82117AD4673273A61B78A8AC16F2416589E3631713140A40E87B,False,RECOVERING,2,0,False,
1786158524.172479,engram-node02,277,ACD5980F1F6E82117AD4673273A61B78A8AC16F2416589E3631713140A40E87B,False,RECOVERING,2,0,False,
1786158524.17727,engram-node03,277,ACD5980F1F6E82117AD4673273A61B78A8AC16F2416589E3631713140A40E87B,False,RECOVERING,2,0,False,
1786158524.1811771,engram-node04,277,ACD5980F1F6E82117AD4673273A61B78A8AC16F2416589E3631713140A40E87B,False,RECOVERING,2,0,False,
1786158529.1848252,engram-node01,277,ACD5980F1F6E82117AD4673273A61B78A8AC16F2416589E3631713140A40E87B,False,RECOVERING,2,0,False,
1786158529.18957,engram-node02,277,ACD5980F1F6E82117AD4673273A61B78A8AC16F2416589E3631713140A40E87B,False,RECOVERING,2,0,False,
1786158529.192477,engram-node03,277,ACD5980F1F6E82117AD4673273A61B78A8AC16F2416589E3631713140A40E87B,False,RECOVERING,2,0,False,
1786158529.1953359,engram-node04,277,ACD5980F1F6E82117AD4673273A61B78A8AC16F2416589E3631713140A40E87B,False,RECOVERING,2,0,False,
1786158534.199657,engram-node01,277,ACD5980F1F6E82117AD4673273A61B78A8AC16F2416589E3631713140A40E87B,False,RECOVERING,2,0,False,
1786158534.2079291,engram-node02,277,ACD5980F1F6E82117AD4673273A61B78A8AC16F2416589E3631713140A40E87B,False,RECOVERING,2,0,False,
1786158534.213057,engram-node03,277,ACD5980F1F6E82117AD4673273A61B78A8AC16F2416589E3631713140A40E87B,False,RECOVERING,2,0,False,
1786158534.216702,engram-node04,277,ACD5980F1F6E82117AD4673273A61B78A8AC16F2416589E3631713140A40E87B,False,RECOVERING,2,0,False,
1786158539.222487,engram-node01,277,ACD5980F1F6E82117AD4673273A61B78A8AC16F2416589E3631713140A40E87B,False,RECOVERING,2,0,False,
1786158539.226093,engram-node02,277,ACD5980F1F6E82117AD4673273A61B78A8AC16F2416589E3631713140A40E87B,False,RECOVERING,2,0,False,
1786158539.2305589,engram-node03,277,ACD5980F1F6E82117AD4673273A61B78A8AC16F2416589E3631713140A40E87B,False,RECOVERING,2,0,False,
1786158539.236576,engram-node04,277,ACD5980F1F6E82117AD4673273A61B78A8AC16F2416589E3631713140A40E87B,False,RECOVERING,2,0,False,
1786158544.2443168,engram-node01,277,ACD5980F1F6E82117AD4673273A61B78A8AC16F2416589E3631713140A40E87B,False,RECOVERING,2,0,False,
1786158544.250771,engram-node02,277,ACD5980F1F6E82117AD4673273A61B78A8AC16F2416589E3631713140A40E87B,False,RECOVERING,2,0,False,
1786158544.2544188,engram-node03,277,ACD5980F1F6E82117AD4673273A61B78A8AC16F2416589E3631713140A40E87B,False,RECOVERING,2,0,False,
1786158544.259218,engram-node04,277,ACD5980F1F6E82117AD4673273A61B78A8AC16F2416589E3631713140A40E87B,False,RECOVERING,2,0,False,
1786158549.264611,engram-node01,280,BF19934796385F77DA734D089D7A97D03856ACCBB92C8F58EF6DC35116C96186,False,RECOVERING,1,0,False,
1786158549.2732,engram-node02,280,BF19934796385F77DA734D089D7A97D03856ACCBB92C8F58EF6DC35116C96186,False,RECOVERING,1,0,False,
1786158549.2791839,engram-node03,280,BF19934796385F77DA734D089D7A97D03856ACCBB92C8F58EF6DC35116C96186,False,RECOVERING,1,0,False,
1786158549.282356,engram-node04,280,BF19934796385F77DA734D089D7A97D03856ACCBB92C8F58EF6DC35116C96186,False,RECOVERING,1,0,False,
1786158554.286032,engram-node01,281,80D6459C52257188CC11EF04129E7622D78FD8E7DC61E2CC9C603D6E0D23B61C,False,RECOVERING,2,0,False,
1786158554.297406,engram-node02,281,80D6459C52257188CC11EF04129E7622D78FD8E7DC61E2CC9C603D6E0D23B61C,False,RECOVERING,2,0,False,
1786158554.3023732,engram-node03,281,80D6459C52257188CC11EF04129E7622D78FD8E7DC61E2CC9C603D6E0D23B61C,False,RECOVERING,2,0,False,
1786158554.3078651,engram-node04,281,80D6459C52257188CC11EF04129E7622D78FD8E7DC61E2CC9C603D6E0D23B61C,False,RECOVERING,2,0,False,
1786158559.315657,engram-node01,281,80D6459C52257188CC11EF04129E7622D78FD8E7DC61E2CC9C603D6E0D23B61C,False,RECOVERING,2,0,False,
1786158559.3212879,engram-node02,281,80D6459C52257188CC11EF04129E7622D78FD8E7DC61E2CC9C603D6E0D23B61C,False,RECOVERING,2,0,False,
1786158559.3248808,engram-node03,281,80D6459C52257188CC11EF04129E7622D78FD8E7DC61E2CC9C603D6E0D23B61C,False,RECOVERING,2,0,False,
1786158559.328079,engram-node04,281,80D6459C52257188CC11EF04129E7622D78FD8E7DC61E2CC9C603D6E0D23B61C,False,RECOVERING,2,0,False,
1786158564.333195,engram-node01,281,80D6459C52257188CC11EF04129E7622D78FD8E7DC61E2CC9C603D6E0D23B61C,False,RECOVERING,2,0,False,
1786158564.338072,engram-node02,281,80D6459C52257188CC11EF04129E7622D78FD8E7DC61E2CC9C603D6E0D23B61C,False,RECOVERING,2,0,False,
1786158564.342319,engram-node03,281,80D6459C52257188CC11EF04129E7622D78FD8E7DC61E2CC9C603D6E0D23B61C,False,RECOVERING,2,0,False,
1786158564.345294,engram-node04,281,80D6459C52257188CC11EF04129E7622D78FD8E7DC61E2CC9C603D6E0D23B61C,False,RECOVERING,2,0,False,
1786158569.353208,engram-node01,281,80D6459C52257188CC11EF04129E7622D78FD8E7DC61E2CC9C603D6E0D23B61C,False,RECOVERING,2,0,False,
1786158569.36297,engram-node02,281,80D6459C52257188CC11EF04129E7622D78FD8E7DC61E2CC9C603D6E0D23B61C,False,RECOVERING,2,0,False,
1786158569.368177,engram-node03,281,80D6459C52257188CC11EF04129E7622D78FD8E7DC61E2CC9C603D6E0D23B61C,False,RECOVERING,2,0,False,
1786158569.373939,engram-node04,281,80D6459C52257188CC11EF04129E7622D78FD8E7DC61E2CC9C603D6E0D23B61C,False,RECOVERING,2,0,False,
1786158574.379464,engram-node01,281,80D6459C52257188CC11EF04129E7622D78FD8E7DC61E2CC9C603D6E0D23B61C,False,RECOVERING,2,0,False,
1786158574.383585,engram-node02,281,80D6459C52257188CC11EF04129E7622D78FD8E7DC61E2CC9C603D6E0D23B61C,False,RECOVERING,2,0,False,
1786158574.3870022,engram-node03,281,80D6459C52257188CC11EF04129E7622D78FD8E7DC61E2CC9C603D6E0D23B61C,False,RECOVERING,2,0,False,
1786158574.39092,engram-node04,281,80D6459C52257188CC11EF04129E7622D78FD8E7DC61E2CC9C603D6E0D23B61C,False,RECOVERING,2,0,False,
1786158579.403939,engram-node01,281,80D6459C52257188CC11EF04129E7622D78FD8E7DC61E2CC9C603D6E0D23B61C,False,RECOVERING,2,0,False,
1786158579.410645,engram-node02,281,80D6459C52257188CC11EF04129E7622D78FD8E7DC61E2CC9C603D6E0D23B61C,False,RECOVERING,2,0,False,
1786158579.420987,engram-node03,281,80D6459C52257188CC11EF04129E7622D78FD8E7DC61E2CC9C603D6E0D23B61C,False,RECOVERING,2,0,False,
1786158579.4270022,engram-node04,281,80D6459C52257188CC11EF04129E7622D78FD8E7DC61E2CC9C603D6E0D23B61C,False,RECOVERING,2,0,False,
1786158584.431923,engram-node01,281,80D6459C52257188CC11EF04129E7622D78FD8E7DC61E2CC9C603D6E0D23B61C,False,RECOVERING,2,0,False,
1786158584.4353569,engram-node02,281,80D6459C52257188CC11EF04129E7622D78FD8E7DC61E2CC9C603D6E0D23B61C,False,RECOVERING,2,0,False,
1786158584.4383218,engram-node03,281,80D6459C52257188CC11EF04129E7622D78FD8E7DC61E2CC9C603D6E0D23B61C,False,RECOVERING,2,0,False,
1786158584.4422069,engram-node04,281,80D6459C52257188CC11EF04129E7622D78FD8E7DC61E2CC9C603D6E0D23B61C,False,RECOVERING,2,0,False,
1786158589.450635,engram-node01,281,80D6459C52257188CC11EF04129E7622D78FD8E7DC61E2CC9C603D6E0D23B61C,False,RECOVERING,2,0,False,
1786158589.458008,engram-node02,281,80D6459C52257188CC11EF04129E7622D78FD8E7DC61E2CC9C603D6E0D23B61C,False,RECOVERING,2,0,False,
1786158589.463292,engram-node03,281,80D6459C52257188CC11EF04129E7622D78FD8E7DC61E2CC9C603D6E0D23B61C,False,RECOVERING,2,0,False,
1786158589.467551,engram-node04,281,80D6459C52257188CC11EF04129E7622D78FD8E7DC61E2CC9C603D6E0D23B61C,False,RECOVERING,2,0,False,
1786158594.476694,engram-node01,281,80D6459C52257188CC11EF04129E7622D78FD8E7DC61E2CC9C603D6E0D23B61C,False,RECOVERING,2,0,False,
1786158594.483546,engram-node02,281,80D6459C52257188CC11EF04129E7622D78FD8E7DC61E2CC9C603D6E0D23B61C,False,RECOVERING,2,0,False,
1786158594.487422,engram-node03,281,80D6459C52257188CC11EF04129E7622D78FD8E7DC61E2CC9C603D6E0D23B61C,False,RECOVERING,2,0,False,
1786158594.4912891,engram-node04,281,80D6459C52257188CC11EF04129E7622D78FD8E7DC61E2CC9C603D6E0D23B61C,False,RECOVERING,2,0,False,
1786158599.5009038,engram-node01,281,80D6459C52257188CC11EF04129E7622D78FD8E7DC61E2CC9C603D6E0D23B61C,False,RECOVERING,2,0,False,
1786158599.5125592,engram-node02,281,80D6459C52257188CC11EF04129E7622D78FD8E7DC61E2CC9C603D6E0D23B61C,False,RECOVERING,2,0,False,
1786158599.518539,engram-node03,281,80D6459C52257188CC11EF04129E7622D78FD8E7DC61E2CC9C603D6E0D23B61C,False,RECOVERING,2,0,False,
1786158599.5236669,engram-node04,281,80D6459C52257188CC11EF04129E7622D78FD8E7DC61E2CC9C603D6E0D23B61C,False,RECOVERING,2,0,False,
1786158604.530275,engram-node01,281,80D6459C52257188CC11EF04129E7622D78FD8E7DC61E2CC9C603D6E0D23B61C,False,RECOVERING,2,0,False,
1786158604.5340118,engram-node02,281,80D6459C52257188CC11EF04129E7622D78FD8E7DC61E2CC9C603D6E0D23B61C,False,RECOVERING,2,0,False,
1786158604.5372338,engram-node03,281,80D6459C52257188CC11EF04129E7622D78FD8E7DC61E2CC9C603D6E0D23B61C,False,RECOVERING,2,0,False,
1786158604.5404558,engram-node04,281,80D6459C52257188CC11EF04129E7622D78FD8E7DC61E2CC9C603D6E0D23B61C,False,RECOVERING,2,0,False,
1786158609.545241,engram-node01,285,4744CBD005B86E19EBB80ABF1FA213663A8658A63D827D18D57FE673C1E91585,False,RECOVERING,2,0,False,
1786158609.550857,engram-node02,285,4744CBD005B86E19EBB80ABF1FA213663A8658A63D827D18D57FE673C1E91585,False,RECOVERING,2,0,False,
1786158609.55515,engram-node03,285,4744CBD005B86E19EBB80ABF1FA213663A8658A63D827D18D57FE673C1E91585,False,RECOVERING,2,0,False,
1786158609.56069,engram-node04,285,4744CBD005B86E19EBB80ABF1FA213663A8658A63D827D18D57FE673C1E91585,False,RECOVERING,2,0,False,
1786158614.571115,engram-node01,285,4744CBD005B86E19EBB80ABF1FA213663A8658A63D827D18D57FE673C1E91585,False,RECOVERING,2,0,False,
1786158614.577583,engram-node02,285,4744CBD005B86E19EBB80ABF1FA213663A8658A63D827D18D57FE673C1E91585,False,RECOVERING,2,0,False,
1786158614.5841038,engram-node03,285,4744CBD005B86E19EBB80ABF1FA213663A8658A63D827D18D57FE673C1E91585,False,RECOVERING,2,0,False,
1786158614.589453,engram-node04,285,4744CBD005B86E19EBB80ABF1FA213663A8658A63D827D18D57FE673C1E91585,False,RECOVERING,2,0,False,
1786158619.599278,engram-node01,285,4744CBD005B86E19EBB80ABF1FA213663A8658A63D827D18D57FE673C1E91585,False,RECOVERING,2,0,False,
1786158619.60925,engram-node02,285,4744CBD005B86E19EBB80ABF1FA213663A8658A63D827D18D57FE673C1E91585,False,RECOVERING,2,0,False,
1786158619.6159139,engram-node03,285,4744CBD005B86E19EBB80ABF1FA213663A8658A63D827D18D57FE673C1E91585,False,RECOVERING,2,0,False,
1786158619.620327,engram-node04,285,4744CBD005B86E19EBB80ABF1FA213663A8658A63D827D18D57FE673C1E91585,False,RECOVERING,2,0,False,
1786158624.630548,engram-node01,285,4744CBD005B86E19EBB80ABF1FA213663A8658A63D827D18D57FE673C1E91585,False,RECOVERING,2,0,False,
1786158624.635561,engram-node02,285,4744CBD005B86E19EBB80ABF1FA213663A8658A63D827D18D57FE673C1E91585,False,RECOVERING,2,0,False,
1786158624.641417,engram-node03,285,4744CBD005B86E19EBB80ABF1FA213663A8658A63D827D18D57FE673C1E91585,False,RECOVERING,2,0,False,
1786158624.648365,engram-node04,285,4744CBD005B86E19EBB80ABF1FA213663A8658A63D827D18D57FE673C1E91585,False,RECOVERING,2,0,False,
1786158629.656213,engram-node01,285,4744CBD005B86E19EBB80ABF1FA213663A8658A63D827D18D57FE673C1E91585,False,RECOVERING,2,0,False,
1786158629.6627462,engram-node02,285,4744CBD005B86E19EBB80ABF1FA213663A8658A63D827D18D57FE673C1E91585,False,RECOVERING,2,0,False,
1786158629.6674151,engram-node03,285,4744CBD005B86E19EBB80ABF1FA213663A8658A63D827D18D57FE673C1E91585,False,RECOVERING,2,0,False,
1786158629.671499,engram-node04,285,4744CBD005B86E19EBB80ABF1FA213663A8658A63D827D18D57FE673C1E91585,False,RECOVERING,2,0,False,
1786158634.680646,engram-node01,285,4744CBD005B86E19EBB80ABF1FA213663A8658A63D827D18D57FE673C1E91585,False,RECOVERING,2,0,False,
1786158634.6900291,engram-node02,285,4744CBD005B86E19EBB80ABF1FA213663A8658A63D827D18D57FE673C1E91585,False,RECOVERING,2,0,False,
1786158634.69616,engram-node03,285,4744CBD005B86E19EBB80ABF1FA213663A8658A63D827D18D57FE673C1E91585,False,RECOVERING,2,0,False,
1786158634.701264,engram-node04,285,4744CBD005B86E19EBB80ABF1FA213663A8658A63D827D18D57FE673C1E91585,False,RECOVERING,2,0,False,
1786158639.7078688,engram-node01,285,4744CBD005B86E19EBB80ABF1FA213663A8658A63D827D18D57FE673C1E91585,False,RECOVERING,2,0,False,
1786158639.71187,engram-node02,285,4744CBD005B86E19EBB80ABF1FA213663A8658A63D827D18D57FE673C1E91585,False,RECOVERING,2,0,False,
1786158639.721833,engram-node03,285,4744CBD005B86E19EBB80ABF1FA213663A8658A63D827D18D57FE673C1E91585,False,RECOVERING,2,0,False,
1786158639.72687,engram-node04,285,4744CBD005B86E19EBB80ABF1FA213663A8658A63D827D18D57FE673C1E91585,False,RECOVERING,2,0,False,
1786158644.733303,engram-node01,285,4744CBD005B86E19EBB80ABF1FA213663A8658A63D827D18D57FE673C1E91585,False,RECOVERING,2,0,False,
1786158644.737956,engram-node02,285,4744CBD005B86E19EBB80ABF1FA213663A8658A63D827D18D57FE673C1E91585,False,RECOVERING,2,0,False,
1786158644.741576,engram-node03,285,4744CBD005B86E19EBB80ABF1FA213663A8658A63D827D18D57FE673C1E91585,False,RECOVERING,2,0,False,
1786158644.745035,engram-node04,285,4744CBD005B86E19EBB80ABF1FA213663A8658A63D827D18D57FE673C1E91585,False,RECOVERING,2,0,False,
1786158649.753578,engram-node01,285,4744CBD005B86E19EBB80ABF1FA213663A8658A63D827D18D57FE673C1E91585,False,RECOVERING,2,0,False,
1786158649.762384,engram-node02,285,4744CBD005B86E19EBB80ABF1FA213663A8658A63D827D18D57FE673C1E91585,False,RECOVERING,2,0,False,
1786158649.7677388,engram-node03,285,4744CBD005B86E19EBB80ABF1FA213663A8658A63D827D18D57FE673C1E91585,False,RECOVERING,2,0,False,
1786158649.774137,engram-node04,285,4744CBD005B86E19EBB80ABF1FA213663A8658A63D827D18D57FE673C1E91585,False,RECOVERING,2,0,False,
1786158654.782877,engram-node01,285,4744CBD005B86E19EBB80ABF1FA213663A8658A63D827D18D57FE673C1E91585,False,RECOVERING,2,0,False,
1786158654.793222,engram-node02,285,4744CBD005B86E19EBB80ABF1FA213663A8658A63D827D18D57FE673C1E91585,False,RECOVERING,2,0,False,
1786158654.7985752,engram-node03,285,4744CBD005B86E19EBB80ABF1FA213663A8658A63D827D18D57FE673C1E91585,False,RECOVERING,2,0,False,
1786158654.803906,engram-node04,285,4744CBD005B86E19EBB80ABF1FA213663A8658A63D827D18D57FE673C1E91585,False,RECOVERING,2,0,False,
1786158659.809807,engram-node01,285,4744CBD005B86E19EBB80ABF1FA213663A8658A63D827D18D57FE673C1E91585,False,RECOVERING,2,0,False,
1786158659.818506,engram-node02,285,4744CBD005B86E19EBB80ABF1FA213663A8658A63D827D18D57FE673C1E91585,False,RECOVERING,2,0,False,
1786158659.823779,engram-node03,285,4744CBD005B86E19EBB80ABF1FA213663A8658A63D827D18D57FE673C1E91585,False,RECOVERING,2,0,False,
1786158659.82863,engram-node04,285,4744CBD005B86E19EBB80ABF1FA213663A8658A63D827D18D57FE673C1E91585,False,RECOVERING,2,0,False,
1786158664.8341131,engram-node01,285,4744CBD005B86E19EBB80ABF1FA213663A8658A63D827D18D57FE673C1E91585,False,RECOVERING,2,0,False,
1786158664.8409119,engram-node02,285,4744CBD005B86E19EBB80ABF1FA213663A8658A63D827D18D57FE673C1E91585,False,RECOVERING,2,0,False,
1786158664.847599,engram-node03,285,4744CBD005B86E19EBB80ABF1FA213663A8658A63D827D18D57FE673C1E91585,False,RECOVERING,2,0,False,
1786158664.852428,engram-node04,285,4744CBD005B86E19EBB80ABF1FA213663A8658A63D827D18D57FE673C1E91585,False,RECOVERING,2,0,False,
1786158669.8610811,engram-node01,289,388E30414D29FB835DBF10CF05CE20D257D06BD0DA289442343AB0F20CEEF277,False,RECOVERING,2,0,False,
1786158669.868361,engram-node02,289,388E30414D29FB835DBF10CF05CE20D257D06BD0DA289442343AB0F20CEEF277,False,RECOVERING,2,0,False,
1786158669.87266,engram-node03,289,388E30414D29FB835DBF10CF05CE20D257D06BD0DA289442343AB0F20CEEF277,False,RECOVERING,2,0,False,
1786158669.875833,engram-node04,289,388E30414D29FB835DBF10CF05CE20D257D06BD0DA289442343AB0F20CEEF277,False,RECOVERING,2,0,False,
1786158674.883283,engram-node01,289,388E30414D29FB835DBF10CF05CE20D257D06BD0DA289442343AB0F20CEEF277,False,RECOVERING,2,0,False,
1786158674.889226,engram-node02,289,388E30414D29FB835DBF10CF05CE20D257D06BD0DA289442343AB0F20CEEF277,False,RECOVERING,2,0,False,
1786158674.895775,engram-node03,289,388E30414D29FB835DBF10CF05CE20D257D06BD0DA289442343AB0F20CEEF277,False,RECOVERING,2,0,False,
1786158674.902368,engram-node04,289,388E30414D29FB835DBF10CF05CE20D257D06BD0DA289442343AB0F20CEEF277,False,RECOVERING,2,0,False,
1786158679.91239,engram-node01,289,388E30414D29FB835DBF10CF05CE20D257D06BD0DA289442343AB0F20CEEF277,False,RECOVERING,2,0,False,
1786158679.919397,engram-node02,289,388E30414D29FB835DBF10CF05CE20D257D06BD0DA289442343AB0F20CEEF277,False,RECOVERING,2,0,False,
1786158679.925515,engram-node03,289,388E30414D29FB835DBF10CF05CE20D257D06BD0DA289442343AB0F20CEEF277,False,RECOVERING,2,0,False,
1786158679.931962,engram-node04,289,388E30414D29FB835DBF10CF05CE20D257D06BD0DA289442343AB0F20CEEF277,False,RECOVERING,2,0,False,
1786158684.937241,engram-node01,289,388E30414D29FB835DBF10CF05CE20D257D06BD0DA289442343AB0F20CEEF277,False,RECOVERING,2,0,False,
1786158684.941633,engram-node02,289,388E30414D29FB835DBF10CF05CE20D257D06BD0DA289442343AB0F20CEEF277,False,RECOVERING,2,0,False,
1786158684.9475882,engram-node03,289,388E30414D29FB835DBF10CF05CE20D257D06BD0DA289442343AB0F20CEEF277,False,RECOVERING,2,0,False,
1786158684.9514072,engram-node04,289,388E30414D29FB835DBF10CF05CE20D257D06BD0DA289442343AB0F20CEEF277,False,RECOVERING,2,0,False,
1786158689.9601321,engram-node01,289,388E30414D29FB835DBF10CF05CE20D257D06BD0DA289442343AB0F20CEEF277,False,RECOVERING,2,0,False,
1786158689.973322,engram-node02,289,388E30414D29FB835DBF10CF05CE20D257D06BD0DA289442343AB0F20CEEF277,False,RECOVERING,2,0,False,
1786158689.978998,engram-node03,289,388E30414D29FB835DBF10CF05CE20D257D06BD0DA289442343AB0F20CEEF277,False,RECOVERING,2,0,False,
1786158689.983458,engram-node04,289,388E30414D29FB835DBF10CF05CE20D257D06BD0DA289442343AB0F20CEEF277,False,RECOVERING,2,0,False,
1786158694.992043,engram-node01,289,388E30414D29FB835DBF10CF05CE20D257D06BD0DA289442343AB0F20CEEF277,False,RECOVERING,2,0,False,
1786158695.000927,engram-node02,289,388E30414D29FB835DBF10CF05CE20D257D06BD0DA289442343AB0F20CEEF277,False,RECOVERING,2,0,False,
1786158695.0073578,engram-node03,289,388E30414D29FB835DBF10CF05CE20D257D06BD0DA289442343AB0F20CEEF277,False,RECOVERING,2,0,False,
1786158695.0123808,engram-node04,289,388E30414D29FB835DBF10CF05CE20D257D06BD0DA289442343AB0F20CEEF277,False,RECOVERING,2,0,False,
1786158700.0514429,engram-node01,289,388E30414D29FB835DBF10CF05CE20D257D06BD0DA289442343AB0F20CEEF277,False,RECOVERING,2,0,False,
1786158700.060462,engram-node02,289,388E30414D29FB835DBF10CF05CE20D257D06BD0DA289442343AB0F20CEEF277,False,RECOVERING,2,0,False,
1786158700.07303,engram-node03,289,388E30414D29FB835DBF10CF05CE20D257D06BD0DA289442343AB0F20CEEF277,False,RECOVERING,2,0,False,
1786158700.0773451,engram-node04,289,388E30414D29FB835DBF10CF05CE20D257D06BD0DA289442343AB0F20CEEF277,False,RECOVERING,2,0,False,
1786158705.091122,engram-node01,289,388E30414D29FB835DBF10CF05CE20D257D06BD0DA289442343AB0F20CEEF277,False,RECOVERING,2,0,False,
1786158705.1125062,engram-node02,289,388E30414D29FB835DBF10CF05CE20D257D06BD0DA289442343AB0F20CEEF277,False,RECOVERING,2,0,False,
1786158705.123292,engram-node03,289,388E30414D29FB835DBF10CF05CE20D257D06BD0DA289442343AB0F20CEEF277,False,RECOVERING,2,0,False,
1786158705.126803,engram-node04,289,388E30414D29FB835DBF10CF05CE20D257D06BD0DA289442343AB0F20CEEF277,False,RECOVERING,2,0,False,
1786158710.134687,engram-node01,289,388E30414D29FB835DBF10CF05CE20D257D06BD0DA289442343AB0F20CEEF277,False,RECOVERING,2,0,False,
1786158710.140194,engram-node02,289,388E30414D29FB835DBF10CF05CE20D257D06BD0DA289442343AB0F20CEEF277,False,RECOVERING,2,0,False,
1786158710.1451368,engram-node03,289,388E30414D29FB835DBF10CF05CE20D257D06BD0DA289442343AB0F20CEEF277,False,RECOVERING,2,0,False,
1786158710.149392,engram-node04,289,388E30414D29FB835DBF10CF05CE20D257D06BD0DA289442343AB0F20CEEF277,False,RECOVERING,2,0,False,
1786158715.157391,engram-node01,289,388E30414D29FB835DBF10CF05CE20D257D06BD0DA289442343AB0F20CEEF277,False,RECOVERING,2,0,False,
1786158715.167881,engram-node02,289,388E30414D29FB835DBF10CF05CE20D257D06BD0DA289442343AB0F20CEEF277,False,RECOVERING,2,0,False,
1786158715.172684,engram-node03,289,388E30414D29FB835DBF10CF05CE20D257D06BD0DA289442343AB0F20CEEF277,False,RECOVERING,2,0,False,
1786158715.177742,engram-node04,289,388E30414D29FB835DBF10CF05CE20D257D06BD0DA289442343AB0F20CEEF277,False,RECOVERING,2,0,False,
1786158720.184045,engram-node01,289,388E30414D29FB835DBF10CF05CE20D257D06BD0DA289442343AB0F20CEEF277,False,RECOVERING,2,0,False,
1786158720.1953459,engram-node02,289,388E30414D29FB835DBF10CF05CE20D257D06BD0DA289442343AB0F20CEEF277,False,RECOVERING,2,0,False,
1786158720.200376,engram-node03,289,388E30414D29FB835DBF10CF05CE20D257D06BD0DA289442343AB0F20CEEF277,False,RECOVERING,2,0,False,
1786158720.2050948,engram-node04,289,388E30414D29FB835DBF10CF05CE20D257D06BD0DA289442343AB0F20CEEF277,False,RECOVERING,2,0,False,
1786158725.214848,engram-node01,289,388E30414D29FB835DBF10CF05CE20D257D06BD0DA289442343AB0F20CEEF277,False,RECOVERING,2,0,False,
1786158725.220993,engram-node02,289,388E30414D29FB835DBF10CF05CE20D257D06BD0DA289442343AB0F20CEEF277,False,RECOVERING,2,0,False,
1786158725.2241821,engram-node03,289,388E30414D29FB835DBF10CF05CE20D257D06BD0DA289442343AB0F20CEEF277,False,RECOVERING,2,0,False,
1786158725.2275279,engram-node04,289,388E30414D29FB835DBF10CF05CE20D257D06BD0DA289442343AB0F20CEEF277,False,RECOVERING,2,0,False,
1786158730.2308831,engram-node01,289,388E30414D29FB835DBF10CF05CE20D257D06BD0DA289442343AB0F20CEEF277,False,RECOVERING,2,0,False,
1786158730.238227,engram-node02,289,388E30414D29FB835DBF10CF05CE20D257D06BD0DA289442343AB0F20CEEF277,False,RECOVERING,2,0,False,
1786158730.242172,engram-node03,289,388E30414D29FB835DBF10CF05CE20D257D06BD0DA289442343AB0F20CEEF277,False,RECOVERING,2,0,False,
1786158730.2459168,engram-node04,289,388E30414D29FB835DBF10CF05CE20D257D06BD0DA289442343AB0F20CEEF277,False,RECOVERING,2,0,False,
1786158735.254307,engram-node01,292,0AE14A23B90E8A6759A75419F08D323D35C3E2818297B2CB4B5AA10ED6D245BE,False,RECOVERING,1,0,False,
1786158735.260403,engram-node02,292,0AE14A23B90E8A6759A75419F08D323D35C3E2818297B2CB4B5AA10ED6D245BE,False,RECOVERING,1,0,False,
1786158735.265256,engram-node03,292,0AE14A23B90E8A6759A75419F08D323D35C3E2818297B2CB4B5AA10ED6D245BE,False,RECOVERING,1,0,False,
1786158735.270474,engram-node04,292,0AE14A23B90E8A6759A75419F08D323D35C3E2818297B2CB4B5AA10ED6D245BE,False,RECOVERING,1,0,False,
1786158740.2787788,engram-node01,293,3A36A1ADC124F4ACE63481AFA9CDA58393BD80CBCB59D530C3D26FF77BD756A8,False,RECOVERING,2,0,False,
1786158740.290383,engram-node02,293,3A36A1ADC124F4ACE63481AFA9CDA58393BD80CBCB59D530C3D26FF77BD756A8,False,RECOVERING,2,0,False,
1786158740.297586,engram-node03,293,3A36A1ADC124F4ACE63481AFA9CDA58393BD80CBCB59D530C3D26FF77BD756A8,False,RECOVERING,2,0,False,
1786158740.3049521,engram-node04,293,3A36A1ADC124F4ACE63481AFA9CDA58393BD80CBCB59D530C3D26FF77BD756A8,False,RECOVERING,2,0,False,
1786158745.3141491,engram-node01,293,3A36A1ADC124F4ACE63481AFA9CDA58393BD80CBCB59D530C3D26FF77BD756A8,False,RECOVERING,2,0,False,
1786158745.318965,engram-node02,293,3A36A1ADC124F4ACE63481AFA9CDA58393BD80CBCB59D530C3D26FF77BD756A8,False,RECOVERING,2,0,False,
1786158745.322646,engram-node03,293,3A36A1ADC124F4ACE63481AFA9CDA58393BD80CBCB59D530C3D26FF77BD756A8,False,RECOVERING,2,0,False,
1786158745.3265018,engram-node04,293,3A36A1ADC124F4ACE63481AFA9CDA58393BD80CBCB59D530C3D26FF77BD756A8,False,RECOVERING,2,0,False,
1786158750.336556,engram-node01,293,3A36A1ADC124F4ACE63481AFA9CDA58393BD80CBCB59D530C3D26FF77BD756A8,False,RECOVERING,2,0,False,
1786158750.345558,engram-node02,293,3A36A1ADC124F4ACE63481AFA9CDA58393BD80CBCB59D530C3D26FF77BD756A8,False,RECOVERING,2,0,False,
1786158750.351093,engram-node03,293,3A36A1ADC124F4ACE63481AFA9CDA58393BD80CBCB59D530C3D26FF77BD756A8,False,RECOVERING,2,0,False,
1786158750.357206,engram-node04,293,3A36A1ADC124F4ACE63481AFA9CDA58393BD80CBCB59D530C3D26FF77BD756A8,False,RECOVERING,2,0,False,
1786158755.3670871,engram-node01,293,3A36A1ADC124F4ACE63481AFA9CDA58393BD80CBCB59D530C3D26FF77BD756A8,False,RECOVERING,2,0,False,
1786158755.375238,engram-node02,293,3A36A1ADC124F4ACE63481AFA9CDA58393BD80CBCB59D530C3D26FF77BD756A8,False,RECOVERING,2,0,False,
1786158755.383167,engram-node03,293,3A36A1ADC124F4ACE63481AFA9CDA58393BD80CBCB59D530C3D26FF77BD756A8,False,RECOVERING,2,0,False,
1786158755.392092,engram-node04,293,3A36A1ADC124F4ACE63481AFA9CDA58393BD80CBCB59D530C3D26FF77BD756A8,False,RECOVERING,2,0,False,
1786158760.400938,engram-node01,293,3A36A1ADC124F4ACE63481AFA9CDA58393BD80CBCB59D530C3D26FF77BD756A8,False,RECOVERING,2,0,False,
1786158760.406524,engram-node02,293,3A36A1ADC124F4ACE63481AFA9CDA58393BD80CBCB59D530C3D26FF77BD756A8,False,RECOVERING,2,0,False,
1786158760.4122822,engram-node03,293,3A36A1ADC124F4ACE63481AFA9CDA58393BD80CBCB59D530C3D26FF77BD756A8,False,RECOVERING,2,0,False,
1786158760.416932,engram-node04,293,3A36A1ADC124F4ACE63481AFA9CDA58393BD80CBCB59D530C3D26FF77BD756A8,False,RECOVERING,2,0,False,
1786158765.424858,engram-node01,293,3A36A1ADC124F4ACE63481AFA9CDA58393BD80CBCB59D530C3D26FF77BD756A8,False,RECOVERING,2,0,False,
1786158765.4316318,engram-node02,293,3A36A1ADC124F4ACE63481AFA9CDA58393BD80CBCB59D530C3D26FF77BD756A8,False,RECOVERING,2,0,False,
1786158765.436857,engram-node03,293,3A36A1ADC124F4ACE63481AFA9CDA58393BD80CBCB59D530C3D26FF77BD756A8,False,RECOVERING,2,0,False,
1786158765.441429,engram-node04,293,3A36A1ADC124F4ACE63481AFA9CDA58393BD80CBCB59D530C3D26FF77BD756A8,False,RECOVERING,2,0,False,
1786158770.448597,engram-node01,293,3A36A1ADC124F4ACE63481AFA9CDA58393BD80CBCB59D530C3D26FF77BD756A8,False,RECOVERING,2,0,False,
1786158770.460166,engram-node02,293,3A36A1ADC124F4ACE63481AFA9CDA58393BD80CBCB59D530C3D26FF77BD756A8,False,RECOVERING,2,0,False,
1786158770.464714,engram-node03,293,3A36A1ADC124F4ACE63481AFA9CDA58393BD80CBCB59D530C3D26FF77BD756A8,False,RECOVERING,2,0,False,
1786158770.4677892,engram-node04,293,3A36A1ADC124F4ACE63481AFA9CDA58393BD80CBCB59D530C3D26FF77BD756A8,False,RECOVERING,2,0,False,
1786158775.472387,engram-node01,293,3A36A1ADC124F4ACE63481AFA9CDA58393BD80CBCB59D530C3D26FF77BD756A8,False,RECOVERING,2,0,False,
1786158775.4775512,engram-node02,293,3A36A1ADC124F4ACE63481AFA9CDA58393BD80CBCB59D530C3D26FF77BD756A8,False,RECOVERING,2,0,False,
1786158775.486578,engram-node03,293,3A36A1ADC124F4ACE63481AFA9CDA58393BD80CBCB59D530C3D26FF77BD756A8,False,RECOVERING,2,0,False,
1786158775.493076,engram-node04,293,3A36A1ADC124F4ACE63481AFA9CDA58393BD80CBCB59D530C3D26FF77BD756A8,False,RECOVERING,2,0,False,
1786158780.503243,engram-node01,293,3A36A1ADC124F4ACE63481AFA9CDA58393BD80CBCB59D530C3D26FF77BD756A8,False,RECOVERING,2,0,False,
1786158780.512985,engram-node02,293,3A36A1ADC124F4ACE63481AFA9CDA58393BD80CBCB59D530C3D26FF77BD756A8,False,RECOVERING,2,0,False,
1786158780.519808,engram-node03,293,3A36A1ADC124F4ACE63481AFA9CDA58393BD80CBCB59D530C3D26FF77BD756A8,False,RECOVERING,2,0,False,
1786158780.525791,engram-node04,293,3A36A1ADC124F4ACE63481AFA9CDA58393BD80CBCB59D530C3D26FF77BD756A8,False,RECOVERING,2,0,False,
1786158785.53022,engram-node01,293,3A36A1ADC124F4ACE63481AFA9CDA58393BD80CBCB59D530C3D26FF77BD756A8,False,RECOVERING,2,0,False,
1786158785.535845,engram-node02,293,3A36A1ADC124F4ACE63481AFA9CDA58393BD80CBCB59D530C3D26FF77BD756A8,False,RECOVERING,2,0,False,
1786158785.539737,engram-node03,293,3A36A1ADC124F4ACE63481AFA9CDA58393BD80CBCB59D530C3D26FF77BD756A8,False,RECOVERING,2,0,False,
1786158785.54353,engram-node04,293,3A36A1ADC124F4ACE63481AFA9CDA58393BD80CBCB59D530C3D26FF77BD756A8,False,RECOVERING,2,0,False,
1786158790.5481431,engram-node01,293,3A36A1ADC124F4ACE63481AFA9CDA58393BD80CBCB59D530C3D26FF77BD756A8,False,RECOVERING,2,0,False,
1786158790.556276,engram-node02,293,3A36A1ADC124F4ACE63481AFA9CDA58393BD80CBCB59D530C3D26FF77BD756A8,False,RECOVERING,2,0,False,
1786158790.565181,engram-node03,293,3A36A1ADC124F4ACE63481AFA9CDA58393BD80CBCB59D530C3D26FF77BD756A8,False,RECOVERING,2,0,False,
1786158790.5729148,engram-node04,293,3A36A1ADC124F4ACE63481AFA9CDA58393BD80CBCB59D530C3D26FF77BD756A8,False,RECOVERING,2,0,False,
1786158795.5818298,engram-node01,296,4916A31D52734FA7B4512DBDC230A7B07CB9429EED0FE4E5EA27F0FCF0A3B356,False,RECOVERING,1,0,False,
1786158795.592032,engram-node02,296,4916A31D52734FA7B4512DBDC230A7B07CB9429EED0FE4E5EA27F0FCF0A3B356,False,RECOVERING,1,0,False,
1786158795.597947,engram-node03,296,4916A31D52734FA7B4512DBDC230A7B07CB9429EED0FE4E5EA27F0FCF0A3B356,False,RECOVERING,1,0,False,
1786158795.6027641,engram-node04,296,4916A31D52734FA7B4512DBDC230A7B07CB9429EED0FE4E5EA27F0FCF0A3B356,False,RECOVERING,1,0,False,
1786158800.6102898,engram-node01,297,63E24B61A4E568A3804B0E4619EE3A0221337B547D9A129EAB63BA9A3C5AFA0C,False,RECOVERING,2,0,False,
1786158800.6151948,engram-node02,297,63E24B61A4E568A3804B0E4619EE3A0221337B547D9A129EAB63BA9A3C5AFA0C,False,RECOVERING,2,0,False,
1786158800.6199691,engram-node03,297,63E24B61A4E568A3804B0E4619EE3A0221337B547D9A129EAB63BA9A3C5AFA0C,False,RECOVERING,2,0,False,
1786158800.623602,engram-node04,297,63E24B61A4E568A3804B0E4619EE3A0221337B547D9A129EAB63BA9A3C5AFA0C,False,RECOVERING,2,0,False,
1786158805.6313112,engram-node01,-1,,False,,0,0,False,<urlopen error [Errno 61] Connection refused>
1786158805.632241,engram-node02,-1,,False,,0,0,False,<urlopen error [Errno 61] Connection refused>
1786158805.632798,engram-node03,-1,,False,,0,0,False,<urlopen error [Errno 61] Connection refused>
1786158805.633307,engram-node04,-1,,False,,0,0,False,<urlopen error [Errno 61] Connection refused>
1786158810.65398,engram-node01,-1,,False,,0,0,False,abci_query error: engramd is not ready; please wait for first block: invalid height
1786158810.660102,engram-node02,-1,,False,,0,0,False,abci_query error: engramd is not ready; please wait for first block: invalid height
1786158810.673532,engram-node03,-1,,False,,0,0,False,abci_query error: engramd is not ready; please wait for first block: invalid height
1786158810.676895,engram-node04,-1,,False,,0,0,False,abci_query error: engramd is not ready; please wait for first block: invalid height
1786158815.682622,engram-node01,-1,,False,,0,0,False,abci_query error: engramd is not ready; please wait for first block: invalid height
1786158815.68732,engram-node02,-1,,False,,0,0,False,abci_query error: engramd is not ready; please wait for first block: invalid height
1786158815.691031,engram-node03,-1,,False,,0,0,False,abci_query error: engramd is not ready; please wait for first block: invalid height
1786158815.694536,engram-node04,-1,,False,,0,0,False,abci_query error: engramd is not ready; please wait for first block: invalid height
1786158820.700459,engram-node01,-1,,False,,0,0,False,abci_query error: engramd is not ready; please wait for first block: invalid height
1786158820.7110898,engram-node02,-1,,False,,0,0,False,abci_query error: engramd is not ready; please wait for first block: invalid height
1786158820.72058,engram-node03,-1,,False,,0,0,False,abci_query error: engramd is not ready; please wait for first block: invalid height
1786158820.734265,engram-node04,-1,,False,,0,0,False,abci_query error: engramd is not ready; please wait for first block: invalid height
1786158825.740084,engram-node01,-1,,False,,0,0,False,abci_query error: engramd is not ready; please wait for first block: invalid height
1786158825.743705,engram-node02,-1,,False,,0,0,False,abci_query error: engramd is not ready; please wait for first block: invalid height
1786158825.747138,engram-node03,-1,,False,,0,0,False,abci_query error: engramd is not ready; please wait for first block: invalid height
1786158825.750132,engram-node04,-1,,False,,0,0,False,abci_query error: engramd is not ready; please wait for first block: invalid height
1786158830.758346,engram-node01,-1,,False,,0,0,False,abci_query error: engramd is not ready; please wait for first block: invalid height
1786158830.76774,engram-node02,-1,,False,,0,0,False,abci_query error: engramd is not ready; please wait for first block: invalid height
1786158830.774657,engram-node03,-1,,False,,0,0,False,abci_query error: engramd is not ready; please wait for first block: invalid height
1786158830.77894,engram-node04,-1,,False,,0,0,False,abci_query error: engramd is not ready; please wait for first block: invalid height
1786158835.786054,engram-node01,-1,,False,,0,0,False,abci_query error: engramd is not ready; please wait for first block: invalid height
1786158835.7937741,engram-node02,-1,,False,,0,0,False,abci_query error: engramd is not ready; please wait for first block: invalid height
1786158835.7981,engram-node03,-1,,False,,0,0,False,abci_query error: engramd is not ready; please wait for first block: invalid height
1786158835.8023949,engram-node04,-1,,False,,0,0,False,abci_query error: engramd is not ready; please wait for first block: invalid height
1786158840.806766,engram-node01,-1,,False,,0,0,False,abci_query error: engramd is not ready; please wait for first block: invalid height
1786158840.8152168,engram-node02,-1,,False,,0,0,False,abci_query error: engramd is not ready; please wait for first block: invalid height
1786158840.821109,engram-node03,-1,,False,,0,0,False,abci_query error: engramd is not ready; please wait for first block: invalid height
1786158840.82687,engram-node04,-1,,False,,0,0,False,abci_query error: engramd is not ready; please wait for first block: invalid height
1786158845.832562,engram-node01,-1,,False,,0,0,False,abci_query error: engramd is not ready; please wait for first block: invalid height
1786158845.8389351,engram-node02,-1,,False,,0,0,False,abci_query error: engramd is not ready; please wait for first block: invalid height
1786158845.843245,engram-node03,-1,,False,,0,0,False,abci_query error: engramd is not ready; please wait for first block: invalid height
1786158845.846402,engram-node04,-1,,False,,0,0,False,abci_query error: engramd is not ready; please wait for first block: invalid height
1786158850.855232,engram-node01,-1,,False,,0,0,False,abci_query error: engramd is not ready; please wait for first block: invalid height
1786158850.862988,engram-node02,-1,,False,,0,0,False,abci_query error: engramd is not ready; please wait for first block: invalid height
1786158850.8700569,engram-node03,-1,,False,,0,0,False,abci_query error: engramd is not ready; please wait for first block: invalid height
1786158850.876309,engram-node04,-1,,False,,0,0,False,abci_query error: engramd is not ready; please wait for first block: invalid height
1786158855.882956,engram-node01,-1,,False,,0,0,False,abci_query error: engramd is not ready; please wait for first block: invalid height
1786158855.890357,engram-node02,-1,,False,,0,0,False,abci_query error: engramd is not ready; please wait for first block: invalid height
1786158855.8952892,engram-node03,-1,,False,,0,0,False,abci_query error: engramd is not ready; please wait for first block: invalid height
1786158855.901172,engram-node04,-1,,False,,0,0,False,abci_query error: engramd is not ready; please wait for first block: invalid height
1786158860.908036,engram-node01,-1,,False,,0,0,False,abci_query error: engramd is not ready; please wait for first block: invalid height
1786158860.91624,engram-node02,-1,,False,,0,0,False,abci_query error: engramd is not ready; please wait for first block: invalid height
1786158860.92315,engram-node03,-1,,False,,0,0,False,abci_query error: engramd is not ready; please wait for first block: invalid height
1786158860.926729,engram-node04,-1,,False,,0,0,False,abci_query error: engramd is not ready; please wait for first block: invalid height
1786158865.9338398,engram-node01,-1,,False,,0,0,False,abci_query error: engramd is not ready; please wait for first block: invalid height
1786158865.93898,engram-node02,-1,,False,,0,0,False,abci_query error: engramd is not ready; please wait for first block: invalid height
1786158865.942465,engram-node03,-1,,False,,0,0,False,abci_query error: engramd is not ready; please wait for first block: invalid height
1786158865.945299,engram-node04,-1,,False,,0,0,False,abci_query error: engramd is not ready; please wait for first block: invalid height
1786158870.951126,engram-node01,1,E3B0C44298FC1C149AFBF4C8996FB92427AE41E4649B934CA495991B7852B855,False,SOVEREIGN,0,0,False,
1786158870.958528,engram-node02,1,E3B0C44298FC1C149AFBF4C8996FB92427AE41E4649B934CA495991B7852B855,False,SOVEREIGN,0,0,False,
1786158870.9636202,engram-node03,1,E3B0C44298FC1C149AFBF4C8996FB92427AE41E4649B934CA495991B7852B855,False,SOVEREIGN,0,0,False,
1786158870.969862,engram-node04,1,E3B0C44298FC1C149AFBF4C8996FB92427AE41E4649B934CA495991B7852B855,False,SOVEREIGN,0,0,False,
1786158875.975701,engram-node01,5,59FD49F96757A6B150A5172DFEE5EE0B76DF3089B29088FA5CF4670D7F2F9076,False,SOVEREIGN,0,0,False,
1786158875.9852748,engram-node02,5,59FD49F96757A6B150A5172DFEE5EE0B76DF3089B29088FA5CF4670D7F2F9076,False,SOVEREIGN,0,0,False,
1786158875.9913962,engram-node03,5,59FD49F96757A6B150A5172DFEE5EE0B76DF3089B29088FA5CF4670D7F2F9076,False,SOVEREIGN,0,0,False,
1786158875.996264,engram-node04,5,59FD49F96757A6B150A5172DFEE5EE0B76DF3089B29088FA5CF4670D7F2F9076,False,SOVEREIGN,0,0,False,
1786158881.005245,engram-node01,8,C22D2606269EC952C1F24BC0E353F8E50654CF2028C50FE4059235D28C69AA43,False,SOVEREIGN,0,0,False,
1786158881.3131468,engram-node02,9,594BA27D929EFCCC922AF3A59429A67899CD47C14AF2CE5636BC67EA0C1B8ABD,False,SOVEREIGN,0,0,False,
1786158881.320878,engram-node03,9,594BA27D929EFCCC922AF3A59429A67899CD47C14AF2CE5636BC67EA0C1B8ABD,False,SOVEREIGN,0,0,False,
1786158881.3251688,engram-node04,9,594BA27D929EFCCC922AF3A59429A67899CD47C14AF2CE5636BC67EA0C1B8ABD,False,SOVEREIGN,0,0,False,
1786158886.330862,engram-node01,13,4384162A4FD3A62C44BCFE4A8DB13F74B80F5AB9174B9774810E998BC2BCB196,False,SOVEREIGN,0,0,False,
1786158886.338214,engram-node02,13,4384162A4FD3A62C44BCFE4A8DB13F74B80F5AB9174B9774810E998BC2BCB196,False,SOVEREIGN,0,0,False,
1786158886.343456,engram-node03,13,4384162A4FD3A62C44BCFE4A8DB13F74B80F5AB9174B9774810E998BC2BCB196,False,SOVEREIGN,0,0,False,
1786158886.3527439,engram-node04,13,4384162A4FD3A62C44BCFE4A8DB13F74B80F5AB9174B9774810E998BC2BCB196,False,SOVEREIGN,0,0,False,
1786158891.3594801,engram-node01,17,D2E47DD5FB123304B17D39803826BD812EBA805E590264110D386C43B5885FF6,False,SOVEREIGN,0,0,False,
1786158891.3705611,engram-node02,17,D2E47DD5FB123304B17D39803826BD812EBA805E590264110D386C43B5885FF6,False,SOVEREIGN,0,0,False,
1786158891.3770702,engram-node03,17,D2E47DD5FB123304B17D39803826BD812EBA805E590264110D386C43B5885FF6,False,SOVEREIGN,0,0,False,
1786158891.383169,engram-node04,17,D2E47DD5FB123304B17D39803826BD812EBA805E590264110D386C43B5885FF6,False,SOVEREIGN,0,0,False,
1786158896.389656,engram-node01,21,63B7D850838C4CBC9BFCEE63D0B78F38FEF0CA88405DE95C7139E223D6877992,False,SOVEREIGN,0,0,False,
1786158896.396877,engram-node02,21,63B7D850838C4CBC9BFCEE63D0B78F38FEF0CA88405DE95C7139E223D6877992,False,SOVEREIGN,0,0,False,
1786158896.401945,engram-node03,21,63B7D850838C4CBC9BFCEE63D0B78F38FEF0CA88405DE95C7139E223D6877992,False,SOVEREIGN,0,0,False,
1786158896.4068348,engram-node04,21,63B7D850838C4CBC9BFCEE63D0B78F38FEF0CA88405DE95C7139E223D6877992,False,SOVEREIGN,0,0,False,
1786158901.413148,engram-node01,25,4BC13210C24FDFF33EEA4171FFFB14ED67002FAD1CB53C819C8394D5911B35DD,False,SOVEREIGN,0,0,False,
1786158901.424376,engram-node02,25,4BC13210C24FDFF33EEA4171FFFB14ED67002FAD1CB53C819C8394D5911B35DD,False,SOVEREIGN,0,0,False,
1786158901.429576,engram-node03,25,4BC13210C24FDFF33EEA4171FFFB14ED67002FAD1CB53C819C8394D5911B35DD,False,SOVEREIGN,0,0,False,
1786158901.434867,engram-node04,25,4BC13210C24FDFF33EEA4171FFFB14ED67002FAD1CB53C819C8394D5911B35DD,False,SOVEREIGN,0,0,False,
1786158906.445179,engram-node01,29,234CC0FFAB588D3E437E418FA1FC8A86A7009180BE152BCEE912EE3CB97A6B11,False,SOVEREIGN,0,0,False,
1786158906.454083,engram-node02,29,234CC0FFAB588D3E437E418FA1FC8A86A7009180BE152BCEE912EE3CB97A6B11,False,SOVEREIGN,0,0,False,
1786158906.45949,engram-node03,29,234CC0FFAB588D3E437E418FA1FC8A86A7009180BE152BCEE912EE3CB97A6B11,False,SOVEREIGN,0,0,False,
1786158906.4651468,engram-node04,29,234CC0FFAB588D3E437E418FA1FC8A86A7009180BE152BCEE912EE3CB97A6B11,False,SOVEREIGN,0,0,False,
1786158911.471808,engram-node01,33,E8B28D6776EE5C64E8200990BEC04CB2819B67F8916DD8C406403ACA25520383,False,SOVEREIGN,0,0,False,
1786158911.48189,engram-node02,33,E8B28D6776EE5C64E8200990BEC04CB2819B67F8916DD8C406403ACA25520383,False,SOVEREIGN,0,0,False,
1786158911.4878132,engram-node03,33,E8B28D6776EE5C64E8200990BEC04CB2819B67F8916DD8C406403ACA25520383,False,SOVEREIGN,0,0,False,
1786158911.493023,engram-node04,33,E8B28D6776EE5C64E8200990BEC04CB2819B67F8916DD8C406403ACA25520383,False,SOVEREIGN,0,0,False,
1786158916.500447,engram-node01,37,2CDFF6CF53B90523F0ED80DCD7A6FCD3EB6449E550287EF6CACA7C7F76B52A71,False,SOVEREIGN,0,0,False,
1786158916.50614,engram-node02,37,2CDFF6CF53B90523F0ED80DCD7A6FCD3EB6449E550287EF6CACA7C7F76B52A71,False,SOVEREIGN,0,0,False,
1786158916.511353,engram-node03,37,2CDFF6CF53B90523F0ED80DCD7A6FCD3EB6449E550287EF6CACA7C7F76B52A71,False,SOVEREIGN,0,0,False,
1786158916.5160398,engram-node04,37,2CDFF6CF53B90523F0ED80DCD7A6FCD3EB6449E550287EF6CACA7C7F76B52A71,False,SOVEREIGN,0,0,False,
1786158921.52487,engram-node01,41,CCE6D90C4BC61F5041265137579984763B8AC34C7217D8F706891D114376BA0D,False,SOVEREIGN,0,0,False,
1786158921.532361,engram-node02,41,CCE6D90C4BC61F5041265137579984763B8AC34C7217D8F706891D114376BA0D,False,SOVEREIGN,0,0,False,
1786158921.538798,engram-node03,41,CCE6D90C4BC61F5041265137579984763B8AC34C7217D8F706891D114376BA0D,False,SOVEREIGN,0,0,False,
1786158921.544178,engram-node04,41,CCE6D90C4BC61F5041265137579984763B8AC34C7217D8F706891D114376BA0D,False,SOVEREIGN,0,0,False,
1786158926.550805,engram-node01,45,B9FB957D650AEDA088A17612E85FAC1F9224CBB366D0FB3ACB77A791433E0C92,False,SOVEREIGN,0,0,False,
1786158926.562092,engram-node02,45,B9FB957D650AEDA088A17612E85FAC1F9224CBB366D0FB3ACB77A791433E0C92,False,SOVEREIGN,0,0,False,
1786158926.567492,engram-node03,45,B9FB957D650AEDA088A17612E85FAC1F9224CBB366D0FB3ACB77A791433E0C92,False,SOVEREIGN,0,0,False,
1786158926.573214,engram-node04,45,B9FB957D650AEDA088A17612E85FAC1F9224CBB366D0FB3ACB77A791433E0C92,False,SOVEREIGN,0,0,False,
1786158931.5828428,engram-node01,49,ED58FC5EF6408FE61CF48684A03EE3D47C775EF05FF62BD2C30C9ACE9CEF524C,False,SOVEREIGN,0,0,False,
1786158931.592997,engram-node02,49,ED58FC5EF6408FE61CF48684A03EE3D47C775EF05FF62BD2C30C9ACE9CEF524C,False,SOVEREIGN,0,0,False,
1786158931.5969238,engram-node03,49,ED58FC5EF6408FE61CF48684A03EE3D47C775EF05FF62BD2C30C9ACE9CEF524C,False,SOVEREIGN,0,0,False,
1786158931.6005278,engram-node04,49,ED58FC5EF6408FE61CF48684A03EE3D47C775EF05FF62BD2C30C9ACE9CEF524C,False,SOVEREIGN,0,0,False,
1786158936.610837,engram-node01,53,9CE8863910FAFC4E366E519EB92CDE4430FF8EBF119309B151786FF9B633CF7E,False,SOVEREIGN,0,0,False,
1786158936.623111,engram-node02,53,9CE8863910FAFC4E366E519EB92CDE4430FF8EBF119309B151786FF9B633CF7E,False,SOVEREIGN,0,0,False,
1786158936.627687,engram-node03,53,9CE8863910FAFC4E366E519EB92CDE4430FF8EBF119309B151786FF9B633CF7E,False,SOVEREIGN,0,0,False,
1786158936.632243,engram-node04,53,9CE8863910FAFC4E366E519EB92CDE4430FF8EBF119309B151786FF9B633CF7E,False,SOVEREIGN,0,0,False,
1786158941.639731,engram-node01,57,C46DD60F0EEF1B5B0844DF61CD004CF124999B2AEA3787514437A362E41E31B6,False,SOVEREIGN,0,0,False,
1786158941.652163,engram-node02,57,C46DD60F0EEF1B5B0844DF61CD004CF124999B2AEA3787514437A362E41E31B6,False,SOVEREIGN,0,0,False,
1786158941.659619,engram-node03,57,C46DD60F0EEF1B5B0844DF61CD004CF124999B2AEA3787514437A362E41E31B6,False,SOVEREIGN,0,0,False,
1786158941.66474,engram-node04,57,C46DD60F0EEF1B5B0844DF61CD004CF124999B2AEA3787514437A362E41E31B6,False,SOVEREIGN,0,0,False,
1786158946.673711,engram-node01,61,B0213E44D35F91EC50E679C0BF533FB5AA3BC0577FBB92485B2BADE28111968F,False,SOVEREIGN,0,0,False,
1786158946.679779,engram-node02,61,B0213E44D35F91EC50E679C0BF533FB5AA3BC0577FBB92485B2BADE28111968F,False,SOVEREIGN,0,0,False,
1786158946.68364,engram-node03,61,B0213E44D35F91EC50E679C0BF533FB5AA3BC0577FBB92485B2BADE28111968F,False,SOVEREIGN,0,0,False,
1786158946.688288,engram-node04,61,B0213E44D35F91EC50E679C0BF533FB5AA3BC0577FBB92485B2BADE28111968F,False,SOVEREIGN,0,0,False,
1786158951.693553,engram-node01,65,B32C384A6E3AF9E4BCAE47C3F6712EBFC76E43C23ABBFD7E94B77C3339BEAF3D,False,SOVEREIGN,0,0,False,
1786158951.6980731,engram-node02,65,B32C384A6E3AF9E4BCAE47C3F6712EBFC76E43C23ABBFD7E94B77C3339BEAF3D,False,SOVEREIGN,0,0,False,
1786158951.702095,engram-node03,65,B32C384A6E3AF9E4BCAE47C3F6712EBFC76E43C23ABBFD7E94B77C3339BEAF3D,False,SOVEREIGN,0,0,False,
1786158951.706198,engram-node04,65,B32C384A6E3AF9E4BCAE47C3F6712EBFC76E43C23ABBFD7E94B77C3339BEAF3D,False,SOVEREIGN,0,0,False,
1786158956.717023,engram-node01,70,ABCFD160E2BC6590C1097084422A3DD36B55E58D960D47C0D7CD2DC35DE4CCE5,False,SOVEREIGN,0,0,False,
1786158956.7230442,engram-node02,70,ABCFD160E2BC6590C1097084422A3DD36B55E58D960D47C0D7CD2DC35DE4CCE5,False,SOVEREIGN,0,0,False,
1786158956.72695,engram-node03,70,ABCFD160E2BC6590C1097084422A3DD36B55E58D960D47C0D7CD2DC35DE4CCE5,False,SOVEREIGN,0,0,False,
1786158956.730703,engram-node04,70,ABCFD160E2BC6590C1097084422A3DD36B55E58D960D47C0D7CD2DC35DE4CCE5,False,SOVEREIGN,0,0,False,
1786158961.7352462,engram-node01,74,E25351BDC76FBA9C8D821D1C574A04C2BBFDE9F1FDCEFE5BB7B85366B633D654,False,SOVEREIGN,0,0,False,
1786158961.739233,engram-node02,74,E25351BDC76FBA9C8D821D1C574A04C2BBFDE9F1FDCEFE5BB7B85366B633D654,False,SOVEREIGN,0,0,False,
1786158961.742183,engram-node03,74,E25351BDC76FBA9C8D821D1C574A04C2BBFDE9F1FDCEFE5BB7B85366B633D654,False,SOVEREIGN,0,0,False,
1786158961.7454588,engram-node04,74,E25351BDC76FBA9C8D821D1C574A04C2BBFDE9F1FDCEFE5BB7B85366B633D654,False,SOVEREIGN,0,0,False,
1786158966.7533069,engram-node01,78,24F8BCF258AA99BAD0AB4C55B81CF64637725C03559BDD1370A551D120E8CF59,False,SOVEREIGN,0,0,False,
1786158966.7599528,engram-node02,78,24F8BCF258AA99BAD0AB4C55B81CF64637725C03559BDD1370A551D120E8CF59,False,SOVEREIGN,0,0,False,
1786158966.765852,engram-node03,78,24F8BCF258AA99BAD0AB4C55B81CF64637725C03559BDD1370A551D120E8CF59,False,SOVEREIGN,0,0,False,
1786158966.771115,engram-node04,78,24F8BCF258AA99BAD0AB4C55B81CF64637725C03559BDD1370A551D120E8CF59,False,SOVEREIGN,0,0,False,
1786158971.7815628,engram-node01,82,D1E00822014A8D7E116DA5C4ABEC2E477FFEEE41B7C1EE56C4B4388573BE2CC7,False,SOVEREIGN,0,0,False,
1786158971.7923,engram-node02,82,D1E00822014A8D7E116DA5C4ABEC2E477FFEEE41B7C1EE56C4B4388573BE2CC7,False,SOVEREIGN,0,0,False,
1786158971.799092,engram-node03,82,D1E00822014A8D7E116DA5C4ABEC2E477FFEEE41B7C1EE56C4B4388573BE2CC7,False,SOVEREIGN,0,0,False,
1786158971.804679,engram-node04,82,D1E00822014A8D7E116DA5C4ABEC2E477FFEEE41B7C1EE56C4B4388573BE2CC7,False,SOVEREIGN,0,0,False,
1786158976.8117812,engram-node01,86,6F394D64EB03EC0E79161CE6855E3F996AD53416FA986551EB30237415353F98,False,SOVEREIGN,0,0,False,
1786158976.820671,engram-node02,86,6F394D64EB03EC0E79161CE6855E3F996AD53416FA986551EB30237415353F98,False,SOVEREIGN,0,0,False,
1786158976.826574,engram-node03,86,6F394D64EB03EC0E79161CE6855E3F996AD53416FA986551EB30237415353F98,False,SOVEREIGN,0,0,False,
1786158976.8310301,engram-node04,86,6F394D64EB03EC0E79161CE6855E3F996AD53416FA986551EB30237415353F98,False,SOVEREIGN,0,0,False,
1786158981.8377469,engram-node01,90,8627FDB4381E47ED16C418B3EFCDD3A3077B2ECF9F01BF7C7769BF91ADF3A350,False,SOVEREIGN,0,0,False,
1786158981.8460531,engram-node02,90,8627FDB4381E47ED16C418B3EFCDD3A3077B2ECF9F01BF7C7769BF91ADF3A350,False,SOVEREIGN,0,0,False,
1786158981.852277,engram-node03,90,8627FDB4381E47ED16C418B3EFCDD3A3077B2ECF9F01BF7C7769BF91ADF3A350,False,SOVEREIGN,0,0,False,
1786158981.858767,engram-node04,90,8627FDB4381E47ED16C418B3EFCDD3A3077B2ECF9F01BF7C7769BF91ADF3A350,False,SOVEREIGN,0,0,False,
1786158986.8686311,engram-node01,94,7D2A1A7F51E5E960B727A15D48E0547F4F55D63EEF7DB96A62B68D65236AF6A8,False,SOVEREIGN,0,0,False,
1786158986.8797162,engram-node02,94,7D2A1A7F51E5E960B727A15D48E0547F4F55D63EEF7DB96A62B68D65236AF6A8,False,SOVEREIGN,0,0,False,
1786158986.886846,engram-node03,94,7D2A1A7F51E5E960B727A15D48E0547F4F55D63EEF7DB96A62B68D65236AF6A8,False,SOVEREIGN,0,0,False,
1786158986.893055,engram-node04,94,7D2A1A7F51E5E960B727A15D48E0547F4F55D63EEF7DB96A62B68D65236AF6A8,False,SOVEREIGN,0,0,False,
1786158991.900796,engram-node01,98,5BDA34574918FE8A1D2E2FD61033ABA7716A64EEE9E60C7A3D4E7E2B6FC3B336,False,SOVEREIGN,0,0,False,
1786158991.9071848,engram-node02,98,5BDA34574918FE8A1D2E2FD61033ABA7716A64EEE9E60C7A3D4E7E2B6FC3B336,False,SOVEREIGN,0,0,False,
1786158991.911733,engram-node03,98,5BDA34574918FE8A1D2E2FD61033ABA7716A64EEE9E60C7A3D4E7E2B6FC3B336,False,SOVEREIGN,0,0,False,
1786158991.9160151,engram-node04,98,5BDA34574918FE8A1D2E2FD61033ABA7716A64EEE9E60C7A3D4E7E2B6FC3B336,False,SOVEREIGN,0,0,False,
1786158996.923226,engram-node01,102,FF61256B543D743F862D7707C669D2F65CEDB50856429F1690ABC87DE23EFD39,False,SOVEREIGN,0,0,False,
1786158996.930808,engram-node02,102,FF61256B543D743F862D7707C669D2F65CEDB50856429F1690ABC87DE23EFD39,False,SOVEREIGN,0,0,False,
1786158996.9359329,engram-node03,102,FF61256B543D743F862D7707C669D2F65CEDB50856429F1690ABC87DE23EFD39,False,SOVEREIGN,0,0,False,
1786158996.940346,engram-node04,102,FF61256B543D743F862D7707C669D2F65CEDB50856429F1690ABC87DE23EFD39,False,SOVEREIGN,0,0,False,
1786159001.9499478,engram-node01,106,ECF1BAF15A552AF144A0F5E87C27563AAAB1CEFE29A6F6F0643A240810623973,False,SOVEREIGN,0,0,False,
1786159001.960143,engram-node02,106,ECF1BAF15A552AF144A0F5E87C27563AAAB1CEFE29A6F6F0643A240810623973,False,SOVEREIGN,0,0,False,
1786159001.9651651,engram-node03,106,ECF1BAF15A552AF144A0F5E87C27563AAAB1CEFE29A6F6F0643A240810623973,False,SOVEREIGN,0,0,False,
1786159001.9699159,engram-node04,106,ECF1BAF15A552AF144A0F5E87C27563AAAB1CEFE29A6F6F0643A240810623973,False,SOVEREIGN,0,0,False,
1786159006.979106,engram-node01,110,03826B485560EEA228421585F5C9249117646E261825E45E44E6AC3B06E04879,False,SOVEREIGN,0,0,False,
1786159006.986542,engram-node02,110,03826B485560EEA228421585F5C9249117646E261825E45E44E6AC3B06E04879,False,SOVEREIGN,0,0,False,
1786159006.991078,engram-node03,110,03826B485560EEA228421585F5C9249117646E261825E45E44E6AC3B06E04879,False,SOVEREIGN,0,0,False,
1786159006.995543,engram-node04,110,03826B485560EEA228421585F5C9249117646E261825E45E44E6AC3B06E04879,False,SOVEREIGN,0,0,False,
1786159012.0031831,engram-node01,114,44DDA128BF527387F3811F4F3A6589F2136292E17D60457839E313BFFE88B6C9,False,SOVEREIGN,0,0,False,
1786159012.010085,engram-node02,114,44DDA128BF527387F3811F4F3A6589F2136292E17D60457839E313BFFE88B6C9,False,SOVEREIGN,0,0,False,
1786159012.015424,engram-node03,114,44DDA128BF527387F3811F4F3A6589F2136292E17D60457839E313BFFE88B6C9,False,SOVEREIGN,0,0,False,
1786159012.019745,engram-node04,114,44DDA128BF527387F3811F4F3A6589F2136292E17D60457839E313BFFE88B6C9,False,SOVEREIGN,0,0,False,
1786159017.0246882,engram-node01,118,568E1E164F08036A5255842297800D1B4E85B8B911986CBC0F77FF3C5BE30DDC,False,SOVEREIGN,0,0,False,
1786159017.034981,engram-node02,118,568E1E164F08036A5255842297800D1B4E85B8B911986CBC0F77FF3C5BE30DDC,False,SOVEREIGN,0,0,False,
1786159017.040203,engram-node03,118,568E1E164F08036A5255842297800D1B4E85B8B911986CBC0F77FF3C5BE30DDC,False,SOVEREIGN,0,0,False,
1786159017.044568,engram-node04,118,568E1E164F08036A5255842297800D1B4E85B8B911986CBC0F77FF3C5BE30DDC,False,SOVEREIGN,0,0,False,
1786159022.049711,engram-node01,122,116C9E3F7B9E8C97A9939EB71DFF4081FC9F9A01BE957F1305E79771018186A1,False,SOVEREIGN,0,0,False,
1786159022.060396,engram-node02,122,116C9E3F7B9E8C97A9939EB71DFF4081FC9F9A01BE957F1305E79771018186A1,False,SOVEREIGN,0,0,False,
1786159022.066627,engram-node03,122,116C9E3F7B9E8C97A9939EB71DFF4081FC9F9A01BE957F1305E79771018186A1,False,SOVEREIGN,0,0,False,
1786159022.0734699,engram-node04,122,116C9E3F7B9E8C97A9939EB71DFF4081FC9F9A01BE957F1305E79771018186A1,False,SOVEREIGN,0,0,False,
1786159027.0837471,engram-node01,126,8550EC6072D29FC678EF51E17D186D62248D2EEB5706E557C1C6712F4C7A6AA5,False,SOVEREIGN,0,0,False,
1786159027.09408,engram-node02,126,8550EC6072D29FC678EF51E17D186D62248D2EEB5706E557C1C6712F4C7A6AA5,False,SOVEREIGN,0,0,False,
1786159027.099437,engram-node03,126,8550EC6072D29FC678EF51E17D186D62248D2EEB5706E557C1C6712F4C7A6AA5,False,SOVEREIGN,0,0,False,
1786159027.1041112,engram-node04,126,8550EC6072D29FC678EF51E17D186D62248D2EEB5706E557C1C6712F4C7A6AA5,False,SOVEREIGN,0,0,False,
1786159032.112297,engram-node01,130,C7B980AAC4DF4306499AA9C43D5E1AAC00E18AC03C70CE79F4BB0408DD55F042,False,SOVEREIGN,0,0,False,
1786159032.1213849,engram-node02,130,C7B980AAC4DF4306499AA9C43D5E1AAC00E18AC03C70CE79F4BB0408DD55F042,False,SOVEREIGN,0,0,False,
1786159032.127411,engram-node03,130,C7B980AAC4DF4306499AA9C43D5E1AAC00E18AC03C70CE79F4BB0408DD55F042,False,SOVEREIGN,0,0,False,
1786159032.1323211,engram-node04,130,C7B980AAC4DF4306499AA9C43D5E1AAC00E18AC03C70CE79F4BB0408DD55F042,False,SOVEREIGN,0,0,False,
1786159037.140619,engram-node01,134,9D509158453724EC8196C5092A47A9350F2ACDED6B1FB1657684BB5FB97F4423,False,SOVEREIGN,0,0,False,
1786159037.146511,engram-node02,134,9D509158453724EC8196C5092A47A9350F2ACDED6B1FB1657684BB5FB97F4423,False,SOVEREIGN,0,0,False,
1786159037.154043,engram-node03,134,9D509158453724EC8196C5092A47A9350F2ACDED6B1FB1657684BB5FB97F4423,False,SOVEREIGN,0,0,False,
1786159037.158756,engram-node04,134,9D509158453724EC8196C5092A47A9350F2ACDED6B1FB1657684BB5FB97F4423,False,SOVEREIGN,0,0,False,
1786159042.16725,engram-node01,139,558F0261359A7B505E92044432B6111B7CF3267769A8839A4ED4786EDD6CF077,False,SOVEREIGN,0,0,False,
1786159042.173561,engram-node02,139,558F0261359A7B505E92044432B6111B7CF3267769A8839A4ED4786EDD6CF077,False,SOVEREIGN,0,0,False,
1786159042.178533,engram-node03,139,558F0261359A7B505E92044432B6111B7CF3267769A8839A4ED4786EDD6CF077,False,SOVEREIGN,0,0,False,
1786159042.1828249,engram-node04,139,558F0261359A7B505E92044432B6111B7CF3267769A8839A4ED4786EDD6CF077,False,SOVEREIGN,0,0,False,
1786159047.1917062,engram-node01,143,F1EA83BB5120C510B020757979D146E14044A1A047C9646BEA5861244273263D,False,SOVEREIGN,0,0,False,
1786159047.19734,engram-node02,143,F1EA83BB5120C510B020757979D146E14044A1A047C9646BEA5861244273263D,False,SOVEREIGN,0,0,False,
1786159047.200598,engram-node03,143,F1EA83BB5120C510B020757979D146E14044A1A047C9646BEA5861244273263D,False,SOVEREIGN,0,0,False,
1786159047.203696,engram-node04,143,F1EA83BB5120C510B020757979D146E14044A1A047C9646BEA5861244273263D,False,SOVEREIGN,0,0,False,
1786159052.2113862,engram-node01,147,5201275D5C92CFB88CC2B72655C5611AA7E135B3298D84117C4B284E037B2E33,False,SOVEREIGN,0,0,False,
1786159052.222135,engram-node02,147,5201275D5C92CFB88CC2B72655C5611AA7E135B3298D84117C4B284E037B2E33,False,SOVEREIGN,0,0,False,
1786159052.228492,engram-node03,147,5201275D5C92CFB88CC2B72655C5611AA7E135B3298D84117C4B284E037B2E33,False,SOVEREIGN,0,0,False,
1786159052.2341409,engram-node04,147,5201275D5C92CFB88CC2B72655C5611AA7E135B3298D84117C4B284E037B2E33,False,SOVEREIGN,0,0,False,
1786159057.2422771,engram-node01,151,F3DD229FDAA18ABE844E5BF6025248300F78C55A89EB505D8CC3F15A7C08DC87,False,SOVEREIGN,0,0,False,
1786159057.254742,engram-node02,151,F3DD229FDAA18ABE844E5BF6025248300F78C55A89EB505D8CC3F15A7C08DC87,False,SOVEREIGN,0,0,False,
1786159057.261954,engram-node03,151,F3DD229FDAA18ABE844E5BF6025248300F78C55A89EB505D8CC3F15A7C08DC87,False,SOVEREIGN,0,0,False,
1786159057.2680829,engram-node04,151,F3DD229FDAA18ABE844E5BF6025248300F78C55A89EB505D8CC3F15A7C08DC87,False,SOVEREIGN,0,0,False,
1786159062.280339,engram-node01,155,8E3E885A48B3252483314E17DAA57469471308C7370E934A819C3196541EF377,False,SOVEREIGN,0,0,False,
1786159062.286551,engram-node02,155,8E3E885A48B3252483314E17DAA57469471308C7370E934A819C3196541EF377,False,SOVEREIGN,0,0,False,
1786159062.2907252,engram-node03,155,8E3E885A48B3252483314E17DAA57469471308C7370E934A819C3196541EF377,False,SOVEREIGN,0,0,False,
1786159062.294708,engram-node04,155,8E3E885A48B3252483314E17DAA57469471308C7370E934A819C3196541EF377,False,SOVEREIGN,0,0,False,
1786159067.3085198,engram-node01,160,6260333FA2827E4E565074B96F3EF6B798BFDEB2A94841E34D36D65441FDF110,False,SOVEREIGN,0,0,False,
1786159067.313917,engram-node02,160,6260333FA2827E4E565074B96F3EF6B798BFDEB2A94841E34D36D65441FDF110,False,SOVEREIGN,0,0,False,
1786159067.318532,engram-node03,160,6260333FA2827E4E565074B96F3EF6B798BFDEB2A94841E34D36D65441FDF110,False,SOVEREIGN,0,0,False,
1786159067.3226829,engram-node04,160,6260333FA2827E4E565074B96F3EF6B798BFDEB2A94841E34D36D65441FDF110,False,SOVEREIGN,0,0,False,
1786159072.33174,engram-node01,164,2EA8734EA43BDD3483904A2E2AD064463C2B9CFCAB4EA9D39DB6710A5E4B7A94,False,SOVEREIGN,0,0,False,
1786159072.338169,engram-node02,164,2EA8734EA43BDD3483904A2E2AD064463C2B9CFCAB4EA9D39DB6710A5E4B7A94,False,SOVEREIGN,0,0,False,
1786159072.343453,engram-node03,164,2EA8734EA43BDD3483904A2E2AD064463C2B9CFCAB4EA9D39DB6710A5E4B7A94,False,SOVEREIGN,0,0,False,
1786159072.348398,engram-node04,164,2EA8734EA43BDD3483904A2E2AD064463C2B9CFCAB4EA9D39DB6710A5E4B7A94,False,SOVEREIGN,0,0,False,
1786159077.358125,engram-node01,168,E2B62F54BD4114E46715E1D682AEAAAC0B08A4AF0AB900196D9A73D4B6AF1065,False,SOVEREIGN,0,0,False,
1786159077.363977,engram-node02,168,E2B62F54BD4114E46715E1D682AEAAAC0B08A4AF0AB900196D9A73D4B6AF1065,False,SOVEREIGN,0,0,False,
1786159077.36879,engram-node03,168,E2B62F54BD4114E46715E1D682AEAAAC0B08A4AF0AB900196D9A73D4B6AF1065,False,SOVEREIGN,0,0,False,
1786159077.375212,engram-node04,168,E2B62F54BD4114E46715E1D682AEAAAC0B08A4AF0AB900196D9A73D4B6AF1065,False,SOVEREIGN,0,0,False,
1786159082.382994,engram-node01,173,1C6584309A5A99F966E7D8FD7B86ECCC68AACBCEF54BCDBE5CF7B2F79A59582D,False,SOVEREIGN,0,0,False,
1786159082.3867679,engram-node02,173,1C6584309A5A99F966E7D8FD7B86ECCC68AACBCEF54BCDBE5CF7B2F79A59582D,False,SOVEREIGN,0,0,False,
1786159082.390052,engram-node03,173,1C6584309A5A99F966E7D8FD7B86ECCC68AACBCEF54BCDBE5CF7B2F79A59582D,False,SOVEREIGN,0,0,False,
1786159082.3930812,engram-node04,173,1C6584309A5A99F966E7D8FD7B86ECCC68AACBCEF54BCDBE5CF7B2F79A59582D,False,SOVEREIGN,0,0,False,
1786159087.4002292,engram-node01,177,9C9328B53A4CE91A35B70FE8162DA0FCE867D2CEE881FA56EA1AA0B1F77373D8,False,SOVEREIGN,0,0,False,
1786159087.416598,engram-node02,177,9C9328B53A4CE91A35B70FE8162DA0FCE867D2CEE881FA56EA1AA0B1F77373D8,False,SOVEREIGN,0,0,False,
1786159087.445277,engram-node03,177,9C9328B53A4CE91A35B70FE8162DA0FCE867D2CEE881FA56EA1AA0B1F77373D8,False,SOVEREIGN,0,0,False,
1786159087.460287,engram-node04,177,9C9328B53A4CE91A35B70FE8162DA0FCE867D2CEE881FA56EA1AA0B1F77373D8,False,SOVEREIGN,0,0,False,
1786159092.475467,engram-node01,181,D3E4B3F0B99393FF9B8BED99B29A3EA69A9BB941A195DCEF0AD3AEAC5380D2CD,False,SOVEREIGN,0,0,False,
1786159092.509396,engram-node02,181,D3E4B3F0B99393FF9B8BED99B29A3EA69A9BB941A195DCEF0AD3AEAC5380D2CD,False,SOVEREIGN,0,0,False,
1786159092.5186582,engram-node03,181,D3E4B3F0B99393FF9B8BED99B29A3EA69A9BB941A195DCEF0AD3AEAC5380D2CD,False,SOVEREIGN,0,0,False,
1786159092.524596,engram-node04,181,D3E4B3F0B99393FF9B8BED99B29A3EA69A9BB941A195DCEF0AD3AEAC5380D2CD,False,SOVEREIGN,0,0,False,
1786159097.535243,engram-node01,185,4AEFD6914B55246852A3840AD17124BC21DA3AED649D866C371F8C06F60A5E08,False,SOVEREIGN,0,0,False,
1786159097.53931,engram-node02,185,4AEFD6914B55246852A3840AD17124BC21DA3AED649D866C371F8C06F60A5E08,False,SOVEREIGN,0,0,False,
1786159097.54269,engram-node03,185,4AEFD6914B55246852A3840AD17124BC21DA3AED649D866C371F8C06F60A5E08,False,SOVEREIGN,0,0,False,
1786159097.546062,engram-node04,185,4AEFD6914B55246852A3840AD17124BC21DA3AED649D866C371F8C06F60A5E08,False,SOVEREIGN,0,0,False,
1786159102.5522728,engram-node01,189,38B20FCED6440AEF8AA28037F99F1AE9C981CA65525589025186AB3288F0454B,False,SOVEREIGN,0,0,False,
1786159102.5598972,engram-node02,189,38B20FCED6440AEF8AA28037F99F1AE9C981CA65525589025186AB3288F0454B,False,SOVEREIGN,0,0,False,
1786159102.566858,engram-node03,189,38B20FCED6440AEF8AA28037F99F1AE9C981CA65525589025186AB3288F0454B,False,SOVEREIGN,0,0,False,
1786159102.571894,engram-node04,189,38B20FCED6440AEF8AA28037F99F1AE9C981CA65525589025186AB3288F0454B,False,SOVEREIGN,0,0,False,
1786159107.580411,engram-node01,193,0F0ABD41AA9A016756338D0A924E9F9465BEC89193857C340EFFD6001DE29039,False,SOVEREIGN,0,0,False,
1786159107.588557,engram-node02,193,0F0ABD41AA9A016756338D0A924E9F9465BEC89193857C340EFFD6001DE29039,False,SOVEREIGN,0,0,False,
1786159107.593368,engram-node03,193,0F0ABD41AA9A016756338D0A924E9F9465BEC89193857C340EFFD6001DE29039,False,SOVEREIGN,0,0,False,
1786159107.599388,engram-node04,193,0F0ABD41AA9A016756338D0A924E9F9465BEC89193857C340EFFD6001DE29039,False,SOVEREIGN,0,0,False,
1786159112.609198,engram-node01,197,56449033C9D0AEDB7196BE09E664E8E0C7E245E0F6D0FEEAFF3177A442707E00,False,RECOVERING,2,0,False,
1786159112.616308,engram-node02,197,56449033C9D0AEDB7196BE09E664E8E0C7E245E0F6D0FEEAFF3177A442707E00,False,RECOVERING,2,0,False,
1786159112.62095,engram-node03,197,56449033C9D0AEDB7196BE09E664E8E0C7E245E0F6D0FEEAFF3177A442707E00,False,RECOVERING,2,0,False,
1786159112.626125,engram-node04,197,56449033C9D0AEDB7196BE09E664E8E0C7E245E0F6D0FEEAFF3177A442707E00,False,RECOVERING,2,0,False,
1786159117.630993,engram-node01,197,56449033C9D0AEDB7196BE09E664E8E0C7E245E0F6D0FEEAFF3177A442707E00,False,RECOVERING,2,0,False,
1786159117.638199,engram-node02,197,56449033C9D0AEDB7196BE09E664E8E0C7E245E0F6D0FEEAFF3177A442707E00,False,RECOVERING,2,0,False,
1786159117.643299,engram-node03,197,56449033C9D0AEDB7196BE09E664E8E0C7E245E0F6D0FEEAFF3177A442707E00,False,RECOVERING,2,0,False,
1786159117.6480901,engram-node04,197,56449033C9D0AEDB7196BE09E664E8E0C7E245E0F6D0FEEAFF3177A442707E00,False,RECOVERING,2,0,False,
1786159122.657429,engram-node01,197,56449033C9D0AEDB7196BE09E664E8E0C7E245E0F6D0FEEAFF3177A442707E00,False,RECOVERING,2,0,False,
1786159122.6686022,engram-node02,197,56449033C9D0AEDB7196BE09E664E8E0C7E245E0F6D0FEEAFF3177A442707E00,False,RECOVERING,2,0,False,
1786159122.6745348,engram-node03,197,56449033C9D0AEDB7196BE09E664E8E0C7E245E0F6D0FEEAFF3177A442707E00,False,RECOVERING,2,0,False,
1786159122.6869051,engram-node04,197,56449033C9D0AEDB7196BE09E664E8E0C7E245E0F6D0FEEAFF3177A442707E00,False,RECOVERING,2,0,False,
1786159127.6940339,engram-node01,197,56449033C9D0AEDB7196BE09E664E8E0C7E245E0F6D0FEEAFF3177A442707E00,False,RECOVERING,2,0,False,
1786159127.700014,engram-node02,197,56449033C9D0AEDB7196BE09E664E8E0C7E245E0F6D0FEEAFF3177A442707E00,False,RECOVERING,2,0,False,
1786159127.7059321,engram-node03,197,56449033C9D0AEDB7196BE09E664E8E0C7E245E0F6D0FEEAFF3177A442707E00,False,RECOVERING,2,0,False,
1786159127.7108412,engram-node04,197,56449033C9D0AEDB7196BE09E664E8E0C7E245E0F6D0FEEAFF3177A442707E00,False,RECOVERING,2,0,False,
1786159132.718688,engram-node01,197,56449033C9D0AEDB7196BE09E664E8E0C7E245E0F6D0FEEAFF3177A442707E00,False,RECOVERING,2,0,False,
1786159132.7235231,engram-node02,197,56449033C9D0AEDB7196BE09E664E8E0C7E245E0F6D0FEEAFF3177A442707E00,False,RECOVERING,2,0,False,
1786159132.727884,engram-node03,197,56449033C9D0AEDB7196BE09E664E8E0C7E245E0F6D0FEEAFF3177A442707E00,False,RECOVERING,2,0,False,
1786159132.732039,engram-node04,197,56449033C9D0AEDB7196BE09E664E8E0C7E245E0F6D0FEEAFF3177A442707E00,False,RECOVERING,2,0,False,
1786159137.740067,engram-node01,197,56449033C9D0AEDB7196BE09E664E8E0C7E245E0F6D0FEEAFF3177A442707E00,False,RECOVERING,2,0,False,
1786159137.750149,engram-node02,197,56449033C9D0AEDB7196BE09E664E8E0C7E245E0F6D0FEEAFF3177A442707E00,False,RECOVERING,2,0,False,
1786159137.756871,engram-node03,197,56449033C9D0AEDB7196BE09E664E8E0C7E245E0F6D0FEEAFF3177A442707E00,False,RECOVERING,2,0,False,
1786159137.764566,engram-node04,197,56449033C9D0AEDB7196BE09E664E8E0C7E245E0F6D0FEEAFF3177A442707E00,False,RECOVERING,2,0,False,
1786159142.776105,engram-node01,197,56449033C9D0AEDB7196BE09E664E8E0C7E245E0F6D0FEEAFF3177A442707E00,False,RECOVERING,2,0,False,
1786159142.7859101,engram-node02,197,56449033C9D0AEDB7196BE09E664E8E0C7E245E0F6D0FEEAFF3177A442707E00,False,RECOVERING,2,0,False,
1786159142.792065,engram-node03,197,56449033C9D0AEDB7196BE09E664E8E0C7E245E0F6D0FEEAFF3177A442707E00,False,RECOVERING,2,0,False,
1786159142.798286,engram-node04,197,56449033C9D0AEDB7196BE09E664E8E0C7E245E0F6D0FEEAFF3177A442707E00,False,RECOVERING,2,0,False,
1786159147.805038,engram-node01,197,56449033C9D0AEDB7196BE09E664E8E0C7E245E0F6D0FEEAFF3177A442707E00,False,RECOVERING,2,0,False,
1786159147.808811,engram-node02,197,56449033C9D0AEDB7196BE09E664E8E0C7E245E0F6D0FEEAFF3177A442707E00,False,RECOVERING,2,0,False,
1786159147.8122618,engram-node03,197,56449033C9D0AEDB7196BE09E664E8E0C7E245E0F6D0FEEAFF3177A442707E00,False,RECOVERING,2,0,False,
1786159147.815825,engram-node04,197,56449033C9D0AEDB7196BE09E664E8E0C7E245E0F6D0FEEAFF3177A442707E00,False,RECOVERING,2,0,False,
1786159152.8210418,engram-node01,197,56449033C9D0AEDB7196BE09E664E8E0C7E245E0F6D0FEEAFF3177A442707E00,False,RECOVERING,2,0,False,
1786159152.832843,engram-node02,197,56449033C9D0AEDB7196BE09E664E8E0C7E245E0F6D0FEEAFF3177A442707E00,False,RECOVERING,2,0,False,
1786159152.839235,engram-node03,197,56449033C9D0AEDB7196BE09E664E8E0C7E245E0F6D0FEEAFF3177A442707E00,False,RECOVERING,2,0,False,
1786159152.844119,engram-node04,197,56449033C9D0AEDB7196BE09E664E8E0C7E245E0F6D0FEEAFF3177A442707E00,False,RECOVERING,2,0,False,
1786159157.8536189,engram-node01,197,56449033C9D0AEDB7196BE09E664E8E0C7E245E0F6D0FEEAFF3177A442707E00,False,RECOVERING,2,0,False,
1786159157.857149,engram-node02,197,56449033C9D0AEDB7196BE09E664E8E0C7E245E0F6D0FEEAFF3177A442707E00,False,RECOVERING,2,0,False,
1786159157.8606,engram-node03,197,56449033C9D0AEDB7196BE09E664E8E0C7E245E0F6D0FEEAFF3177A442707E00,False,RECOVERING,2,0,False,
1786159157.863612,engram-node04,197,56449033C9D0AEDB7196BE09E664E8E0C7E245E0F6D0FEEAFF3177A442707E00,False,RECOVERING,2,0,False,
1786159162.870949,engram-node01,197,56449033C9D0AEDB7196BE09E664E8E0C7E245E0F6D0FEEAFF3177A442707E00,False,RECOVERING,2,0,False,
1786159162.877096,engram-node02,197,56449033C9D0AEDB7196BE09E664E8E0C7E245E0F6D0FEEAFF3177A442707E00,False,RECOVERING,2,0,False,
1786159162.8817542,engram-node03,197,56449033C9D0AEDB7196BE09E664E8E0C7E245E0F6D0FEEAFF3177A442707E00,False,RECOVERING,2,0,False,
1786159162.88594,engram-node04,197,56449033C9D0AEDB7196BE09E664E8E0C7E245E0F6D0FEEAFF3177A442707E00,False,RECOVERING,2,0,False,
1786159167.890759,engram-node01,197,56449033C9D0AEDB7196BE09E664E8E0C7E245E0F6D0FEEAFF3177A442707E00,False,RECOVERING,2,0,False,
1786159167.893568,engram-node02,197,56449033C9D0AEDB7196BE09E664E8E0C7E245E0F6D0FEEAFF3177A442707E00,False,RECOVERING,2,0,False,
1786159167.896344,engram-node03,197,56449033C9D0AEDB7196BE09E664E8E0C7E245E0F6D0FEEAFF3177A442707E00,False,RECOVERING,2,0,False,
1786159167.898956,engram-node04,197,56449033C9D0AEDB7196BE09E664E8E0C7E245E0F6D0FEEAFF3177A442707E00,False,RECOVERING,2,0,False,
1786159172.906807,engram-node01,201,972543D75ABF951EF3BD3CC79B5F9BCB014100B66B64B43FF0F3A8D280FAEE4E,False,RECOVERING,2,0,False,
1786159172.911797,engram-node02,201,972543D75ABF951EF3BD3CC79B5F9BCB014100B66B64B43FF0F3A8D280FAEE4E,False,RECOVERING,2,0,False,
1786159172.91621,engram-node03,201,972543D75ABF951EF3BD3CC79B5F9BCB014100B66B64B43FF0F3A8D280FAEE4E,False,RECOVERING,2,0,False,
1786159172.9201531,engram-node04,201,972543D75ABF951EF3BD3CC79B5F9BCB014100B66B64B43FF0F3A8D280FAEE4E,False,RECOVERING,2,0,False,
1786159177.925367,engram-node01,201,972543D75ABF951EF3BD3CC79B5F9BCB014100B66B64B43FF0F3A8D280FAEE4E,False,RECOVERING,2,0,False,
1786159177.929488,engram-node02,201,972543D75ABF951EF3BD3CC79B5F9BCB014100B66B64B43FF0F3A8D280FAEE4E,False,RECOVERING,2,0,False,
1786159177.933436,engram-node03,201,972543D75ABF951EF3BD3CC79B5F9BCB014100B66B64B43FF0F3A8D280FAEE4E,False,RECOVERING,2,0,False,
1786159177.940026,engram-node04,201,972543D75ABF951EF3BD3CC79B5F9BCB014100B66B64B43FF0F3A8D280FAEE4E,False,RECOVERING,2,0,False,
1786159182.95809,engram-node01,201,972543D75ABF951EF3BD3CC79B5F9BCB014100B66B64B43FF0F3A8D280FAEE4E,False,RECOVERING,2,0,False,
1786159182.967263,engram-node02,201,972543D75ABF951EF3BD3CC79B5F9BCB014100B66B64B43FF0F3A8D280FAEE4E,False,RECOVERING,2,0,False,
1786159182.977443,engram-node03,201,972543D75ABF951EF3BD3CC79B5F9BCB014100B66B64B43FF0F3A8D280FAEE4E,False,RECOVERING,2,0,False,
1786159182.982999,engram-node04,201,972543D75ABF951EF3BD3CC79B5F9BCB014100B66B64B43FF0F3A8D280FAEE4E,False,RECOVERING,2,0,False,
1786159187.9910269,engram-node01,201,972543D75ABF951EF3BD3CC79B5F9BCB014100B66B64B43FF0F3A8D280FAEE4E,False,RECOVERING,2,0,False,
1786159187.998511,engram-node02,201,972543D75ABF951EF3BD3CC79B5F9BCB014100B66B64B43FF0F3A8D280FAEE4E,False,RECOVERING,2,0,False,
1786159188.0030239,engram-node03,201,972543D75ABF951EF3BD3CC79B5F9BCB014100B66B64B43FF0F3A8D280FAEE4E,False,RECOVERING,2,0,False,
1786159188.006685,engram-node04,201,972543D75ABF951EF3BD3CC79B5F9BCB014100B66B64B43FF0F3A8D280FAEE4E,False,RECOVERING,2,0,False,
1786159193.015379,engram-node01,201,972543D75ABF951EF3BD3CC79B5F9BCB014100B66B64B43FF0F3A8D280FAEE4E,False,RECOVERING,2,0,False,
1786159193.026477,engram-node02,201,972543D75ABF951EF3BD3CC79B5F9BCB014100B66B64B43FF0F3A8D280FAEE4E,False,RECOVERING,2,0,False,
1786159193.032202,engram-node03,201,972543D75ABF951EF3BD3CC79B5F9BCB014100B66B64B43FF0F3A8D280FAEE4E,False,RECOVERING,2,0,False,
1786159193.037626,engram-node04,201,972543D75ABF951EF3BD3CC79B5F9BCB014100B66B64B43FF0F3A8D280FAEE4E,False,RECOVERING,2,0,False,
1786159198.0436668,engram-node01,201,972543D75ABF951EF3BD3CC79B5F9BCB014100B66B64B43FF0F3A8D280FAEE4E,False,RECOVERING,2,0,False,
1786159198.052205,engram-node02,201,972543D75ABF951EF3BD3CC79B5F9BCB014100B66B64B43FF0F3A8D280FAEE4E,False,RECOVERING,2,0,False,
1786159198.056912,engram-node03,201,972543D75ABF951EF3BD3CC79B5F9BCB014100B66B64B43FF0F3A8D280FAEE4E,False,RECOVERING,2,0,False,
1786159198.061407,engram-node04,201,972543D75ABF951EF3BD3CC79B5F9BCB014100B66B64B43FF0F3A8D280FAEE4E,False,RECOVERING,2,0,False,
1786159203.067976,engram-node01,201,972543D75ABF951EF3BD3CC79B5F9BCB014100B66B64B43FF0F3A8D280FAEE4E,False,RECOVERING,2,0,False,
1786159203.0769532,engram-node02,201,972543D75ABF951EF3BD3CC79B5F9BCB014100B66B64B43FF0F3A8D280FAEE4E,False,RECOVERING,2,0,False,
1786159203.083115,engram-node03,201,972543D75ABF951EF3BD3CC79B5F9BCB014100B66B64B43FF0F3A8D280FAEE4E,False,RECOVERING,2,0,False,
1786159203.087371,engram-node04,201,972543D75ABF951EF3BD3CC79B5F9BCB014100B66B64B43FF0F3A8D280FAEE4E,False,RECOVERING,2,0,False,
