timestamp,node,height,app_hash,catching_up,fsm_state,safe_blocks,suspicious_duration,reanchoring_proof_valid,error
1786094540.767436,engram-node01,2120,AE8A0D36A37D9CBDD8988572FCF476131D536BC750EE59ED0DB3592E038A6FD9,False,RECOVERING,2,0,False,
1786094540.8066401,engram-node02,2120,AE8A0D36A37D9CBDD8988572FCF476131D536BC750EE59ED0DB3592E038A6FD9,False,RECOVERING,2,0,False,
1786094540.816556,engram-node03,2120,AE8A0D36A37D9CBDD8988572FCF476131D536BC750EE59ED0DB3592E038A6FD9,False,RECOVERING,2,0,False,
1786094540.8208709,engram-node04,2120,AE8A0D36A37D9CBDD8988572FCF476131D536BC750EE59ED0DB3592E038A6FD9,False,RECOVERING,2,0,False,
1786094545.8275478,engram-node01,2120,AE8A0D36A37D9CBDD8988572FCF476131D536BC750EE59ED0DB3592E038A6FD9,False,RECOVERING,2,0,False,
1786094545.831948,engram-node02,2120,AE8A0D36A37D9CBDD8988572FCF476131D536BC750EE59ED0DB3592E038A6FD9,False,RECOVERING,2,0,False,
1786094545.835547,engram-node03,2120,AE8A0D36A37D9CBDD8988572FCF476131D536BC750EE59ED0DB3592E038A6FD9,False,RECOVERING,2,0,False,
1786094545.838806,engram-node04,2120,AE8A0D36A37D9CBDD8988572FCF476131D536BC750EE59ED0DB3592E038A6FD9,False,RECOVERING,2,0,False,
1786094550.846823,engram-node01,2120,AE8A0D36A37D9CBDD8988572FCF476131D536BC750EE59ED0DB3592E038A6FD9,False,RECOVERING,2,0,False,
1786094550.855139,engram-node02,2120,AE8A0D36A37D9CBDD8988572FCF476131D536BC750EE59ED0DB3592E038A6FD9,False,RECOVERING,2,0,False,
1786094550.861344,engram-node03,2120,AE8A0D36A37D9CBDD8988572FCF476131D536BC750EE59ED0DB3592E038A6FD9,False,RECOVERING,2,0,False,
1786094550.8656619,engram-node04,2120,AE8A0D36A37D9CBDD8988572FCF476131D536BC750EE59ED0DB3592E038A6FD9,False,RECOVERING,2,0,False,
1786094555.874166,engram-node01,2120,AE8A0D36A37D9CBDD8988572FCF476131D536BC750EE59ED0DB3592E038A6FD9,False,RECOVERING,2,0,False,
1786094555.879916,engram-node02,2120,AE8A0D36A37D9CBDD8988572FCF476131D536BC750EE59ED0DB3592E038A6FD9,False,RECOVERING,2,0,False,
1786094555.8856041,engram-node03,2120,AE8A0D36A37D9CBDD8988572FCF476131D536BC750EE59ED0DB3592E038A6FD9,False,RECOVERING,2,0,False,
1786094555.8894222,engram-node04,2120,AE8A0D36A37D9CBDD8988572FCF476131D536BC750EE59ED0DB3592E038A6FD9,False,RECOVERING,2,0,False,
1786094560.8935602,engram-node01,2120,AE8A0D36A37D9CBDD8988572FCF476131D536BC750EE59ED0DB3592E038A6FD9,False,RECOVERING,2,0,False,
1786094560.909834,engram-node02,2120,AE8A0D36A37D9CBDD8988572FCF476131D536BC750EE59ED0DB3592E038A6FD9,False,RECOVERING,2,0,False,
1786094560.916311,engram-node03,2120,AE8A0D36A37D9CBDD8988572FCF476131D536BC750EE59ED0DB3592E038A6FD9,False,RECOVERING,2,0,False,
1786094560.922528,engram-node04,2120,AE8A0D36A37D9CBDD8988572FCF476131D536BC750EE59ED0DB3592E038A6FD9,False,RECOVERING,2,0,False,
1786094565.9295082,engram-node01,2120,AE8A0D36A37D9CBDD8988572FCF476131D536BC750EE59ED0DB3592E038A6FD9,False,RECOVERING,2,0,False,
1786094565.940497,engram-node02,2120,AE8A0D36A37D9CBDD8988572FCF476131D536BC750EE59ED0DB3592E038A6FD9,False,RECOVERING,2,0,False,
1786094565.944895,engram-node03,2120,AE8A0D36A37D9CBDD8988572FCF476131D536BC750EE59ED0DB3592E038A6FD9,False,RECOVERING,2,0,False,
1786094565.948732,engram-node04,2120,AE8A0D36A37D9CBDD8988572FCF476131D536BC750EE59ED0DB3592E038A6FD9,False,RECOVERING,2,0,False,
1786094570.957849,engram-node01,2120,AE8A0D36A37D9CBDD8988572FCF476131D536BC750EE59ED0DB3592E038A6FD9,False,RECOVERING,2,0,False,
1786094570.970127,engram-node02,2120,AE8A0D36A37D9CBDD8988572FCF476131D536BC750EE59ED0DB3592E038A6FD9,False,RECOVERING,2,0,False,
1786094570.98122,engram-node03,2120,AE8A0D36A37D9CBDD8988572FCF476131D536BC750EE59ED0DB3592E038A6FD9,False,RECOVERING,2,0,False,
1786094570.988287,engram-node04,2120,AE8A0D36A37D9CBDD8988572FCF476131D536BC750EE59ED0DB3592E038A6FD9,False,RECOVERING,2,0,False,
1786094576.000303,engram-node01,2123,F4BA72C89DB17614DF1F118D2C2851656671E88B6082000B9354CD2CE3EA54FD,False,RECOVERING,1,0,False,
1786094576.004719,engram-node02,2123,F4BA72C89DB17614DF1F118D2C2851656671E88B6082000B9354CD2CE3EA54FD,False,RECOVERING,1,0,False,
1786094576.008988,engram-node03,2123,F4BA72C89DB17614DF1F118D2C2851656671E88B6082000B9354CD2CE3EA54FD,False,RECOVERING,1,0,False,
1786094576.013301,engram-node04,2123,F4BA72C89DB17614DF1F118D2C2851656671E88B6082000B9354CD2CE3EA54FD,False,RECOVERING,1,0,False,
1786094581.017674,engram-node01,2124,BF936C8B4CCB5D2D00E6DBF2F49944935D45FA20A08ED5A9C9261A872D5D952E,False,RECOVERING,2,0,False,
1786094581.02784,engram-node02,2124,BF936C8B4CCB5D2D00E6DBF2F49944935D45FA20A08ED5A9C9261A872D5D952E,False,RECOVERING,2,0,False,
1786094581.034045,engram-node03,2124,BF936C8B4CCB5D2D00E6DBF2F49944935D45FA20A08ED5A9C9261A872D5D952E,False,RECOVERING,2,0,False,
1786094581.038604,engram-node04,2124,BF936C8B4CCB5D2D00E6DBF2F49944935D45FA20A08ED5A9C9261A872D5D952E,False,RECOVERING,2,0,False,
1786094586.046942,engram-node01,2124,BF936C8B4CCB5D2D00E6DBF2F49944935D45FA20A08ED5A9C9261A872D5D952E,False,RECOVERING,2,0,False,
1786094586.054163,engram-node02,2124,BF936C8B4CCB5D2D00E6DBF2F49944935D45FA20A08ED5A9C9261A872D5D952E,False,RECOVERING,2,0,False,
1786094586.0616992,engram-node03,2124,BF936C8B4CCB5D2D00E6DBF2F49944935D45FA20A08ED5A9C9261A872D5D952E,False,RECOVERING,2,0,False,
1786094586.06906,engram-node04,2124,BF936C8B4CCB5D2D00E6DBF2F49944935D45FA20A08ED5A9C9261A872D5D952E,False,RECOVERING,2,0,False,
1786094591.079953,engram-node01,2124,BF936C8B4CCB5D2D00E6DBF2F49944935D45FA20A08ED5A9C9261A872D5D952E,False,RECOVERING,2,0,False,
1786094591.090423,engram-node02,2124,BF936C8B4CCB5D2D00E6DBF2F49944935D45FA20A08ED5A9C9261A872D5D952E,False,RECOVERING,2,0,False,
1786094591.099624,engram-node03,2124,BF936C8B4CCB5D2D00E6DBF2F49944935D45FA20A08ED5A9C9261A872D5D952E,False,RECOVERING,2,0,False,
1786094591.106753,engram-node04,2124,BF936C8B4CCB5D2D00E6DBF2F49944935D45FA20A08ED5A9C9261A872D5D952E,False,RECOVERING,2,0,False,
1786094596.116956,engram-node01,2124,BF936C8B4CCB5D2D00E6DBF2F49944935D45FA20A08ED5A9C9261A872D5D952E,False,RECOVERING,2,0,False,
1786094596.125277,engram-node02,2124,BF936C8B4CCB5D2D00E6DBF2F49944935D45FA20A08ED5A9C9261A872D5D952E,False,RECOVERING,2,0,False,
1786094596.130141,engram-node03,2124,BF936C8B4CCB5D2D00E6DBF2F49944935D45FA20A08ED5A9C9261A872D5D952E,False,RECOVERING,2,0,False,
1786094596.134876,engram-node04,2124,BF936C8B4CCB5D2D00E6DBF2F49944935D45FA20A08ED5A9C9261A872D5D952E,False,RECOVERING,2,0,False,
1786094601.143606,engram-node01,2124,BF936C8B4CCB5D2D00E6DBF2F49944935D45FA20A08ED5A9C9261A872D5D952E,False,RECOVERING,2,0,False,
1786094601.150455,engram-node02,2124,BF936C8B4CCB5D2D00E6DBF2F49944935D45FA20A08ED5A9C9261A872D5D952E,False,RECOVERING,2,0,False,
1786094601.1586392,engram-node03,2124,BF936C8B4CCB5D2D00E6DBF2F49944935D45FA20A08ED5A9C9261A872D5D952E,False,RECOVERING,2,0,False,
1786094601.163764,engram-node04,2124,BF936C8B4CCB5D2D00E6DBF2F49944935D45FA20A08ED5A9C9261A872D5D952E,False,RECOVERING,2,0,False,
1786094606.173609,engram-node01,2124,BF936C8B4CCB5D2D00E6DBF2F49944935D45FA20A08ED5A9C9261A872D5D952E,False,RECOVERING,2,0,False,
1786094606.1851819,engram-node02,2124,BF936C8B4CCB5D2D00E6DBF2F49944935D45FA20A08ED5A9C9261A872D5D952E,False,RECOVERING,2,0,False,
1786094606.19222,engram-node03,2124,BF936C8B4CCB5D2D00E6DBF2F49944935D45FA20A08ED5A9C9261A872D5D952E,False,RECOVERING,2,0,False,
1786094606.197997,engram-node04,2124,BF936C8B4CCB5D2D00E6DBF2F49944935D45FA20A08ED5A9C9261A872D5D952E,False,RECOVERING,2,0,False,
1786094611.2073731,engram-node01,2124,BF936C8B4CCB5D2D00E6DBF2F49944935D45FA20A08ED5A9C9261A872D5D952E,False,RECOVERING,2,0,False,
1786094611.219975,engram-node02,2124,BF936C8B4CCB5D2D00E6DBF2F49944935D45FA20A08ED5A9C9261A872D5D952E,False,RECOVERING,2,0,False,
1786094611.238661,engram-node03,2124,BF936C8B4CCB5D2D00E6DBF2F49944935D45FA20A08ED5A9C9261A872D5D952E,False,RECOVERING,2,0,False,
1786094611.250259,engram-node04,2124,BF936C8B4CCB5D2D00E6DBF2F49944935D45FA20A08ED5A9C9261A872D5D952E,False,RECOVERING,2,0,False,
1786094616.2679548,engram-node01,2124,BF936C8B4CCB5D2D00E6DBF2F49944935D45FA20A08ED5A9C9261A872D5D952E,False,RECOVERING,2,0,False,
1786094616.2764,engram-node02,2124,BF936C8B4CCB5D2D00E6DBF2F49944935D45FA20A08ED5A9C9261A872D5D952E,False,RECOVERING,2,0,False,
1786094616.281307,engram-node03,2124,BF936C8B4CCB5D2D00E6DBF2F49944935D45FA20A08ED5A9C9261A872D5D952E,False,RECOVERING,2,0,False,
1786094616.284805,engram-node04,2124,BF936C8B4CCB5D2D00E6DBF2F49944935D45FA20A08ED5A9C9261A872D5D952E,False,RECOVERING,2,0,False,
1786094621.293003,engram-node01,2124,BF936C8B4CCB5D2D00E6DBF2F49944935D45FA20A08ED5A9C9261A872D5D952E,False,RECOVERING,2,0,False,
1786094621.3002071,engram-node02,2124,BF936C8B4CCB5D2D00E6DBF2F49944935D45FA20A08ED5A9C9261A872D5D952E,False,RECOVERING,2,0,False,
1786094621.3047621,engram-node03,2124,BF936C8B4CCB5D2D00E6DBF2F49944935D45FA20A08ED5A9C9261A872D5D952E,False,RECOVERING,2,0,False,
1786094621.308115,engram-node04,2124,BF936C8B4CCB5D2D00E6DBF2F49944935D45FA20A08ED5A9C9261A872D5D952E,False,RECOVERING,2,0,False,
1786094626.316092,engram-node01,2124,BF936C8B4CCB5D2D00E6DBF2F49944935D45FA20A08ED5A9C9261A872D5D952E,False,RECOVERING,2,0,False,
1786094626.326607,engram-node02,2124,BF936C8B4CCB5D2D00E6DBF2F49944935D45FA20A08ED5A9C9261A872D5D952E,False,RECOVERING,2,0,False,
1786094626.3339,engram-node03,2124,BF936C8B4CCB5D2D00E6DBF2F49944935D45FA20A08ED5A9C9261A872D5D952E,False,RECOVERING,2,0,False,
1786094626.339118,engram-node04,2124,BF936C8B4CCB5D2D00E6DBF2F49944935D45FA20A08ED5A9C9261A872D5D952E,False,RECOVERING,2,0,False,
1786094631.347251,engram-node01,2124,BF936C8B4CCB5D2D00E6DBF2F49944935D45FA20A08ED5A9C9261A872D5D952E,False,RECOVERING,2,0,False,
1786094631.355689,engram-node02,2124,BF936C8B4CCB5D2D00E6DBF2F49944935D45FA20A08ED5A9C9261A872D5D952E,False,RECOVERING,2,0,False,
1786094631.3611,engram-node03,2124,BF936C8B4CCB5D2D00E6DBF2F49944935D45FA20A08ED5A9C9261A872D5D952E,False,RECOVERING,2,0,False,
1786094631.365767,engram-node04,2124,BF936C8B4CCB5D2D00E6DBF2F49944935D45FA20A08ED5A9C9261A872D5D952E,False,RECOVERING,2,0,False,
1786094636.374707,engram-node01,2126,37AC0DCA7B8AA61F6E3F02D0355D87C93459FD3E63AD5E9198305DCDA86BC0E0,False,RECOVERING,0,0,False,
1786094636.3833358,engram-node02,2126,37AC0DCA7B8AA61F6E3F02D0355D87C93459FD3E63AD5E9198305DCDA86BC0E0,False,RECOVERING,0,0,False,
1786094636.390645,engram-node03,2126,37AC0DCA7B8AA61F6E3F02D0355D87C93459FD3E63AD5E9198305DCDA86BC0E0,False,RECOVERING,0,0,False,
1786094636.396273,engram-node04,2126,37AC0DCA7B8AA61F6E3F02D0355D87C93459FD3E63AD5E9198305DCDA86BC0E0,False,RECOVERING,0,0,False,
1786094641.401629,engram-node01,2128,8B554A6CB1601B405ED01767F5CF3B37D49206B44BFADD2D4091983D7DA67419,False,RECOVERING,2,0,False,
1786094641.411272,engram-node02,2128,8B554A6CB1601B405ED01767F5CF3B37D49206B44BFADD2D4091983D7DA67419,False,RECOVERING,2,0,False,
1786094641.417842,engram-node03,2128,8B554A6CB1601B405ED01767F5CF3B37D49206B44BFADD2D4091983D7DA67419,False,RECOVERING,2,0,False,
1786094641.424156,engram-node04,2128,8B554A6CB1601B405ED01767F5CF3B37D49206B44BFADD2D4091983D7DA67419,False,RECOVERING,2,0,False,
1786094646.4357061,engram-node01,2128,8B554A6CB1601B405ED01767F5CF3B37D49206B44BFADD2D4091983D7DA67419,False,RECOVERING,2,0,False,
1786094646.446337,engram-node02,2128,8B554A6CB1601B405ED01767F5CF3B37D49206B44BFADD2D4091983D7DA67419,False,RECOVERING,2,0,False,
1786094646.4538639,engram-node03,2128,8B554A6CB1601B405ED01767F5CF3B37D49206B44BFADD2D4091983D7DA67419,False,RECOVERING,2,0,False,
1786094646.459043,engram-node04,2128,8B554A6CB1601B405ED01767F5CF3B37D49206B44BFADD2D4091983D7DA67419,False,RECOVERING,2,0,False,
1786094651.463679,engram-node01,2128,8B554A6CB1601B405ED01767F5CF3B37D49206B44BFADD2D4091983D7DA67419,False,RECOVERING,2,0,False,
1786094651.4715571,engram-node02,2128,8B554A6CB1601B405ED01767F5CF3B37D49206B44BFADD2D4091983D7DA67419,False,RECOVERING,2,0,False,
1786094651.477939,engram-node03,2128,8B554A6CB1601B405ED01767F5CF3B37D49206B44BFADD2D4091983D7DA67419,False,RECOVERING,2,0,False,
1786094651.48298,engram-node04,2128,8B554A6CB1601B405ED01767F5CF3B37D49206B44BFADD2D4091983D7DA67419,False,RECOVERING,2,0,False,
1786094656.49153,engram-node01,2128,8B554A6CB1601B405ED01767F5CF3B37D49206B44BFADD2D4091983D7DA67419,False,RECOVERING,2,0,False,
1786094656.502293,engram-node02,2128,8B554A6CB1601B405ED01767F5CF3B37D49206B44BFADD2D4091983D7DA67419,False,RECOVERING,2,0,False,
1786094656.5116549,engram-node03,2128,8B554A6CB1601B405ED01767F5CF3B37D49206B44BFADD2D4091983D7DA67419,False,RECOVERING,2,0,False,
1786094656.517004,engram-node04,2128,8B554A6CB1601B405ED01767F5CF3B37D49206B44BFADD2D4091983D7DA67419,False,RECOVERING,2,0,False,
1786094661.524574,engram-node01,2128,8B554A6CB1601B405ED01767F5CF3B37D49206B44BFADD2D4091983D7DA67419,False,RECOVERING,2,0,False,
1786094661.535563,engram-node02,2128,8B554A6CB1601B405ED01767F5CF3B37D49206B44BFADD2D4091983D7DA67419,False,RECOVERING,2,0,False,
1786094661.545642,engram-node03,2128,8B554A6CB1601B405ED01767F5CF3B37D49206B44BFADD2D4091983D7DA67419,False,RECOVERING,2,0,False,
1786094661.551778,engram-node04,2128,8B554A6CB1601B405ED01767F5CF3B37D49206B44BFADD2D4091983D7DA67419,False,RECOVERING,2,0,False,
1786094666.557879,engram-node01,2128,8B554A6CB1601B405ED01767F5CF3B37D49206B44BFADD2D4091983D7DA67419,False,RECOVERING,2,0,False,
1786094666.5675058,engram-node02,2128,8B554A6CB1601B405ED01767F5CF3B37D49206B44BFADD2D4091983D7DA67419,False,RECOVERING,2,0,False,
1786094666.574564,engram-node03,2128,8B554A6CB1601B405ED01767F5CF3B37D49206B44BFADD2D4091983D7DA67419,False,RECOVERING,2,0,False,
1786094666.58003,engram-node04,2128,8B554A6CB1601B405ED01767F5CF3B37D49206B44BFADD2D4091983D7DA67419,False,RECOVERING,2,0,False,
1786094671.5905669,engram-node01,2128,8B554A6CB1601B405ED01767F5CF3B37D49206B44BFADD2D4091983D7DA67419,False,RECOVERING,2,0,False,
1786094671.601554,engram-node02,2128,8B554A6CB1601B405ED01767F5CF3B37D49206B44BFADD2D4091983D7DA67419,False,RECOVERING,2,0,False,
1786094671.6096158,engram-node03,2128,8B554A6CB1601B405ED01767F5CF3B37D49206B44BFADD2D4091983D7DA67419,False,RECOVERING,2,0,False,
1786094671.6151319,engram-node04,2128,8B554A6CB1601B405ED01767F5CF3B37D49206B44BFADD2D4091983D7DA67419,False,RECOVERING,2,0,False,
1786094676.623601,engram-node01,2128,8B554A6CB1601B405ED01767F5CF3B37D49206B44BFADD2D4091983D7DA67419,False,RECOVERING,2,0,False,
1786094676.6299908,engram-node02,2128,8B554A6CB1601B405ED01767F5CF3B37D49206B44BFADD2D4091983D7DA67419,False,RECOVERING,2,0,False,
1786094676.634614,engram-node03,2128,8B554A6CB1601B405ED01767F5CF3B37D49206B44BFADD2D4091983D7DA67419,False,RECOVERING,2,0,False,
1786094676.638145,engram-node04,2128,8B554A6CB1601B405ED01767F5CF3B37D49206B44BFADD2D4091983D7DA67419,False,RECOVERING,2,0,False,
1786094681.646511,engram-node01,2128,8B554A6CB1601B405ED01767F5CF3B37D49206B44BFADD2D4091983D7DA67419,False,RECOVERING,2,0,False,
1786094681.6551611,engram-node02,2128,8B554A6CB1601B405ED01767F5CF3B37D49206B44BFADD2D4091983D7DA67419,False,RECOVERING,2,0,False,
1786094681.663,engram-node03,2128,8B554A6CB1601B405ED01767F5CF3B37D49206B44BFADD2D4091983D7DA67419,False,RECOVERING,2,0,False,
1786094681.670204,engram-node04,2128,8B554A6CB1601B405ED01767F5CF3B37D49206B44BFADD2D4091983D7DA67419,False,RECOVERING,2,0,False,
1786094686.676252,engram-node01,2128,8B554A6CB1601B405ED01767F5CF3B37D49206B44BFADD2D4091983D7DA67419,False,RECOVERING,2,0,False,
1786094686.681094,engram-node02,2128,8B554A6CB1601B405ED01767F5CF3B37D49206B44BFADD2D4091983D7DA67419,False,RECOVERING,2,0,False,
1786094686.688464,engram-node03,2128,8B554A6CB1601B405ED01767F5CF3B37D49206B44BFADD2D4091983D7DA67419,False,RECOVERING,2,0,False,
1786094686.693271,engram-node04,2128,8B554A6CB1601B405ED01767F5CF3B37D49206B44BFADD2D4091983D7DA67419,False,RECOVERING,2,0,False,
1786094691.700808,engram-node01,2128,8B554A6CB1601B405ED01767F5CF3B37D49206B44BFADD2D4091983D7DA67419,False,RECOVERING,2,0,False,
1786094691.709475,engram-node02,2128,8B554A6CB1601B405ED01767F5CF3B37D49206B44BFADD2D4091983D7DA67419,False,RECOVERING,2,0,False,
1786094691.716714,engram-node03,2128,8B554A6CB1601B405ED01767F5CF3B37D49206B44BFADD2D4091983D7DA67419,False,RECOVERING,2,0,False,
1786094691.721594,engram-node04,2128,8B554A6CB1601B405ED01767F5CF3B37D49206B44BFADD2D4091983D7DA67419,False,RECOVERING,2,0,False,
1786094696.730881,engram-node01,2130,FBA035CA560E41235B2D2766799F9E0878D56899D7E811ADE7163D735FF641DA,False,RECOVERING,0,0,False,
1786094696.737599,engram-node02,2130,FBA035CA560E41235B2D2766799F9E0878D56899D7E811ADE7163D735FF641DA,False,RECOVERING,0,0,False,
1786094696.745188,engram-node03,2130,FBA035CA560E41235B2D2766799F9E0878D56899D7E811ADE7163D735FF641DA,False,RECOVERING,0,0,False,
1786094696.7552938,engram-node04,2130,FBA035CA560E41235B2D2766799F9E0878D56899D7E811ADE7163D735FF641DA,False,RECOVERING,0,0,False,
1786094701.7648928,engram-node01,2132,7DBFF395D144DA460846B4CAC4A56B4C0D3C843E69904E0A3DDBB833A95E4587,False,RECOVERING,2,0,False,
1786094701.776464,engram-node02,2132,7DBFF395D144DA460846B4CAC4A56B4C0D3C843E69904E0A3DDBB833A95E4587,False,RECOVERING,2,0,False,
1786094701.786125,engram-node03,2132,7DBFF395D144DA460846B4CAC4A56B4C0D3C843E69904E0A3DDBB833A95E4587,False,RECOVERING,2,0,False,
1786094701.7945678,engram-node04,2132,7DBFF395D144DA460846B4CAC4A56B4C0D3C843E69904E0A3DDBB833A95E4587,False,RECOVERING,2,0,False,
1786094706.8066041,engram-node01,2132,7DBFF395D144DA460846B4CAC4A56B4C0D3C843E69904E0A3DDBB833A95E4587,False,RECOVERING,2,0,False,
1786094706.819366,engram-node02,2132,7DBFF395D144DA460846B4CAC4A56B4C0D3C843E69904E0A3DDBB833A95E4587,False,RECOVERING,2,0,False,
1786094706.8303769,engram-node03,2132,7DBFF395D144DA460846B4CAC4A56B4C0D3C843E69904E0A3DDBB833A95E4587,False,RECOVERING,2,0,False,
1786094706.839594,engram-node04,2132,7DBFF395D144DA460846B4CAC4A56B4C0D3C843E69904E0A3DDBB833A95E4587,False,RECOVERING,2,0,False,
1786094711.8489332,engram-node01,2132,7DBFF395D144DA460846B4CAC4A56B4C0D3C843E69904E0A3DDBB833A95E4587,False,RECOVERING,2,0,False,
1786094711.8554041,engram-node02,2132,7DBFF395D144DA460846B4CAC4A56B4C0D3C843E69904E0A3DDBB833A95E4587,False,RECOVERING,2,0,False,
1786094711.860112,engram-node03,2132,7DBFF395D144DA460846B4CAC4A56B4C0D3C843E69904E0A3DDBB833A95E4587,False,RECOVERING,2,0,False,
1786094711.864033,engram-node04,2132,7DBFF395D144DA460846B4CAC4A56B4C0D3C843E69904E0A3DDBB833A95E4587,False,RECOVERING,2,0,False,
1786094716.8679218,engram-node01,2132,7DBFF395D144DA460846B4CAC4A56B4C0D3C843E69904E0A3DDBB833A95E4587,False,RECOVERING,2,0,False,
1786094716.8737862,engram-node02,2132,7DBFF395D144DA460846B4CAC4A56B4C0D3C843E69904E0A3DDBB833A95E4587,False,RECOVERING,2,0,False,
1786094716.8795898,engram-node03,2132,7DBFF395D144DA460846B4CAC4A56B4C0D3C843E69904E0A3DDBB833A95E4587,False,RECOVERING,2,0,False,
1786094716.883764,engram-node04,2132,7DBFF395D144DA460846B4CAC4A56B4C0D3C843E69904E0A3DDBB833A95E4587,False,RECOVERING,2,0,False,
1786094721.89244,engram-node01,2132,7DBFF395D144DA460846B4CAC4A56B4C0D3C843E69904E0A3DDBB833A95E4587,False,RECOVERING,2,0,False,
1786094721.9001348,engram-node02,2132,7DBFF395D144DA460846B4CAC4A56B4C0D3C843E69904E0A3DDBB833A95E4587,False,RECOVERING,2,0,False,
1786094721.904586,engram-node03,2132,7DBFF395D144DA460846B4CAC4A56B4C0D3C843E69904E0A3DDBB833A95E4587,False,RECOVERING,2,0,False,
1786094721.908438,engram-node04,2132,7DBFF395D144DA460846B4CAC4A56B4C0D3C843E69904E0A3DDBB833A95E4587,False,RECOVERING,2,0,False,
1786094726.916825,engram-node01,2132,7DBFF395D144DA460846B4CAC4A56B4C0D3C843E69904E0A3DDBB833A95E4587,False,RECOVERING,2,0,False,
1786094726.926521,engram-node02,2132,7DBFF395D144DA460846B4CAC4A56B4C0D3C843E69904E0A3DDBB833A95E4587,False,RECOVERING,2,0,False,
1786094726.939456,engram-node03,2132,7DBFF395D144DA460846B4CAC4A56B4C0D3C843E69904E0A3DDBB833A95E4587,False,RECOVERING,2,0,False,
1786094726.945842,engram-node04,2132,7DBFF395D144DA460846B4CAC4A56B4C0D3C843E69904E0A3DDBB833A95E4587,False,RECOVERING,2,0,False,
1786094731.9555252,engram-node01,2132,7DBFF395D144DA460846B4CAC4A56B4C0D3C843E69904E0A3DDBB833A95E4587,False,RECOVERING,2,0,False,
1786094731.963466,engram-node02,2132,7DBFF395D144DA460846B4CAC4A56B4C0D3C843E69904E0A3DDBB833A95E4587,False,RECOVERING,2,0,False,
1786094731.969825,engram-node03,2132,7DBFF395D144DA460846B4CAC4A56B4C0D3C843E69904E0A3DDBB833A95E4587,False,RECOVERING,2,0,False,
1786094731.97485,engram-node04,2132,7DBFF395D144DA460846B4CAC4A56B4C0D3C843E69904E0A3DDBB833A95E4587,False,RECOVERING,2,0,False,
1786094736.984493,engram-node01,2132,7DBFF395D144DA460846B4CAC4A56B4C0D3C843E69904E0A3DDBB833A95E4587,False,RECOVERING,2,0,False,
1786094736.994699,engram-node02,2132,7DBFF395D144DA460846B4CAC4A56B4C0D3C843E69904E0A3DDBB833A95E4587,False,RECOVERING,2,0,False,
1786094737.000622,engram-node03,2132,7DBFF395D144DA460846B4CAC4A56B4C0D3C843E69904E0A3DDBB833A95E4587,False,RECOVERING,2,0,False,
1786094737.005623,engram-node04,2132,7DBFF395D144DA460846B4CAC4A56B4C0D3C843E69904E0A3DDBB833A95E4587,False,RECOVERING,2,0,False,
1786094742.011858,engram-node01,2132,7DBFF395D144DA460846B4CAC4A56B4C0D3C843E69904E0A3DDBB833A95E4587,False,RECOVERING,2,0,False,
1786094742.022135,engram-node02,2132,7DBFF395D144DA460846B4CAC4A56B4C0D3C843E69904E0A3DDBB833A95E4587,False,RECOVERING,2,0,False,
1786094742.028393,engram-node03,2132,7DBFF395D144DA460846B4CAC4A56B4C0D3C843E69904E0A3DDBB833A95E4587,False,RECOVERING,2,0,False,
1786094742.033385,engram-node04,2132,7DBFF395D144DA460846B4CAC4A56B4C0D3C843E69904E0A3DDBB833A95E4587,False,RECOVERING,2,0,False,
1786094747.0398898,engram-node01,2132,7DBFF395D144DA460846B4CAC4A56B4C0D3C843E69904E0A3DDBB833A95E4587,False,RECOVERING,2,0,False,
1786094747.051459,engram-node02,2132,7DBFF395D144DA460846B4CAC4A56B4C0D3C843E69904E0A3DDBB833A95E4587,False,RECOVERING,2,0,False,
1786094747.0619369,engram-node03,2132,7DBFF395D144DA460846B4CAC4A56B4C0D3C843E69904E0A3DDBB833A95E4587,False,RECOVERING,2,0,False,
1786094747.069237,engram-node04,2132,7DBFF395D144DA460846B4CAC4A56B4C0D3C843E69904E0A3DDBB833A95E4587,False,RECOVERING,2,0,False,
1786094752.0811572,engram-node01,2132,7DBFF395D144DA460846B4CAC4A56B4C0D3C843E69904E0A3DDBB833A95E4587,False,RECOVERING,2,0,False,
1786094752.091916,engram-node02,2132,7DBFF395D144DA460846B4CAC4A56B4C0D3C843E69904E0A3DDBB833A95E4587,False,RECOVERING,2,0,False,
1786094752.09824,engram-node03,2132,7DBFF395D144DA460846B4CAC4A56B4C0D3C843E69904E0A3DDBB833A95E4587,False,RECOVERING,2,0,False,
1786094752.103347,engram-node04,2132,7DBFF395D144DA460846B4CAC4A56B4C0D3C843E69904E0A3DDBB833A95E4587,False,RECOVERING,2,0,False,
1786094757.1121411,engram-node01,2133,FA99F711CC17B476E6E0E066FA9A3C181D504AF21E9EABED3B173D6FBDEAD956,False,SOVEREIGN,0,0,False,
1786094757.116071,engram-node02,2133,FA99F711CC17B476E6E0E066FA9A3C181D504AF21E9EABED3B173D6FBDEAD956,False,SOVEREIGN,0,0,False,
1786094757.1192021,engram-node03,2133,FA99F711CC17B476E6E0E066FA9A3C181D504AF21E9EABED3B173D6FBDEAD956,False,SOVEREIGN,0,0,False,
1786094757.1225789,engram-node04,2133,FA99F711CC17B476E6E0E066FA9A3C181D504AF21E9EABED3B173D6FBDEAD956,False,SOVEREIGN,0,0,False,
1786094762.1308339,engram-node01,2136,F1A8A9255455D8ACC058CFF77E17406020E31B494BDEF2DD8ED8CA0726FCBB83,False,RECOVERING,2,0,False,
1786094762.1365361,engram-node02,2136,F1A8A9255455D8ACC058CFF77E17406020E31B494BDEF2DD8ED8CA0726FCBB83,False,RECOVERING,2,0,False,
1786094762.140182,engram-node03,2136,F1A8A9255455D8ACC058CFF77E17406020E31B494BDEF2DD8ED8CA0726FCBB83,False,RECOVERING,2,0,False,
1786094762.1454332,engram-node04,2136,F1A8A9255455D8ACC058CFF77E17406020E31B494BDEF2DD8ED8CA0726FCBB83,False,RECOVERING,2,0,False,
1786094767.1496582,engram-node01,2136,F1A8A9255455D8ACC058CFF77E17406020E31B494BDEF2DD8ED8CA0726FCBB83,False,RECOVERING,2,0,False,
1786094767.160502,engram-node02,2136,F1A8A9255455D8ACC058CFF77E17406020E31B494BDEF2DD8ED8CA0726FCBB83,False,RECOVERING,2,0,False,
1786094767.167986,engram-node03,2136,F1A8A9255455D8ACC058CFF77E17406020E31B494BDEF2DD8ED8CA0726FCBB83,False,RECOVERING,2,0,False,
1786094767.174154,engram-node04,2136,F1A8A9255455D8ACC058CFF77E17406020E31B494BDEF2DD8ED8CA0726FCBB83,False,RECOVERING,2,0,False,
1786094772.18595,engram-node01,2136,F1A8A9255455D8ACC058CFF77E17406020E31B494BDEF2DD8ED8CA0726FCBB83,False,RECOVERING,2,0,False,
1786094772.192609,engram-node02,2136,F1A8A9255455D8ACC058CFF77E17406020E31B494BDEF2DD8ED8CA0726FCBB83,False,RECOVERING,2,0,False,
1786094772.198268,engram-node03,2136,F1A8A9255455D8ACC058CFF77E17406020E31B494BDEF2DD8ED8CA0726FCBB83,False,RECOVERING,2,0,False,
1786094772.202212,engram-node04,2136,F1A8A9255455D8ACC058CFF77E17406020E31B494BDEF2DD8ED8CA0726FCBB83,False,RECOVERING,2,0,False,
1786094777.210948,engram-node01,2136,F1A8A9255455D8ACC058CFF77E17406020E31B494BDEF2DD8ED8CA0726FCBB83,False,RECOVERING,2,0,False,
1786094777.215499,engram-node02,2136,F1A8A9255455D8ACC058CFF77E17406020E31B494BDEF2DD8ED8CA0726FCBB83,False,RECOVERING,2,0,False,
1786094777.2189891,engram-node03,2136,F1A8A9255455D8ACC058CFF77E17406020E31B494BDEF2DD8ED8CA0726FCBB83,False,RECOVERING,2,0,False,
1786094777.2224388,engram-node04,2136,F1A8A9255455D8ACC058CFF77E17406020E31B494BDEF2DD8ED8CA0726FCBB83,False,RECOVERING,2,0,False,
1786094782.227607,engram-node01,2136,F1A8A9255455D8ACC058CFF77E17406020E31B494BDEF2DD8ED8CA0726FCBB83,False,RECOVERING,2,0,False,
1786094782.234545,engram-node02,2136,F1A8A9255455D8ACC058CFF77E17406020E31B494BDEF2DD8ED8CA0726FCBB83,False,RECOVERING,2,0,False,
1786094782.242107,engram-node03,2136,F1A8A9255455D8ACC058CFF77E17406020E31B494BDEF2DD8ED8CA0726FCBB83,False,RECOVERING,2,0,False,
1786094782.246075,engram-node04,2136,F1A8A9255455D8ACC058CFF77E17406020E31B494BDEF2DD8ED8CA0726FCBB83,False,RECOVERING,2,0,False,
1786094787.253365,engram-node01,2136,F1A8A9255455D8ACC058CFF77E17406020E31B494BDEF2DD8ED8CA0726FCBB83,False,RECOVERING,2,0,False,
1786094787.257654,engram-node02,2136,F1A8A9255455D8ACC058CFF77E17406020E31B494BDEF2DD8ED8CA0726FCBB83,False,RECOVERING,2,0,False,
1786094787.262968,engram-node03,2136,F1A8A9255455D8ACC058CFF77E17406020E31B494BDEF2DD8ED8CA0726FCBB83,False,RECOVERING,2,0,False,
1786094787.267583,engram-node04,2136,F1A8A9255455D8ACC058CFF77E17406020E31B494BDEF2DD8ED8CA0726FCBB83,False,RECOVERING,2,0,False,
1786094792.276672,engram-node01,2136,F1A8A9255455D8ACC058CFF77E17406020E31B494BDEF2DD8ED8CA0726FCBB83,False,RECOVERING,2,0,False,
1786094792.283484,engram-node02,2136,F1A8A9255455D8ACC058CFF77E17406020E31B494BDEF2DD8ED8CA0726FCBB83,False,RECOVERING,2,0,False,
1786094792.2902741,engram-node03,2136,F1A8A9255455D8ACC058CFF77E17406020E31B494BDEF2DD8ED8CA0726FCBB83,False,RECOVERING,2,0,False,
1786094792.296321,engram-node04,2136,F1A8A9255455D8ACC058CFF77E17406020E31B494BDEF2DD8ED8CA0726FCBB83,False,RECOVERING,2,0,False,
1786094797.303204,engram-node01,2136,F1A8A9255455D8ACC058CFF77E17406020E31B494BDEF2DD8ED8CA0726FCBB83,False,RECOVERING,2,0,False,
1786094797.3077729,engram-node02,2136,F1A8A9255455D8ACC058CFF77E17406020E31B494BDEF2DD8ED8CA0726FCBB83,False,RECOVERING,2,0,False,
1786094797.311409,engram-node03,2136,F1A8A9255455D8ACC058CFF77E17406020E31B494BDEF2DD8ED8CA0726FCBB83,False,RECOVERING,2,0,False,
1786094797.314995,engram-node04,2136,F1A8A9255455D8ACC058CFF77E17406020E31B494BDEF2DD8ED8CA0726FCBB83,False,RECOVERING,2,0,False,
1786094802.31877,engram-node01,2136,F1A8A9255455D8ACC058CFF77E17406020E31B494BDEF2DD8ED8CA0726FCBB83,False,RECOVERING,2,0,False,
1786094802.323008,engram-node02,2136,F1A8A9255455D8ACC058CFF77E17406020E31B494BDEF2DD8ED8CA0726FCBB83,False,RECOVERING,2,0,False,
1786094802.3266702,engram-node03,2136,F1A8A9255455D8ACC058CFF77E17406020E31B494BDEF2DD8ED8CA0726FCBB83,False,RECOVERING,2,0,False,
1786094802.330123,engram-node04,2136,F1A8A9255455D8ACC058CFF77E17406020E31B494BDEF2DD8ED8CA0726FCBB83,False,RECOVERING,2,0,False,
1786094807.337512,engram-node01,2136,F1A8A9255455D8ACC058CFF77E17406020E31B494BDEF2DD8ED8CA0726FCBB83,False,RECOVERING,2,0,False,
1786094807.342984,engram-node02,2136,F1A8A9255455D8ACC058CFF77E17406020E31B494BDEF2DD8ED8CA0726FCBB83,False,RECOVERING,2,0,False,
1786094807.350398,engram-node03,2136,F1A8A9255455D8ACC058CFF77E17406020E31B494BDEF2DD8ED8CA0726FCBB83,False,RECOVERING,2,0,False,
1786094807.3563368,engram-node04,2136,F1A8A9255455D8ACC058CFF77E17406020E31B494BDEF2DD8ED8CA0726FCBB83,False,RECOVERING,2,0,False,
1786094812.364678,engram-node01,2136,F1A8A9255455D8ACC058CFF77E17406020E31B494BDEF2DD8ED8CA0726FCBB83,False,RECOVERING,2,0,False,
1786094812.372225,engram-node02,2136,F1A8A9255455D8ACC058CFF77E17406020E31B494BDEF2DD8ED8CA0726FCBB83,False,RECOVERING,2,0,False,
1786094812.3777258,engram-node03,2136,F1A8A9255455D8ACC058CFF77E17406020E31B494BDEF2DD8ED8CA0726FCBB83,False,RECOVERING,2,0,False,
1786094812.381386,engram-node04,2136,F1A8A9255455D8ACC058CFF77E17406020E31B494BDEF2DD8ED8CA0726FCBB83,False,RECOVERING,2,0,False,
1786094817.390464,engram-node01,2137,B767EDF581C657F7224F4D9F0454DABBFFE553EFCAE45BBEFDE18FC5D6817E83,False,SOVEREIGN,0,0,False,
1786094817.3964171,engram-node02,2137,B767EDF581C657F7224F4D9F0454DABBFFE553EFCAE45BBEFDE18FC5D6817E83,False,SOVEREIGN,0,0,False,
1786094817.4014468,engram-node03,2137,B767EDF581C657F7224F4D9F0454DABBFFE553EFCAE45BBEFDE18FC5D6817E83,False,SOVEREIGN,0,0,False,
1786094817.405667,engram-node04,2137,B767EDF581C657F7224F4D9F0454DABBFFE553EFCAE45BBEFDE18FC5D6817E83,False,SOVEREIGN,0,0,False,
1786094822.410099,engram-node01,2140,25A9C13A469491E922AEE52045E274B19672087B68904D56B3919CE62E2DAAE0,False,RECOVERING,2,0,False,
1786094822.415412,engram-node02,2140,25A9C13A469491E922AEE52045E274B19672087B68904D56B3919CE62E2DAAE0,False,RECOVERING,2,0,False,
1786094822.419688,engram-node03,2140,25A9C13A469491E922AEE52045E274B19672087B68904D56B3919CE62E2DAAE0,False,RECOVERING,2,0,False,
1786094822.422961,engram-node04,2140,25A9C13A469491E922AEE52045E274B19672087B68904D56B3919CE62E2DAAE0,False,RECOVERING,2,0,False,
1786094827.4299111,engram-node01,2140,25A9C13A469491E922AEE52045E274B19672087B68904D56B3919CE62E2DAAE0,False,RECOVERING,2,0,False,
1786094827.436141,engram-node02,2140,25A9C13A469491E922AEE52045E274B19672087B68904D56B3919CE62E2DAAE0,False,RECOVERING,2,0,False,
1786094827.441942,engram-node03,2140,25A9C13A469491E922AEE52045E274B19672087B68904D56B3919CE62E2DAAE0,False,RECOVERING,2,0,False,
1786094827.44632,engram-node04,2140,25A9C13A469491E922AEE52045E274B19672087B68904D56B3919CE62E2DAAE0,False,RECOVERING,2,0,False,
1786094832.455317,engram-node01,2140,25A9C13A469491E922AEE52045E274B19672087B68904D56B3919CE62E2DAAE0,False,RECOVERING,2,0,False,
1786094832.4627042,engram-node02,2140,25A9C13A469491E922AEE52045E274B19672087B68904D56B3919CE62E2DAAE0,False,RECOVERING,2,0,False,
1786094832.470644,engram-node03,2140,25A9C13A469491E922AEE52045E274B19672087B68904D56B3919CE62E2DAAE0,False,RECOVERING,2,0,False,
1786094832.4760478,engram-node04,2140,25A9C13A469491E922AEE52045E274B19672087B68904D56B3919CE62E2DAAE0,False,RECOVERING,2,0,False,
1786094837.482581,engram-node01,2140,25A9C13A469491E922AEE52045E274B19672087B68904D56B3919CE62E2DAAE0,False,RECOVERING,2,0,False,
1786094837.486819,engram-node02,2140,25A9C13A469491E922AEE52045E274B19672087B68904D56B3919CE62E2DAAE0,False,RECOVERING,2,0,False,
1786094837.4909241,engram-node03,2140,25A9C13A469491E922AEE52045E274B19672087B68904D56B3919CE62E2DAAE0,False,RECOVERING,2,0,False,
1786094837.4959822,engram-node04,2140,25A9C13A469491E922AEE52045E274B19672087B68904D56B3919CE62E2DAAE0,False,RECOVERING,2,0,False,
1786094842.505136,engram-node01,2140,25A9C13A469491E922AEE52045E274B19672087B68904D56B3919CE62E2DAAE0,False,RECOVERING,2,0,False,
1786094842.5116239,engram-node02,2140,25A9C13A469491E922AEE52045E274B19672087B68904D56B3919CE62E2DAAE0,False,RECOVERING,2,0,False,
1786094842.517643,engram-node03,2140,25A9C13A469491E922AEE52045E274B19672087B68904D56B3919CE62E2DAAE0,False,RECOVERING,2,0,False,
1786094842.5216541,engram-node04,2140,25A9C13A469491E922AEE52045E274B19672087B68904D56B3919CE62E2DAAE0,False,RECOVERING,2,0,False,
1786094847.531741,engram-node01,2140,25A9C13A469491E922AEE52045E274B19672087B68904D56B3919CE62E2DAAE0,False,RECOVERING,2,0,False,
1786094847.540461,engram-node02,2140,25A9C13A469491E922AEE52045E274B19672087B68904D56B3919CE62E2DAAE0,False,RECOVERING,2,0,False,
1786094847.5449321,engram-node03,2140,25A9C13A469491E922AEE52045E274B19672087B68904D56B3919CE62E2DAAE0,False,RECOVERING,2,0,False,
1786094847.5483148,engram-node04,2140,25A9C13A469491E922AEE52045E274B19672087B68904D56B3919CE62E2DAAE0,False,RECOVERING,2,0,False,
1786094852.557033,engram-node01,2140,25A9C13A469491E922AEE52045E274B19672087B68904D56B3919CE62E2DAAE0,False,RECOVERING,2,0,False,
1786094852.5646179,engram-node02,2140,25A9C13A469491E922AEE52045E274B19672087B68904D56B3919CE62E2DAAE0,False,RECOVERING,2,0,False,
1786094852.571359,engram-node03,2140,25A9C13A469491E922AEE52045E274B19672087B68904D56B3919CE62E2DAAE0,False,RECOVERING,2,0,False,
1786094852.575426,engram-node04,2140,25A9C13A469491E922AEE52045E274B19672087B68904D56B3919CE62E2DAAE0,False,RECOVERING,2,0,False,
1786094857.5846038,engram-node01,2140,25A9C13A469491E922AEE52045E274B19672087B68904D56B3919CE62E2DAAE0,False,RECOVERING,2,0,False,
1786094857.595396,engram-node02,2140,25A9C13A469491E922AEE52045E274B19672087B68904D56B3919CE62E2DAAE0,False,RECOVERING,2,0,False,
1786094857.6014762,engram-node03,2140,25A9C13A469491E922AEE52045E274B19672087B68904D56B3919CE62E2DAAE0,False,RECOVERING,2,0,False,
1786094857.60866,engram-node04,2140,25A9C13A469491E922AEE52045E274B19672087B68904D56B3919CE62E2DAAE0,False,RECOVERING,2,0,False,
1786094862.618984,engram-node01,2140,25A9C13A469491E922AEE52045E274B19672087B68904D56B3919CE62E2DAAE0,False,RECOVERING,2,0,False,
1786094862.6273122,engram-node02,2140,25A9C13A469491E922AEE52045E274B19672087B68904D56B3919CE62E2DAAE0,False,RECOVERING,2,0,False,
1786094862.634922,engram-node03,2140,25A9C13A469491E922AEE52045E274B19672087B68904D56B3919CE62E2DAAE0,False,RECOVERING,2,0,False,
1786094862.639592,engram-node04,2140,25A9C13A469491E922AEE52045E274B19672087B68904D56B3919CE62E2DAAE0,False,RECOVERING,2,0,False,
1786094867.6477199,engram-node01,2140,25A9C13A469491E922AEE52045E274B19672087B68904D56B3919CE62E2DAAE0,False,RECOVERING,2,0,False,
1786094867.6542468,engram-node02,2140,25A9C13A469491E922AEE52045E274B19672087B68904D56B3919CE62E2DAAE0,False,RECOVERING,2,0,False,
1786094867.661182,engram-node03,2140,25A9C13A469491E922AEE52045E274B19672087B68904D56B3919CE62E2DAAE0,False,RECOVERING,2,0,False,
1786094867.666401,engram-node04,2140,25A9C13A469491E922AEE52045E274B19672087B68904D56B3919CE62E2DAAE0,False,RECOVERING,2,0,False,
1786094872.676822,engram-node01,2140,25A9C13A469491E922AEE52045E274B19672087B68904D56B3919CE62E2DAAE0,False,RECOVERING,2,0,False,
1786094872.688391,engram-node02,2140,25A9C13A469491E922AEE52045E274B19672087B68904D56B3919CE62E2DAAE0,False,RECOVERING,2,0,False,
1786094872.6979682,engram-node03,2140,25A9C13A469491E922AEE52045E274B19672087B68904D56B3919CE62E2DAAE0,False,RECOVERING,2,0,False,
1786094872.7042859,engram-node04,2140,25A9C13A469491E922AEE52045E274B19672087B68904D56B3919CE62E2DAAE0,False,RECOVERING,2,0,False,
1786094877.715373,engram-node01,2141,0403AEAA65E9EC654BD6728AE859F247B30A51CE8C62152AD5E9F689CAD70929,False,SOVEREIGN,0,0,False,
1786094877.7196622,engram-node02,2141,0403AEAA65E9EC654BD6728AE859F247B30A51CE8C62152AD5E9F689CAD70929,False,SOVEREIGN,0,0,False,
1786094877.723039,engram-node03,2141,0403AEAA65E9EC654BD6728AE859F247B30A51CE8C62152AD5E9F689CAD70929,False,SOVEREIGN,0,0,False,
1786094877.726382,engram-node04,2141,0403AEAA65E9EC654BD6728AE859F247B30A51CE8C62152AD5E9F689CAD70929,False,SOVEREIGN,0,0,False,
1786094882.734385,engram-node01,2144,F2A57CE97DACEB3CEBD90C3353F9CD5D4CE230F4E7985127C25E8534ED788BF1,False,RECOVERING,2,0,False,
1786094882.741934,engram-node02,2144,F2A57CE97DACEB3CEBD90C3353F9CD5D4CE230F4E7985127C25E8534ED788BF1,False,RECOVERING,2,0,False,
1786094882.7473521,engram-node03,2144,F2A57CE97DACEB3CEBD90C3353F9CD5D4CE230F4E7985127C25E8534ED788BF1,False,RECOVERING,2,0,False,
1786094882.752652,engram-node04,2144,F2A57CE97DACEB3CEBD90C3353F9CD5D4CE230F4E7985127C25E8534ED788BF1,False,RECOVERING,2,0,False,
1786094887.760077,engram-node01,2144,F2A57CE97DACEB3CEBD90C3353F9CD5D4CE230F4E7985127C25E8534ED788BF1,False,RECOVERING,2,0,False,
1786094887.7664902,engram-node02,2144,F2A57CE97DACEB3CEBD90C3353F9CD5D4CE230F4E7985127C25E8534ED788BF1,False,RECOVERING,2,0,False,
1786094887.771735,engram-node03,2144,F2A57CE97DACEB3CEBD90C3353F9CD5D4CE230F4E7985127C25E8534ED788BF1,False,RECOVERING,2,0,False,
1786094887.77749,engram-node04,2144,F2A57CE97DACEB3CEBD90C3353F9CD5D4CE230F4E7985127C25E8534ED788BF1,False,RECOVERING,2,0,False,
1786094892.786738,engram-node01,2144,F2A57CE97DACEB3CEBD90C3353F9CD5D4CE230F4E7985127C25E8534ED788BF1,False,RECOVERING,2,0,False,
1786094892.792532,engram-node02,2144,F2A57CE97DACEB3CEBD90C3353F9CD5D4CE230F4E7985127C25E8534ED788BF1,False,RECOVERING,2,0,False,
1786094892.796482,engram-node03,2144,F2A57CE97DACEB3CEBD90C3353F9CD5D4CE230F4E7985127C25E8534ED788BF1,False,RECOVERING,2,0,False,
1786094892.799527,engram-node04,2144,F2A57CE97DACEB3CEBD90C3353F9CD5D4CE230F4E7985127C25E8534ED788BF1,False,RECOVERING,2,0,False,
1786094897.80789,engram-node01,2144,F2A57CE97DACEB3CEBD90C3353F9CD5D4CE230F4E7985127C25E8534ED788BF1,False,RECOVERING,2,0,False,
1786094897.820823,engram-node02,2144,F2A57CE97DACEB3CEBD90C3353F9CD5D4CE230F4E7985127C25E8534ED788BF1,False,RECOVERING,2,0,False,
1786094897.829317,engram-node03,2144,F2A57CE97DACEB3CEBD90C3353F9CD5D4CE230F4E7985127C25E8534ED788BF1,False,RECOVERING,2,0,False,
1786094897.835275,engram-node04,2144,F2A57CE97DACEB3CEBD90C3353F9CD5D4CE230F4E7985127C25E8534ED788BF1,False,RECOVERING,2,0,False,
1786094902.846858,engram-node01,2144,F2A57CE97DACEB3CEBD90C3353F9CD5D4CE230F4E7985127C25E8534ED788BF1,False,RECOVERING,2,0,False,
1786094902.853886,engram-node02,2144,F2A57CE97DACEB3CEBD90C3353F9CD5D4CE230F4E7985127C25E8534ED788BF1,False,RECOVERING,2,0,False,
1786094902.858241,engram-node03,2144,F2A57CE97DACEB3CEBD90C3353F9CD5D4CE230F4E7985127C25E8534ED788BF1,False,RECOVERING,2,0,False,
1786094902.861391,engram-node04,2144,F2A57CE97DACEB3CEBD90C3353F9CD5D4CE230F4E7985127C25E8534ED788BF1,False,RECOVERING,2,0,False,
1786094907.8673542,engram-node01,2144,F2A57CE97DACEB3CEBD90C3353F9CD5D4CE230F4E7985127C25E8534ED788BF1,False,RECOVERING,2,0,False,
1786094907.8747,engram-node02,2144,F2A57CE97DACEB3CEBD90C3353F9CD5D4CE230F4E7985127C25E8534ED788BF1,False,RECOVERING,2,0,False,
1786094907.88003,engram-node03,2144,F2A57CE97DACEB3CEBD90C3353F9CD5D4CE230F4E7985127C25E8534ED788BF1,False,RECOVERING,2,0,False,
1786094907.8840241,engram-node04,2144,F2A57CE97DACEB3CEBD90C3353F9CD5D4CE230F4E7985127C25E8534ED788BF1,False,RECOVERING,2,0,False,
1786094912.894819,engram-node01,2144,F2A57CE97DACEB3CEBD90C3353F9CD5D4CE230F4E7985127C25E8534ED788BF1,False,RECOVERING,2,0,False,
1786094912.9041312,engram-node02,2144,F2A57CE97DACEB3CEBD90C3353F9CD5D4CE230F4E7985127C25E8534ED788BF1,False,RECOVERING,2,0,False,
1786094912.910131,engram-node03,2144,F2A57CE97DACEB3CEBD90C3353F9CD5D4CE230F4E7985127C25E8534ED788BF1,False,RECOVERING,2,0,False,
1786094912.915491,engram-node04,2144,F2A57CE97DACEB3CEBD90C3353F9CD5D4CE230F4E7985127C25E8534ED788BF1,False,RECOVERING,2,0,False,
1786094917.920109,engram-node01,2144,F2A57CE97DACEB3CEBD90C3353F9CD5D4CE230F4E7985127C25E8534ED788BF1,False,RECOVERING,2,0,False,
1786094917.929445,engram-node02,2144,F2A57CE97DACEB3CEBD90C3353F9CD5D4CE230F4E7985127C25E8534ED788BF1,False,RECOVERING,2,0,False,
1786094917.93795,engram-node03,2144,F2A57CE97DACEB3CEBD90C3353F9CD5D4CE230F4E7985127C25E8534ED788BF1,False,RECOVERING,2,0,False,
1786094917.9446678,engram-node04,2144,F2A57CE97DACEB3CEBD90C3353F9CD5D4CE230F4E7985127C25E8534ED788BF1,False,RECOVERING,2,0,False,
1786094922.953699,engram-node01,2144,F2A57CE97DACEB3CEBD90C3353F9CD5D4CE230F4E7985127C25E8534ED788BF1,False,RECOVERING,2,0,False,
1786094922.961658,engram-node02,2144,F2A57CE97DACEB3CEBD90C3353F9CD5D4CE230F4E7985127C25E8534ED788BF1,False,RECOVERING,2,0,False,
1786094922.967403,engram-node03,2144,F2A57CE97DACEB3CEBD90C3353F9CD5D4CE230F4E7985127C25E8534ED788BF1,False,RECOVERING,2,0,False,
1786094922.9718568,engram-node04,2144,F2A57CE97DACEB3CEBD90C3353F9CD5D4CE230F4E7985127C25E8534ED788BF1,False,RECOVERING,2,0,False,
1786094927.978293,engram-node01,2144,F2A57CE97DACEB3CEBD90C3353F9CD5D4CE230F4E7985127C25E8534ED788BF1,False,RECOVERING,2,0,False,
1786094927.984608,engram-node02,2144,F2A57CE97DACEB3CEBD90C3353F9CD5D4CE230F4E7985127C25E8534ED788BF1,False,RECOVERING,2,0,False,
1786094927.992738,engram-node03,2144,F2A57CE97DACEB3CEBD90C3353F9CD5D4CE230F4E7985127C25E8534ED788BF1,False,RECOVERING,2,0,False,
1786094927.9975822,engram-node04,2144,F2A57CE97DACEB3CEBD90C3353F9CD5D4CE230F4E7985127C25E8534ED788BF1,False,RECOVERING,2,0,False,
1786094933.004858,engram-node01,2144,F2A57CE97DACEB3CEBD90C3353F9CD5D4CE230F4E7985127C25E8534ED788BF1,False,RECOVERING,2,0,False,
1786094933.0111182,engram-node02,2144,F2A57CE97DACEB3CEBD90C3353F9CD5D4CE230F4E7985127C25E8534ED788BF1,False,RECOVERING,2,0,False,
1786094933.015936,engram-node03,2144,F2A57CE97DACEB3CEBD90C3353F9CD5D4CE230F4E7985127C25E8534ED788BF1,False,RECOVERING,2,0,False,
1786094933.0195358,engram-node04,2144,F2A57CE97DACEB3CEBD90C3353F9CD5D4CE230F4E7985127C25E8534ED788BF1,False,RECOVERING,2,0,False,
1786094938.033577,engram-node01,2144,F2A57CE97DACEB3CEBD90C3353F9CD5D4CE230F4E7985127C25E8534ED788BF1,False,RECOVERING,2,0,False,
1786094938.167,engram-node02,2144,F2A57CE97DACEB3CEBD90C3353F9CD5D4CE230F4E7985127C25E8534ED788BF1,False,RECOVERING,2,0,False,
1786094938.5929139,engram-node03,2145,062DB8D954BA7785D4EAEBC60FD8C1ABC98B6D7902734EBF917508C1BAF00EEC,False,SOVEREIGN,0,0,False,
1786094938.6016388,engram-node04,2145,062DB8D954BA7785D4EAEBC60FD8C1ABC98B6D7902734EBF917508C1BAF00EEC,False,SOVEREIGN,0,0,False,
1786094943.614912,engram-node01,2148,D05CB3F44BF01FC4A0566EC3A8828C8B84C0E3B7C0674A404678570C26E725DA,False,RECOVERING,2,0,False,
1786094943.61906,engram-node02,2148,D05CB3F44BF01FC4A0566EC3A8828C8B84C0E3B7C0674A404678570C26E725DA,False,RECOVERING,2,0,False,
1786094943.62238,engram-node03,2148,D05CB3F44BF01FC4A0566EC3A8828C8B84C0E3B7C0674A404678570C26E725DA,False,RECOVERING,2,0,False,
1786094943.625728,engram-node04,2148,D05CB3F44BF01FC4A0566EC3A8828C8B84C0E3B7C0674A404678570C26E725DA,False,RECOVERING,2,0,False,
1786094948.6336231,engram-node01,2148,D05CB3F44BF01FC4A0566EC3A8828C8B84C0E3B7C0674A404678570C26E725DA,False,RECOVERING,2,0,False,
1786094948.643577,engram-node02,2148,D05CB3F44BF01FC4A0566EC3A8828C8B84C0E3B7C0674A404678570C26E725DA,False,RECOVERING,2,0,False,
1786094948.650641,engram-node03,2148,D05CB3F44BF01FC4A0566EC3A8828C8B84C0E3B7C0674A404678570C26E725DA,False,RECOVERING,2,0,False,
1786094948.655581,engram-node04,2148,D05CB3F44BF01FC4A0566EC3A8828C8B84C0E3B7C0674A404678570C26E725DA,False,RECOVERING,2,0,False,
1786094953.661195,engram-node01,2148,D05CB3F44BF01FC4A0566EC3A8828C8B84C0E3B7C0674A404678570C26E725DA,False,RECOVERING,2,0,False,
1786094953.671577,engram-node02,2148,D05CB3F44BF01FC4A0566EC3A8828C8B84C0E3B7C0674A404678570C26E725DA,False,RECOVERING,2,0,False,
1786094953.676181,engram-node03,2148,D05CB3F44BF01FC4A0566EC3A8828C8B84C0E3B7C0674A404678570C26E725DA,False,RECOVERING,2,0,False,
1786094953.680056,engram-node04,2148,D05CB3F44BF01FC4A0566EC3A8828C8B84C0E3B7C0674A404678570C26E725DA,False,RECOVERING,2,0,False,
1786094958.686246,engram-node01,2148,D05CB3F44BF01FC4A0566EC3A8828C8B84C0E3B7C0674A404678570C26E725DA,False,RECOVERING,2,0,False,
1786094958.6918888,engram-node02,2148,D05CB3F44BF01FC4A0566EC3A8828C8B84C0E3B7C0674A404678570C26E725DA,False,RECOVERING,2,0,False,
1786094958.696106,engram-node03,2148,D05CB3F44BF01FC4A0566EC3A8828C8B84C0E3B7C0674A404678570C26E725DA,False,RECOVERING,2,0,False,
1786094958.699784,engram-node04,2148,D05CB3F44BF01FC4A0566EC3A8828C8B84C0E3B7C0674A404678570C26E725DA,False,RECOVERING,2,0,False,
1786094963.707127,engram-node01,2148,D05CB3F44BF01FC4A0566EC3A8828C8B84C0E3B7C0674A404678570C26E725DA,False,RECOVERING,2,0,False,
1786094963.7136488,engram-node02,2148,D05CB3F44BF01FC4A0566EC3A8828C8B84C0E3B7C0674A404678570C26E725DA,False,RECOVERING,2,0,False,
1786094963.720653,engram-node03,2148,D05CB3F44BF01FC4A0566EC3A8828C8B84C0E3B7C0674A404678570C26E725DA,False,RECOVERING,2,0,False,
1786094963.7248828,engram-node04,2148,D05CB3F44BF01FC4A0566EC3A8828C8B84C0E3B7C0674A404678570C26E725DA,False,RECOVERING,2,0,False,
1786094968.734703,engram-node01,2148,D05CB3F44BF01FC4A0566EC3A8828C8B84C0E3B7C0674A404678570C26E725DA,False,RECOVERING,2,0,False,
1786094968.745143,engram-node02,2148,D05CB3F44BF01FC4A0566EC3A8828C8B84C0E3B7C0674A404678570C26E725DA,False,RECOVERING,2,0,False,
1786094968.7504551,engram-node03,2148,D05CB3F44BF01FC4A0566EC3A8828C8B84C0E3B7C0674A404678570C26E725DA,False,RECOVERING,2,0,False,
1786094968.7549078,engram-node04,2148,D05CB3F44BF01FC4A0566EC3A8828C8B84C0E3B7C0674A404678570C26E725DA,False,RECOVERING,2,0,False,
1786094973.764004,engram-node01,2148,D05CB3F44BF01FC4A0566EC3A8828C8B84C0E3B7C0674A404678570C26E725DA,False,RECOVERING,2,0,False,
1786094973.778233,engram-node02,2148,D05CB3F44BF01FC4A0566EC3A8828C8B84C0E3B7C0674A404678570C26E725DA,False,RECOVERING,2,0,False,
1786094973.7844841,engram-node03,2148,D05CB3F44BF01FC4A0566EC3A8828C8B84C0E3B7C0674A404678570C26E725DA,False,RECOVERING,2,0,False,
1786094973.790147,engram-node04,2148,D05CB3F44BF01FC4A0566EC3A8828C8B84C0E3B7C0674A404678570C26E725DA,False,RECOVERING,2,0,False,
1786094978.7956,engram-node01,2148,D05CB3F44BF01FC4A0566EC3A8828C8B84C0E3B7C0674A404678570C26E725DA,False,RECOVERING,2,0,False,
1786094978.801857,engram-node02,2148,D05CB3F44BF01FC4A0566EC3A8828C8B84C0E3B7C0674A404678570C26E725DA,False,RECOVERING,2,0,False,
1786094978.8093781,engram-node03,2148,D05CB3F44BF01FC4A0566EC3A8828C8B84C0E3B7C0674A404678570C26E725DA,False,RECOVERING,2,0,False,
1786094978.8148842,engram-node04,2148,D05CB3F44BF01FC4A0566EC3A8828C8B84C0E3B7C0674A404678570C26E725DA,False,RECOVERING,2,0,False,
1786094983.824107,engram-node01,2148,D05CB3F44BF01FC4A0566EC3A8828C8B84C0E3B7C0674A404678570C26E725DA,False,RECOVERING,2,0,False,
1786094983.8313541,engram-node02,2148,D05CB3F44BF01FC4A0566EC3A8828C8B84C0E3B7C0674A404678570C26E725DA,False,RECOVERING,2,0,False,
1786094983.836961,engram-node03,2148,D05CB3F44BF01FC4A0566EC3A8828C8B84C0E3B7C0674A404678570C26E725DA,False,RECOVERING,2,0,False,
1786094983.8434129,engram-node04,2148,D05CB3F44BF01FC4A0566EC3A8828C8B84C0E3B7C0674A404678570C26E725DA,False,RECOVERING,2,0,False,
1786094988.852169,engram-node01,2148,D05CB3F44BF01FC4A0566EC3A8828C8B84C0E3B7C0674A404678570C26E725DA,False,RECOVERING,2,0,False,
1786094988.856744,engram-node02,2148,D05CB3F44BF01FC4A0566EC3A8828C8B84C0E3B7C0674A404678570C26E725DA,False,RECOVERING,2,0,False,
1786094988.8632162,engram-node03,2148,D05CB3F44BF01FC4A0566EC3A8828C8B84C0E3B7C0674A404678570C26E725DA,False,RECOVERING,2,0,False,
1786094988.867736,engram-node04,2148,D05CB3F44BF01FC4A0566EC3A8828C8B84C0E3B7C0674A404678570C26E725DA,False,RECOVERING,2,0,False,
1786094993.87403,engram-node01,2148,D05CB3F44BF01FC4A0566EC3A8828C8B84C0E3B7C0674A404678570C26E725DA,False,RECOVERING,2,0,False,
1786094993.884105,engram-node02,2148,D05CB3F44BF01FC4A0566EC3A8828C8B84C0E3B7C0674A404678570C26E725DA,False,RECOVERING,2,0,False,
1786094993.8920162,engram-node03,2148,D05CB3F44BF01FC4A0566EC3A8828C8B84C0E3B7C0674A404678570C26E725DA,False,RECOVERING,2,0,False,
1786094993.898051,engram-node04,2148,D05CB3F44BF01FC4A0566EC3A8828C8B84C0E3B7C0674A404678570C26E725DA,False,RECOVERING,2,0,False,
1786094998.90375,engram-node01,2148,D05CB3F44BF01FC4A0566EC3A8828C8B84C0E3B7C0674A404678570C26E725DA,False,RECOVERING,2,0,False,
1786094998.9548311,engram-node02,2148,D05CB3F44BF01FC4A0566EC3A8828C8B84C0E3B7C0674A404678570C26E725DA,False,RECOVERING,2,0,False,
1786094998.960407,engram-node03,2148,D05CB3F44BF01FC4A0566EC3A8828C8B84C0E3B7C0674A404678570C26E725DA,False,RECOVERING,2,0,False,
1786094998.964374,engram-node04,2148,D05CB3F44BF01FC4A0566EC3A8828C8B84C0E3B7C0674A404678570C26E725DA,False,RECOVERING,2,0,False,
1786095003.971284,engram-node01,2152,2302D1AF6D42F827769881DFA86F3AFB36E63955BC6236EDC7CD25FC72F2D395,False,RECOVERING,2,0,False,
1786095003.975496,engram-node02,2152,2302D1AF6D42F827769881DFA86F3AFB36E63955BC6236EDC7CD25FC72F2D395,False,RECOVERING,2,0,False,
1786095003.979397,engram-node03,2152,2302D1AF6D42F827769881DFA86F3AFB36E63955BC6236EDC7CD25FC72F2D395,False,RECOVERING,2,0,False,
1786095003.9825659,engram-node04,2152,2302D1AF6D42F827769881DFA86F3AFB36E63955BC6236EDC7CD25FC72F2D395,False,RECOVERING,2,0,False,
1786095008.990017,engram-node01,2152,2302D1AF6D42F827769881DFA86F3AFB36E63955BC6236EDC7CD25FC72F2D395,False,RECOVERING,2,0,False,
1786095008.994858,engram-node02,2152,2302D1AF6D42F827769881DFA86F3AFB36E63955BC6236EDC7CD25FC72F2D395,False,RECOVERING,2,0,False,
1786095008.998553,engram-node03,2152,2302D1AF6D42F827769881DFA86F3AFB36E63955BC6236EDC7CD25FC72F2D395,False,RECOVERING,2,0,False,
1786095009.001853,engram-node04,2152,2302D1AF6D42F827769881DFA86F3AFB36E63955BC6236EDC7CD25FC72F2D395,False,RECOVERING,2,0,False,
1786095014.005546,engram-node01,2152,2302D1AF6D42F827769881DFA86F3AFB36E63955BC6236EDC7CD25FC72F2D395,False,RECOVERING,2,0,False,
1786095014.014008,engram-node02,2152,2302D1AF6D42F827769881DFA86F3AFB36E63955BC6236EDC7CD25FC72F2D395,False,RECOVERING,2,0,False,
1786095014.01968,engram-node03,2152,2302D1AF6D42F827769881DFA86F3AFB36E63955BC6236EDC7CD25FC72F2D395,False,RECOVERING,2,0,False,
1786095014.024652,engram-node04,2152,2302D1AF6D42F827769881DFA86F3AFB36E63955BC6236EDC7CD25FC72F2D395,False,RECOVERING,2,0,False,
1786095019.034558,engram-node01,2152,2302D1AF6D42F827769881DFA86F3AFB36E63955BC6236EDC7CD25FC72F2D395,False,RECOVERING,2,0,False,
1786095019.0425012,engram-node02,2152,2302D1AF6D42F827769881DFA86F3AFB36E63955BC6236EDC7CD25FC72F2D395,False,RECOVERING,2,0,False,
1786095019.0482671,engram-node03,2152,2302D1AF6D42F827769881DFA86F3AFB36E63955BC6236EDC7CD25FC72F2D395,False,RECOVERING,2,0,False,
1786095019.052926,engram-node04,2152,2302D1AF6D42F827769881DFA86F3AFB36E63955BC6236EDC7CD25FC72F2D395,False,RECOVERING,2,0,False,
1786095024.060287,engram-node01,2152,2302D1AF6D42F827769881DFA86F3AFB36E63955BC6236EDC7CD25FC72F2D395,False,RECOVERING,2,0,False,
1786095024.065542,engram-node02,2152,2302D1AF6D42F827769881DFA86F3AFB36E63955BC6236EDC7CD25FC72F2D395,False,RECOVERING,2,0,False,
1786095024.070061,engram-node03,2152,2302D1AF6D42F827769881DFA86F3AFB36E63955BC6236EDC7CD25FC72F2D395,False,RECOVERING,2,0,False,
1786095024.074344,engram-node04,2152,2302D1AF6D42F827769881DFA86F3AFB36E63955BC6236EDC7CD25FC72F2D395,False,RECOVERING,2,0,False,
1786095029.08003,engram-node01,2152,2302D1AF6D42F827769881DFA86F3AFB36E63955BC6236EDC7CD25FC72F2D395,False,RECOVERING,2,0,False,
1786095029.085367,engram-node02,2152,2302D1AF6D42F827769881DFA86F3AFB36E63955BC6236EDC7CD25FC72F2D395,False,RECOVERING,2,0,False,
1786095029.0901802,engram-node03,2152,2302D1AF6D42F827769881DFA86F3AFB36E63955BC6236EDC7CD25FC72F2D395,False,RECOVERING,2,0,False,
1786095029.094174,engram-node04,2152,2302D1AF6D42F827769881DFA86F3AFB36E63955BC6236EDC7CD25FC72F2D395,False,RECOVERING,2,0,False,
1786095034.0992582,engram-node01,2152,2302D1AF6D42F827769881DFA86F3AFB36E63955BC6236EDC7CD25FC72F2D395,False,RECOVERING,2,0,False,
1786095034.103622,engram-node02,2152,2302D1AF6D42F827769881DFA86F3AFB36E63955BC6236EDC7CD25FC72F2D395,False,RECOVERING,2,0,False,
1786095034.106844,engram-node03,2152,2302D1AF6D42F827769881DFA86F3AFB36E63955BC6236EDC7CD25FC72F2D395,False,RECOVERING,2,0,False,
1786095034.1099021,engram-node04,2152,2302D1AF6D42F827769881DFA86F3AFB36E63955BC6236EDC7CD25FC72F2D395,False,RECOVERING,2,0,False,
1786095039.1167412,engram-node01,2152,2302D1AF6D42F827769881DFA86F3AFB36E63955BC6236EDC7CD25FC72F2D395,False,RECOVERING,2,0,False,
1786095039.123625,engram-node02,2152,2302D1AF6D42F827769881DFA86F3AFB36E63955BC6236EDC7CD25FC72F2D395,False,RECOVERING,2,0,False,
1786095039.1303492,engram-node03,2152,2302D1AF6D42F827769881DFA86F3AFB36E63955BC6236EDC7CD25FC72F2D395,False,RECOVERING,2,0,False,
1786095039.135958,engram-node04,2152,2302D1AF6D42F827769881DFA86F3AFB36E63955BC6236EDC7CD25FC72F2D395,False,RECOVERING,2,0,False,
1786095044.1458921,engram-node01,2152,2302D1AF6D42F827769881DFA86F3AFB36E63955BC6236EDC7CD25FC72F2D395,False,RECOVERING,2,0,False,
1786095044.1530502,engram-node02,2152,2302D1AF6D42F827769881DFA86F3AFB36E63955BC6236EDC7CD25FC72F2D395,False,RECOVERING,2,0,False,
1786095044.162295,engram-node03,2152,2302D1AF6D42F827769881DFA86F3AFB36E63955BC6236EDC7CD25FC72F2D395,False,RECOVERING,2,0,False,
1786095044.167308,engram-node04,2152,2302D1AF6D42F827769881DFA86F3AFB36E63955BC6236EDC7CD25FC72F2D395,False,RECOVERING,2,0,False,
1786095049.177233,engram-node01,2152,2302D1AF6D42F827769881DFA86F3AFB36E63955BC6236EDC7CD25FC72F2D395,False,RECOVERING,2,0,False,
1786095049.18475,engram-node02,2152,2302D1AF6D42F827769881DFA86F3AFB36E63955BC6236EDC7CD25FC72F2D395,False,RECOVERING,2,0,False,
1786095049.1905541,engram-node03,2152,2302D1AF6D42F827769881DFA86F3AFB36E63955BC6236EDC7CD25FC72F2D395,False,RECOVERING,2,0,False,
1786095049.19402,engram-node04,2152,2302D1AF6D42F827769881DFA86F3AFB36E63955BC6236EDC7CD25FC72F2D395,False,RECOVERING,2,0,False,
1786095054.2049978,engram-node01,2152,2302D1AF6D42F827769881DFA86F3AFB36E63955BC6236EDC7CD25FC72F2D395,False,RECOVERING,2,0,False,
1786095054.212875,engram-node02,2152,2302D1AF6D42F827769881DFA86F3AFB36E63955BC6236EDC7CD25FC72F2D395,False,RECOVERING,2,0,False,
1786095054.219146,engram-node03,2152,2302D1AF6D42F827769881DFA86F3AFB36E63955BC6236EDC7CD25FC72F2D395,False,RECOVERING,2,0,False,
1786095054.223361,engram-node04,2152,2302D1AF6D42F827769881DFA86F3AFB36E63955BC6236EDC7CD25FC72F2D395,False,RECOVERING,2,0,False,
1786095059.2324438,engram-node01,2152,2302D1AF6D42F827769881DFA86F3AFB36E63955BC6236EDC7CD25FC72F2D395,False,RECOVERING,2,0,False,
1786095059.2427561,engram-node02,2152,2302D1AF6D42F827769881DFA86F3AFB36E63955BC6236EDC7CD25FC72F2D395,False,RECOVERING,2,0,False,
1786095059.250901,engram-node03,2152,2302D1AF6D42F827769881DFA86F3AFB36E63955BC6236EDC7CD25FC72F2D395,False,RECOVERING,2,0,False,
1786095059.2561111,engram-node04,2152,2302D1AF6D42F827769881DFA86F3AFB36E63955BC6236EDC7CD25FC72F2D395,False,RECOVERING,2,0,False,
1786095064.261337,engram-node01,2156,28B87FC7475D2DA4F8201DE6DFB7E14E1946780D5C4EE94580F11F6D33033AA0,False,RECOVERING,2,0,False,
1786095064.266853,engram-node02,2156,28B87FC7475D2DA4F8201DE6DFB7E14E1946780D5C4EE94580F11F6D33033AA0,False,RECOVERING,2,0,False,
1786095064.271819,engram-node03,2156,28B87FC7475D2DA4F8201DE6DFB7E14E1946780D5C4EE94580F11F6D33033AA0,False,RECOVERING,2,0,False,
1786095064.276004,engram-node04,2156,28B87FC7475D2DA4F8201DE6DFB7E14E1946780D5C4EE94580F11F6D33033AA0,False,RECOVERING,2,0,False,
1786095069.28461,engram-node01,2156,28B87FC7475D2DA4F8201DE6DFB7E14E1946780D5C4EE94580F11F6D33033AA0,False,RECOVERING,2,0,False,
1786095069.2965581,engram-node02,2156,28B87FC7475D2DA4F8201DE6DFB7E14E1946780D5C4EE94580F11F6D33033AA0,False,RECOVERING,2,0,False,
1786095069.302282,engram-node03,2156,28B87FC7475D2DA4F8201DE6DFB7E14E1946780D5C4EE94580F11F6D33033AA0,False,RECOVERING,2,0,False,
1786095069.307232,engram-node04,2156,28B87FC7475D2DA4F8201DE6DFB7E14E1946780D5C4EE94580F11F6D33033AA0,False,RECOVERING,2,0,False,
1786095074.316771,engram-node01,2156,28B87FC7475D2DA4F8201DE6DFB7E14E1946780D5C4EE94580F11F6D33033AA0,False,RECOVERING,2,0,False,
1786095074.326305,engram-node02,2156,28B87FC7475D2DA4F8201DE6DFB7E14E1946780D5C4EE94580F11F6D33033AA0,False,RECOVERING,2,0,False,
1786095074.332327,engram-node03,2156,28B87FC7475D2DA4F8201DE6DFB7E14E1946780D5C4EE94580F11F6D33033AA0,False,RECOVERING,2,0,False,
1786095074.3396559,engram-node04,2156,28B87FC7475D2DA4F8201DE6DFB7E14E1946780D5C4EE94580F11F6D33033AA0,False,RECOVERING,2,0,False,
1786095079.3480341,engram-node01,2156,28B87FC7475D2DA4F8201DE6DFB7E14E1946780D5C4EE94580F11F6D33033AA0,False,RECOVERING,2,0,False,
1786095079.3533728,engram-node02,2156,28B87FC7475D2DA4F8201DE6DFB7E14E1946780D5C4EE94580F11F6D33033AA0,False,RECOVERING,2,0,False,
1786095079.359499,engram-node03,2156,28B87FC7475D2DA4F8201DE6DFB7E14E1946780D5C4EE94580F11F6D33033AA0,False,RECOVERING,2,0,False,
1786095079.364651,engram-node04,2156,28B87FC7475D2DA4F8201DE6DFB7E14E1946780D5C4EE94580F11F6D33033AA0,False,RECOVERING,2,0,False,
1786095084.3750951,engram-node01,2156,28B87FC7475D2DA4F8201DE6DFB7E14E1946780D5C4EE94580F11F6D33033AA0,False,RECOVERING,2,0,False,
1786095084.3831282,engram-node02,2156,28B87FC7475D2DA4F8201DE6DFB7E14E1946780D5C4EE94580F11F6D33033AA0,False,RECOVERING,2,0,False,
1786095084.388772,engram-node03,2156,28B87FC7475D2DA4F8201DE6DFB7E14E1946780D5C4EE94580F11F6D33033AA0,False,RECOVERING,2,0,False,
1786095084.3936791,engram-node04,2156,28B87FC7475D2DA4F8201DE6DFB7E14E1946780D5C4EE94580F11F6D33033AA0,False,RECOVERING,2,0,False,
1786095089.397917,engram-node01,2156,28B87FC7475D2DA4F8201DE6DFB7E14E1946780D5C4EE94580F11F6D33033AA0,False,RECOVERING,2,0,False,
1786095089.4045591,engram-node02,2156,28B87FC7475D2DA4F8201DE6DFB7E14E1946780D5C4EE94580F11F6D33033AA0,False,RECOVERING,2,0,False,
1786095089.408829,engram-node03,2156,28B87FC7475D2DA4F8201DE6DFB7E14E1946780D5C4EE94580F11F6D33033AA0,False,RECOVERING,2,0,False,
1786095089.4123058,engram-node04,2156,28B87FC7475D2DA4F8201DE6DFB7E14E1946780D5C4EE94580F11F6D33033AA0,False,RECOVERING,2,0,False,
1786095094.42065,engram-node01,2156,28B87FC7475D2DA4F8201DE6DFB7E14E1946780D5C4EE94580F11F6D33033AA0,False,RECOVERING,2,0,False,
1786095094.4334779,engram-node02,2156,28B87FC7475D2DA4F8201DE6DFB7E14E1946780D5C4EE94580F11F6D33033AA0,False,RECOVERING,2,0,False,
1786095094.4427829,engram-node03,2156,28B87FC7475D2DA4F8201DE6DFB7E14E1946780D5C4EE94580F11F6D33033AA0,False,RECOVERING,2,0,False,
1786095094.449671,engram-node04,2156,28B87FC7475D2DA4F8201DE6DFB7E14E1946780D5C4EE94580F11F6D33033AA0,False,RECOVERING,2,0,False,
1786095099.4595451,engram-node01,2156,28B87FC7475D2DA4F8201DE6DFB7E14E1946780D5C4EE94580F11F6D33033AA0,False,RECOVERING,2,0,False,
1786095099.4663072,engram-node02,2156,28B87FC7475D2DA4F8201DE6DFB7E14E1946780D5C4EE94580F11F6D33033AA0,False,RECOVERING,2,0,False,
1786095099.4704719,engram-node03,2156,28B87FC7475D2DA4F8201DE6DFB7E14E1946780D5C4EE94580F11F6D33033AA0,False,RECOVERING,2,0,False,
1786095099.473793,engram-node04,2156,28B87FC7475D2DA4F8201DE6DFB7E14E1946780D5C4EE94580F11F6D33033AA0,False,RECOVERING,2,0,False,
1786095104.482189,engram-node01,2156,28B87FC7475D2DA4F8201DE6DFB7E14E1946780D5C4EE94580F11F6D33033AA0,False,RECOVERING,2,0,False,
1786095104.4919062,engram-node02,2156,28B87FC7475D2DA4F8201DE6DFB7E14E1946780D5C4EE94580F11F6D33033AA0,False,RECOVERING,2,0,False,
1786095104.500391,engram-node03,2156,28B87FC7475D2DA4F8201DE6DFB7E14E1946780D5C4EE94580F11F6D33033AA0,False,RECOVERING,2,0,False,
1786095104.506381,engram-node04,2156,28B87FC7475D2DA4F8201DE6DFB7E14E1946780D5C4EE94580F11F6D33033AA0,False,RECOVERING,2,0,False,
1786095109.513184,engram-node01,2156,28B87FC7475D2DA4F8201DE6DFB7E14E1946780D5C4EE94580F11F6D33033AA0,False,RECOVERING,2,0,False,
1786095109.520978,engram-node02,2156,28B87FC7475D2DA4F8201DE6DFB7E14E1946780D5C4EE94580F11F6D33033AA0,False,RECOVERING,2,0,False,
1786095109.527384,engram-node03,2156,28B87FC7475D2DA4F8201DE6DFB7E14E1946780D5C4EE94580F11F6D33033AA0,False,RECOVERING,2,0,False,
1786095109.532181,engram-node04,2156,28B87FC7475D2DA4F8201DE6DFB7E14E1946780D5C4EE94580F11F6D33033AA0,False,RECOVERING,2,0,False,
1786095114.537687,engram-node01,2156,28B87FC7475D2DA4F8201DE6DFB7E14E1946780D5C4EE94580F11F6D33033AA0,False,RECOVERING,2,0,False,
1786095114.5445042,engram-node02,2156,28B87FC7475D2DA4F8201DE6DFB7E14E1946780D5C4EE94580F11F6D33033AA0,False,RECOVERING,2,0,False,
1786095114.5489879,engram-node03,2156,28B87FC7475D2DA4F8201DE6DFB7E14E1946780D5C4EE94580F11F6D33033AA0,False,RECOVERING,2,0,False,
1786095114.553016,engram-node04,2156,28B87FC7475D2DA4F8201DE6DFB7E14E1946780D5C4EE94580F11F6D33033AA0,False,RECOVERING,2,0,False,
1786095119.562042,engram-node01,2156,28B87FC7475D2DA4F8201DE6DFB7E14E1946780D5C4EE94580F11F6D33033AA0,False,RECOVERING,2,0,False,
1786095119.572665,engram-node02,2156,28B87FC7475D2DA4F8201DE6DFB7E14E1946780D5C4EE94580F11F6D33033AA0,False,RECOVERING,2,0,False,
1786095119.579135,engram-node03,2156,28B87FC7475D2DA4F8201DE6DFB7E14E1946780D5C4EE94580F11F6D33033AA0,False,RECOVERING,2,0,False,
1786095119.5845509,engram-node04,2156,28B87FC7475D2DA4F8201DE6DFB7E14E1946780D5C4EE94580F11F6D33033AA0,False,RECOVERING,2,0,False,
1786095124.59552,engram-node01,2159,27BBD111C9CE1E17E92CF27F3F14985C4484DD6B836314406EA7694B529CB3E7,False,RECOVERING,1,0,False,
1786095124.608143,engram-node02,2159,27BBD111C9CE1E17E92CF27F3F14985C4484DD6B836314406EA7694B529CB3E7,False,RECOVERING,1,0,False,
1786095124.6152809,engram-node03,2159,27BBD111C9CE1E17E92CF27F3F14985C4484DD6B836314406EA7694B529CB3E7,False,RECOVERING,1,0,False,
1786095124.6197278,engram-node04,2159,27BBD111C9CE1E17E92CF27F3F14985C4484DD6B836314406EA7694B529CB3E7,False,RECOVERING,1,0,False,
1786095129.628128,engram-node01,2160,5C37C2C3CB543813C1C9F5BEC9A82D52CF555D5AAE7C734E0038C4BE136DA788,False,RECOVERING,2,0,False,
1786095129.640471,engram-node02,2160,5C37C2C3CB543813C1C9F5BEC9A82D52CF555D5AAE7C734E0038C4BE136DA788,False,RECOVERING,2,0,False,
1786095129.649958,engram-node03,2160,5C37C2C3CB543813C1C9F5BEC9A82D52CF555D5AAE7C734E0038C4BE136DA788,False,RECOVERING,2,0,False,
1786095129.6539469,engram-node04,2160,5C37C2C3CB543813C1C9F5BEC9A82D52CF555D5AAE7C734E0038C4BE136DA788,False,RECOVERING,2,0,False,
1786095134.658989,engram-node01,2160,5C37C2C3CB543813C1C9F5BEC9A82D52CF555D5AAE7C734E0038C4BE136DA788,False,RECOVERING,2,0,False,
1786095134.664392,engram-node02,2160,5C37C2C3CB543813C1C9F5BEC9A82D52CF555D5AAE7C734E0038C4BE136DA788,False,RECOVERING,2,0,False,
1786095134.6683211,engram-node03,2160,5C37C2C3CB543813C1C9F5BEC9A82D52CF555D5AAE7C734E0038C4BE136DA788,False,RECOVERING,2,0,False,
1786095134.671628,engram-node04,2160,5C37C2C3CB543813C1C9F5BEC9A82D52CF555D5AAE7C734E0038C4BE136DA788,False,RECOVERING,2,0,False,
1786095139.678217,engram-node01,2160,5C37C2C3CB543813C1C9F5BEC9A82D52CF555D5AAE7C734E0038C4BE136DA788,False,RECOVERING,2,0,False,
1786095139.684923,engram-node02,2160,5C37C2C3CB543813C1C9F5BEC9A82D52CF555D5AAE7C734E0038C4BE136DA788,False,RECOVERING,2,0,False,
1786095139.691859,engram-node03,2160,5C37C2C3CB543813C1C9F5BEC9A82D52CF555D5AAE7C734E0038C4BE136DA788,False,RECOVERING,2,0,False,
1786095139.69614,engram-node04,2160,5C37C2C3CB543813C1C9F5BEC9A82D52CF555D5AAE7C734E0038C4BE136DA788,False,RECOVERING,2,0,False,
1786095144.702427,engram-node01,2160,5C37C2C3CB543813C1C9F5BEC9A82D52CF555D5AAE7C734E0038C4BE136DA788,False,RECOVERING,2,0,False,
1786095144.710361,engram-node02,2160,5C37C2C3CB543813C1C9F5BEC9A82D52CF555D5AAE7C734E0038C4BE136DA788,False,RECOVERING,2,0,False,
1786095144.7164512,engram-node03,2160,5C37C2C3CB543813C1C9F5BEC9A82D52CF555D5AAE7C734E0038C4BE136DA788,False,RECOVERING,2,0,False,
1786095144.7204611,engram-node04,2160,5C37C2C3CB543813C1C9F5BEC9A82D52CF555D5AAE7C734E0038C4BE136DA788,False,RECOVERING,2,0,False,
1786095149.728726,engram-node01,2160,5C37C2C3CB543813C1C9F5BEC9A82D52CF555D5AAE7C734E0038C4BE136DA788,False,RECOVERING,2,0,False,
1786095149.73531,engram-node02,2160,5C37C2C3CB543813C1C9F5BEC9A82D52CF555D5AAE7C734E0038C4BE136DA788,False,RECOVERING,2,0,False,
1786095149.742154,engram-node03,2160,5C37C2C3CB543813C1C9F5BEC9A82D52CF555D5AAE7C734E0038C4BE136DA788,False,RECOVERING,2,0,False,
1786095149.7474601,engram-node04,2160,5C37C2C3CB543813C1C9F5BEC9A82D52CF555D5AAE7C734E0038C4BE136DA788,False,RECOVERING,2,0,False,
1786095154.756953,engram-node01,2160,5C37C2C3CB543813C1C9F5BEC9A82D52CF555D5AAE7C734E0038C4BE136DA788,False,RECOVERING,2,0,False,
1786095154.7632031,engram-node02,2160,5C37C2C3CB543813C1C9F5BEC9A82D52CF555D5AAE7C734E0038C4BE136DA788,False,RECOVERING,2,0,False,
1786095154.76809,engram-node03,2160,5C37C2C3CB543813C1C9F5BEC9A82D52CF555D5AAE7C734E0038C4BE136DA788,False,RECOVERING,2,0,False,
1786095154.772013,engram-node04,2160,5C37C2C3CB543813C1C9F5BEC9A82D52CF555D5AAE7C734E0038C4BE136DA788,False,RECOVERING,2,0,False,
1786095159.7791932,engram-node01,2160,5C37C2C3CB543813C1C9F5BEC9A82D52CF555D5AAE7C734E0038C4BE136DA788,False,RECOVERING,2,0,False,
1786095159.783983,engram-node02,2160,5C37C2C3CB543813C1C9F5BEC9A82D52CF555D5AAE7C734E0038C4BE136DA788,False,RECOVERING,2,0,False,
1786095159.787918,engram-node03,2160,5C37C2C3CB543813C1C9F5BEC9A82D52CF555D5AAE7C734E0038C4BE136DA788,False,RECOVERING,2,0,False,
1786095159.792059,engram-node04,2160,5C37C2C3CB543813C1C9F5BEC9A82D52CF555D5AAE7C734E0038C4BE136DA788,False,RECOVERING,2,0,False,
1786095164.800691,engram-node01,2160,5C37C2C3CB543813C1C9F5BEC9A82D52CF555D5AAE7C734E0038C4BE136DA788,False,RECOVERING,2,0,False,
1786095164.8088388,engram-node02,2160,5C37C2C3CB543813C1C9F5BEC9A82D52CF555D5AAE7C734E0038C4BE136DA788,False,RECOVERING,2,0,False,
1786095164.814566,engram-node03,2160,5C37C2C3CB543813C1C9F5BEC9A82D52CF555D5AAE7C734E0038C4BE136DA788,False,RECOVERING,2,0,False,
1786095164.8181918,engram-node04,2160,5C37C2C3CB543813C1C9F5BEC9A82D52CF555D5AAE7C734E0038C4BE136DA788,False,RECOVERING,2,0,False,
1786095169.82364,engram-node01,2160,5C37C2C3CB543813C1C9F5BEC9A82D52CF555D5AAE7C734E0038C4BE136DA788,False,RECOVERING,2,0,False,
1786095169.8297899,engram-node02,2160,5C37C2C3CB543813C1C9F5BEC9A82D52CF555D5AAE7C734E0038C4BE136DA788,False,RECOVERING,2,0,False,
1786095169.835465,engram-node03,2160,5C37C2C3CB543813C1C9F5BEC9A82D52CF555D5AAE7C734E0038C4BE136DA788,False,RECOVERING,2,0,False,
1786095169.839969,engram-node04,2160,5C37C2C3CB543813C1C9F5BEC9A82D52CF555D5AAE7C734E0038C4BE136DA788,False,RECOVERING,2,0,False,
1786095174.84722,engram-node01,2160,5C37C2C3CB543813C1C9F5BEC9A82D52CF555D5AAE7C734E0038C4BE136DA788,False,RECOVERING,2,0,False,
1786095174.857316,engram-node02,2160,5C37C2C3CB543813C1C9F5BEC9A82D52CF555D5AAE7C734E0038C4BE136DA788,False,RECOVERING,2,0,False,
1786095174.8728771,engram-node03,2160,5C37C2C3CB543813C1C9F5BEC9A82D52CF555D5AAE7C734E0038C4BE136DA788,False,RECOVERING,2,0,False,
1786095174.8853881,engram-node04,2160,5C37C2C3CB543813C1C9F5BEC9A82D52CF555D5AAE7C734E0038C4BE136DA788,False,RECOVERING,2,0,False,
1786095179.898944,engram-node01,2160,5C37C2C3CB543813C1C9F5BEC9A82D52CF555D5AAE7C734E0038C4BE136DA788,False,RECOVERING,2,0,False,
1786095179.908383,engram-node02,2160,5C37C2C3CB543813C1C9F5BEC9A82D52CF555D5AAE7C734E0038C4BE136DA788,False,RECOVERING,2,0,False,
1786095179.914211,engram-node03,2160,5C37C2C3CB543813C1C9F5BEC9A82D52CF555D5AAE7C734E0038C4BE136DA788,False,RECOVERING,2,0,False,
1786095179.919172,engram-node04,2160,5C37C2C3CB543813C1C9F5BEC9A82D52CF555D5AAE7C734E0038C4BE136DA788,False,RECOVERING,2,0,False,
1786095184.928745,engram-node01,2162,2E4FFDBED9C0660D9B8F88C872E314F78D311F774D0BE76B98795C6B2E0E1CCA,False,RECOVERING,0,0,False,
1786095184.943677,engram-node02,2162,2E4FFDBED9C0660D9B8F88C872E314F78D311F774D0BE76B98795C6B2E0E1CCA,False,RECOVERING,0,0,False,
1786095184.9548569,engram-node03,2162,2E4FFDBED9C0660D9B8F88C872E314F78D311F774D0BE76B98795C6B2E0E1CCA,False,RECOVERING,0,0,False,
1786095184.967786,engram-node04,2162,2E4FFDBED9C0660D9B8F88C872E314F78D311F774D0BE76B98795C6B2E0E1CCA,False,RECOVERING,0,0,False,
1786095189.9877079,engram-node01,2164,5B4BD3A6DBBAFC8F9DE5A7FE5CAF49C6B3B9B9AD10286953C025C1A38611EBBE,False,RECOVERING,2,0,False,
1786095189.995264,engram-node02,2164,5B4BD3A6DBBAFC8F9DE5A7FE5CAF49C6B3B9B9AD10286953C025C1A38611EBBE,False,RECOVERING,2,0,False,
1786095190.000714,engram-node03,2164,5B4BD3A6DBBAFC8F9DE5A7FE5CAF49C6B3B9B9AD10286953C025C1A38611EBBE,False,RECOVERING,2,0,False,
1786095190.0050051,engram-node04,2164,5B4BD3A6DBBAFC8F9DE5A7FE5CAF49C6B3B9B9AD10286953C025C1A38611EBBE,False,RECOVERING,2,0,False,
1786095195.0129972,engram-node01,2164,5B4BD3A6DBBAFC8F9DE5A7FE5CAF49C6B3B9B9AD10286953C025C1A38611EBBE,False,RECOVERING,2,0,False,
1786095195.019365,engram-node02,2164,5B4BD3A6DBBAFC8F9DE5A7FE5CAF49C6B3B9B9AD10286953C025C1A38611EBBE,False,RECOVERING,2,0,False,
1786095195.0239968,engram-node03,2164,5B4BD3A6DBBAFC8F9DE5A7FE5CAF49C6B3B9B9AD10286953C025C1A38611EBBE,False,RECOVERING,2,0,False,
1786095195.02768,engram-node04,2164,5B4BD3A6DBBAFC8F9DE5A7FE5CAF49C6B3B9B9AD10286953C025C1A38611EBBE,False,RECOVERING,2,0,False,
1786095200.036318,engram-node01,2164,5B4BD3A6DBBAFC8F9DE5A7FE5CAF49C6B3B9B9AD10286953C025C1A38611EBBE,False,RECOVERING,2,0,False,
1786095200.044854,engram-node02,2164,5B4BD3A6DBBAFC8F9DE5A7FE5CAF49C6B3B9B9AD10286953C025C1A38611EBBE,False,RECOVERING,2,0,False,
1786095200.051059,engram-node03,2164,5B4BD3A6DBBAFC8F9DE5A7FE5CAF49C6B3B9B9AD10286953C025C1A38611EBBE,False,RECOVERING,2,0,False,
1786095200.056374,engram-node04,2164,5B4BD3A6DBBAFC8F9DE5A7FE5CAF49C6B3B9B9AD10286953C025C1A38611EBBE,False,RECOVERING,2,0,False,
1786095205.066371,engram-node01,2164,5B4BD3A6DBBAFC8F9DE5A7FE5CAF49C6B3B9B9AD10286953C025C1A38611EBBE,False,RECOVERING,2,0,False,
1786095205.077155,engram-node02,2164,5B4BD3A6DBBAFC8F9DE5A7FE5CAF49C6B3B9B9AD10286953C025C1A38611EBBE,False,RECOVERING,2,0,False,
1786095205.08337,engram-node03,2164,5B4BD3A6DBBAFC8F9DE5A7FE5CAF49C6B3B9B9AD10286953C025C1A38611EBBE,False,RECOVERING,2,0,False,
1786095205.088191,engram-node04,2164,5B4BD3A6DBBAFC8F9DE5A7FE5CAF49C6B3B9B9AD10286953C025C1A38611EBBE,False,RECOVERING,2,0,False,
1786095210.096342,engram-node01,2164,5B4BD3A6DBBAFC8F9DE5A7FE5CAF49C6B3B9B9AD10286953C025C1A38611EBBE,False,RECOVERING,2,0,False,
1786095210.106231,engram-node02,2164,5B4BD3A6DBBAFC8F9DE5A7FE5CAF49C6B3B9B9AD10286953C025C1A38611EBBE,False,RECOVERING,2,0,False,
1786095210.112822,engram-node03,2164,5B4BD3A6DBBAFC8F9DE5A7FE5CAF49C6B3B9B9AD10286953C025C1A38611EBBE,False,RECOVERING,2,0,False,
1786095210.1183329,engram-node04,2164,5B4BD3A6DBBAFC8F9DE5A7FE5CAF49C6B3B9B9AD10286953C025C1A38611EBBE,False,RECOVERING,2,0,False,
1786095215.127506,engram-node01,2164,5B4BD3A6DBBAFC8F9DE5A7FE5CAF49C6B3B9B9AD10286953C025C1A38611EBBE,False,RECOVERING,2,0,False,
1786095215.13386,engram-node02,2164,5B4BD3A6DBBAFC8F9DE5A7FE5CAF49C6B3B9B9AD10286953C025C1A38611EBBE,False,RECOVERING,2,0,False,
1786095215.14156,engram-node03,2164,5B4BD3A6DBBAFC8F9DE5A7FE5CAF49C6B3B9B9AD10286953C025C1A38611EBBE,False,RECOVERING,2,0,False,
1786095215.1455889,engram-node04,2164,5B4BD3A6DBBAFC8F9DE5A7FE5CAF49C6B3B9B9AD10286953C025C1A38611EBBE,False,RECOVERING,2,0,False,
1786095220.154101,engram-node01,2164,5B4BD3A6DBBAFC8F9DE5A7FE5CAF49C6B3B9B9AD10286953C025C1A38611EBBE,False,RECOVERING,2,0,False,
1786095220.165249,engram-node02,2164,5B4BD3A6DBBAFC8F9DE5A7FE5CAF49C6B3B9B9AD10286953C025C1A38611EBBE,False,RECOVERING,2,0,False,
1786095220.1725671,engram-node03,2164,5B4BD3A6DBBAFC8F9DE5A7FE5CAF49C6B3B9B9AD10286953C025C1A38611EBBE,False,RECOVERING,2,0,False,
1786095220.1786969,engram-node04,2164,5B4BD3A6DBBAFC8F9DE5A7FE5CAF49C6B3B9B9AD10286953C025C1A38611EBBE,False,RECOVERING,2,0,False,
1786095225.188121,engram-node01,2164,5B4BD3A6DBBAFC8F9DE5A7FE5CAF49C6B3B9B9AD10286953C025C1A38611EBBE,False,RECOVERING,2,0,False,
1786095225.1947808,engram-node02,2164,5B4BD3A6DBBAFC8F9DE5A7FE5CAF49C6B3B9B9AD10286953C025C1A38611EBBE,False,RECOVERING,2,0,False,
1786095225.200227,engram-node03,2164,5B4BD3A6DBBAFC8F9DE5A7FE5CAF49C6B3B9B9AD10286953C025C1A38611EBBE,False,RECOVERING,2,0,False,
1786095225.203543,engram-node04,2164,5B4BD3A6DBBAFC8F9DE5A7FE5CAF49C6B3B9B9AD10286953C025C1A38611EBBE,False,RECOVERING,2,0,False,
1786095230.211621,engram-node01,2164,5B4BD3A6DBBAFC8F9DE5A7FE5CAF49C6B3B9B9AD10286953C025C1A38611EBBE,False,RECOVERING,2,0,False,
1786095230.2174778,engram-node02,2164,5B4BD3A6DBBAFC8F9DE5A7FE5CAF49C6B3B9B9AD10286953C025C1A38611EBBE,False,RECOVERING,2,0,False,
1786095230.222938,engram-node03,2164,5B4BD3A6DBBAFC8F9DE5A7FE5CAF49C6B3B9B9AD10286953C025C1A38611EBBE,False,RECOVERING,2,0,False,
1786095230.2273479,engram-node04,2164,5B4BD3A6DBBAFC8F9DE5A7FE5CAF49C6B3B9B9AD10286953C025C1A38611EBBE,False,RECOVERING,2,0,False,
1786095235.2361028,engram-node01,2164,5B4BD3A6DBBAFC8F9DE5A7FE5CAF49C6B3B9B9AD10286953C025C1A38611EBBE,False,RECOVERING,2,0,False,
1786095235.248929,engram-node02,2164,5B4BD3A6DBBAFC8F9DE5A7FE5CAF49C6B3B9B9AD10286953C025C1A38611EBBE,False,RECOVERING,2,0,False,
1786095235.258995,engram-node03,2164,5B4BD3A6DBBAFC8F9DE5A7FE5CAF49C6B3B9B9AD10286953C025C1A38611EBBE,False,RECOVERING,2,0,False,
1786095235.2678761,engram-node04,2164,5B4BD3A6DBBAFC8F9DE5A7FE5CAF49C6B3B9B9AD10286953C025C1A38611EBBE,False,RECOVERING,2,0,False,
1786095240.278826,engram-node01,2167,DC84A930AD7932A1707A8BD19E51ECCC2F1774064D189CD7501EADE1AF451254,False,RECOVERING,1,0,False,
1786095240.285623,engram-node02,2167,DC84A930AD7932A1707A8BD19E51ECCC2F1774064D189CD7501EADE1AF451254,False,RECOVERING,1,0,False,
1786095240.292203,engram-node03,2167,DC84A930AD7932A1707A8BD19E51ECCC2F1774064D189CD7501EADE1AF451254,False,RECOVERING,1,0,False,
1786095240.299382,engram-node04,2167,DC84A930AD7932A1707A8BD19E51ECCC2F1774064D189CD7501EADE1AF451254,False,RECOVERING,1,0,False,
1786095245.310737,engram-node01,2168,0F0BC17C2149EE2632B9227C49D709CF12B695F3EF6A8E4F9F75EEA3E1B01D44,False,RECOVERING,2,0,False,
1786095245.318584,engram-node02,2168,0F0BC17C2149EE2632B9227C49D709CF12B695F3EF6A8E4F9F75EEA3E1B01D44,False,RECOVERING,2,0,False,
1786095245.325331,engram-node03,2168,0F0BC17C2149EE2632B9227C49D709CF12B695F3EF6A8E4F9F75EEA3E1B01D44,False,RECOVERING,2,0,False,
1786095245.3315551,engram-node04,2168,0F0BC17C2149EE2632B9227C49D709CF12B695F3EF6A8E4F9F75EEA3E1B01D44,False,RECOVERING,2,0,False,
1786095250.338012,engram-node01,2168,0F0BC17C2149EE2632B9227C49D709CF12B695F3EF6A8E4F9F75EEA3E1B01D44,False,RECOVERING,2,0,False,
1786095250.343642,engram-node02,2168,0F0BC17C2149EE2632B9227C49D709CF12B695F3EF6A8E4F9F75EEA3E1B01D44,False,RECOVERING,2,0,False,
1786095250.351742,engram-node03,2168,0F0BC17C2149EE2632B9227C49D709CF12B695F3EF6A8E4F9F75EEA3E1B01D44,False,RECOVERING,2,0,False,
1786095250.3569899,engram-node04,2168,0F0BC17C2149EE2632B9227C49D709CF12B695F3EF6A8E4F9F75EEA3E1B01D44,False,RECOVERING,2,0,False,
1786095255.3637278,engram-node01,2168,0F0BC17C2149EE2632B9227C49D709CF12B695F3EF6A8E4F9F75EEA3E1B01D44,False,RECOVERING,2,0,False,
1786095255.3761768,engram-node02,2168,0F0BC17C2149EE2632B9227C49D709CF12B695F3EF6A8E4F9F75EEA3E1B01D44,False,RECOVERING,2,0,False,
1786095255.382499,engram-node03,2168,0F0BC17C2149EE2632B9227C49D709CF12B695F3EF6A8E4F9F75EEA3E1B01D44,False,RECOVERING,2,0,False,
1786095255.387232,engram-node04,2168,0F0BC17C2149EE2632B9227C49D709CF12B695F3EF6A8E4F9F75EEA3E1B01D44,False,RECOVERING,2,0,False,
1786095260.3935978,engram-node01,2168,0F0BC17C2149EE2632B9227C49D709CF12B695F3EF6A8E4F9F75EEA3E1B01D44,False,RECOVERING,2,0,False,
1786095260.40196,engram-node02,2168,0F0BC17C2149EE2632B9227C49D709CF12B695F3EF6A8E4F9F75EEA3E1B01D44,False,RECOVERING,2,0,False,
1786095260.4126809,engram-node03,2168,0F0BC17C2149EE2632B9227C49D709CF12B695F3EF6A8E4F9F75EEA3E1B01D44,False,RECOVERING,2,0,False,
1786095260.421773,engram-node04,2168,0F0BC17C2149EE2632B9227C49D709CF12B695F3EF6A8E4F9F75EEA3E1B01D44,False,RECOVERING,2,0,False,
1786095265.43328,engram-node01,2168,0F0BC17C2149EE2632B9227C49D709CF12B695F3EF6A8E4F9F75EEA3E1B01D44,False,RECOVERING,2,0,False,
1786095265.437759,engram-node02,2168,0F0BC17C2149EE2632B9227C49D709CF12B695F3EF6A8E4F9F75EEA3E1B01D44,False,RECOVERING,2,0,False,
1786095265.4420328,engram-node03,2168,0F0BC17C2149EE2632B9227C49D709CF12B695F3EF6A8E4F9F75EEA3E1B01D44,False,RECOVERING,2,0,False,
1786095265.446274,engram-node04,2168,0F0BC17C2149EE2632B9227C49D709CF12B695F3EF6A8E4F9F75EEA3E1B01D44,False,RECOVERING,2,0,False,
1786095270.454727,engram-node01,2168,0F0BC17C2149EE2632B9227C49D709CF12B695F3EF6A8E4F9F75EEA3E1B01D44,False,RECOVERING,2,0,False,
1786095270.464436,engram-node02,2168,0F0BC17C2149EE2632B9227C49D709CF12B695F3EF6A8E4F9F75EEA3E1B01D44,False,RECOVERING,2,0,False,
1786095270.47157,engram-node03,2168,0F0BC17C2149EE2632B9227C49D709CF12B695F3EF6A8E4F9F75EEA3E1B01D44,False,RECOVERING,2,0,False,
1786095270.478306,engram-node04,2168,0F0BC17C2149EE2632B9227C49D709CF12B695F3EF6A8E4F9F75EEA3E1B01D44,False,RECOVERING,2,0,False,
1786095275.489352,engram-node01,2168,0F0BC17C2149EE2632B9227C49D709CF12B695F3EF6A8E4F9F75EEA3E1B01D44,False,RECOVERING,2,0,False,
1786095275.5020642,engram-node02,2168,0F0BC17C2149EE2632B9227C49D709CF12B695F3EF6A8E4F9F75EEA3E1B01D44,False,RECOVERING,2,0,False,
1786095275.511909,engram-node03,2168,0F0BC17C2149EE2632B9227C49D709CF12B695F3EF6A8E4F9F75EEA3E1B01D44,False,RECOVERING,2,0,False,
1786095275.524461,engram-node04,2168,0F0BC17C2149EE2632B9227C49D709CF12B695F3EF6A8E4F9F75EEA3E1B01D44,False,RECOVERING,2,0,False,
1786095280.542144,engram-node01,2168,0F0BC17C2149EE2632B9227C49D709CF12B695F3EF6A8E4F9F75EEA3E1B01D44,False,RECOVERING,2,0,False,
1786095280.555737,engram-node02,2168,0F0BC17C2149EE2632B9227C49D709CF12B695F3EF6A8E4F9F75EEA3E1B01D44,False,RECOVERING,2,0,False,
1786095280.562647,engram-node03,2168,0F0BC17C2149EE2632B9227C49D709CF12B695F3EF6A8E4F9F75EEA3E1B01D44,False,RECOVERING,2,0,False,
1786095280.568803,engram-node04,2168,0F0BC17C2149EE2632B9227C49D709CF12B695F3EF6A8E4F9F75EEA3E1B01D44,False,RECOVERING,2,0,False,
1786095285.579386,engram-node01,2168,0F0BC17C2149EE2632B9227C49D709CF12B695F3EF6A8E4F9F75EEA3E1B01D44,False,RECOVERING,2,0,False,
1786095285.587151,engram-node02,2168,0F0BC17C2149EE2632B9227C49D709CF12B695F3EF6A8E4F9F75EEA3E1B01D44,False,RECOVERING,2,0,False,
1786095285.593816,engram-node03,2168,0F0BC17C2149EE2632B9227C49D709CF12B695F3EF6A8E4F9F75EEA3E1B01D44,False,RECOVERING,2,0,False,
1786095285.599841,engram-node04,2168,0F0BC17C2149EE2632B9227C49D709CF12B695F3EF6A8E4F9F75EEA3E1B01D44,False,RECOVERING,2,0,False,
1786095290.609316,engram-node01,2168,0F0BC17C2149EE2632B9227C49D709CF12B695F3EF6A8E4F9F75EEA3E1B01D44,False,RECOVERING,2,0,False,
1786095290.6181571,engram-node02,2168,0F0BC17C2149EE2632B9227C49D709CF12B695F3EF6A8E4F9F75EEA3E1B01D44,False,RECOVERING,2,0,False,
1786095290.62467,engram-node03,2168,0F0BC17C2149EE2632B9227C49D709CF12B695F3EF6A8E4F9F75EEA3E1B01D44,False,RECOVERING,2,0,False,
1786095290.630342,engram-node04,2168,0F0BC17C2149EE2632B9227C49D709CF12B695F3EF6A8E4F9F75EEA3E1B01D44,False,RECOVERING,2,0,False,
1786095295.6390421,engram-node01,2168,0F0BC17C2149EE2632B9227C49D709CF12B695F3EF6A8E4F9F75EEA3E1B01D44,False,RECOVERING,2,0,False,
1786095295.651096,engram-node02,2168,0F0BC17C2149EE2632B9227C49D709CF12B695F3EF6A8E4F9F75EEA3E1B01D44,False,RECOVERING,2,0,False,
1786095295.6612759,engram-node03,2168,0F0BC17C2149EE2632B9227C49D709CF12B695F3EF6A8E4F9F75EEA3E1B01D44,False,RECOVERING,2,0,False,
1786095295.667833,engram-node04,2168,0F0BC17C2149EE2632B9227C49D709CF12B695F3EF6A8E4F9F75EEA3E1B01D44,False,RECOVERING,2,0,False,
1786095300.676564,engram-node01,2171,A2AB89F12D817808ED8C6CFF5921195B851D707964678E7F83F0F2F4DB07CA13,False,RECOVERING,1,0,False,
1786095300.6838248,engram-node02,2171,A2AB89F12D817808ED8C6CFF5921195B851D707964678E7F83F0F2F4DB07CA13,False,RECOVERING,1,0,False,
1786095300.690634,engram-node03,2171,A2AB89F12D817808ED8C6CFF5921195B851D707964678E7F83F0F2F4DB07CA13,False,RECOVERING,1,0,False,
1786095300.69587,engram-node04,2171,A2AB89F12D817808ED8C6CFF5921195B851D707964678E7F83F0F2F4DB07CA13,False,RECOVERING,1,0,False,
1786095305.704834,engram-node01,2172,D215E4533FE4184C9ED381E2599F740C990D7424BCA96BF6F83D40BD1B6902C7,False,RECOVERING,2,0,False,
1786095305.712111,engram-node02,2172,D215E4533FE4184C9ED381E2599F740C990D7424BCA96BF6F83D40BD1B6902C7,False,RECOVERING,2,0,False,
1786095305.718368,engram-node03,2172,D215E4533FE4184C9ED381E2599F740C990D7424BCA96BF6F83D40BD1B6902C7,False,RECOVERING,2,0,False,
1786095305.7236962,engram-node04,2172,D215E4533FE4184C9ED381E2599F740C990D7424BCA96BF6F83D40BD1B6902C7,False,RECOVERING,2,0,False,
1786095310.730028,engram-node01,2172,D215E4533FE4184C9ED381E2599F740C990D7424BCA96BF6F83D40BD1B6902C7,False,RECOVERING,2,0,False,
1786095310.7368162,engram-node02,2172,D215E4533FE4184C9ED381E2599F740C990D7424BCA96BF6F83D40BD1B6902C7,False,RECOVERING,2,0,False,
1786095310.741725,engram-node03,2172,D215E4533FE4184C9ED381E2599F740C990D7424BCA96BF6F83D40BD1B6902C7,False,RECOVERING,2,0,False,
1786095310.745835,engram-node04,2172,D215E4533FE4184C9ED381E2599F740C990D7424BCA96BF6F83D40BD1B6902C7,False,RECOVERING,2,0,False,
1786095315.754247,engram-node01,2172,D215E4533FE4184C9ED381E2599F740C990D7424BCA96BF6F83D40BD1B6902C7,False,RECOVERING,2,0,False,
1786095315.7631161,engram-node02,2172,D215E4533FE4184C9ED381E2599F740C990D7424BCA96BF6F83D40BD1B6902C7,False,RECOVERING,2,0,False,
1786095315.769635,engram-node03,2172,D215E4533FE4184C9ED381E2599F740C990D7424BCA96BF6F83D40BD1B6902C7,False,RECOVERING,2,0,False,
1786095315.773849,engram-node04,2172,D215E4533FE4184C9ED381E2599F740C990D7424BCA96BF6F83D40BD1B6902C7,False,RECOVERING,2,0,False,
1786095320.778316,engram-node01,2172,D215E4533FE4184C9ED381E2599F740C990D7424BCA96BF6F83D40BD1B6902C7,False,RECOVERING,2,0,False,
1786095320.7849631,engram-node02,2172,D215E4533FE4184C9ED381E2599F740C990D7424BCA96BF6F83D40BD1B6902C7,False,RECOVERING,2,0,False,
1786095320.792896,engram-node03,2172,D215E4533FE4184C9ED381E2599F740C990D7424BCA96BF6F83D40BD1B6902C7,False,RECOVERING,2,0,False,
1786095320.798645,engram-node04,2172,D215E4533FE4184C9ED381E2599F740C990D7424BCA96BF6F83D40BD1B6902C7,False,RECOVERING,2,0,False,
1786095325.808119,engram-node01,2172,D215E4533FE4184C9ED381E2599F740C990D7424BCA96BF6F83D40BD1B6902C7,False,RECOVERING,2,0,False,
1786095325.826838,engram-node02,2172,D215E4533FE4184C9ED381E2599F740C990D7424BCA96BF6F83D40BD1B6902C7,False,RECOVERING,2,0,False,
1786095325.835832,engram-node03,2172,D215E4533FE4184C9ED381E2599F740C990D7424BCA96BF6F83D40BD1B6902C7,False,RECOVERING,2,0,False,
1786095325.8427331,engram-node04,2172,D215E4533FE4184C9ED381E2599F740C990D7424BCA96BF6F83D40BD1B6902C7,False,RECOVERING,2,0,False,
1786095330.8536808,engram-node01,2172,D215E4533FE4184C9ED381E2599F740C990D7424BCA96BF6F83D40BD1B6902C7,False,RECOVERING,2,0,False,
1786095330.8654258,engram-node02,2172,D215E4533FE4184C9ED381E2599F740C990D7424BCA96BF6F83D40BD1B6902C7,False,RECOVERING,2,0,False,
1786095330.874519,engram-node03,2172,D215E4533FE4184C9ED381E2599F740C990D7424BCA96BF6F83D40BD1B6902C7,False,RECOVERING,2,0,False,
1786095330.879937,engram-node04,2172,D215E4533FE4184C9ED381E2599F740C990D7424BCA96BF6F83D40BD1B6902C7,False,RECOVERING,2,0,False,
1786095335.8867788,engram-node01,2172,D215E4533FE4184C9ED381E2599F740C990D7424BCA96BF6F83D40BD1B6902C7,False,RECOVERING,2,0,False,
1786095335.8943229,engram-node02,2172,D215E4533FE4184C9ED381E2599F740C990D7424BCA96BF6F83D40BD1B6902C7,False,RECOVERING,2,0,False,
1786095335.900765,engram-node03,2172,D215E4533FE4184C9ED381E2599F740C990D7424BCA96BF6F83D40BD1B6902C7,False,RECOVERING,2,0,False,
1786095335.908043,engram-node04,2172,D215E4533FE4184C9ED381E2599F740C990D7424BCA96BF6F83D40BD1B6902C7,False,RECOVERING,2,0,False,
1786095340.922285,engram-node01,2172,D215E4533FE4184C9ED381E2599F740C990D7424BCA96BF6F83D40BD1B6902C7,False,RECOVERING,2,0,False,
1786095340.931798,engram-node02,2172,D215E4533FE4184C9ED381E2599F740C990D7424BCA96BF6F83D40BD1B6902C7,False,RECOVERING,2,0,False,
1786095340.94047,engram-node03,2172,D215E4533FE4184C9ED381E2599F740C990D7424BCA96BF6F83D40BD1B6902C7,False,RECOVERING,2,0,False,
1786095340.948596,engram-node04,2172,D215E4533FE4184C9ED381E2599F740C990D7424BCA96BF6F83D40BD1B6902C7,False,RECOVERING,2,0,False,
1786095345.959685,engram-node01,2172,D215E4533FE4184C9ED381E2599F740C990D7424BCA96BF6F83D40BD1B6902C7,False,RECOVERING,2,0,False,
1786095345.974557,engram-node02,2172,D215E4533FE4184C9ED381E2599F740C990D7424BCA96BF6F83D40BD1B6902C7,False,RECOVERING,2,0,False,
1786095345.9937658,engram-node03,2172,D215E4533FE4184C9ED381E2599F740C990D7424BCA96BF6F83D40BD1B6902C7,False,RECOVERING,2,0,False,
1786095346.004079,engram-node04,2172,D215E4533FE4184C9ED381E2599F740C990D7424BCA96BF6F83D40BD1B6902C7,False,RECOVERING,2,0,False,
1786095351.032994,engram-node01,2172,D215E4533FE4184C9ED381E2599F740C990D7424BCA96BF6F83D40BD1B6902C7,False,RECOVERING,2,0,False,
1786095351.037505,engram-node02,2172,D215E4533FE4184C9ED381E2599F740C990D7424BCA96BF6F83D40BD1B6902C7,False,RECOVERING,2,0,False,
1786095351.04288,engram-node03,2172,D215E4533FE4184C9ED381E2599F740C990D7424BCA96BF6F83D40BD1B6902C7,False,RECOVERING,2,0,False,
1786095351.0469482,engram-node04,2172,D215E4533FE4184C9ED381E2599F740C990D7424BCA96BF6F83D40BD1B6902C7,False,RECOVERING,2,0,False,
1786095356.055816,engram-node01,2172,D215E4533FE4184C9ED381E2599F740C990D7424BCA96BF6F83D40BD1B6902C7,False,RECOVERING,2,0,False,
1786095356.06153,engram-node02,2172,D215E4533FE4184C9ED381E2599F740C990D7424BCA96BF6F83D40BD1B6902C7,False,RECOVERING,2,0,False,
1786095356.0667892,engram-node03,2172,D215E4533FE4184C9ED381E2599F740C990D7424BCA96BF6F83D40BD1B6902C7,False,RECOVERING,2,0,False,
1786095356.076009,engram-node04,2172,D215E4533FE4184C9ED381E2599F740C990D7424BCA96BF6F83D40BD1B6902C7,False,RECOVERING,2,0,False,
1786095361.087523,engram-node01,2174,E7E2E49E116C7F7EF360D387598630A60893137AC91B45D603E777567C452753,False,RECOVERING,0,0,False,
1786095361.095092,engram-node02,2174,E7E2E49E116C7F7EF360D387598630A60893137AC91B45D603E777567C452753,False,RECOVERING,0,0,False,
1786095361.1016839,engram-node03,2174,E7E2E49E116C7F7EF360D387598630A60893137AC91B45D603E777567C452753,False,RECOVERING,0,0,False,
1786095361.104699,engram-node04,2174,E7E2E49E116C7F7EF360D387598630A60893137AC91B45D603E777567C452753,False,RECOVERING,0,0,False,
1786095366.109482,engram-node01,2176,8F97935CE86C3A7D87A924B7E1630A37A719B1A95DA06902D78C5A81D85756EA,False,RECOVERING,2,0,False,
1786095366.113898,engram-node02,2176,8F97935CE86C3A7D87A924B7E1630A37A719B1A95DA06902D78C5A81D85756EA,False,RECOVERING,2,0,False,
1786095366.117892,engram-node03,2176,8F97935CE86C3A7D87A924B7E1630A37A719B1A95DA06902D78C5A81D85756EA,False,RECOVERING,2,0,False,
1786095366.121238,engram-node04,2176,8F97935CE86C3A7D87A924B7E1630A37A719B1A95DA06902D78C5A81D85756EA,False,RECOVERING,2,0,False,
1786095371.1297212,engram-node01,2176,8F97935CE86C3A7D87A924B7E1630A37A719B1A95DA06902D78C5A81D85756EA,False,RECOVERING,2,0,False,
1786095371.138693,engram-node02,2176,8F97935CE86C3A7D87A924B7E1630A37A719B1A95DA06902D78C5A81D85756EA,False,RECOVERING,2,0,False,
1786095371.144911,engram-node03,2176,8F97935CE86C3A7D87A924B7E1630A37A719B1A95DA06902D78C5A81D85756EA,False,RECOVERING,2,0,False,
1786095371.15172,engram-node04,2176,8F97935CE86C3A7D87A924B7E1630A37A719B1A95DA06902D78C5A81D85756EA,False,RECOVERING,2,0,False,
1786095376.162744,engram-node01,2176,8F97935CE86C3A7D87A924B7E1630A37A719B1A95DA06902D78C5A81D85756EA,False,RECOVERING,2,0,False,
1786095376.168962,engram-node02,2176,8F97935CE86C3A7D87A924B7E1630A37A719B1A95DA06902D78C5A81D85756EA,False,RECOVERING,2,0,False,
1786095376.173677,engram-node03,2176,8F97935CE86C3A7D87A924B7E1630A37A719B1A95DA06902D78C5A81D85756EA,False,RECOVERING,2,0,False,
1786095376.181264,engram-node04,2176,8F97935CE86C3A7D87A924B7E1630A37A719B1A95DA06902D78C5A81D85756EA,False,RECOVERING,2,0,False,
1786095381.1923032,engram-node01,2176,8F97935CE86C3A7D87A924B7E1630A37A719B1A95DA06902D78C5A81D85756EA,False,RECOVERING,2,0,False,
1786095381.19995,engram-node02,2176,8F97935CE86C3A7D87A924B7E1630A37A719B1A95DA06902D78C5A81D85756EA,False,RECOVERING,2,0,False,
1786095381.206927,engram-node03,2176,8F97935CE86C3A7D87A924B7E1630A37A719B1A95DA06902D78C5A81D85756EA,False,RECOVERING,2,0,False,
1786095381.21361,engram-node04,2176,8F97935CE86C3A7D87A924B7E1630A37A719B1A95DA06902D78C5A81D85756EA,False,RECOVERING,2,0,False,
1786095386.2217112,engram-node01,2176,8F97935CE86C3A7D87A924B7E1630A37A719B1A95DA06902D78C5A81D85756EA,False,RECOVERING,2,0,False,
1786095386.22862,engram-node02,2176,8F97935CE86C3A7D87A924B7E1630A37A719B1A95DA06902D78C5A81D85756EA,False,RECOVERING,2,0,False,
1786095386.233025,engram-node03,2176,8F97935CE86C3A7D87A924B7E1630A37A719B1A95DA06902D78C5A81D85756EA,False,RECOVERING,2,0,False,
1786095386.2370949,engram-node04,2176,8F97935CE86C3A7D87A924B7E1630A37A719B1A95DA06902D78C5A81D85756EA,False,RECOVERING,2,0,False,
1786095391.2452228,engram-node01,2176,8F97935CE86C3A7D87A924B7E1630A37A719B1A95DA06902D78C5A81D85756EA,False,RECOVERING,2,0,False,
1786095391.265543,engram-node02,2176,8F97935CE86C3A7D87A924B7E1630A37A719B1A95DA06902D78C5A81D85756EA,False,RECOVERING,2,0,False,
1786095391.27023,engram-node03,2176,8F97935CE86C3A7D87A924B7E1630A37A719B1A95DA06902D78C5A81D85756EA,False,RECOVERING,2,0,False,
1786095391.275451,engram-node04,2176,8F97935CE86C3A7D87A924B7E1630A37A719B1A95DA06902D78C5A81D85756EA,False,RECOVERING,2,0,False,
1786095396.285433,engram-node01,2176,8F97935CE86C3A7D87A924B7E1630A37A719B1A95DA06902D78C5A81D85756EA,False,RECOVERING,2,0,False,
1786095396.290399,engram-node02,2176,8F97935CE86C3A7D87A924B7E1630A37A719B1A95DA06902D78C5A81D85756EA,False,RECOVERING,2,0,False,
1786095396.294199,engram-node03,2176,8F97935CE86C3A7D87A924B7E1630A37A719B1A95DA06902D78C5A81D85756EA,False,RECOVERING,2,0,False,
1786095396.297705,engram-node04,2176,8F97935CE86C3A7D87A924B7E1630A37A719B1A95DA06902D78C5A81D85756EA,False,RECOVERING,2,0,False,
1786095401.305967,engram-node01,2176,8F97935CE86C3A7D87A924B7E1630A37A719B1A95DA06902D78C5A81D85756EA,False,RECOVERING,2,0,False,
1786095401.3138392,engram-node02,2176,8F97935CE86C3A7D87A924B7E1630A37A719B1A95DA06902D78C5A81D85756EA,False,RECOVERING,2,0,False,
1786095401.3186839,engram-node03,2176,8F97935CE86C3A7D87A924B7E1630A37A719B1A95DA06902D78C5A81D85756EA,False,RECOVERING,2,0,False,
1786095401.322237,engram-node04,2176,8F97935CE86C3A7D87A924B7E1630A37A719B1A95DA06902D78C5A81D85756EA,False,RECOVERING,2,0,False,
1786095406.3306172,engram-node01,2176,8F97935CE86C3A7D87A924B7E1630A37A719B1A95DA06902D78C5A81D85756EA,False,RECOVERING,2,0,False,
1786095406.341662,engram-node02,2176,8F97935CE86C3A7D87A924B7E1630A37A719B1A95DA06902D78C5A81D85756EA,False,RECOVERING,2,0,False,
1786095406.34946,engram-node03,2176,8F97935CE86C3A7D87A924B7E1630A37A719B1A95DA06902D78C5A81D85756EA,False,RECOVERING,2,0,False,
1786095406.3554618,engram-node04,2176,8F97935CE86C3A7D87A924B7E1630A37A719B1A95DA06902D78C5A81D85756EA,False,RECOVERING,2,0,False,
1786095411.360804,engram-node01,2176,8F97935CE86C3A7D87A924B7E1630A37A719B1A95DA06902D78C5A81D85756EA,False,RECOVERING,2,0,False,
1786095411.365725,engram-node02,2176,8F97935CE86C3A7D87A924B7E1630A37A719B1A95DA06902D78C5A81D85756EA,False,RECOVERING,2,0,False,
1786095411.369283,engram-node03,2176,8F97935CE86C3A7D87A924B7E1630A37A719B1A95DA06902D78C5A81D85756EA,False,RECOVERING,2,0,False,
1786095411.372693,engram-node04,2176,8F97935CE86C3A7D87A924B7E1630A37A719B1A95DA06902D78C5A81D85756EA,False,RECOVERING,2,0,False,
1786095416.377578,engram-node01,2176,8F97935CE86C3A7D87A924B7E1630A37A719B1A95DA06902D78C5A81D85756EA,False,RECOVERING,2,0,False,
1786095416.3883789,engram-node02,2176,8F97935CE86C3A7D87A924B7E1630A37A719B1A95DA06902D78C5A81D85756EA,False,RECOVERING,2,0,False,
1786095416.3999841,engram-node03,2176,8F97935CE86C3A7D87A924B7E1630A37A719B1A95DA06902D78C5A81D85756EA,False,RECOVERING,2,0,False,
1786095416.4074712,engram-node04,2176,8F97935CE86C3A7D87A924B7E1630A37A719B1A95DA06902D78C5A81D85756EA,False,RECOVERING,2,0,False,
1786095421.421591,engram-node01,2178,54286611D87C1D44F8892509D99BE9AFF2E4DA9B79C3EF79D61F284564C763EF,False,RECOVERING,0,0,False,
1786095421.4260638,engram-node02,2178,54286611D87C1D44F8892509D99BE9AFF2E4DA9B79C3EF79D61F284564C763EF,False,RECOVERING,0,0,False,
1786095421.42977,engram-node03,2178,54286611D87C1D44F8892509D99BE9AFF2E4DA9B79C3EF79D61F284564C763EF,False,RECOVERING,0,0,False,
1786095421.4326131,engram-node04,2178,54286611D87C1D44F8892509D99BE9AFF2E4DA9B79C3EF79D61F284564C763EF,False,RECOVERING,0,0,False,
1786095426.440353,engram-node01,2180,4B56BC27CE2022A6AA7A27251F0058CA56B496B7A3B44D23A669934023912B87,False,RECOVERING,2,0,False,
1786095426.452064,engram-node02,2180,4B56BC27CE2022A6AA7A27251F0058CA56B496B7A3B44D23A669934023912B87,False,RECOVERING,2,0,False,
1786095426.458796,engram-node03,2180,4B56BC27CE2022A6AA7A27251F0058CA56B496B7A3B44D23A669934023912B87,False,RECOVERING,2,0,False,
1786095426.4636438,engram-node04,2180,4B56BC27CE2022A6AA7A27251F0058CA56B496B7A3B44D23A669934023912B87,False,RECOVERING,2,0,False,
1786095431.470073,engram-node01,2180,4B56BC27CE2022A6AA7A27251F0058CA56B496B7A3B44D23A669934023912B87,False,RECOVERING,2,0,False,
1786095431.475059,engram-node02,2180,4B56BC27CE2022A6AA7A27251F0058CA56B496B7A3B44D23A669934023912B87,False,RECOVERING,2,0,False,
1786095431.479041,engram-node03,2180,4B56BC27CE2022A6AA7A27251F0058CA56B496B7A3B44D23A669934023912B87,False,RECOVERING,2,0,False,
1786095431.4819462,engram-node04,2180,4B56BC27CE2022A6AA7A27251F0058CA56B496B7A3B44D23A669934023912B87,False,RECOVERING,2,0,False,
1786095436.489714,engram-node01,2180,4B56BC27CE2022A6AA7A27251F0058CA56B496B7A3B44D23A669934023912B87,False,RECOVERING,2,0,False,
1786095436.500624,engram-node02,2180,4B56BC27CE2022A6AA7A27251F0058CA56B496B7A3B44D23A669934023912B87,False,RECOVERING,2,0,False,
1786095436.508407,engram-node03,2180,4B56BC27CE2022A6AA7A27251F0058CA56B496B7A3B44D23A669934023912B87,False,RECOVERING,2,0,False,
1786095436.513408,engram-node04,2180,4B56BC27CE2022A6AA7A27251F0058CA56B496B7A3B44D23A669934023912B87,False,RECOVERING,2,0,False,
1786095441.522423,engram-node01,2180,4B56BC27CE2022A6AA7A27251F0058CA56B496B7A3B44D23A669934023912B87,False,RECOVERING,2,0,False,
1786095441.536584,engram-node02,2180,4B56BC27CE2022A6AA7A27251F0058CA56B496B7A3B44D23A669934023912B87,False,RECOVERING,2,0,False,
1786095441.544835,engram-node03,2180,4B56BC27CE2022A6AA7A27251F0058CA56B496B7A3B44D23A669934023912B87,False,RECOVERING,2,0,False,
1786095441.550099,engram-node04,2180,4B56BC27CE2022A6AA7A27251F0058CA56B496B7A3B44D23A669934023912B87,False,RECOVERING,2,0,False,
1786095446.555413,engram-node01,2180,4B56BC27CE2022A6AA7A27251F0058CA56B496B7A3B44D23A669934023912B87,False,RECOVERING,2,0,False,
1786095446.561453,engram-node02,2180,4B56BC27CE2022A6AA7A27251F0058CA56B496B7A3B44D23A669934023912B87,False,RECOVERING,2,0,False,
1786095446.5667741,engram-node03,2180,4B56BC27CE2022A6AA7A27251F0058CA56B496B7A3B44D23A669934023912B87,False,RECOVERING,2,0,False,
1786095446.572083,engram-node04,2180,4B56BC27CE2022A6AA7A27251F0058CA56B496B7A3B44D23A669934023912B87,False,RECOVERING,2,0,False,
1786095451.580222,engram-node01,2180,4B56BC27CE2022A6AA7A27251F0058CA56B496B7A3B44D23A669934023912B87,False,RECOVERING,2,0,False,
1786095451.593194,engram-node02,2180,4B56BC27CE2022A6AA7A27251F0058CA56B496B7A3B44D23A669934023912B87,False,RECOVERING,2,0,False,
1786095451.60215,engram-node03,2180,4B56BC27CE2022A6AA7A27251F0058CA56B496B7A3B44D23A669934023912B87,False,RECOVERING,2,0,False,
1786095451.608259,engram-node04,2180,4B56BC27CE2022A6AA7A27251F0058CA56B496B7A3B44D23A669934023912B87,False,RECOVERING,2,0,False,
1786095456.618421,engram-node01,2180,4B56BC27CE2022A6AA7A27251F0058CA56B496B7A3B44D23A669934023912B87,False,RECOVERING,2,0,False,
1786095456.625081,engram-node02,2180,4B56BC27CE2022A6AA7A27251F0058CA56B496B7A3B44D23A669934023912B87,False,RECOVERING,2,0,False,
1786095456.631277,engram-node03,2180,4B56BC27CE2022A6AA7A27251F0058CA56B496B7A3B44D23A669934023912B87,False,RECOVERING,2,0,False,
1786095456.6360588,engram-node04,2180,4B56BC27CE2022A6AA7A27251F0058CA56B496B7A3B44D23A669934023912B87,False,RECOVERING,2,0,False,
1786095461.64558,engram-node01,2180,4B56BC27CE2022A6AA7A27251F0058CA56B496B7A3B44D23A669934023912B87,False,RECOVERING,2,0,False,
1786095461.6580591,engram-node02,2180,4B56BC27CE2022A6AA7A27251F0058CA56B496B7A3B44D23A669934023912B87,False,RECOVERING,2,0,False,
1786095461.6669781,engram-node03,2180,4B56BC27CE2022A6AA7A27251F0058CA56B496B7A3B44D23A669934023912B87,False,RECOVERING,2,0,False,
1786095461.6725261,engram-node04,2180,4B56BC27CE2022A6AA7A27251F0058CA56B496B7A3B44D23A669934023912B87,False,RECOVERING,2,0,False,
1786095466.682752,engram-node01,2180,4B56BC27CE2022A6AA7A27251F0058CA56B496B7A3B44D23A669934023912B87,False,RECOVERING,2,0,False,
1786095466.68824,engram-node02,2180,4B56BC27CE2022A6AA7A27251F0058CA56B496B7A3B44D23A669934023912B87,False,RECOVERING,2,0,False,
1786095466.692994,engram-node03,2180,4B56BC27CE2022A6AA7A27251F0058CA56B496B7A3B44D23A669934023912B87,False,RECOVERING,2,0,False,
1786095466.696846,engram-node04,2180,4B56BC27CE2022A6AA7A27251F0058CA56B496B7A3B44D23A669934023912B87,False,RECOVERING,2,0,False,
1786095471.703137,engram-node01,2180,4B56BC27CE2022A6AA7A27251F0058CA56B496B7A3B44D23A669934023912B87,False,RECOVERING,2,0,False,
1786095471.711712,engram-node02,2180,4B56BC27CE2022A6AA7A27251F0058CA56B496B7A3B44D23A669934023912B87,False,RECOVERING,2,0,False,
1786095471.719709,engram-node03,2180,4B56BC27CE2022A6AA7A27251F0058CA56B496B7A3B44D23A669934023912B87,False,RECOVERING,2,0,False,
1786095471.72506,engram-node04,2180,4B56BC27CE2022A6AA7A27251F0058CA56B496B7A3B44D23A669934023912B87,False,RECOVERING,2,0,False,
1786095476.735381,engram-node01,2180,4B56BC27CE2022A6AA7A27251F0058CA56B496B7A3B44D23A669934023912B87,False,RECOVERING,2,0,False,
1786095476.7430131,engram-node02,2180,4B56BC27CE2022A6AA7A27251F0058CA56B496B7A3B44D23A669934023912B87,False,RECOVERING,2,0,False,
1786095476.754025,engram-node03,2180,4B56BC27CE2022A6AA7A27251F0058CA56B496B7A3B44D23A669934023912B87,False,RECOVERING,2,0,False,
1786095476.7593322,engram-node04,2180,4B56BC27CE2022A6AA7A27251F0058CA56B496B7A3B44D23A669934023912B87,False,RECOVERING,2,0,False,
1786095481.770635,engram-node01,2181,44290171A24B56F6C7E32397987E55B6DC22D186B73F8B18497D436F23487A8D,False,SOVEREIGN,0,0,False,
1786095481.775125,engram-node02,2181,44290171A24B56F6C7E32397987E55B6DC22D186B73F8B18497D436F23487A8D,False,SOVEREIGN,0,0,False,
1786095481.7803159,engram-node03,2181,44290171A24B56F6C7E32397987E55B6DC22D186B73F8B18497D436F23487A8D,False,SOVEREIGN,0,0,False,
1786095481.783574,engram-node04,2181,44290171A24B56F6C7E32397987E55B6DC22D186B73F8B18497D436F23487A8D,False,SOVEREIGN,0,0,False,
1786095486.791521,engram-node01,2184,93FCD7BDDD21F0854AB730135EE01A1C96529B7D3C71702FBB2880E1D8242618,False,RECOVERING,2,0,False,
1786095486.7975612,engram-node02,2184,93FCD7BDDD21F0854AB730135EE01A1C96529B7D3C71702FBB2880E1D8242618,False,RECOVERING,2,0,False,
1786095486.80148,engram-node03,2184,93FCD7BDDD21F0854AB730135EE01A1C96529B7D3C71702FBB2880E1D8242618,False,RECOVERING,2,0,False,
1786095486.806615,engram-node04,2184,93FCD7BDDD21F0854AB730135EE01A1C96529B7D3C71702FBB2880E1D8242618,False,RECOVERING,2,0,False,
1786095491.81388,engram-node01,2184,93FCD7BDDD21F0854AB730135EE01A1C96529B7D3C71702FBB2880E1D8242618,False,RECOVERING,2,0,False,
1786095491.825362,engram-node02,2184,93FCD7BDDD21F0854AB730135EE01A1C96529B7D3C71702FBB2880E1D8242618,False,RECOVERING,2,0,False,
1786095491.832951,engram-node03,2184,93FCD7BDDD21F0854AB730135EE01A1C96529B7D3C71702FBB2880E1D8242618,False,RECOVERING,2,0,False,
1786095491.838899,engram-node04,2184,93FCD7BDDD21F0854AB730135EE01A1C96529B7D3C71702FBB2880E1D8242618,False,RECOVERING,2,0,False,
1786095496.847011,engram-node01,2184,93FCD7BDDD21F0854AB730135EE01A1C96529B7D3C71702FBB2880E1D8242618,False,RECOVERING,2,0,False,
1786095496.853612,engram-node02,2184,93FCD7BDDD21F0854AB730135EE01A1C96529B7D3C71702FBB2880E1D8242618,False,RECOVERING,2,0,False,
1786095496.857697,engram-node03,2184,93FCD7BDDD21F0854AB730135EE01A1C96529B7D3C71702FBB2880E1D8242618,False,RECOVERING,2,0,False,
1786095496.8620071,engram-node04,2184,93FCD7BDDD21F0854AB730135EE01A1C96529B7D3C71702FBB2880E1D8242618,False,RECOVERING,2,0,False,
1786095501.8700101,engram-node01,2184,93FCD7BDDD21F0854AB730135EE01A1C96529B7D3C71702FBB2880E1D8242618,False,RECOVERING,2,0,False,
1786095501.880789,engram-node02,2184,93FCD7BDDD21F0854AB730135EE01A1C96529B7D3C71702FBB2880E1D8242618,False,RECOVERING,2,0,False,
1786095501.8888829,engram-node03,2184,93FCD7BDDD21F0854AB730135EE01A1C96529B7D3C71702FBB2880E1D8242618,False,RECOVERING,2,0,False,
1786095501.894917,engram-node04,2184,93FCD7BDDD21F0854AB730135EE01A1C96529B7D3C71702FBB2880E1D8242618,False,RECOVERING,2,0,False,
1786095506.904074,engram-node01,2184,93FCD7BDDD21F0854AB730135EE01A1C96529B7D3C71702FBB2880E1D8242618,False,RECOVERING,2,0,False,
1786095506.912533,engram-node02,2184,93FCD7BDDD21F0854AB730135EE01A1C96529B7D3C71702FBB2880E1D8242618,False,RECOVERING,2,0,False,
1786095506.9196968,engram-node03,2184,93FCD7BDDD21F0854AB730135EE01A1C96529B7D3C71702FBB2880E1D8242618,False,RECOVERING,2,0,False,
1786095506.924433,engram-node04,2184,93FCD7BDDD21F0854AB730135EE01A1C96529B7D3C71702FBB2880E1D8242618,False,RECOVERING,2,0,False,
1786095511.932022,engram-node01,2184,93FCD7BDDD21F0854AB730135EE01A1C96529B7D3C71702FBB2880E1D8242618,False,RECOVERING,2,0,False,
1786095511.9408388,engram-node02,2184,93FCD7BDDD21F0854AB730135EE01A1C96529B7D3C71702FBB2880E1D8242618,False,RECOVERING,2,0,False,
1786095511.9474251,engram-node03,2184,93FCD7BDDD21F0854AB730135EE01A1C96529B7D3C71702FBB2880E1D8242618,False,RECOVERING,2,0,False,
1786095511.953135,engram-node04,2184,93FCD7BDDD21F0854AB730135EE01A1C96529B7D3C71702FBB2880E1D8242618,False,RECOVERING,2,0,False,
1786095516.963058,engram-node01,2184,93FCD7BDDD21F0854AB730135EE01A1C96529B7D3C71702FBB2880E1D8242618,False,RECOVERING,2,0,False,
1786095516.969353,engram-node02,2184,93FCD7BDDD21F0854AB730135EE01A1C96529B7D3C71702FBB2880E1D8242618,False,RECOVERING,2,0,False,
1786095516.973838,engram-node03,2184,93FCD7BDDD21F0854AB730135EE01A1C96529B7D3C71702FBB2880E1D8242618,False,RECOVERING,2,0,False,
1786095516.976809,engram-node04,2184,93FCD7BDDD21F0854AB730135EE01A1C96529B7D3C71702FBB2880E1D8242618,False,RECOVERING,2,0,False,
1786095521.98131,engram-node01,2184,93FCD7BDDD21F0854AB730135EE01A1C96529B7D3C71702FBB2880E1D8242618,False,RECOVERING,2,0,False,
1786095521.990485,engram-node02,2184,93FCD7BDDD21F0854AB730135EE01A1C96529B7D3C71702FBB2880E1D8242618,False,RECOVERING,2,0,False,
1786095521.997558,engram-node03,2184,93FCD7BDDD21F0854AB730135EE01A1C96529B7D3C71702FBB2880E1D8242618,False,RECOVERING,2,0,False,
1786095522.004236,engram-node04,2184,93FCD7BDDD21F0854AB730135EE01A1C96529B7D3C71702FBB2880E1D8242618,False,RECOVERING,2,0,False,
1786095527.0147789,engram-node01,2184,93FCD7BDDD21F0854AB730135EE01A1C96529B7D3C71702FBB2880E1D8242618,False,RECOVERING,2,0,False,
1786095527.021865,engram-node02,2184,93FCD7BDDD21F0854AB730135EE01A1C96529B7D3C71702FBB2880E1D8242618,False,RECOVERING,2,0,False,
1786095527.028922,engram-node03,2184,93FCD7BDDD21F0854AB730135EE01A1C96529B7D3C71702FBB2880E1D8242618,False,RECOVERING,2,0,False,
1786095527.0361128,engram-node04,2184,93FCD7BDDD21F0854AB730135EE01A1C96529B7D3C71702FBB2880E1D8242618,False,RECOVERING,2,0,False,
1786095532.0456052,engram-node01,2184,93FCD7BDDD21F0854AB730135EE01A1C96529B7D3C71702FBB2880E1D8242618,False,RECOVERING,2,0,False,
1786095532.059037,engram-node02,2184,93FCD7BDDD21F0854AB730135EE01A1C96529B7D3C71702FBB2880E1D8242618,False,RECOVERING,2,0,False,
1786095532.066676,engram-node03,2184,93FCD7BDDD21F0854AB730135EE01A1C96529B7D3C71702FBB2880E1D8242618,False,RECOVERING,2,0,False,
1786095532.0715342,engram-node04,2184,93FCD7BDDD21F0854AB730135EE01A1C96529B7D3C71702FBB2880E1D8242618,False,RECOVERING,2,0,False,
1786095537.082678,engram-node01,2184,93FCD7BDDD21F0854AB730135EE01A1C96529B7D3C71702FBB2880E1D8242618,False,RECOVERING,2,0,False,
1786095537.089272,engram-node02,2184,93FCD7BDDD21F0854AB730135EE01A1C96529B7D3C71702FBB2880E1D8242618,False,RECOVERING,2,0,False,
1786095537.094763,engram-node03,2184,93FCD7BDDD21F0854AB730135EE01A1C96529B7D3C71702FBB2880E1D8242618,False,RECOVERING,2,0,False,
1786095537.099379,engram-node04,2184,93FCD7BDDD21F0854AB730135EE01A1C96529B7D3C71702FBB2880E1D8242618,False,RECOVERING,2,0,False,
1786095542.108144,engram-node01,2185,6D74905FC4B15B9D908DAC35A21FC26E752DB9CC9007AFFD0EBD3EA5080D8FCA,False,SOVEREIGN,0,0,False,
1786095542.114036,engram-node02,2185,6D74905FC4B15B9D908DAC35A21FC26E752DB9CC9007AFFD0EBD3EA5080D8FCA,False,SOVEREIGN,0,0,False,
1786095542.119118,engram-node03,2185,6D74905FC4B15B9D908DAC35A21FC26E752DB9CC9007AFFD0EBD3EA5080D8FCA,False,SOVEREIGN,0,0,False,
1786095542.122383,engram-node04,2185,6D74905FC4B15B9D908DAC35A21FC26E752DB9CC9007AFFD0EBD3EA5080D8FCA,False,SOVEREIGN,0,0,False,
1786095547.131208,engram-node01,2188,019B62C4868FF5B0451C332E407ACAFF34FF32149FE343FE96ED3EE8192F97CA,False,RECOVERING,2,0,False,
1786095547.136717,engram-node02,2188,019B62C4868FF5B0451C332E407ACAFF34FF32149FE343FE96ED3EE8192F97CA,False,RECOVERING,2,0,False,
1786095547.140778,engram-node03,2188,019B62C4868FF5B0451C332E407ACAFF34FF32149FE343FE96ED3EE8192F97CA,False,RECOVERING,2,0,False,
1786095547.144705,engram-node04,2188,019B62C4868FF5B0451C332E407ACAFF34FF32149FE343FE96ED3EE8192F97CA,False,RECOVERING,2,0,False,
1786095552.1492329,engram-node01,2188,019B62C4868FF5B0451C332E407ACAFF34FF32149FE343FE96ED3EE8192F97CA,False,RECOVERING,2,0,False,
1786095552.156631,engram-node02,2188,019B62C4868FF5B0451C332E407ACAFF34FF32149FE343FE96ED3EE8192F97CA,False,RECOVERING,2,0,False,
1786095552.167708,engram-node03,2188,019B62C4868FF5B0451C332E407ACAFF34FF32149FE343FE96ED3EE8192F97CA,False,RECOVERING,2,0,False,
1786095552.172628,engram-node04,2188,019B62C4868FF5B0451C332E407ACAFF34FF32149FE343FE96ED3EE8192F97CA,False,RECOVERING,2,0,False,
1786095557.1812422,engram-node01,2188,019B62C4868FF5B0451C332E407ACAFF34FF32149FE343FE96ED3EE8192F97CA,False,RECOVERING,2,0,False,
1786095557.188888,engram-node02,2188,019B62C4868FF5B0451C332E407ACAFF34FF32149FE343FE96ED3EE8192F97CA,False,RECOVERING,2,0,False,
1786095557.198983,engram-node03,2188,019B62C4868FF5B0451C332E407ACAFF34FF32149FE343FE96ED3EE8192F97CA,False,RECOVERING,2,0,False,
1786095557.20302,engram-node04,2188,019B62C4868FF5B0451C332E407ACAFF34FF32149FE343FE96ED3EE8192F97CA,False,RECOVERING,2,0,False,
1786095562.206781,engram-node01,2188,019B62C4868FF5B0451C332E407ACAFF34FF32149FE343FE96ED3EE8192F97CA,False,RECOVERING,2,0,False,
1786095562.213623,engram-node02,2188,019B62C4868FF5B0451C332E407ACAFF34FF32149FE343FE96ED3EE8192F97CA,False,RECOVERING,2,0,False,
1786095562.21959,engram-node03,2188,019B62C4868FF5B0451C332E407ACAFF34FF32149FE343FE96ED3EE8192F97CA,False,RECOVERING,2,0,False,
1786095562.225131,engram-node04,2188,019B62C4868FF5B0451C332E407ACAFF34FF32149FE343FE96ED3EE8192F97CA,False,RECOVERING,2,0,False,
1786095567.234167,engram-node01,2188,019B62C4868FF5B0451C332E407ACAFF34FF32149FE343FE96ED3EE8192F97CA,False,RECOVERING,2,0,False,
1786095567.241788,engram-node02,2188,019B62C4868FF5B0451C332E407ACAFF34FF32149FE343FE96ED3EE8192F97CA,False,RECOVERING,2,0,False,
1786095567.248791,engram-node03,2188,019B62C4868FF5B0451C332E407ACAFF34FF32149FE343FE96ED3EE8192F97CA,False,RECOVERING,2,0,False,
1786095567.2553039,engram-node04,2188,019B62C4868FF5B0451C332E407ACAFF34FF32149FE343FE96ED3EE8192F97CA,False,RECOVERING,2,0,False,
1786095572.26387,engram-node01,2188,019B62C4868FF5B0451C332E407ACAFF34FF32149FE343FE96ED3EE8192F97CA,False,RECOVERING,2,0,False,
1786095572.274438,engram-node02,2188,019B62C4868FF5B0451C332E407ACAFF34FF32149FE343FE96ED3EE8192F97CA,False,RECOVERING,2,0,False,
1786095572.281132,engram-node03,2188,019B62C4868FF5B0451C332E407ACAFF34FF32149FE343FE96ED3EE8192F97CA,False,RECOVERING,2,0,False,
1786095572.2862248,engram-node04,2188,019B62C4868FF5B0451C332E407ACAFF34FF32149FE343FE96ED3EE8192F97CA,False,RECOVERING,2,0,False,
1786095577.2952,engram-node01,2188,019B62C4868FF5B0451C332E407ACAFF34FF32149FE343FE96ED3EE8192F97CA,False,RECOVERING,2,0,False,
1786095577.299665,engram-node02,2188,019B62C4868FF5B0451C332E407ACAFF34FF32149FE343FE96ED3EE8192F97CA,False,RECOVERING,2,0,False,
1786095577.303276,engram-node03,2188,019B62C4868FF5B0451C332E407ACAFF34FF32149FE343FE96ED3EE8192F97CA,False,RECOVERING,2,0,False,
1786095577.30805,engram-node04,2188,019B62C4868FF5B0451C332E407ACAFF34FF32149FE343FE96ED3EE8192F97CA,False,RECOVERING,2,0,False,
1786095582.3163662,engram-node01,2188,019B62C4868FF5B0451C332E407ACAFF34FF32149FE343FE96ED3EE8192F97CA,False,RECOVERING,2,0,False,
1786095582.327115,engram-node02,2188,019B62C4868FF5B0451C332E407ACAFF34FF32149FE343FE96ED3EE8192F97CA,False,RECOVERING,2,0,False,
1786095582.3359182,engram-node03,2188,019B62C4868FF5B0451C332E407ACAFF34FF32149FE343FE96ED3EE8192F97CA,False,RECOVERING,2,0,False,
1786095582.341266,engram-node04,2188,019B62C4868FF5B0451C332E407ACAFF34FF32149FE343FE96ED3EE8192F97CA,False,RECOVERING,2,0,False,
1786095587.351609,engram-node01,2188,019B62C4868FF5B0451C332E407ACAFF34FF32149FE343FE96ED3EE8192F97CA,False,RECOVERING,2,0,False,
1786095587.3570938,engram-node02,2188,019B62C4868FF5B0451C332E407ACAFF34FF32149FE343FE96ED3EE8192F97CA,False,RECOVERING,2,0,False,
1786095587.365315,engram-node03,2188,019B62C4868FF5B0451C332E407ACAFF34FF32149FE343FE96ED3EE8192F97CA,False,RECOVERING,2,0,False,
1786095587.370888,engram-node04,2188,019B62C4868FF5B0451C332E407ACAFF34FF32149FE343FE96ED3EE8192F97CA,False,RECOVERING,2,0,False,
1786095592.382858,engram-node01,2188,019B62C4868FF5B0451C332E407ACAFF34FF32149FE343FE96ED3EE8192F97CA,False,RECOVERING,2,0,False,
1786095592.395382,engram-node02,2188,019B62C4868FF5B0451C332E407ACAFF34FF32149FE343FE96ED3EE8192F97CA,False,RECOVERING,2,0,False,
1786095592.406472,engram-node03,2188,019B62C4868FF5B0451C332E407ACAFF34FF32149FE343FE96ED3EE8192F97CA,False,RECOVERING,2,0,False,
1786095592.4136379,engram-node04,2188,019B62C4868FF5B0451C332E407ACAFF34FF32149FE343FE96ED3EE8192F97CA,False,RECOVERING,2,0,False,
1786095597.422152,engram-node01,2188,019B62C4868FF5B0451C332E407ACAFF34FF32149FE343FE96ED3EE8192F97CA,False,RECOVERING,2,0,False,
1786095597.427648,engram-node02,2188,019B62C4868FF5B0451C332E407ACAFF34FF32149FE343FE96ED3EE8192F97CA,False,RECOVERING,2,0,False,
1786095597.435602,engram-node03,2188,019B62C4868FF5B0451C332E407ACAFF34FF32149FE343FE96ED3EE8192F97CA,False,RECOVERING,2,0,False,
1786095597.439832,engram-node04,2188,019B62C4868FF5B0451C332E407ACAFF34FF32149FE343FE96ED3EE8192F97CA,False,RECOVERING,2,0,False,
1786095602.44883,engram-node01,2188,019B62C4868FF5B0451C332E407ACAFF34FF32149FE343FE96ED3EE8192F97CA,False,RECOVERING,2,0,False,
1786095602.453347,engram-node02,2188,019B62C4868FF5B0451C332E407ACAFF34FF32149FE343FE96ED3EE8192F97CA,False,RECOVERING,2,0,False,
1786095602.858728,engram-node03,2189,017760F7BDCBF95800107B8EC318705FAE4FE45A590675A8EC07F329412329BA,False,SOVEREIGN,0,0,False,
1786095602.8655202,engram-node04,2189,017760F7BDCBF95800107B8EC318705FAE4FE45A590675A8EC07F329412329BA,False,SOVEREIGN,0,0,False,
1786095607.877919,engram-node01,2192,875E44C3CE5FD69B26B1587578978C0B5219D25AC271971C474AC679E40944D7,False,RECOVERING,2,0,False,
1786095607.885775,engram-node02,2192,875E44C3CE5FD69B26B1587578978C0B5219D25AC271971C474AC679E40944D7,False,RECOVERING,2,0,False,
1786095607.890624,engram-node03,2192,875E44C3CE5FD69B26B1587578978C0B5219D25AC271971C474AC679E40944D7,False,RECOVERING,2,0,False,
1786095607.893901,engram-node04,2192,875E44C3CE5FD69B26B1587578978C0B5219D25AC271971C474AC679E40944D7,False,RECOVERING,2,0,False,
1786095612.900619,engram-node01,2192,875E44C3CE5FD69B26B1587578978C0B5219D25AC271971C474AC679E40944D7,False,RECOVERING,2,0,False,
1786095612.9075232,engram-node02,2192,875E44C3CE5FD69B26B1587578978C0B5219D25AC271971C474AC679E40944D7,False,RECOVERING,2,0,False,
1786095612.9131079,engram-node03,2192,875E44C3CE5FD69B26B1587578978C0B5219D25AC271971C474AC679E40944D7,False,RECOVERING,2,0,False,
1786095612.917998,engram-node04,2192,875E44C3CE5FD69B26B1587578978C0B5219D25AC271971C474AC679E40944D7,False,RECOVERING,2,0,False,
1786095617.925078,engram-node01,2192,875E44C3CE5FD69B26B1587578978C0B5219D25AC271971C474AC679E40944D7,False,RECOVERING,2,0,False,
1786095617.932024,engram-node02,2192,875E44C3CE5FD69B26B1587578978C0B5219D25AC271971C474AC679E40944D7,False,RECOVERING,2,0,False,
1786095617.9395342,engram-node03,2192,875E44C3CE5FD69B26B1587578978C0B5219D25AC271971C474AC679E40944D7,False,RECOVERING,2,0,False,
1786095617.944814,engram-node04,2192,875E44C3CE5FD69B26B1587578978C0B5219D25AC271971C474AC679E40944D7,False,RECOVERING,2,0,False,
1786095622.950738,engram-node01,2192,875E44C3CE5FD69B26B1587578978C0B5219D25AC271971C474AC679E40944D7,False,RECOVERING,2,0,False,
1786095622.963444,engram-node02,2192,875E44C3CE5FD69B26B1587578978C0B5219D25AC271971C474AC679E40944D7,False,RECOVERING,2,0,False,
1786095622.968471,engram-node03,2192,875E44C3CE5FD69B26B1587578978C0B5219D25AC271971C474AC679E40944D7,False,RECOVERING,2,0,False,
1786095622.9727528,engram-node04,2192,875E44C3CE5FD69B26B1587578978C0B5219D25AC271971C474AC679E40944D7,False,RECOVERING,2,0,False,
1786095627.980122,engram-node01,2192,875E44C3CE5FD69B26B1587578978C0B5219D25AC271971C474AC679E40944D7,False,RECOVERING,2,0,False,
1786095627.9873762,engram-node02,2192,875E44C3CE5FD69B26B1587578978C0B5219D25AC271971C474AC679E40944D7,False,RECOVERING,2,0,False,
1786095627.996096,engram-node03,2192,875E44C3CE5FD69B26B1587578978C0B5219D25AC271971C474AC679E40944D7,False,RECOVERING,2,0,False,
1786095628.001394,engram-node04,2192,875E44C3CE5FD69B26B1587578978C0B5219D25AC271971C474AC679E40944D7,False,RECOVERING,2,0,False,
1786095633.0111492,engram-node01,2192,875E44C3CE5FD69B26B1587578978C0B5219D25AC271971C474AC679E40944D7,False,RECOVERING,2,0,False,
1786095633.0219479,engram-node02,2192,875E44C3CE5FD69B26B1587578978C0B5219D25AC271971C474AC679E40944D7,False,RECOVERING,2,0,False,
1786095633.02761,engram-node03,2192,875E44C3CE5FD69B26B1587578978C0B5219D25AC271971C474AC679E40944D7,False,RECOVERING,2,0,False,
1786095633.0330298,engram-node04,2192,875E44C3CE5FD69B26B1587578978C0B5219D25AC271971C474AC679E40944D7,False,RECOVERING,2,0,False,
1786095638.039765,engram-node01,2192,875E44C3CE5FD69B26B1587578978C0B5219D25AC271971C474AC679E40944D7,False,RECOVERING,2,0,False,
1786095638.049336,engram-node02,2192,875E44C3CE5FD69B26B1587578978C0B5219D25AC271971C474AC679E40944D7,False,RECOVERING,2,0,False,
1786095638.055844,engram-node03,2192,875E44C3CE5FD69B26B1587578978C0B5219D25AC271971C474AC679E40944D7,False,RECOVERING,2,0,False,
1786095638.061019,engram-node04,2192,875E44C3CE5FD69B26B1587578978C0B5219D25AC271971C474AC679E40944D7,False,RECOVERING,2,0,False,
1786095643.0690958,engram-node01,2192,875E44C3CE5FD69B26B1587578978C0B5219D25AC271971C474AC679E40944D7,False,RECOVERING,2,0,False,
1786095643.074128,engram-node02,2192,875E44C3CE5FD69B26B1587578978C0B5219D25AC271971C474AC679E40944D7,False,RECOVERING,2,0,False,
1786095643.078418,engram-node03,2192,875E44C3CE5FD69B26B1587578978C0B5219D25AC271971C474AC679E40944D7,False,RECOVERING,2,0,False,
1786095643.082134,engram-node04,2192,875E44C3CE5FD69B26B1587578978C0B5219D25AC271971C474AC679E40944D7,False,RECOVERING,2,0,False,
1786095648.085488,engram-node01,2192,875E44C3CE5FD69B26B1587578978C0B5219D25AC271971C474AC679E40944D7,False,RECOVERING,2,0,False,
1786095648.095841,engram-node02,2192,875E44C3CE5FD69B26B1587578978C0B5219D25AC271971C474AC679E40944D7,False,RECOVERING,2,0,False,
1786095648.103382,engram-node03,2192,875E44C3CE5FD69B26B1587578978C0B5219D25AC271971C474AC679E40944D7,False,RECOVERING,2,0,False,
1786095648.115232,engram-node04,2192,875E44C3CE5FD69B26B1587578978C0B5219D25AC271971C474AC679E40944D7,False,RECOVERING,2,0,False,
1786095653.1348522,engram-node01,2192,875E44C3CE5FD69B26B1587578978C0B5219D25AC271971C474AC679E40944D7,False,RECOVERING,2,0,False,
1786095653.149072,engram-node02,2192,875E44C3CE5FD69B26B1587578978C0B5219D25AC271971C474AC679E40944D7,False,RECOVERING,2,0,False,
1786095653.157032,engram-node03,2192,875E44C3CE5FD69B26B1587578978C0B5219D25AC271971C474AC679E40944D7,False,RECOVERING,2,0,False,
1786095653.163487,engram-node04,2192,875E44C3CE5FD69B26B1587578978C0B5219D25AC271971C474AC679E40944D7,False,RECOVERING,2,0,False,
1786095658.17115,engram-node01,2192,875E44C3CE5FD69B26B1587578978C0B5219D25AC271971C474AC679E40944D7,False,RECOVERING,2,0,False,
1786095658.17453,engram-node02,2192,875E44C3CE5FD69B26B1587578978C0B5219D25AC271971C474AC679E40944D7,False,RECOVERING,2,0,False,
1786095658.178187,engram-node03,2192,875E44C3CE5FD69B26B1587578978C0B5219D25AC271971C474AC679E40944D7,False,RECOVERING,2,0,False,
1786095658.181638,engram-node04,2192,875E44C3CE5FD69B26B1587578978C0B5219D25AC271971C474AC679E40944D7,False,RECOVERING,2,0,False,
1786095663.1855948,engram-node01,2192,875E44C3CE5FD69B26B1587578978C0B5219D25AC271971C474AC679E40944D7,False,RECOVERING,2,0,False,
1786095663.192148,engram-node02,2192,875E44C3CE5FD69B26B1587578978C0B5219D25AC271971C474AC679E40944D7,False,RECOVERING,2,0,False,
1786095663.1985862,engram-node03,2192,875E44C3CE5FD69B26B1587578978C0B5219D25AC271971C474AC679E40944D7,False,RECOVERING,2,0,False,
1786095663.203268,engram-node04,2192,875E44C3CE5FD69B26B1587578978C0B5219D25AC271971C474AC679E40944D7,False,RECOVERING,2,0,False,
1786095668.210755,engram-node01,2196,ECF97F86D5E8777EA0258C2137306E69FB8BCE7F09211F2D8C447CBF9F2FD086,False,RECOVERING,2,0,False,
1786095668.214668,engram-node02,2196,ECF97F86D5E8777EA0258C2137306E69FB8BCE7F09211F2D8C447CBF9F2FD086,False,RECOVERING,2,0,False,
1786095668.217717,engram-node03,2196,ECF97F86D5E8777EA0258C2137306E69FB8BCE7F09211F2D8C447CBF9F2FD086,False,RECOVERING,2,0,False,
1786095668.221258,engram-node04,2196,ECF97F86D5E8777EA0258C2137306E69FB8BCE7F09211F2D8C447CBF9F2FD086,False,RECOVERING,2,0,False,
1786095673.22459,engram-node01,2196,ECF97F86D5E8777EA0258C2137306E69FB8BCE7F09211F2D8C447CBF9F2FD086,False,RECOVERING,2,0,False,
1786095673.229909,engram-node02,2196,ECF97F86D5E8777EA0258C2137306E69FB8BCE7F09211F2D8C447CBF9F2FD086,False,RECOVERING,2,0,False,
1786095673.2347488,engram-node03,2196,ECF97F86D5E8777EA0258C2137306E69FB8BCE7F09211F2D8C447CBF9F2FD086,False,RECOVERING,2,0,False,
1786095673.238848,engram-node04,2196,ECF97F86D5E8777EA0258C2137306E69FB8BCE7F09211F2D8C447CBF9F2FD086,False,RECOVERING,2,0,False,
1786095678.2469969,engram-node01,2196,ECF97F86D5E8777EA0258C2137306E69FB8BCE7F09211F2D8C447CBF9F2FD086,False,RECOVERING,2,0,False,
1786095678.253717,engram-node02,2196,ECF97F86D5E8777EA0258C2137306E69FB8BCE7F09211F2D8C447CBF9F2FD086,False,RECOVERING,2,0,False,
1786095678.258749,engram-node03,2196,ECF97F86D5E8777EA0258C2137306E69FB8BCE7F09211F2D8C447CBF9F2FD086,False,RECOVERING,2,0,False,
1786095678.263804,engram-node04,2196,ECF97F86D5E8777EA0258C2137306E69FB8BCE7F09211F2D8C447CBF9F2FD086,False,RECOVERING,2,0,False,
1786095683.269158,engram-node01,2196,ECF97F86D5E8777EA0258C2137306E69FB8BCE7F09211F2D8C447CBF9F2FD086,False,RECOVERING,2,0,False,
1786095683.2772522,engram-node02,2196,ECF97F86D5E8777EA0258C2137306E69FB8BCE7F09211F2D8C447CBF9F2FD086,False,RECOVERING,2,0,False,
1786095683.282654,engram-node03,2196,ECF97F86D5E8777EA0258C2137306E69FB8BCE7F09211F2D8C447CBF9F2FD086,False,RECOVERING,2,0,False,
1786095683.2875981,engram-node04,2196,ECF97F86D5E8777EA0258C2137306E69FB8BCE7F09211F2D8C447CBF9F2FD086,False,RECOVERING,2,0,False,
1786095688.296756,engram-node01,2196,ECF97F86D5E8777EA0258C2137306E69FB8BCE7F09211F2D8C447CBF9F2FD086,False,RECOVERING,2,0,False,
1786095688.303947,engram-node02,2196,ECF97F86D5E8777EA0258C2137306E69FB8BCE7F09211F2D8C447CBF9F2FD086,False,RECOVERING,2,0,False,
1786095688.3095932,engram-node03,2196,ECF97F86D5E8777EA0258C2137306E69FB8BCE7F09211F2D8C447CBF9F2FD086,False,RECOVERING,2,0,False,
1786095688.314697,engram-node04,2196,ECF97F86D5E8777EA0258C2137306E69FB8BCE7F09211F2D8C447CBF9F2FD086,False,RECOVERING,2,0,False,
1786095693.32028,engram-node01,2196,ECF97F86D5E8777EA0258C2137306E69FB8BCE7F09211F2D8C447CBF9F2FD086,False,RECOVERING,2,0,False,
1786095693.3326678,engram-node02,2196,ECF97F86D5E8777EA0258C2137306E69FB8BCE7F09211F2D8C447CBF9F2FD086,False,RECOVERING,2,0,False,
1786095693.340516,engram-node03,2196,ECF97F86D5E8777EA0258C2137306E69FB8BCE7F09211F2D8C447CBF9F2FD086,False,RECOVERING,2,0,False,
1786095693.345207,engram-node04,2196,ECF97F86D5E8777EA0258C2137306E69FB8BCE7F09211F2D8C447CBF9F2FD086,False,RECOVERING,2,0,False,
1786095698.3519318,engram-node01,2196,ECF97F86D5E8777EA0258C2137306E69FB8BCE7F09211F2D8C447CBF9F2FD086,False,RECOVERING,2,0,False,
1786095698.359238,engram-node02,2196,ECF97F86D5E8777EA0258C2137306E69FB8BCE7F09211F2D8C447CBF9F2FD086,False,RECOVERING,2,0,False,
1786095698.364795,engram-node03,2196,ECF97F86D5E8777EA0258C2137306E69FB8BCE7F09211F2D8C447CBF9F2FD086,False,RECOVERING,2,0,False,
1786095698.369895,engram-node04,2196,ECF97F86D5E8777EA0258C2137306E69FB8BCE7F09211F2D8C447CBF9F2FD086,False,RECOVERING,2,0,False,
1786095703.378721,engram-node01,2196,ECF97F86D5E8777EA0258C2137306E69FB8BCE7F09211F2D8C447CBF9F2FD086,False,RECOVERING,2,0,False,
1786095703.389872,engram-node02,2196,ECF97F86D5E8777EA0258C2137306E69FB8BCE7F09211F2D8C447CBF9F2FD086,False,RECOVERING,2,0,False,
1786095703.397388,engram-node03,2196,ECF97F86D5E8777EA0258C2137306E69FB8BCE7F09211F2D8C447CBF9F2FD086,False,RECOVERING,2,0,False,
1786095703.402238,engram-node04,2196,ECF97F86D5E8777EA0258C2137306E69FB8BCE7F09211F2D8C447CBF9F2FD086,False,RECOVERING,2,0,False,
1786095708.408712,engram-node01,2196,ECF97F86D5E8777EA0258C2137306E69FB8BCE7F09211F2D8C447CBF9F2FD086,False,RECOVERING,2,0,False,
1786095708.418586,engram-node02,2196,ECF97F86D5E8777EA0258C2137306E69FB8BCE7F09211F2D8C447CBF9F2FD086,False,RECOVERING,2,0,False,
1786095708.426432,engram-node03,2196,ECF97F86D5E8777EA0258C2137306E69FB8BCE7F09211F2D8C447CBF9F2FD086,False,RECOVERING,2,0,False,
1786095708.430807,engram-node04,2196,ECF97F86D5E8777EA0258C2137306E69FB8BCE7F09211F2D8C447CBF9F2FD086,False,RECOVERING,2,0,False,
1786095713.437112,engram-node01,2196,ECF97F86D5E8777EA0258C2137306E69FB8BCE7F09211F2D8C447CBF9F2FD086,False,RECOVERING,2,0,False,
1786095713.446313,engram-node02,2196,ECF97F86D5E8777EA0258C2137306E69FB8BCE7F09211F2D8C447CBF9F2FD086,False,RECOVERING,2,0,False,
1786095713.4523149,engram-node03,2196,ECF97F86D5E8777EA0258C2137306E69FB8BCE7F09211F2D8C447CBF9F2FD086,False,RECOVERING,2,0,False,
1786095713.457618,engram-node04,2196,ECF97F86D5E8777EA0258C2137306E69FB8BCE7F09211F2D8C447CBF9F2FD086,False,RECOVERING,2,0,False,
1786095718.463974,engram-node01,2196,ECF97F86D5E8777EA0258C2137306E69FB8BCE7F09211F2D8C447CBF9F2FD086,False,RECOVERING,2,0,False,
1786095718.474095,engram-node02,2196,ECF97F86D5E8777EA0258C2137306E69FB8BCE7F09211F2D8C447CBF9F2FD086,False,RECOVERING,2,0,False,
1786095718.4796648,engram-node03,2196,ECF97F86D5E8777EA0258C2137306E69FB8BCE7F09211F2D8C447CBF9F2FD086,False,RECOVERING,2,0,False,
1786095718.484556,engram-node04,2196,ECF97F86D5E8777EA0258C2137306E69FB8BCE7F09211F2D8C447CBF9F2FD086,False,RECOVERING,2,0,False,
1786095723.4943192,engram-node01,2197,3110E25AE7CE5C19AF4EF5EFDC8C295474DE8A876F12C9E59A3C1F7B8FF64E55,False,SOVEREIGN,0,0,False,
1786095723.498749,engram-node02,2197,3110E25AE7CE5C19AF4EF5EFDC8C295474DE8A876F12C9E59A3C1F7B8FF64E55,False,SOVEREIGN,0,0,False,
1786095723.50211,engram-node03,2197,3110E25AE7CE5C19AF4EF5EFDC8C295474DE8A876F12C9E59A3C1F7B8FF64E55,False,SOVEREIGN,0,0,False,
1786095723.50502,engram-node04,2197,3110E25AE7CE5C19AF4EF5EFDC8C295474DE8A876F12C9E59A3C1F7B8FF64E55,False,SOVEREIGN,0,0,False,
1786095728.512896,engram-node01,2200,3A8BF2A3CE7A2EAB3D543D9E26AF684A94997BEF51169AC6E836539327898DFE,False,RECOVERING,2,0,False,
1786095728.524554,engram-node02,2200,3A8BF2A3CE7A2EAB3D543D9E26AF684A94997BEF51169AC6E836539327898DFE,False,RECOVERING,2,0,False,
1786095728.532414,engram-node03,2200,3A8BF2A3CE7A2EAB3D543D9E26AF684A94997BEF51169AC6E836539327898DFE,False,RECOVERING,2,0,False,
1786095728.537905,engram-node04,2200,3A8BF2A3CE7A2EAB3D543D9E26AF684A94997BEF51169AC6E836539327898DFE,False,RECOVERING,2,0,False,
1786095733.5435488,engram-node01,2200,3A8BF2A3CE7A2EAB3D543D9E26AF684A94997BEF51169AC6E836539327898DFE,False,RECOVERING,2,0,False,
1786095733.5474,engram-node02,2200,3A8BF2A3CE7A2EAB3D543D9E26AF684A94997BEF51169AC6E836539327898DFE,False,RECOVERING,2,0,False,
1786095733.550464,engram-node03,2200,3A8BF2A3CE7A2EAB3D543D9E26AF684A94997BEF51169AC6E836539327898DFE,False,RECOVERING,2,0,False,
1786095733.5531251,engram-node04,2200,3A8BF2A3CE7A2EAB3D543D9E26AF684A94997BEF51169AC6E836539327898DFE,False,RECOVERING,2,0,False,
1786095738.561229,engram-node01,2200,3A8BF2A3CE7A2EAB3D543D9E26AF684A94997BEF51169AC6E836539327898DFE,False,RECOVERING,2,0,False,
1786095738.569062,engram-node02,2200,3A8BF2A3CE7A2EAB3D543D9E26AF684A94997BEF51169AC6E836539327898DFE,False,RECOVERING,2,0,False,
1786095738.575968,engram-node03,2200,3A8BF2A3CE7A2EAB3D543D9E26AF684A94997BEF51169AC6E836539327898DFE,False,RECOVERING,2,0,False,
1786095738.581055,engram-node04,2200,3A8BF2A3CE7A2EAB3D543D9E26AF684A94997BEF51169AC6E836539327898DFE,False,RECOVERING,2,0,False,
1786095743.585342,engram-node01,2200,3A8BF2A3CE7A2EAB3D543D9E26AF684A94997BEF51169AC6E836539327898DFE,False,RECOVERING,2,0,False,
1786095743.5923042,engram-node02,2200,3A8BF2A3CE7A2EAB3D543D9E26AF684A94997BEF51169AC6E836539327898DFE,False,RECOVERING,2,0,False,
1786095743.598163,engram-node03,2200,3A8BF2A3CE7A2EAB3D543D9E26AF684A94997BEF51169AC6E836539327898DFE,False,RECOVERING,2,0,False,
1786095743.6032572,engram-node04,2200,3A8BF2A3CE7A2EAB3D543D9E26AF684A94997BEF51169AC6E836539327898DFE,False,RECOVERING,2,0,False,
1786095748.610919,engram-node01,2200,3A8BF2A3CE7A2EAB3D543D9E26AF684A94997BEF51169AC6E836539327898DFE,False,RECOVERING,2,0,False,
1786095748.615864,engram-node02,2200,3A8BF2A3CE7A2EAB3D543D9E26AF684A94997BEF51169AC6E836539327898DFE,False,RECOVERING,2,0,False,
1786095748.6193159,engram-node03,2200,3A8BF2A3CE7A2EAB3D543D9E26AF684A94997BEF51169AC6E836539327898DFE,False,RECOVERING,2,0,False,
1786095748.622866,engram-node04,2200,3A8BF2A3CE7A2EAB3D543D9E26AF684A94997BEF51169AC6E836539327898DFE,False,RECOVERING,2,0,False,
1786095753.629172,engram-node01,2200,3A8BF2A3CE7A2EAB3D543D9E26AF684A94997BEF51169AC6E836539327898DFE,False,RECOVERING,2,0,False,
1786095753.635655,engram-node02,2200,3A8BF2A3CE7A2EAB3D543D9E26AF684A94997BEF51169AC6E836539327898DFE,False,RECOVERING,2,0,False,
1786095753.641697,engram-node03,2200,3A8BF2A3CE7A2EAB3D543D9E26AF684A94997BEF51169AC6E836539327898DFE,False,RECOVERING,2,0,False,
1786095753.64643,engram-node04,2200,3A8BF2A3CE7A2EAB3D543D9E26AF684A94997BEF51169AC6E836539327898DFE,False,RECOVERING,2,0,False,
1786095758.654596,engram-node01,2200,3A8BF2A3CE7A2EAB3D543D9E26AF684A94997BEF51169AC6E836539327898DFE,False,RECOVERING,2,0,False,
1786095758.661481,engram-node02,2200,3A8BF2A3CE7A2EAB3D543D9E26AF684A94997BEF51169AC6E836539327898DFE,False,RECOVERING,2,0,False,
1786095758.666095,engram-node03,2200,3A8BF2A3CE7A2EAB3D543D9E26AF684A94997BEF51169AC6E836539327898DFE,False,RECOVERING,2,0,False,
1786095758.6704571,engram-node04,2200,3A8BF2A3CE7A2EAB3D543D9E26AF684A94997BEF51169AC6E836539327898DFE,False,RECOVERING,2,0,False,
1786095763.677637,engram-node01,2200,3A8BF2A3CE7A2EAB3D543D9E26AF684A94997BEF51169AC6E836539327898DFE,False,RECOVERING,2,0,False,
1786095763.687451,engram-node02,2200,3A8BF2A3CE7A2EAB3D543D9E26AF684A94997BEF51169AC6E836539327898DFE,False,RECOVERING,2,0,False,
1786095763.6978712,engram-node03,2200,3A8BF2A3CE7A2EAB3D543D9E26AF684A94997BEF51169AC6E836539327898DFE,False,RECOVERING,2,0,False,
1786095763.705476,engram-node04,2200,3A8BF2A3CE7A2EAB3D543D9E26AF684A94997BEF51169AC6E836539327898DFE,False,RECOVERING,2,0,False,
1786095768.716725,engram-node01,2200,3A8BF2A3CE7A2EAB3D543D9E26AF684A94997BEF51169AC6E836539327898DFE,False,RECOVERING,2,0,False,
1786095768.7251651,engram-node02,2200,3A8BF2A3CE7A2EAB3D543D9E26AF684A94997BEF51169AC6E836539327898DFE,False,RECOVERING,2,0,False,
1786095768.732718,engram-node03,2200,3A8BF2A3CE7A2EAB3D543D9E26AF684A94997BEF51169AC6E836539327898DFE,False,RECOVERING,2,0,False,
1786095768.738569,engram-node04,2200,3A8BF2A3CE7A2EAB3D543D9E26AF684A94997BEF51169AC6E836539327898DFE,False,RECOVERING,2,0,False,
1786095773.750873,engram-node01,2200,3A8BF2A3CE7A2EAB3D543D9E26AF684A94997BEF51169AC6E836539327898DFE,False,RECOVERING,2,0,False,
1786095773.760739,engram-node02,2200,3A8BF2A3CE7A2EAB3D543D9E26AF684A94997BEF51169AC6E836539327898DFE,False,RECOVERING,2,0,False,
1786095773.769602,engram-node03,2200,3A8BF2A3CE7A2EAB3D543D9E26AF684A94997BEF51169AC6E836539327898DFE,False,RECOVERING,2,0,False,
1786095773.774092,engram-node04,2200,3A8BF2A3CE7A2EAB3D543D9E26AF684A94997BEF51169AC6E836539327898DFE,False,RECOVERING,2,0,False,
1786095778.783112,engram-node01,2200,3A8BF2A3CE7A2EAB3D543D9E26AF684A94997BEF51169AC6E836539327898DFE,False,RECOVERING,2,0,False,
1786095778.791977,engram-node02,2200,3A8BF2A3CE7A2EAB3D543D9E26AF684A94997BEF51169AC6E836539327898DFE,False,RECOVERING,2,0,False,
1786095778.799647,engram-node03,2200,3A8BF2A3CE7A2EAB3D543D9E26AF684A94997BEF51169AC6E836539327898DFE,False,RECOVERING,2,0,False,
1786095778.805351,engram-node04,2200,3A8BF2A3CE7A2EAB3D543D9E26AF684A94997BEF51169AC6E836539327898DFE,False,RECOVERING,2,0,False,
1786095783.81224,engram-node01,2201,54AEAD50BB20CD3A911CB360DF324753708FA176864E9AE86361F21275A177F2,False,SOVEREIGN,0,0,False,
1786095783.821074,engram-node02,2201,54AEAD50BB20CD3A911CB360DF324753708FA176864E9AE86361F21275A177F2,False,SOVEREIGN,0,0,False,
1786095783.8253891,engram-node03,2201,54AEAD50BB20CD3A911CB360DF324753708FA176864E9AE86361F21275A177F2,False,SOVEREIGN,0,0,False,
1786095783.828777,engram-node04,2201,54AEAD50BB20CD3A911CB360DF324753708FA176864E9AE86361F21275A177F2,False,SOVEREIGN,0,0,False,
1786095788.836976,engram-node01,2204,07CD8FCCB8859E5880404A9447D846BF44F9D214A831B227AF83DEFB563DF43B,False,RECOVERING,2,0,False,
1786095788.846005,engram-node02,2204,07CD8FCCB8859E5880404A9447D846BF44F9D214A831B227AF83DEFB563DF43B,False,RECOVERING,2,0,False,
1786095788.8532422,engram-node03,2204,07CD8FCCB8859E5880404A9447D846BF44F9D214A831B227AF83DEFB563DF43B,False,RECOVERING,2,0,False,
1786095788.858264,engram-node04,2204,07CD8FCCB8859E5880404A9447D846BF44F9D214A831B227AF83DEFB563DF43B,False,RECOVERING,2,0,False,
1786095793.865312,engram-node01,2204,07CD8FCCB8859E5880404A9447D846BF44F9D214A831B227AF83DEFB563DF43B,False,RECOVERING,2,0,False,
1786095793.8769999,engram-node02,2204,07CD8FCCB8859E5880404A9447D846BF44F9D214A831B227AF83DEFB563DF43B,False,RECOVERING,2,0,False,
1786095793.8858712,engram-node03,2204,07CD8FCCB8859E5880404A9447D846BF44F9D214A831B227AF83DEFB563DF43B,False,RECOVERING,2,0,False,
1786095793.890989,engram-node04,2204,07CD8FCCB8859E5880404A9447D846BF44F9D214A831B227AF83DEFB563DF43B,False,RECOVERING,2,0,False,
1786095798.8993988,engram-node01,2204,07CD8FCCB8859E5880404A9447D846BF44F9D214A831B227AF83DEFB563DF43B,False,RECOVERING,2,0,False,
1786095798.909642,engram-node02,2204,07CD8FCCB8859E5880404A9447D846BF44F9D214A831B227AF83DEFB563DF43B,False,RECOVERING,2,0,False,
1786095798.9168901,engram-node03,2204,07CD8FCCB8859E5880404A9447D846BF44F9D214A831B227AF83DEFB563DF43B,False,RECOVERING,2,0,False,
1786095798.921748,engram-node04,2204,07CD8FCCB8859E5880404A9447D846BF44F9D214A831B227AF83DEFB563DF43B,False,RECOVERING,2,0,False,
1786095803.9269629,engram-node01,2204,07CD8FCCB8859E5880404A9447D846BF44F9D214A831B227AF83DEFB563DF43B,False,RECOVERING,2,0,False,
1786095803.935411,engram-node02,2204,07CD8FCCB8859E5880404A9447D846BF44F9D214A831B227AF83DEFB563DF43B,False,RECOVERING,2,0,False,
1786095803.9417548,engram-node03,2204,07CD8FCCB8859E5880404A9447D846BF44F9D214A831B227AF83DEFB563DF43B,False,RECOVERING,2,0,False,
1786095803.9470289,engram-node04,2204,07CD8FCCB8859E5880404A9447D846BF44F9D214A831B227AF83DEFB563DF43B,False,RECOVERING,2,0,False,
1786095808.957474,engram-node01,2204,07CD8FCCB8859E5880404A9447D846BF44F9D214A831B227AF83DEFB563DF43B,False,RECOVERING,2,0,False,
1786095808.9679732,engram-node02,2204,07CD8FCCB8859E5880404A9447D846BF44F9D214A831B227AF83DEFB563DF43B,False,RECOVERING,2,0,False,
1786095808.974907,engram-node03,2204,07CD8FCCB8859E5880404A9447D846BF44F9D214A831B227AF83DEFB563DF43B,False,RECOVERING,2,0,False,
1786095808.97965,engram-node04,2204,07CD8FCCB8859E5880404A9447D846BF44F9D214A831B227AF83DEFB563DF43B,False,RECOVERING,2,0,False,
1786095813.984711,engram-node01,2204,07CD8FCCB8859E5880404A9447D846BF44F9D214A831B227AF83DEFB563DF43B,False,RECOVERING,2,0,False,
1786095813.991183,engram-node02,2204,07CD8FCCB8859E5880404A9447D846BF44F9D214A831B227AF83DEFB563DF43B,False,RECOVERING,2,0,False,
1786095813.994359,engram-node03,2204,07CD8FCCB8859E5880404A9447D846BF44F9D214A831B227AF83DEFB563DF43B,False,RECOVERING,2,0,False,
1786095813.99738,engram-node04,2204,07CD8FCCB8859E5880404A9447D846BF44F9D214A831B227AF83DEFB563DF43B,False,RECOVERING,2,0,False,
1786095819.005048,engram-node01,2204,07CD8FCCB8859E5880404A9447D846BF44F9D214A831B227AF83DEFB563DF43B,False,RECOVERING,2,0,False,
1786095819.015436,engram-node02,2204,07CD8FCCB8859E5880404A9447D846BF44F9D214A831B227AF83DEFB563DF43B,False,RECOVERING,2,0,False,
1786095819.0228322,engram-node03,2204,07CD8FCCB8859E5880404A9447D846BF44F9D214A831B227AF83DEFB563DF43B,False,RECOVERING,2,0,False,
1786095819.028509,engram-node04,2204,07CD8FCCB8859E5880404A9447D846BF44F9D214A831B227AF83DEFB563DF43B,False,RECOVERING,2,0,False,
1786095824.038402,engram-node01,2204,07CD8FCCB8859E5880404A9447D846BF44F9D214A831B227AF83DEFB563DF43B,False,RECOVERING,2,0,False,
1786095824.042192,engram-node02,2204,07CD8FCCB8859E5880404A9447D846BF44F9D214A831B227AF83DEFB563DF43B,False,RECOVERING,2,0,False,
1786095824.045575,engram-node03,2204,07CD8FCCB8859E5880404A9447D846BF44F9D214A831B227AF83DEFB563DF43B,False,RECOVERING,2,0,False,
1786095824.048918,engram-node04,2204,07CD8FCCB8859E5880404A9447D846BF44F9D214A831B227AF83DEFB563DF43B,False,RECOVERING,2,0,False,
1786095829.0568168,engram-node01,2204,07CD8FCCB8859E5880404A9447D846BF44F9D214A831B227AF83DEFB563DF43B,False,RECOVERING,2,0,False,
1786095829.067845,engram-node02,2204,07CD8FCCB8859E5880404A9447D846BF44F9D214A831B227AF83DEFB563DF43B,False,RECOVERING,2,0,False,
1786095829.076488,engram-node03,2204,07CD8FCCB8859E5880404A9447D846BF44F9D214A831B227AF83DEFB563DF43B,False,RECOVERING,2,0,False,
1786095829.081793,engram-node04,2204,07CD8FCCB8859E5880404A9447D846BF44F9D214A831B227AF83DEFB563DF43B,False,RECOVERING,2,0,False,
1786095834.092292,engram-node01,2204,07CD8FCCB8859E5880404A9447D846BF44F9D214A831B227AF83DEFB563DF43B,False,RECOVERING,2,0,False,
1786095834.0984561,engram-node02,2204,07CD8FCCB8859E5880404A9447D846BF44F9D214A831B227AF83DEFB563DF43B,False,RECOVERING,2,0,False,
1786095834.103113,engram-node03,2204,07CD8FCCB8859E5880404A9447D846BF44F9D214A831B227AF83DEFB563DF43B,False,RECOVERING,2,0,False,
1786095834.107193,engram-node04,2204,07CD8FCCB8859E5880404A9447D846BF44F9D214A831B227AF83DEFB563DF43B,False,RECOVERING,2,0,False,
1786095839.115068,engram-node01,2204,07CD8FCCB8859E5880404A9447D846BF44F9D214A831B227AF83DEFB563DF43B,False,RECOVERING,2,0,False,
1786095839.126883,engram-node02,2204,07CD8FCCB8859E5880404A9447D846BF44F9D214A831B227AF83DEFB563DF43B,False,RECOVERING,2,0,False,
1786095839.1326652,engram-node03,2204,07CD8FCCB8859E5880404A9447D846BF44F9D214A831B227AF83DEFB563DF43B,False,RECOVERING,2,0,False,
1786095839.137763,engram-node04,2204,07CD8FCCB8859E5880404A9447D846BF44F9D214A831B227AF83DEFB563DF43B,False,RECOVERING,2,0,False,
1786095844.1436381,engram-node01,2205,63D8E1791FD00B89B63EE3F6881179D0F15867DBA50FB79856040524AF38D16F,False,SOVEREIGN,0,0,False,
1786095844.1475542,engram-node02,2205,63D8E1791FD00B89B63EE3F6881179D0F15867DBA50FB79856040524AF38D16F,False,SOVEREIGN,0,0,False,
1786095844.150505,engram-node03,2205,63D8E1791FD00B89B63EE3F6881179D0F15867DBA50FB79856040524AF38D16F,False,SOVEREIGN,0,0,False,
1786095844.1532118,engram-node04,2205,63D8E1791FD00B89B63EE3F6881179D0F15867DBA50FB79856040524AF38D16F,False,SOVEREIGN,0,0,False,
1786095849.156994,engram-node01,2208,9FD399914FD03A13BC1E3108E42289FF785AF5F327244F3435565073D9AC10DC,False,RECOVERING,2,0,False,
1786095849.164005,engram-node02,2208,9FD399914FD03A13BC1E3108E42289FF785AF5F327244F3435565073D9AC10DC,False,RECOVERING,2,0,False,
1786095849.169889,engram-node03,2208,9FD399914FD03A13BC1E3108E42289FF785AF5F327244F3435565073D9AC10DC,False,RECOVERING,2,0,False,
1786095849.175149,engram-node04,2208,9FD399914FD03A13BC1E3108E42289FF785AF5F327244F3435565073D9AC10DC,False,RECOVERING,2,0,False,
1786095854.184979,engram-node01,2208,9FD399914FD03A13BC1E3108E42289FF785AF5F327244F3435565073D9AC10DC,False,RECOVERING,2,0,False,
1786095854.1970618,engram-node02,2208,9FD399914FD03A13BC1E3108E42289FF785AF5F327244F3435565073D9AC10DC,False,RECOVERING,2,0,False,
1786095854.204597,engram-node03,2208,9FD399914FD03A13BC1E3108E42289FF785AF5F327244F3435565073D9AC10DC,False,RECOVERING,2,0,False,
1786095854.2104042,engram-node04,2208,9FD399914FD03A13BC1E3108E42289FF785AF5F327244F3435565073D9AC10DC,False,RECOVERING,2,0,False,
1786095859.220639,engram-node01,2208,9FD399914FD03A13BC1E3108E42289FF785AF5F327244F3435565073D9AC10DC,False,RECOVERING,2,0,False,
1786095859.2249038,engram-node02,2208,9FD399914FD03A13BC1E3108E42289FF785AF5F327244F3435565073D9AC10DC,False,RECOVERING,2,0,False,
1786095859.2278621,engram-node03,2208,9FD399914FD03A13BC1E3108E42289FF785AF5F327244F3435565073D9AC10DC,False,RECOVERING,2,0,False,
1786095859.2309198,engram-node04,2208,9FD399914FD03A13BC1E3108E42289FF785AF5F327244F3435565073D9AC10DC,False,RECOVERING,2,0,False,
1786095864.238761,engram-node01,2208,9FD399914FD03A13BC1E3108E42289FF785AF5F327244F3435565073D9AC10DC,False,RECOVERING,2,0,False,
1786095864.249631,engram-node02,2208,9FD399914FD03A13BC1E3108E42289FF785AF5F327244F3435565073D9AC10DC,False,RECOVERING,2,0,False,
1786095864.255741,engram-node03,2208,9FD399914FD03A13BC1E3108E42289FF785AF5F327244F3435565073D9AC10DC,False,RECOVERING,2,0,False,
1786095864.260808,engram-node04,2208,9FD399914FD03A13BC1E3108E42289FF785AF5F327244F3435565073D9AC10DC,False,RECOVERING,2,0,False,
1786095869.270776,engram-node01,2208,9FD399914FD03A13BC1E3108E42289FF785AF5F327244F3435565073D9AC10DC,False,RECOVERING,2,0,False,
1786095869.2756321,engram-node02,2208,9FD399914FD03A13BC1E3108E42289FF785AF5F327244F3435565073D9AC10DC,False,RECOVERING,2,0,False,
1786095869.2802129,engram-node03,2208,9FD399914FD03A13BC1E3108E42289FF785AF5F327244F3435565073D9AC10DC,False,RECOVERING,2,0,False,
1786095869.2841659,engram-node04,2208,9FD399914FD03A13BC1E3108E42289FF785AF5F327244F3435565073D9AC10DC,False,RECOVERING,2,0,False,
1786095874.293408,engram-node01,2208,9FD399914FD03A13BC1E3108E42289FF785AF5F327244F3435565073D9AC10DC,False,RECOVERING,2,0,False,
1786095874.303925,engram-node02,2208,9FD399914FD03A13BC1E3108E42289FF785AF5F327244F3435565073D9AC10DC,False,RECOVERING,2,0,False,
1786095874.3117151,engram-node03,2208,9FD399914FD03A13BC1E3108E42289FF785AF5F327244F3435565073D9AC10DC,False,RECOVERING,2,0,False,
1786095874.317704,engram-node04,2208,9FD399914FD03A13BC1E3108E42289FF785AF5F327244F3435565073D9AC10DC,False,RECOVERING,2,0,False,
1786095879.325315,engram-node01,2208,9FD399914FD03A13BC1E3108E42289FF785AF5F327244F3435565073D9AC10DC,False,RECOVERING,2,0,False,
1786095879.3290958,engram-node02,2208,9FD399914FD03A13BC1E3108E42289FF785AF5F327244F3435565073D9AC10DC,False,RECOVERING,2,0,False,
1786095879.332598,engram-node03,2208,9FD399914FD03A13BC1E3108E42289FF785AF5F327244F3435565073D9AC10DC,False,RECOVERING,2,0,False,
1786095879.336001,engram-node04,2208,9FD399914FD03A13BC1E3108E42289FF785AF5F327244F3435565073D9AC10DC,False,RECOVERING,2,0,False,
1786095884.344436,engram-node01,2208,9FD399914FD03A13BC1E3108E42289FF785AF5F327244F3435565073D9AC10DC,False,RECOVERING,2,0,False,
1786095884.356846,engram-node02,2208,9FD399914FD03A13BC1E3108E42289FF785AF5F327244F3435565073D9AC10DC,False,RECOVERING,2,0,False,
1786095884.366037,engram-node03,2208,9FD399914FD03A13BC1E3108E42289FF785AF5F327244F3435565073D9AC10DC,False,RECOVERING,2,0,False,
1786095884.372463,engram-node04,2208,9FD399914FD03A13BC1E3108E42289FF785AF5F327244F3435565073D9AC10DC,False,RECOVERING,2,0,False,
1786095889.379103,engram-node01,2208,9FD399914FD03A13BC1E3108E42289FF785AF5F327244F3435565073D9AC10DC,False,RECOVERING,2,0,False,
1786095889.3909829,engram-node02,2208,9FD399914FD03A13BC1E3108E42289FF785AF5F327244F3435565073D9AC10DC,False,RECOVERING,2,0,False,
1786095889.398892,engram-node03,2208,9FD399914FD03A13BC1E3108E42289FF785AF5F327244F3435565073D9AC10DC,False,RECOVERING,2,0,False,
1786095889.404319,engram-node04,2208,9FD399914FD03A13BC1E3108E42289FF785AF5F327244F3435565073D9AC10DC,False,RECOVERING,2,0,False,
1786095894.41507,engram-node01,2208,9FD399914FD03A13BC1E3108E42289FF785AF5F327244F3435565073D9AC10DC,False,RECOVERING,2,0,False,
1786095894.424892,engram-node02,2208,9FD399914FD03A13BC1E3108E42289FF785AF5F327244F3435565073D9AC10DC,False,RECOVERING,2,0,False,
1786095894.431266,engram-node03,2208,9FD399914FD03A13BC1E3108E42289FF785AF5F327244F3435565073D9AC10DC,False,RECOVERING,2,0,False,
1786095894.436448,engram-node04,2208,9FD399914FD03A13BC1E3108E42289FF785AF5F327244F3435565073D9AC10DC,False,RECOVERING,2,0,False,
1786095899.442904,engram-node01,2208,9FD399914FD03A13BC1E3108E42289FF785AF5F327244F3435565073D9AC10DC,False,RECOVERING,2,0,False,
1786095899.452377,engram-node02,2208,9FD399914FD03A13BC1E3108E42289FF785AF5F327244F3435565073D9AC10DC,False,RECOVERING,2,0,False,
1786095899.4577448,engram-node03,2208,9FD399914FD03A13BC1E3108E42289FF785AF5F327244F3435565073D9AC10DC,False,RECOVERING,2,0,False,
1786095899.4626958,engram-node04,2208,9FD399914FD03A13BC1E3108E42289FF785AF5F327244F3435565073D9AC10DC,False,RECOVERING,2,0,False,
1786095904.471647,engram-node01,2209,F2B47A9779AFFA27D5255D9559D5DD37D8CB0B1503103CB6482B71C552EAD0EC,False,SOVEREIGN,0,0,False,
1786095904.482165,engram-node02,2209,F2B47A9779AFFA27D5255D9559D5DD37D8CB0B1503103CB6482B71C552EAD0EC,False,SOVEREIGN,0,0,False,
1786095904.4890292,engram-node03,2209,F2B47A9779AFFA27D5255D9559D5DD37D8CB0B1503103CB6482B71C552EAD0EC,False,SOVEREIGN,0,0,False,
1786095904.494546,engram-node04,2209,F2B47A9779AFFA27D5255D9559D5DD37D8CB0B1503103CB6482B71C552EAD0EC,False,SOVEREIGN,0,0,False,
1786095909.504631,engram-node01,2212,6FE36B8AAECBF21B12FF6B753C0FB191B19D0F78F175665EC60322C6D2335C27,False,RECOVERING,2,0,False,
1786095909.5151072,engram-node02,2212,6FE36B8AAECBF21B12FF6B753C0FB191B19D0F78F175665EC60322C6D2335C27,False,RECOVERING,2,0,False,
1786095909.523564,engram-node03,2212,6FE36B8AAECBF21B12FF6B753C0FB191B19D0F78F175665EC60322C6D2335C27,False,RECOVERING,2,0,False,
1786095909.529404,engram-node04,2212,6FE36B8AAECBF21B12FF6B753C0FB191B19D0F78F175665EC60322C6D2335C27,False,RECOVERING,2,0,False,
1786095914.535146,engram-node01,2212,6FE36B8AAECBF21B12FF6B753C0FB191B19D0F78F175665EC60322C6D2335C27,False,RECOVERING,2,0,False,
1786095914.539667,engram-node02,2212,6FE36B8AAECBF21B12FF6B753C0FB191B19D0F78F175665EC60322C6D2335C27,False,RECOVERING,2,0,False,
1786095914.543155,engram-node03,2212,6FE36B8AAECBF21B12FF6B753C0FB191B19D0F78F175665EC60322C6D2335C27,False,RECOVERING,2,0,False,
1786095914.5473459,engram-node04,2212,6FE36B8AAECBF21B12FF6B753C0FB191B19D0F78F175665EC60322C6D2335C27,False,RECOVERING,2,0,False,
1786095919.555479,engram-node01,2212,6FE36B8AAECBF21B12FF6B753C0FB191B19D0F78F175665EC60322C6D2335C27,False,RECOVERING,2,0,False,
1786095919.565632,engram-node02,2212,6FE36B8AAECBF21B12FF6B753C0FB191B19D0F78F175665EC60322C6D2335C27,False,RECOVERING,2,0,False,
1786095919.5746508,engram-node03,2212,6FE36B8AAECBF21B12FF6B753C0FB191B19D0F78F175665EC60322C6D2335C27,False,RECOVERING,2,0,False,
1786095919.580509,engram-node04,2212,6FE36B8AAECBF21B12FF6B753C0FB191B19D0F78F175665EC60322C6D2335C27,False,RECOVERING,2,0,False,
1786095924.587479,engram-node01,2212,6FE36B8AAECBF21B12FF6B753C0FB191B19D0F78F175665EC60322C6D2335C27,False,RECOVERING,2,0,False,
1786095924.591479,engram-node02,2212,6FE36B8AAECBF21B12FF6B753C0FB191B19D0F78F175665EC60322C6D2335C27,False,RECOVERING,2,0,False,
1786095924.594532,engram-node03,2212,6FE36B8AAECBF21B12FF6B753C0FB191B19D0F78F175665EC60322C6D2335C27,False,RECOVERING,2,0,False,
1786095924.597568,engram-node04,2212,6FE36B8AAECBF21B12FF6B753C0FB191B19D0F78F175665EC60322C6D2335C27,False,RECOVERING,2,0,False,
1786095929.605431,engram-node01,2212,6FE36B8AAECBF21B12FF6B753C0FB191B19D0F78F175665EC60322C6D2335C27,False,RECOVERING,2,0,False,
1786095929.615286,engram-node02,2212,6FE36B8AAECBF21B12FF6B753C0FB191B19D0F78F175665EC60322C6D2335C27,False,RECOVERING,2,0,False,
1786095929.621241,engram-node03,2212,6FE36B8AAECBF21B12FF6B753C0FB191B19D0F78F175665EC60322C6D2335C27,False,RECOVERING,2,0,False,
1786095929.626784,engram-node04,2212,6FE36B8AAECBF21B12FF6B753C0FB191B19D0F78F175665EC60322C6D2335C27,False,RECOVERING,2,0,False,
1786095934.63209,engram-node01,2212,6FE36B8AAECBF21B12FF6B753C0FB191B19D0F78F175665EC60322C6D2335C27,False,RECOVERING,2,0,False,
1786095934.644346,engram-node02,2212,6FE36B8AAECBF21B12FF6B753C0FB191B19D0F78F175665EC60322C6D2335C27,False,RECOVERING,2,0,False,
1786095934.649735,engram-node03,2212,6FE36B8AAECBF21B12FF6B753C0FB191B19D0F78F175665EC60322C6D2335C27,False,RECOVERING,2,0,False,
1786095934.652937,engram-node04,2212,6FE36B8AAECBF21B12FF6B753C0FB191B19D0F78F175665EC60322C6D2335C27,False,RECOVERING,2,0,False,
1786095939.660919,engram-node01,2212,6FE36B8AAECBF21B12FF6B753C0FB191B19D0F78F175665EC60322C6D2335C27,False,RECOVERING,2,0,False,
1786095939.671825,engram-node02,2212,6FE36B8AAECBF21B12FF6B753C0FB191B19D0F78F175665EC60322C6D2335C27,False,RECOVERING,2,0,False,
1786095939.678802,engram-node03,2212,6FE36B8AAECBF21B12FF6B753C0FB191B19D0F78F175665EC60322C6D2335C27,False,RECOVERING,2,0,False,
1786095939.68397,engram-node04,2212,6FE36B8AAECBF21B12FF6B753C0FB191B19D0F78F175665EC60322C6D2335C27,False,RECOVERING,2,0,False,
1786095944.689583,engram-node01,2212,6FE36B8AAECBF21B12FF6B753C0FB191B19D0F78F175665EC60322C6D2335C27,False,RECOVERING,2,0,False,
1786095944.699531,engram-node02,2212,6FE36B8AAECBF21B12FF6B753C0FB191B19D0F78F175665EC60322C6D2335C27,False,RECOVERING,2,0,False,
1786095944.7060502,engram-node03,2212,6FE36B8AAECBF21B12FF6B753C0FB191B19D0F78F175665EC60322C6D2335C27,False,RECOVERING,2,0,False,
1786095944.7109241,engram-node04,2212,6FE36B8AAECBF21B12FF6B753C0FB191B19D0F78F175665EC60322C6D2335C27,False,RECOVERING,2,0,False,
1786095949.7208278,engram-node01,2212,6FE36B8AAECBF21B12FF6B753C0FB191B19D0F78F175665EC60322C6D2335C27,False,RECOVERING,2,0,False,
1786095949.729834,engram-node02,2212,6FE36B8AAECBF21B12FF6B753C0FB191B19D0F78F175665EC60322C6D2335C27,False,RECOVERING,2,0,False,
1786095949.737391,engram-node03,2212,6FE36B8AAECBF21B12FF6B753C0FB191B19D0F78F175665EC60322C6D2335C27,False,RECOVERING,2,0,False,
1786095949.741778,engram-node04,2212,6FE36B8AAECBF21B12FF6B753C0FB191B19D0F78F175665EC60322C6D2335C27,False,RECOVERING,2,0,False,
1786095954.752762,engram-node01,2212,6FE36B8AAECBF21B12FF6B753C0FB191B19D0F78F175665EC60322C6D2335C27,False,RECOVERING,2,0,False,
1786095954.7639449,engram-node02,2212,6FE36B8AAECBF21B12FF6B753C0FB191B19D0F78F175665EC60322C6D2335C27,False,RECOVERING,2,0,False,
1786095954.770677,engram-node03,2212,6FE36B8AAECBF21B12FF6B753C0FB191B19D0F78F175665EC60322C6D2335C27,False,RECOVERING,2,0,False,
1786095954.7761018,engram-node04,2212,6FE36B8AAECBF21B12FF6B753C0FB191B19D0F78F175665EC60322C6D2335C27,False,RECOVERING,2,0,False,
1786095959.785732,engram-node01,2212,6FE36B8AAECBF21B12FF6B753C0FB191B19D0F78F175665EC60322C6D2335C27,False,RECOVERING,2,0,False,
1786095959.796795,engram-node02,2212,6FE36B8AAECBF21B12FF6B753C0FB191B19D0F78F175665EC60322C6D2335C27,False,RECOVERING,2,0,False,
1786095959.803018,engram-node03,2212,6FE36B8AAECBF21B12FF6B753C0FB191B19D0F78F175665EC60322C6D2335C27,False,RECOVERING,2,0,False,
1786095959.808036,engram-node04,2212,6FE36B8AAECBF21B12FF6B753C0FB191B19D0F78F175665EC60322C6D2335C27,False,RECOVERING,2,0,False,
1786095964.813905,engram-node01,2212,6FE36B8AAECBF21B12FF6B753C0FB191B19D0F78F175665EC60322C6D2335C27,False,RECOVERING,2,0,False,
1786095964.8270662,engram-node02,2212,6FE36B8AAECBF21B12FF6B753C0FB191B19D0F78F175665EC60322C6D2335C27,False,RECOVERING,2,0,False,
1786095964.8315609,engram-node03,2212,6FE36B8AAECBF21B12FF6B753C0FB191B19D0F78F175665EC60322C6D2335C27,False,RECOVERING,2,0,False,
1786095964.8347242,engram-node04,2212,6FE36B8AAECBF21B12FF6B753C0FB191B19D0F78F175665EC60322C6D2335C27,False,RECOVERING,2,0,False,
1786095969.839156,engram-node01,2216,EE6CAC0E403729E701F7F28F033036E765CC8D36B18857CA81E6E84CD77BF977,False,RECOVERING,2,0,False,
1786095969.846272,engram-node02,2216,EE6CAC0E403729E701F7F28F033036E765CC8D36B18857CA81E6E84CD77BF977,False,RECOVERING,2,0,False,
1786095969.851069,engram-node03,2216,EE6CAC0E403729E701F7F28F033036E765CC8D36B18857CA81E6E84CD77BF977,False,RECOVERING,2,0,False,
1786095969.854968,engram-node04,2216,EE6CAC0E403729E701F7F28F033036E765CC8D36B18857CA81E6E84CD77BF977,False,RECOVERING,2,0,False,
1786095974.864118,engram-node01,2216,EE6CAC0E403729E701F7F28F033036E765CC8D36B18857CA81E6E84CD77BF977,False,RECOVERING,2,0,False,
1786095974.876097,engram-node02,2216,EE6CAC0E403729E701F7F28F033036E765CC8D36B18857CA81E6E84CD77BF977,False,RECOVERING,2,0,False,
1786095974.883223,engram-node03,2216,EE6CAC0E403729E701F7F28F033036E765CC8D36B18857CA81E6E84CD77BF977,False,RECOVERING,2,0,False,
1786095974.886778,engram-node04,2216,EE6CAC0E403729E701F7F28F033036E765CC8D36B18857CA81E6E84CD77BF977,False,RECOVERING,2,0,False,
1786095979.892998,engram-node01,2216,EE6CAC0E403729E701F7F28F033036E765CC8D36B18857CA81E6E84CD77BF977,False,RECOVERING,2,0,False,
1786095979.8994298,engram-node02,2216,EE6CAC0E403729E701F7F28F033036E765CC8D36B18857CA81E6E84CD77BF977,False,RECOVERING,2,0,False,
1786095979.90577,engram-node03,2216,EE6CAC0E403729E701F7F28F033036E765CC8D36B18857CA81E6E84CD77BF977,False,RECOVERING,2,0,False,
1786095979.9108212,engram-node04,2216,EE6CAC0E403729E701F7F28F033036E765CC8D36B18857CA81E6E84CD77BF977,False,RECOVERING,2,0,False,
1786095984.914721,engram-node01,2216,EE6CAC0E403729E701F7F28F033036E765CC8D36B18857CA81E6E84CD77BF977,False,RECOVERING,2,0,False,
1786095984.918567,engram-node02,2216,EE6CAC0E403729E701F7F28F033036E765CC8D36B18857CA81E6E84CD77BF977,False,RECOVERING,2,0,False,
1786095984.921501,engram-node03,2216,EE6CAC0E403729E701F7F28F033036E765CC8D36B18857CA81E6E84CD77BF977,False,RECOVERING,2,0,False,
1786095984.9243772,engram-node04,2216,EE6CAC0E403729E701F7F28F033036E765CC8D36B18857CA81E6E84CD77BF977,False,RECOVERING,2,0,False,
1786095989.9322822,engram-node01,2216,EE6CAC0E403729E701F7F28F033036E765CC8D36B18857CA81E6E84CD77BF977,False,RECOVERING,2,0,False,
1786095989.936064,engram-node02,2216,EE6CAC0E403729E701F7F28F033036E765CC8D36B18857CA81E6E84CD77BF977,False,RECOVERING,2,0,False,
1786095989.939151,engram-node03,2216,EE6CAC0E403729E701F7F28F033036E765CC8D36B18857CA81E6E84CD77BF977,False,RECOVERING,2,0,False,
1786095989.9421241,engram-node04,2216,EE6CAC0E403729E701F7F28F033036E765CC8D36B18857CA81E6E84CD77BF977,False,RECOVERING,2,0,False,
1786095994.949763,engram-node01,2216,EE6CAC0E403729E701F7F28F033036E765CC8D36B18857CA81E6E84CD77BF977,False,RECOVERING,2,0,False,
1786095994.961725,engram-node02,2216,EE6CAC0E403729E701F7F28F033036E765CC8D36B18857CA81E6E84CD77BF977,False,RECOVERING,2,0,False,
1786095994.969208,engram-node03,2216,EE6CAC0E403729E701F7F28F033036E765CC8D36B18857CA81E6E84CD77BF977,False,RECOVERING,2,0,False,
1786095994.974777,engram-node04,2216,EE6CAC0E403729E701F7F28F033036E765CC8D36B18857CA81E6E84CD77BF977,False,RECOVERING,2,0,False,
1786095999.983389,engram-node01,2216,EE6CAC0E403729E701F7F28F033036E765CC8D36B18857CA81E6E84CD77BF977,False,RECOVERING,2,0,False,
1786095999.99388,engram-node02,2216,EE6CAC0E403729E701F7F28F033036E765CC8D36B18857CA81E6E84CD77BF977,False,RECOVERING,2,0,False,
1786095999.9995258,engram-node03,2216,EE6CAC0E403729E701F7F28F033036E765CC8D36B18857CA81E6E84CD77BF977,False,RECOVERING,2,0,False,
1786096000.00484,engram-node04,2216,EE6CAC0E403729E701F7F28F033036E765CC8D36B18857CA81E6E84CD77BF977,False,RECOVERING,2,0,False,
1786096005.01177,engram-node01,2216,EE6CAC0E403729E701F7F28F033036E765CC8D36B18857CA81E6E84CD77BF977,False,RECOVERING,2,0,False,
1786096005.022581,engram-node02,2216,EE6CAC0E403729E701F7F28F033036E765CC8D36B18857CA81E6E84CD77BF977,False,RECOVERING,2,0,False,
1786096005.030952,engram-node03,2216,EE6CAC0E403729E701F7F28F033036E765CC8D36B18857CA81E6E84CD77BF977,False,RECOVERING,2,0,False,
1786096005.037399,engram-node04,2216,EE6CAC0E403729E701F7F28F033036E765CC8D36B18857CA81E6E84CD77BF977,False,RECOVERING,2,0,False,
1786096010.04386,engram-node01,2216,EE6CAC0E403729E701F7F28F033036E765CC8D36B18857CA81E6E84CD77BF977,False,RECOVERING,2,0,False,
1786096010.053768,engram-node02,2216,EE6CAC0E403729E701F7F28F033036E765CC8D36B18857CA81E6E84CD77BF977,False,RECOVERING,2,0,False,
1786096010.057858,engram-node03,2216,EE6CAC0E403729E701F7F28F033036E765CC8D36B18857CA81E6E84CD77BF977,False,RECOVERING,2,0,False,
1786096010.061614,engram-node04,2216,EE6CAC0E403729E701F7F28F033036E765CC8D36B18857CA81E6E84CD77BF977,False,RECOVERING,2,0,False,
1786096015.065807,engram-node01,2216,EE6CAC0E403729E701F7F28F033036E765CC8D36B18857CA81E6E84CD77BF977,False,RECOVERING,2,0,False,
1786096015.077378,engram-node02,2216,EE6CAC0E403729E701F7F28F033036E765CC8D36B18857CA81E6E84CD77BF977,False,RECOVERING,2,0,False,
1786096015.087116,engram-node03,2216,EE6CAC0E403729E701F7F28F033036E765CC8D36B18857CA81E6E84CD77BF977,False,RECOVERING,2,0,False,
1786096015.094086,engram-node04,2216,EE6CAC0E403729E701F7F28F033036E765CC8D36B18857CA81E6E84CD77BF977,False,RECOVERING,2,0,False,
1786096020.104643,engram-node01,2216,EE6CAC0E403729E701F7F28F033036E765CC8D36B18857CA81E6E84CD77BF977,False,RECOVERING,2,0,False,
1786096020.111764,engram-node02,2216,EE6CAC0E403729E701F7F28F033036E765CC8D36B18857CA81E6E84CD77BF977,False,RECOVERING,2,0,False,
1786096020.1180642,engram-node03,2216,EE6CAC0E403729E701F7F28F033036E765CC8D36B18857CA81E6E84CD77BF977,False,RECOVERING,2,0,False,
1786096020.1235452,engram-node04,2216,EE6CAC0E403729E701F7F28F033036E765CC8D36B18857CA81E6E84CD77BF977,False,RECOVERING,2,0,False,
1786096025.1298492,engram-node01,2217,FBE40B64DBF541DA248CC2AA36D23831DDF823E74C529AE9B115C9E4C98A1800,False,SOVEREIGN,0,0,False,
1786096025.1338181,engram-node02,2217,FBE40B64DBF541DA248CC2AA36D23831DDF823E74C529AE9B115C9E4C98A1800,False,SOVEREIGN,0,0,False,
1786096025.136887,engram-node03,2217,FBE40B64DBF541DA248CC2AA36D23831DDF823E74C529AE9B115C9E4C98A1800,False,SOVEREIGN,0,0,False,
1786096025.1396532,engram-node04,2217,FBE40B64DBF541DA248CC2AA36D23831DDF823E74C529AE9B115C9E4C98A1800,False,SOVEREIGN,0,0,False,
1786096030.143133,engram-node01,2220,157AC4ADE41BB8DD6EB92C5CE9F87696DA25A8F88CB4AAD8AD6BE90916A5A070,False,RECOVERING,2,0,False,
1786096030.150757,engram-node02,2220,157AC4ADE41BB8DD6EB92C5CE9F87696DA25A8F88CB4AAD8AD6BE90916A5A070,False,RECOVERING,2,0,False,
1786096030.1569579,engram-node03,2220,157AC4ADE41BB8DD6EB92C5CE9F87696DA25A8F88CB4AAD8AD6BE90916A5A070,False,RECOVERING,2,0,False,
1786096030.1617012,engram-node04,2220,157AC4ADE41BB8DD6EB92C5CE9F87696DA25A8F88CB4AAD8AD6BE90916A5A070,False,RECOVERING,2,0,False,
1786096035.170604,engram-node01,2220,157AC4ADE41BB8DD6EB92C5CE9F87696DA25A8F88CB4AAD8AD6BE90916A5A070,False,RECOVERING,2,0,False,
1786096035.1755252,engram-node02,2220,157AC4ADE41BB8DD6EB92C5CE9F87696DA25A8F88CB4AAD8AD6BE90916A5A070,False,RECOVERING,2,0,False,
1786096035.18013,engram-node03,2220,157AC4ADE41BB8DD6EB92C5CE9F87696DA25A8F88CB4AAD8AD6BE90916A5A070,False,RECOVERING,2,0,False,
1786096035.184862,engram-node04,2220,157AC4ADE41BB8DD6EB92C5CE9F87696DA25A8F88CB4AAD8AD6BE90916A5A070,False,RECOVERING,2,0,False,
1786096040.190596,engram-node01,2220,157AC4ADE41BB8DD6EB92C5CE9F87696DA25A8F88CB4AAD8AD6BE90916A5A070,False,RECOVERING,2,0,False,
1786096040.20256,engram-node02,2220,157AC4ADE41BB8DD6EB92C5CE9F87696DA25A8F88CB4AAD8AD6BE90916A5A070,False,RECOVERING,2,0,False,
1786096040.2091699,engram-node03,2220,157AC4ADE41BB8DD6EB92C5CE9F87696DA25A8F88CB4AAD8AD6BE90916A5A070,False,RECOVERING,2,0,False,
1786096040.2143009,engram-node04,2220,157AC4ADE41BB8DD6EB92C5CE9F87696DA25A8F88CB4AAD8AD6BE90916A5A070,False,RECOVERING,2,0,False,
1786096045.223595,engram-node01,2220,157AC4ADE41BB8DD6EB92C5CE9F87696DA25A8F88CB4AAD8AD6BE90916A5A070,False,RECOVERING,2,0,False,
1786096045.229595,engram-node02,2220,157AC4ADE41BB8DD6EB92C5CE9F87696DA25A8F88CB4AAD8AD6BE90916A5A070,False,RECOVERING,2,0,False,
1786096045.232755,engram-node03,2220,157AC4ADE41BB8DD6EB92C5CE9F87696DA25A8F88CB4AAD8AD6BE90916A5A070,False,RECOVERING,2,0,False,
1786096045.945429,engram-node04,2220,157AC4ADE41BB8DD6EB92C5CE9F87696DA25A8F88CB4AAD8AD6BE90916A5A070,False,RECOVERING,2,0,False,
1786096050.9503438,engram-node01,2220,157AC4ADE41BB8DD6EB92C5CE9F87696DA25A8F88CB4AAD8AD6BE90916A5A070,False,RECOVERING,2,0,False,
1786096050.957331,engram-node02,2220,157AC4ADE41BB8DD6EB92C5CE9F87696DA25A8F88CB4AAD8AD6BE90916A5A070,False,RECOVERING,2,0,False,
1786096050.961844,engram-node03,2220,157AC4ADE41BB8DD6EB92C5CE9F87696DA25A8F88CB4AAD8AD6BE90916A5A070,False,RECOVERING,2,0,False,
1786096050.965424,engram-node04,2220,157AC4ADE41BB8DD6EB92C5CE9F87696DA25A8F88CB4AAD8AD6BE90916A5A070,False,RECOVERING,2,0,False,
1786096055.973454,engram-node01,2220,157AC4ADE41BB8DD6EB92C5CE9F87696DA25A8F88CB4AAD8AD6BE90916A5A070,False,RECOVERING,2,0,False,
1786096055.984715,engram-node02,2220,157AC4ADE41BB8DD6EB92C5CE9F87696DA25A8F88CB4AAD8AD6BE90916A5A070,False,RECOVERING,2,0,False,
1786096055.990933,engram-node03,2220,157AC4ADE41BB8DD6EB92C5CE9F87696DA25A8F88CB4AAD8AD6BE90916A5A070,False,RECOVERING,2,0,False,
1786096055.996015,engram-node04,2220,157AC4ADE41BB8DD6EB92C5CE9F87696DA25A8F88CB4AAD8AD6BE90916A5A070,False,RECOVERING,2,0,False,
1786096061.003693,engram-node01,2220,157AC4ADE41BB8DD6EB92C5CE9F87696DA25A8F88CB4AAD8AD6BE90916A5A070,False,RECOVERING,2,0,False,
1786096061.016442,engram-node02,2220,157AC4ADE41BB8DD6EB92C5CE9F87696DA25A8F88CB4AAD8AD6BE90916A5A070,False,RECOVERING,2,0,False,
1786096061.021995,engram-node03,2220,157AC4ADE41BB8DD6EB92C5CE9F87696DA25A8F88CB4AAD8AD6BE90916A5A070,False,RECOVERING,2,0,False,
1786096061.027122,engram-node04,2220,157AC4ADE41BB8DD6EB92C5CE9F87696DA25A8F88CB4AAD8AD6BE90916A5A070,False,RECOVERING,2,0,False,
1786096066.038655,engram-node01,2220,157AC4ADE41BB8DD6EB92C5CE9F87696DA25A8F88CB4AAD8AD6BE90916A5A070,False,RECOVERING,2,0,False,
1786096066.045551,engram-node02,2220,157AC4ADE41BB8DD6EB92C5CE9F87696DA25A8F88CB4AAD8AD6BE90916A5A070,False,RECOVERING,2,0,False,
1786096066.051645,engram-node03,2220,157AC4ADE41BB8DD6EB92C5CE9F87696DA25A8F88CB4AAD8AD6BE90916A5A070,False,RECOVERING,2,0,False,
1786096066.056931,engram-node04,2220,157AC4ADE41BB8DD6EB92C5CE9F87696DA25A8F88CB4AAD8AD6BE90916A5A070,False,RECOVERING,2,0,False,
1786096071.064624,engram-node01,2220,157AC4ADE41BB8DD6EB92C5CE9F87696DA25A8F88CB4AAD8AD6BE90916A5A070,False,RECOVERING,2,0,False,
1786096071.075001,engram-node02,2220,157AC4ADE41BB8DD6EB92C5CE9F87696DA25A8F88CB4AAD8AD6BE90916A5A070,False,RECOVERING,2,0,False,
1786096071.083916,engram-node03,2220,157AC4ADE41BB8DD6EB92C5CE9F87696DA25A8F88CB4AAD8AD6BE90916A5A070,False,RECOVERING,2,0,False,
1786096071.089094,engram-node04,2220,157AC4ADE41BB8DD6EB92C5CE9F87696DA25A8F88CB4AAD8AD6BE90916A5A070,False,RECOVERING,2,0,False,
1786096076.0986261,engram-node01,2220,157AC4ADE41BB8DD6EB92C5CE9F87696DA25A8F88CB4AAD8AD6BE90916A5A070,False,RECOVERING,2,0,False,
1786096076.109568,engram-node02,2220,157AC4ADE41BB8DD6EB92C5CE9F87696DA25A8F88CB4AAD8AD6BE90916A5A070,False,RECOVERING,2,0,False,
1786096076.1176362,engram-node03,2220,157AC4ADE41BB8DD6EB92C5CE9F87696DA25A8F88CB4AAD8AD6BE90916A5A070,False,RECOVERING,2,0,False,
1786096076.1241422,engram-node04,2220,157AC4ADE41BB8DD6EB92C5CE9F87696DA25A8F88CB4AAD8AD6BE90916A5A070,False,RECOVERING,2,0,False,
1786096081.1302211,engram-node01,2220,157AC4ADE41BB8DD6EB92C5CE9F87696DA25A8F88CB4AAD8AD6BE90916A5A070,False,RECOVERING,2,0,False,
1786096081.137419,engram-node02,2220,157AC4ADE41BB8DD6EB92C5CE9F87696DA25A8F88CB4AAD8AD6BE90916A5A070,False,RECOVERING,2,0,False,
1786096081.144431,engram-node03,2220,157AC4ADE41BB8DD6EB92C5CE9F87696DA25A8F88CB4AAD8AD6BE90916A5A070,False,RECOVERING,2,0,False,
1786096081.15052,engram-node04,2220,157AC4ADE41BB8DD6EB92C5CE9F87696DA25A8F88CB4AAD8AD6BE90916A5A070,False,RECOVERING,2,0,False,
1786096086.159036,engram-node01,2220,157AC4ADE41BB8DD6EB92C5CE9F87696DA25A8F88CB4AAD8AD6BE90916A5A070,False,RECOVERING,2,0,False,
1786096086.167358,engram-node02,2220,157AC4ADE41BB8DD6EB92C5CE9F87696DA25A8F88CB4AAD8AD6BE90916A5A070,False,RECOVERING,2,0,False,
1786096086.179358,engram-node03,2220,157AC4ADE41BB8DD6EB92C5CE9F87696DA25A8F88CB4AAD8AD6BE90916A5A070,False,RECOVERING,2,0,False,
1786096086.190026,engram-node04,2220,157AC4ADE41BB8DD6EB92C5CE9F87696DA25A8F88CB4AAD8AD6BE90916A5A070,False,RECOVERING,2,0,False,
1786096091.205676,engram-node01,2224,ACA5067C8D87BE3FDA5F2990E2913290A3B496C58A81EF8AF9597E214913A221,False,RECOVERING,2,0,False,
1786096091.211958,engram-node02,2224,ACA5067C8D87BE3FDA5F2990E2913290A3B496C58A81EF8AF9597E214913A221,False,RECOVERING,2,0,False,
1786096091.217275,engram-node03,2224,ACA5067C8D87BE3FDA5F2990E2913290A3B496C58A81EF8AF9597E214913A221,False,RECOVERING,2,0,False,
1786096091.22158,engram-node04,2224,ACA5067C8D87BE3FDA5F2990E2913290A3B496C58A81EF8AF9597E214913A221,False,RECOVERING,2,0,False,
1786096096.226335,engram-node01,2224,ACA5067C8D87BE3FDA5F2990E2913290A3B496C58A81EF8AF9597E214913A221,False,RECOVERING,2,0,False,
1786096096.241568,engram-node02,2224,ACA5067C8D87BE3FDA5F2990E2913290A3B496C58A81EF8AF9597E214913A221,False,RECOVERING,2,0,False,
1786096096.2457962,engram-node03,2224,ACA5067C8D87BE3FDA5F2990E2913290A3B496C58A81EF8AF9597E214913A221,False,RECOVERING,2,0,False,
1786096096.249969,engram-node04,2224,ACA5067C8D87BE3FDA5F2990E2913290A3B496C58A81EF8AF9597E214913A221,False,RECOVERING,2,0,False,
1786096101.258718,engram-node01,2224,ACA5067C8D87BE3FDA5F2990E2913290A3B496C58A81EF8AF9597E214913A221,False,RECOVERING,2,0,False,
1786096101.2665758,engram-node02,2224,ACA5067C8D87BE3FDA5F2990E2913290A3B496C58A81EF8AF9597E214913A221,False,RECOVERING,2,0,False,
1786096101.27213,engram-node03,2224,ACA5067C8D87BE3FDA5F2990E2913290A3B496C58A81EF8AF9597E214913A221,False,RECOVERING,2,0,False,
1786096101.276299,engram-node04,2224,ACA5067C8D87BE3FDA5F2990E2913290A3B496C58A81EF8AF9597E214913A221,False,RECOVERING,2,0,False,
1786096106.285399,engram-node01,2224,ACA5067C8D87BE3FDA5F2990E2913290A3B496C58A81EF8AF9597E214913A221,False,RECOVERING,2,0,False,
1786096106.290167,engram-node02,2224,ACA5067C8D87BE3FDA5F2990E2913290A3B496C58A81EF8AF9597E214913A221,False,RECOVERING,2,0,False,
1786096106.295198,engram-node03,2224,ACA5067C8D87BE3FDA5F2990E2913290A3B496C58A81EF8AF9597E214913A221,False,RECOVERING,2,0,False,
1786096106.298954,engram-node04,2224,ACA5067C8D87BE3FDA5F2990E2913290A3B496C58A81EF8AF9597E214913A221,False,RECOVERING,2,0,False,
1786096111.304116,engram-node01,2224,ACA5067C8D87BE3FDA5F2990E2913290A3B496C58A81EF8AF9597E214913A221,False,RECOVERING,2,0,False,
1786096111.311903,engram-node02,2224,ACA5067C8D87BE3FDA5F2990E2913290A3B496C58A81EF8AF9597E214913A221,False,RECOVERING,2,0,False,
1786096111.3180711,engram-node03,2224,ACA5067C8D87BE3FDA5F2990E2913290A3B496C58A81EF8AF9597E214913A221,False,RECOVERING,2,0,False,
1786096111.3223019,engram-node04,2224,ACA5067C8D87BE3FDA5F2990E2913290A3B496C58A81EF8AF9597E214913A221,False,RECOVERING,2,0,False,
1786096116.33133,engram-node01,2224,ACA5067C8D87BE3FDA5F2990E2913290A3B496C58A81EF8AF9597E214913A221,False,RECOVERING,2,0,False,
1786096116.336851,engram-node02,2224,ACA5067C8D87BE3FDA5F2990E2913290A3B496C58A81EF8AF9597E214913A221,False,RECOVERING,2,0,False,
1786096116.3414268,engram-node03,2224,ACA5067C8D87BE3FDA5F2990E2913290A3B496C58A81EF8AF9597E214913A221,False,RECOVERING,2,0,False,
1786096116.344702,engram-node04,2224,ACA5067C8D87BE3FDA5F2990E2913290A3B496C58A81EF8AF9597E214913A221,False,RECOVERING,2,0,False,
1786096121.3521159,engram-node01,2224,ACA5067C8D87BE3FDA5F2990E2913290A3B496C58A81EF8AF9597E214913A221,False,RECOVERING,2,0,False,
1786096121.3573709,engram-node02,2224,ACA5067C8D87BE3FDA5F2990E2913290A3B496C58A81EF8AF9597E214913A221,False,RECOVERING,2,0,False,
1786096121.3617961,engram-node03,2224,ACA5067C8D87BE3FDA5F2990E2913290A3B496C58A81EF8AF9597E214913A221,False,RECOVERING,2,0,False,
1786096121.365244,engram-node04,2224,ACA5067C8D87BE3FDA5F2990E2913290A3B496C58A81EF8AF9597E214913A221,False,RECOVERING,2,0,False,
1786096126.373832,engram-node01,2224,ACA5067C8D87BE3FDA5F2990E2913290A3B496C58A81EF8AF9597E214913A221,False,RECOVERING,2,0,False,
1786096126.381866,engram-node02,2224,ACA5067C8D87BE3FDA5F2990E2913290A3B496C58A81EF8AF9597E214913A221,False,RECOVERING,2,0,False,
1786096126.3870988,engram-node03,2224,ACA5067C8D87BE3FDA5F2990E2913290A3B496C58A81EF8AF9597E214913A221,False,RECOVERING,2,0,False,
1786096126.3922749,engram-node04,2224,ACA5067C8D87BE3FDA5F2990E2913290A3B496C58A81EF8AF9597E214913A221,False,RECOVERING,2,0,False,
1786096131.400038,engram-node01,2224,ACA5067C8D87BE3FDA5F2990E2913290A3B496C58A81EF8AF9597E214913A221,False,RECOVERING,2,0,False,
1786096131.412211,engram-node02,2224,ACA5067C8D87BE3FDA5F2990E2913290A3B496C58A81EF8AF9597E214913A221,False,RECOVERING,2,0,False,
1786096131.422566,engram-node03,2224,ACA5067C8D87BE3FDA5F2990E2913290A3B496C58A81EF8AF9597E214913A221,False,RECOVERING,2,0,False,
1786096131.428281,engram-node04,2224,ACA5067C8D87BE3FDA5F2990E2913290A3B496C58A81EF8AF9597E214913A221,False,RECOVERING,2,0,False,
1786096136.440371,engram-node01,2224,ACA5067C8D87BE3FDA5F2990E2913290A3B496C58A81EF8AF9597E214913A221,False,RECOVERING,2,0,False,
1786096136.444737,engram-node02,2224,ACA5067C8D87BE3FDA5F2990E2913290A3B496C58A81EF8AF9597E214913A221,False,RECOVERING,2,0,False,
1786096136.448012,engram-node03,2224,ACA5067C8D87BE3FDA5F2990E2913290A3B496C58A81EF8AF9597E214913A221,False,RECOVERING,2,0,False,
1786096136.451065,engram-node04,2224,ACA5067C8D87BE3FDA5F2990E2913290A3B496C58A81EF8AF9597E214913A221,False,RECOVERING,2,0,False,
1786096141.45877,engram-node01,2224,ACA5067C8D87BE3FDA5F2990E2913290A3B496C58A81EF8AF9597E214913A221,False,RECOVERING,2,0,False,
1786096141.466003,engram-node02,2224,ACA5067C8D87BE3FDA5F2990E2913290A3B496C58A81EF8AF9597E214913A221,False,RECOVERING,2,0,False,
1786096141.4712262,engram-node03,2224,ACA5067C8D87BE3FDA5F2990E2913290A3B496C58A81EF8AF9597E214913A221,False,RECOVERING,2,0,False,
1786096141.474942,engram-node04,2224,ACA5067C8D87BE3FDA5F2990E2913290A3B496C58A81EF8AF9597E214913A221,False,RECOVERING,2,0,False,
1786096146.479299,engram-node01,2224,ACA5067C8D87BE3FDA5F2990E2913290A3B496C58A81EF8AF9597E214913A221,False,RECOVERING,2,0,False,
1786096146.4836612,engram-node02,2224,ACA5067C8D87BE3FDA5F2990E2913290A3B496C58A81EF8AF9597E214913A221,False,RECOVERING,2,0,False,
1786096146.487597,engram-node03,2224,ACA5067C8D87BE3FDA5F2990E2913290A3B496C58A81EF8AF9597E214913A221,False,RECOVERING,2,0,False,
1786096146.490784,engram-node04,2224,ACA5067C8D87BE3FDA5F2990E2913290A3B496C58A81EF8AF9597E214913A221,False,RECOVERING,2,0,False,
1786096151.496107,engram-node01,2228,11690DC30ECBF4B3BD5C9C2F2949A741ECB7B7B486A79EC5F79364D94B9C4023,False,RECOVERING,2,0,False,
1786096151.50173,engram-node02,2228,11690DC30ECBF4B3BD5C9C2F2949A741ECB7B7B486A79EC5F79364D94B9C4023,False,RECOVERING,2,0,False,
1786096151.512937,engram-node03,2228,11690DC30ECBF4B3BD5C9C2F2949A741ECB7B7B486A79EC5F79364D94B9C4023,False,RECOVERING,2,0,False,
1786096151.523526,engram-node04,2228,11690DC30ECBF4B3BD5C9C2F2949A741ECB7B7B486A79EC5F79364D94B9C4023,False,RECOVERING,2,0,False,
1786096156.533144,engram-node01,2228,11690DC30ECBF4B3BD5C9C2F2949A741ECB7B7B486A79EC5F79364D94B9C4023,False,RECOVERING,2,0,False,
1786096156.5374541,engram-node02,2228,11690DC30ECBF4B3BD5C9C2F2949A741ECB7B7B486A79EC5F79364D94B9C4023,False,RECOVERING,2,0,False,
1786096156.540729,engram-node03,2228,11690DC30ECBF4B3BD5C9C2F2949A741ECB7B7B486A79EC5F79364D94B9C4023,False,RECOVERING,2,0,False,
1786096156.543563,engram-node04,2228,11690DC30ECBF4B3BD5C9C2F2949A741ECB7B7B486A79EC5F79364D94B9C4023,False,RECOVERING,2,0,False,
1786096161.551369,engram-node01,2228,11690DC30ECBF4B3BD5C9C2F2949A741ECB7B7B486A79EC5F79364D94B9C4023,False,RECOVERING,2,0,False,
1786096161.560489,engram-node02,2228,11690DC30ECBF4B3BD5C9C2F2949A741ECB7B7B486A79EC5F79364D94B9C4023,False,RECOVERING,2,0,False,
1786096161.568148,engram-node03,2228,11690DC30ECBF4B3BD5C9C2F2949A741ECB7B7B486A79EC5F79364D94B9C4023,False,RECOVERING,2,0,False,
1786096161.574989,engram-node04,2228,11690DC30ECBF4B3BD5C9C2F2949A741ECB7B7B486A79EC5F79364D94B9C4023,False,RECOVERING,2,0,False,
1786096166.583487,engram-node01,2228,11690DC30ECBF4B3BD5C9C2F2949A741ECB7B7B486A79EC5F79364D94B9C4023,False,RECOVERING,2,0,False,
1786096166.589752,engram-node02,2228,11690DC30ECBF4B3BD5C9C2F2949A741ECB7B7B486A79EC5F79364D94B9C4023,False,RECOVERING,2,0,False,
1786096166.594832,engram-node03,2228,11690DC30ECBF4B3BD5C9C2F2949A741ECB7B7B486A79EC5F79364D94B9C4023,False,RECOVERING,2,0,False,
1786096166.600184,engram-node04,2228,11690DC30ECBF4B3BD5C9C2F2949A741ECB7B7B486A79EC5F79364D94B9C4023,False,RECOVERING,2,0,False,
1786096171.6111171,engram-node01,2228,11690DC30ECBF4B3BD5C9C2F2949A741ECB7B7B486A79EC5F79364D94B9C4023,False,RECOVERING,2,0,False,
1786096171.618708,engram-node02,2228,11690DC30ECBF4B3BD5C9C2F2949A741ECB7B7B486A79EC5F79364D94B9C4023,False,RECOVERING,2,0,False,
1786096171.623308,engram-node03,2228,11690DC30ECBF4B3BD5C9C2F2949A741ECB7B7B486A79EC5F79364D94B9C4023,False,RECOVERING,2,0,False,
1786096171.626962,engram-node04,2228,11690DC30ECBF4B3BD5C9C2F2949A741ECB7B7B486A79EC5F79364D94B9C4023,False,RECOVERING,2,0,False,
1786096176.630673,engram-node01,2228,11690DC30ECBF4B3BD5C9C2F2949A741ECB7B7B486A79EC5F79364D94B9C4023,False,RECOVERING,2,0,False,
1786096176.638567,engram-node02,2228,11690DC30ECBF4B3BD5C9C2F2949A741ECB7B7B486A79EC5F79364D94B9C4023,False,RECOVERING,2,0,False,
1786096176.646709,engram-node03,2228,11690DC30ECBF4B3BD5C9C2F2949A741ECB7B7B486A79EC5F79364D94B9C4023,False,RECOVERING,2,0,False,
1786096176.6510248,engram-node04,2228,11690DC30ECBF4B3BD5C9C2F2949A741ECB7B7B486A79EC5F79364D94B9C4023,False,RECOVERING,2,0,False,
1786096181.6568608,engram-node01,2228,11690DC30ECBF4B3BD5C9C2F2949A741ECB7B7B486A79EC5F79364D94B9C4023,False,RECOVERING,2,0,False,
1786096181.66356,engram-node02,2228,11690DC30ECBF4B3BD5C9C2F2949A741ECB7B7B486A79EC5F79364D94B9C4023,False,RECOVERING,2,0,False,
1786096181.667325,engram-node03,2228,11690DC30ECBF4B3BD5C9C2F2949A741ECB7B7B486A79EC5F79364D94B9C4023,False,RECOVERING,2,0,False,
1786096181.670992,engram-node04,2228,11690DC30ECBF4B3BD5C9C2F2949A741ECB7B7B486A79EC5F79364D94B9C4023,False,RECOVERING,2,0,False,
1786096186.6806521,engram-node01,2228,11690DC30ECBF4B3BD5C9C2F2949A741ECB7B7B486A79EC5F79364D94B9C4023,False,RECOVERING,2,0,False,
1786096186.6865091,engram-node02,2228,11690DC30ECBF4B3BD5C9C2F2949A741ECB7B7B486A79EC5F79364D94B9C4023,False,RECOVERING,2,0,False,
1786096186.69405,engram-node03,2228,11690DC30ECBF4B3BD5C9C2F2949A741ECB7B7B486A79EC5F79364D94B9C4023,False,RECOVERING,2,0,False,
1786096186.700314,engram-node04,2228,11690DC30ECBF4B3BD5C9C2F2949A741ECB7B7B486A79EC5F79364D94B9C4023,False,RECOVERING,2,0,False,
1786096191.710502,engram-node01,2228,11690DC30ECBF4B3BD5C9C2F2949A741ECB7B7B486A79EC5F79364D94B9C4023,False,RECOVERING,2,0,False,
1786096191.7226398,engram-node02,2228,11690DC30ECBF4B3BD5C9C2F2949A741ECB7B7B486A79EC5F79364D94B9C4023,False,RECOVERING,2,0,False,
1786096191.732963,engram-node03,2228,11690DC30ECBF4B3BD5C9C2F2949A741ECB7B7B486A79EC5F79364D94B9C4023,False,RECOVERING,2,0,False,
1786096191.738546,engram-node04,2228,11690DC30ECBF4B3BD5C9C2F2949A741ECB7B7B486A79EC5F79364D94B9C4023,False,RECOVERING,2,0,False,
1786096196.746291,engram-node01,2228,11690DC30ECBF4B3BD5C9C2F2949A741ECB7B7B486A79EC5F79364D94B9C4023,False,RECOVERING,2,0,False,
1786096196.754175,engram-node02,2228,11690DC30ECBF4B3BD5C9C2F2949A741ECB7B7B486A79EC5F79364D94B9C4023,False,RECOVERING,2,0,False,
1786096196.75964,engram-node03,2228,11690DC30ECBF4B3BD5C9C2F2949A741ECB7B7B486A79EC5F79364D94B9C4023,False,RECOVERING,2,0,False,
1786096196.764988,engram-node04,2228,11690DC30ECBF4B3BD5C9C2F2949A741ECB7B7B486A79EC5F79364D94B9C4023,False,RECOVERING,2,0,False,
1786096201.771704,engram-node01,2228,11690DC30ECBF4B3BD5C9C2F2949A741ECB7B7B486A79EC5F79364D94B9C4023,False,RECOVERING,2,0,False,
1786096201.7795389,engram-node02,2228,11690DC30ECBF4B3BD5C9C2F2949A741ECB7B7B486A79EC5F79364D94B9C4023,False,RECOVERING,2,0,False,
1786096201.787523,engram-node03,2228,11690DC30ECBF4B3BD5C9C2F2949A741ECB7B7B486A79EC5F79364D94B9C4023,False,RECOVERING,2,0,False,
1786096201.7943628,engram-node04,2228,11690DC30ECBF4B3BD5C9C2F2949A741ECB7B7B486A79EC5F79364D94B9C4023,False,RECOVERING,2,0,False,
1786096206.8037262,engram-node01,2228,11690DC30ECBF4B3BD5C9C2F2949A741ECB7B7B486A79EC5F79364D94B9C4023,False,RECOVERING,2,0,False,
1786096206.8081942,engram-node02,2228,11690DC30ECBF4B3BD5C9C2F2949A741ECB7B7B486A79EC5F79364D94B9C4023,False,RECOVERING,2,0,False,
1786096206.812171,engram-node03,2228,11690DC30ECBF4B3BD5C9C2F2949A741ECB7B7B486A79EC5F79364D94B9C4023,False,RECOVERING,2,0,False,
1786096206.815816,engram-node04,2228,11690DC30ECBF4B3BD5C9C2F2949A741ECB7B7B486A79EC5F79364D94B9C4023,False,RECOVERING,2,0,False,
1786096211.820958,engram-node01,2231,E5F0D11FB989990EE9627885B8047A177811B7EC1192F317D49D3B0849EA5A8D,False,RECOVERING,1,0,False,
1786096211.8251789,engram-node02,2231,E5F0D11FB989990EE9627885B8047A177811B7EC1192F317D49D3B0849EA5A8D,False,RECOVERING,1,0,False,
1786096211.828785,engram-node03,2231,E5F0D11FB989990EE9627885B8047A177811B7EC1192F317D49D3B0849EA5A8D,False,RECOVERING,1,0,False,
1786096211.832132,engram-node04,2231,E5F0D11FB989990EE9627885B8047A177811B7EC1192F317D49D3B0849EA5A8D,False,RECOVERING,1,0,False,
1786096216.8401978,engram-node01,2232,5D0794DA0200069EE71EA77F5BE058E040654C7C03AF2D28E917FB9266E54E99,False,RECOVERING,2,0,False,
1786096216.847371,engram-node02,2232,5D0794DA0200069EE71EA77F5BE058E040654C7C03AF2D28E917FB9266E54E99,False,RECOVERING,2,0,False,
1786096216.854062,engram-node03,2232,5D0794DA0200069EE71EA77F5BE058E040654C7C03AF2D28E917FB9266E54E99,False,RECOVERING,2,0,False,
1786096216.8583722,engram-node04,2232,5D0794DA0200069EE71EA77F5BE058E040654C7C03AF2D28E917FB9266E54E99,False,RECOVERING,2,0,False,
1786096221.8655932,engram-node01,2232,5D0794DA0200069EE71EA77F5BE058E040654C7C03AF2D28E917FB9266E54E99,False,RECOVERING,2,0,False,
1786096221.8765829,engram-node02,2232,5D0794DA0200069EE71EA77F5BE058E040654C7C03AF2D28E917FB9266E54E99,False,RECOVERING,2,0,False,
1786096221.885047,engram-node03,2232,5D0794DA0200069EE71EA77F5BE058E040654C7C03AF2D28E917FB9266E54E99,False,RECOVERING,2,0,False,
1786096221.8913012,engram-node04,2232,5D0794DA0200069EE71EA77F5BE058E040654C7C03AF2D28E917FB9266E54E99,False,RECOVERING,2,0,False,
1786096226.897322,engram-node01,2232,5D0794DA0200069EE71EA77F5BE058E040654C7C03AF2D28E917FB9266E54E99,False,RECOVERING,2,0,False,
1786096226.907163,engram-node02,2232,5D0794DA0200069EE71EA77F5BE058E040654C7C03AF2D28E917FB9266E54E99,False,RECOVERING,2,0,False,
1786096226.915605,engram-node03,2232,5D0794DA0200069EE71EA77F5BE058E040654C7C03AF2D28E917FB9266E54E99,False,RECOVERING,2,0,False,
1786096226.921838,engram-node04,2232,5D0794DA0200069EE71EA77F5BE058E040654C7C03AF2D28E917FB9266E54E99,False,RECOVERING,2,0,False,
1786096231.9315588,engram-node01,2232,5D0794DA0200069EE71EA77F5BE058E040654C7C03AF2D28E917FB9266E54E99,False,RECOVERING,2,0,False,
1786096231.9413278,engram-node02,2232,5D0794DA0200069EE71EA77F5BE058E040654C7C03AF2D28E917FB9266E54E99,False,RECOVERING,2,0,False,
1786096231.946846,engram-node03,2232,5D0794DA0200069EE71EA77F5BE058E040654C7C03AF2D28E917FB9266E54E99,False,RECOVERING,2,0,False,
1786096231.951736,engram-node04,2232,5D0794DA0200069EE71EA77F5BE058E040654C7C03AF2D28E917FB9266E54E99,False,RECOVERING,2,0,False,
1786096236.9600818,engram-node01,2232,5D0794DA0200069EE71EA77F5BE058E040654C7C03AF2D28E917FB9266E54E99,False,RECOVERING,2,0,False,
1786096236.969463,engram-node02,2232,5D0794DA0200069EE71EA77F5BE058E040654C7C03AF2D28E917FB9266E54E99,False,RECOVERING,2,0,False,
1786096236.977511,engram-node03,2232,5D0794DA0200069EE71EA77F5BE058E040654C7C03AF2D28E917FB9266E54E99,False,RECOVERING,2,0,False,
1786096236.982858,engram-node04,2232,5D0794DA0200069EE71EA77F5BE058E040654C7C03AF2D28E917FB9266E54E99,False,RECOVERING,2,0,False,
1786096241.9886138,engram-node01,2232,5D0794DA0200069EE71EA77F5BE058E040654C7C03AF2D28E917FB9266E54E99,False,RECOVERING,2,0,False,
1786096241.9996412,engram-node02,2232,5D0794DA0200069EE71EA77F5BE058E040654C7C03AF2D28E917FB9266E54E99,False,RECOVERING,2,0,False,
1786096242.013428,engram-node03,2232,5D0794DA0200069EE71EA77F5BE058E040654C7C03AF2D28E917FB9266E54E99,False,RECOVERING,2,0,False,
1786096242.022516,engram-node04,2232,5D0794DA0200069EE71EA77F5BE058E040654C7C03AF2D28E917FB9266E54E99,False,RECOVERING,2,0,False,
1786096247.0377312,engram-node01,2232,5D0794DA0200069EE71EA77F5BE058E040654C7C03AF2D28E917FB9266E54E99,False,RECOVERING,2,0,False,
1786096247.046031,engram-node02,2232,5D0794DA0200069EE71EA77F5BE058E040654C7C03AF2D28E917FB9266E54E99,False,RECOVERING,2,0,False,
1786096247.054018,engram-node03,2232,5D0794DA0200069EE71EA77F5BE058E040654C7C03AF2D28E917FB9266E54E99,False,RECOVERING,2,0,False,
1786096247.0658402,engram-node04,2232,5D0794DA0200069EE71EA77F5BE058E040654C7C03AF2D28E917FB9266E54E99,False,RECOVERING,2,0,False,
1786096252.0826051,engram-node01,2232,5D0794DA0200069EE71EA77F5BE058E040654C7C03AF2D28E917FB9266E54E99,False,RECOVERING,2,0,False,
1786096252.1300118,engram-node02,2232,5D0794DA0200069EE71EA77F5BE058E040654C7C03AF2D28E917FB9266E54E99,False,RECOVERING,2,0,False,
1786096252.1546729,engram-node03,2232,5D0794DA0200069EE71EA77F5BE058E040654C7C03AF2D28E917FB9266E54E99,False,RECOVERING,2,0,False,
1786096252.170241,engram-node04,2232,5D0794DA0200069EE71EA77F5BE058E040654C7C03AF2D28E917FB9266E54E99,False,RECOVERING,2,0,False,
1786096257.189306,engram-node01,2232,5D0794DA0200069EE71EA77F5BE058E040654C7C03AF2D28E917FB9266E54E99,False,RECOVERING,2,0,False,
1786096257.19964,engram-node02,2232,5D0794DA0200069EE71EA77F5BE058E040654C7C03AF2D28E917FB9266E54E99,False,RECOVERING,2,0,False,
1786096257.207805,engram-node03,2232,5D0794DA0200069EE71EA77F5BE058E040654C7C03AF2D28E917FB9266E54E99,False,RECOVERING,2,0,False,
1786096257.213634,engram-node04,2232,5D0794DA0200069EE71EA77F5BE058E040654C7C03AF2D28E917FB9266E54E99,False,RECOVERING,2,0,False,
1786096262.2210429,engram-node01,2232,5D0794DA0200069EE71EA77F5BE058E040654C7C03AF2D28E917FB9266E54E99,False,RECOVERING,2,0,False,
1786096262.230625,engram-node02,2232,5D0794DA0200069EE71EA77F5BE058E040654C7C03AF2D28E917FB9266E54E99,False,RECOVERING,2,0,False,
1786096262.2353642,engram-node03,2232,5D0794DA0200069EE71EA77F5BE058E040654C7C03AF2D28E917FB9266E54E99,False,RECOVERING,2,0,False,
1786096262.2396019,engram-node04,2232,5D0794DA0200069EE71EA77F5BE058E040654C7C03AF2D28E917FB9266E54E99,False,RECOVERING,2,0,False,
1786096267.2460082,engram-node01,2232,5D0794DA0200069EE71EA77F5BE058E040654C7C03AF2D28E917FB9266E54E99,False,RECOVERING,2,0,False,
1786096267.256531,engram-node02,2232,5D0794DA0200069EE71EA77F5BE058E040654C7C03AF2D28E917FB9266E54E99,False,RECOVERING,2,0,False,
1786096267.265884,engram-node03,2232,5D0794DA0200069EE71EA77F5BE058E040654C7C03AF2D28E917FB9266E54E99,False,RECOVERING,2,0,False,
1786096267.273778,engram-node04,2232,5D0794DA0200069EE71EA77F5BE058E040654C7C03AF2D28E917FB9266E54E99,False,RECOVERING,2,0,False,
1786096272.2839968,engram-node01,2235,FC7724E0C57412B33311F2A0F541FEF21359651A97002F2BC0A3A1E4CB895F90,False,RECOVERING,1,0,False,
1786096272.289433,engram-node02,2235,FC7724E0C57412B33311F2A0F541FEF21359651A97002F2BC0A3A1E4CB895F90,False,RECOVERING,1,0,False,
1786096272.293983,engram-node03,2235,FC7724E0C57412B33311F2A0F541FEF21359651A97002F2BC0A3A1E4CB895F90,False,RECOVERING,1,0,False,
1786096272.2976298,engram-node04,2235,FC7724E0C57412B33311F2A0F541FEF21359651A97002F2BC0A3A1E4CB895F90,False,RECOVERING,1,0,False,
1786096277.302978,engram-node01,2236,8DCC3719884218CEAFB9FD1BC424F529BB632328CF4674440548A3A3E148044E,False,RECOVERING,2,0,False,
1786096277.309469,engram-node02,2236,8DCC3719884218CEAFB9FD1BC424F529BB632328CF4674440548A3A3E148044E,False,RECOVERING,2,0,False,
1786096277.314157,engram-node03,2236,8DCC3719884218CEAFB9FD1BC424F529BB632328CF4674440548A3A3E148044E,False,RECOVERING,2,0,False,
1786096277.318788,engram-node04,2236,8DCC3719884218CEAFB9FD1BC424F529BB632328CF4674440548A3A3E148044E,False,RECOVERING,2,0,False,
1786096282.3232472,engram-node01,2236,8DCC3719884218CEAFB9FD1BC424F529BB632328CF4674440548A3A3E148044E,False,RECOVERING,2,0,False,
1786096282.328467,engram-node02,2236,8DCC3719884218CEAFB9FD1BC424F529BB632328CF4674440548A3A3E148044E,False,RECOVERING,2,0,False,
1786096282.333007,engram-node03,2236,8DCC3719884218CEAFB9FD1BC424F529BB632328CF4674440548A3A3E148044E,False,RECOVERING,2,0,False,
1786096282.3367271,engram-node04,2236,8DCC3719884218CEAFB9FD1BC424F529BB632328CF4674440548A3A3E148044E,False,RECOVERING,2,0,False,
1786096287.3452811,engram-node01,2236,8DCC3719884218CEAFB9FD1BC424F529BB632328CF4674440548A3A3E148044E,False,RECOVERING,2,0,False,
1786096287.352531,engram-node02,2236,8DCC3719884218CEAFB9FD1BC424F529BB632328CF4674440548A3A3E148044E,False,RECOVERING,2,0,False,
1786096287.3583958,engram-node03,2236,8DCC3719884218CEAFB9FD1BC424F529BB632328CF4674440548A3A3E148044E,False,RECOVERING,2,0,False,
1786096287.363163,engram-node04,2236,8DCC3719884218CEAFB9FD1BC424F529BB632328CF4674440548A3A3E148044E,False,RECOVERING,2,0,False,
1786096292.37027,engram-node01,2236,8DCC3719884218CEAFB9FD1BC424F529BB632328CF4674440548A3A3E148044E,False,RECOVERING,2,0,False,
1786096292.377874,engram-node02,2236,8DCC3719884218CEAFB9FD1BC424F529BB632328CF4674440548A3A3E148044E,False,RECOVERING,2,0,False,
1786096292.382414,engram-node03,2236,8DCC3719884218CEAFB9FD1BC424F529BB632328CF4674440548A3A3E148044E,False,RECOVERING,2,0,False,
1786096292.3858812,engram-node04,2236,8DCC3719884218CEAFB9FD1BC424F529BB632328CF4674440548A3A3E148044E,False,RECOVERING,2,0,False,
1786096297.391248,engram-node01,2236,8DCC3719884218CEAFB9FD1BC424F529BB632328CF4674440548A3A3E148044E,False,RECOVERING,2,0,False,
1786096297.398452,engram-node02,2236,8DCC3719884218CEAFB9FD1BC424F529BB632328CF4674440548A3A3E148044E,False,RECOVERING,2,0,False,
1786096297.403571,engram-node03,2236,8DCC3719884218CEAFB9FD1BC424F529BB632328CF4674440548A3A3E148044E,False,RECOVERING,2,0,False,
1786096297.407626,engram-node04,2236,8DCC3719884218CEAFB9FD1BC424F529BB632328CF4674440548A3A3E148044E,False,RECOVERING,2,0,False,
1786096302.413856,engram-node01,2236,8DCC3719884218CEAFB9FD1BC424F529BB632328CF4674440548A3A3E148044E,False,RECOVERING,2,0,False,
1786096302.423062,engram-node02,2236,8DCC3719884218CEAFB9FD1BC424F529BB632328CF4674440548A3A3E148044E,False,RECOVERING,2,0,False,
1786096302.4282749,engram-node03,2236,8DCC3719884218CEAFB9FD1BC424F529BB632328CF4674440548A3A3E148044E,False,RECOVERING,2,0,False,
1786096302.4333482,engram-node04,2236,8DCC3719884218CEAFB9FD1BC424F529BB632328CF4674440548A3A3E148044E,False,RECOVERING,2,0,False,
1786096307.438498,engram-node01,2236,8DCC3719884218CEAFB9FD1BC424F529BB632328CF4674440548A3A3E148044E,False,RECOVERING,2,0,False,
1786096307.446166,engram-node02,2236,8DCC3719884218CEAFB9FD1BC424F529BB632328CF4674440548A3A3E148044E,False,RECOVERING,2,0,False,
1786096307.4516218,engram-node03,2236,8DCC3719884218CEAFB9FD1BC424F529BB632328CF4674440548A3A3E148044E,False,RECOVERING,2,0,False,
1786096307.456065,engram-node04,2236,8DCC3719884218CEAFB9FD1BC424F529BB632328CF4674440548A3A3E148044E,False,RECOVERING,2,0,False,
1786096312.464393,engram-node01,2236,8DCC3719884218CEAFB9FD1BC424F529BB632328CF4674440548A3A3E148044E,False,RECOVERING,2,0,False,
1786096312.4755552,engram-node02,2236,8DCC3719884218CEAFB9FD1BC424F529BB632328CF4674440548A3A3E148044E,False,RECOVERING,2,0,False,
1786096312.481478,engram-node03,2236,8DCC3719884218CEAFB9FD1BC424F529BB632328CF4674440548A3A3E148044E,False,RECOVERING,2,0,False,
1786096312.48716,engram-node04,2236,8DCC3719884218CEAFB9FD1BC424F529BB632328CF4674440548A3A3E148044E,False,RECOVERING,2,0,False,
1786096317.496865,engram-node01,2236,8DCC3719884218CEAFB9FD1BC424F529BB632328CF4674440548A3A3E148044E,False,RECOVERING,2,0,False,
1786096317.5083892,engram-node02,2236,8DCC3719884218CEAFB9FD1BC424F529BB632328CF4674440548A3A3E148044E,False,RECOVERING,2,0,False,
1786096317.514034,engram-node03,2236,8DCC3719884218CEAFB9FD1BC424F529BB632328CF4674440548A3A3E148044E,False,RECOVERING,2,0,False,
1786096317.518736,engram-node04,2236,8DCC3719884218CEAFB9FD1BC424F529BB632328CF4674440548A3A3E148044E,False,RECOVERING,2,0,False,
1786096322.5248508,engram-node01,2236,8DCC3719884218CEAFB9FD1BC424F529BB632328CF4674440548A3A3E148044E,False,RECOVERING,2,0,False,
1786096322.535237,engram-node02,2236,8DCC3719884218CEAFB9FD1BC424F529BB632328CF4674440548A3A3E148044E,False,RECOVERING,2,0,False,
1786096322.5414422,engram-node03,2236,8DCC3719884218CEAFB9FD1BC424F529BB632328CF4674440548A3A3E148044E,False,RECOVERING,2,0,False,
1786096322.546231,engram-node04,2236,8DCC3719884218CEAFB9FD1BC424F529BB632328CF4674440548A3A3E148044E,False,RECOVERING,2,0,False,
1786096327.5546691,engram-node01,2236,8DCC3719884218CEAFB9FD1BC424F529BB632328CF4674440548A3A3E148044E,False,RECOVERING,2,0,False,
1786096327.561794,engram-node02,2236,8DCC3719884218CEAFB9FD1BC424F529BB632328CF4674440548A3A3E148044E,False,RECOVERING,2,0,False,
1786096327.566182,engram-node03,2236,8DCC3719884218CEAFB9FD1BC424F529BB632328CF4674440548A3A3E148044E,False,RECOVERING,2,0,False,
1786096327.569433,engram-node04,2236,8DCC3719884218CEAFB9FD1BC424F529BB632328CF4674440548A3A3E148044E,False,RECOVERING,2,0,False,
1786096332.5779111,engram-node01,2239,8D09BF64B709034F17A2971FE709301484598438F9223F0C9CA3AC60572D5374,False,RECOVERING,1,0,False,
1786096332.588468,engram-node02,2239,8D09BF64B709034F17A2971FE709301484598438F9223F0C9CA3AC60572D5374,False,RECOVERING,1,0,False,
1786096332.59603,engram-node03,2239,8D09BF64B709034F17A2971FE709301484598438F9223F0C9CA3AC60572D5374,False,RECOVERING,1,0,False,
1786096332.600739,engram-node04,2239,8D09BF64B709034F17A2971FE709301484598438F9223F0C9CA3AC60572D5374,False,RECOVERING,1,0,False,
1786096337.608952,engram-node01,2240,65E262A1D73AB9C9007AAF698830744BCDB12C45B16138B872083E2C6C1EDAAA,False,RECOVERING,2,0,False,
1786096337.622442,engram-node02,2240,65E262A1D73AB9C9007AAF698830744BCDB12C45B16138B872083E2C6C1EDAAA,False,RECOVERING,2,0,False,
1786096337.63477,engram-node03,2240,65E262A1D73AB9C9007AAF698830744BCDB12C45B16138B872083E2C6C1EDAAA,False,RECOVERING,2,0,False,
1786096337.6399941,engram-node04,2240,65E262A1D73AB9C9007AAF698830744BCDB12C45B16138B872083E2C6C1EDAAA,False,RECOVERING,2,0,False,
